id,request_id,donor_id,status,dispatched_at,responded_at,accepted_at,completed_at,created_at
369a90f4-0cb6-40f4-8c4b-b9908dbff5aa,9cf117b1-98e0-4f6a-bc35-125afcbd3247,ff447bf1-e688-4eb7-ba18-cdcef5b86e01,COMPLETED,2025-01-01T06:45:00,2025-01-01T06:54:00,2025-01-01T06:54:00,2025-01-01T09:45:00,2025-01-01T06:45:00
5e45fb7f-bc38-4a40-9b4c-036123bce028,9cf117b1-98e0-4f6a-bc35-125afcbd3247,b31f3223-35d1-446c-9991-79665d0b1ef3,COMPLETED,2025-01-01T06:45:00,2025-01-01T06:52:00,2025-01-01T06:52:00,2025-01-01T09:45:00,2025-01-01T06:45:00
326f3d1f-a745-43a3-83a7-bb427bb6e4da,9cf117b1-98e0-4f6a-bc35-125afcbd3247,af32b242-6347-4914-8703-8bc3222ac8c4,EXPIRED,2025-01-01T06:47:00,,,,2025-01-01T06:47:00
9210bc1f-3c4f-42f6-a5fb-ee44d4335bed,9cf117b1-98e0-4f6a-bc35-125afcbd3247,b7e02dd5-bc57-4ce1-89ca-6341da919a60,EXPIRED,2025-01-01T06:51:00,,,,2025-01-01T06:51:00
d43bf1a4-0ab0-47c9-8619-45b31955e70d,9cf117b1-98e0-4f6a-bc35-125afcbd3247,d2fbf799-2a03-4408-8c26-4fc239c5d4fc,ACCEPTED,2025-01-01T06:54:00,2025-01-01T06:56:00,2025-01-01T06:56:00,,2025-01-01T06:54:00
9a016dbe-c2a8-4369-a609-7114bc56b875,b5ae8967-7805-4a1d-bc10-8e2b8a2f25f6,15e8b88b-3071-48e6-b989-88d3d4c35e68,COMPLETED,2025-01-01T12:51:00,2025-01-01T13:03:00,2025-01-01T13:03:00,2025-01-01T13:51:00,2025-01-01T12:51:00
59baf519-3452-44a0-a325-27c803417c1b,b5ae8967-7805-4a1d-bc10-8e2b8a2f25f6,03eeb252-1e41-4f67-91f0-687b64393568,ACCEPTED,2025-01-01T12:53:00,2025-01-01T13:02:00,2025-01-01T13:02:00,,2025-01-01T12:53:00
a8142a38-2a40-4b18-a7c1-e8cf08b569e6,b5ae8967-7805-4a1d-bc10-8e2b8a2f25f6,3e6e3033-9a9c-4988-9e45-362e43ee98e6,ACCEPTED,2025-01-01T12:54:00,2025-01-01T13:00:00,2025-01-01T13:00:00,,2025-01-01T12:54:00
0ffb8e9a-0d44-4be3-bf0a-bbca6939bd2b,b5ae8967-7805-4a1d-bc10-8e2b8a2f25f6,a88bf6b5-168a-42ee-bea7-b40defa21e24,COMPLETED,2025-01-01T12:56:00,2025-01-01T13:10:00,2025-01-01T13:10:00,2025-01-01T15:56:00,2025-01-01T12:56:00
de494bc0-87df-4fa0-b6df-d2cd12ba22da,b5ae8967-7805-4a1d-bc10-8e2b8a2f25f6,5a9cd770-f74a-4cdd-87d0-646aa0e13b89,MISSED,2025-01-01T12:57:00,,,,2025-01-01T12:57:00
fcc77817-2885-4bfc-a532-0f6f156201dc,ee6477d0-9a54-4544-8e63-e6bff0cf3c87,2e3af94c-8ff5-4a35-ac8a-571d4fa070d4,ACCEPTED,2025-01-01T21:41:00,2025-01-01T21:55:00,2025-01-01T21:55:00,,2025-01-01T21:41:00
88f3bfe4-a3ef-4ba6-8c93-900ef89e2484,ee6477d0-9a54-4544-8e63-e6bff0cf3c87,d6b5ae43-d86a-4b5f-abd6-b4e06091ee44,ACCEPTED,2025-01-01T21:44:00,2025-01-01T21:48:00,2025-01-01T21:48:00,,2025-01-01T21:44:00
5711f813-2ca3-40d8-b77a-c8c0f3d1a873,ee6477d0-9a54-4544-8e63-e6bff0cf3c87,643a2cfd-c940-4060-89e8-05b38ecebd84,ACCEPTED,2025-01-01T21:47:00,2025-01-01T21:50:00,2025-01-01T21:50:00,,2025-01-01T21:47:00
5b64567d-fa5a-4ab4-bb6f-cb69bd4f3878,aa3cda02-f1e4-4498-9124-3820051ae716,0f830c26-3d4f-4cf5-81cf-08041535d161,ACCEPTED,2025-01-01T22:02:00,2025-01-01T22:09:00,2025-01-01T22:09:00,,2025-01-01T22:02:00
088935aa-8920-4087-8577-b1a90eaea7f1,aa3cda02-f1e4-4498-9124-3820051ae716,9f966f0d-58e3-4b25-ab78-8fe097b30675,COMPLETED,2025-01-01T22:02:00,2025-01-01T22:03:00,2025-01-01T22:03:00,2025-01-01T23:02:00,2025-01-01T22:02:00
a03f211b-2a3b-4be3-97e6-d47060757d6f,aa3cda02-f1e4-4498-9124-3820051ae716,6a793798-198b-46b9-85cd-0ec03d79cc88,COMPLETED,2025-01-01T22:10:00,2025-01-01T22:18:00,2025-01-01T22:18:00,2025-01-02T01:10:00,2025-01-01T22:10:00
51cbf454-05bd-4c6c-8a2d-b9cf7bbc06a5,ee01dde6-1597-46ed-a6bc-a5801ace14ac,40e2e31f-1e2d-4f70-9de8-91ad096fe41a,ACCEPTED,2025-01-02T03:22:00,2025-01-02T03:31:00,2025-01-02T03:31:00,,2025-01-02T03:22:00
b4aec01f-1774-4458-8449-f7426777a063,ee01dde6-1597-46ed-a6bc-a5801ace14ac,5849a59e-7a49-4c31-a079-4e89867a7e98,COMPLETED,2025-01-02T03:24:00,2025-01-02T03:28:00,2025-01-02T03:28:00,2025-01-02T04:24:00,2025-01-02T03:24:00
647a0192-f153-4eb2-a848-f65b9d66227c,ee01dde6-1597-46ed-a6bc-a5801ace14ac,9a08a817-eaf1-4182-9eb1-290121129ead,ACCEPTED,2025-01-02T03:30:00,2025-01-02T03:40:00,2025-01-02T03:40:00,,2025-01-02T03:30:00
a7618649-e903-4cee-83c1-69b379bb864e,6d67aa68-3241-438d-a5ce-5dc297346262,2f38acd6-86c3-4ffd-b869-1117ac2e0be7,DECLINED,2025-01-02T07:35:00,2025-01-02T07:45:00,,,2025-01-02T07:35:00
3a8246f8-373e-4174-bc3f-1874a298166a,6d67aa68-3241-438d-a5ce-5dc297346262,c0eaa600-b15c-463a-b278-86b3ca57fd5c,ACCEPTED,2025-01-02T07:38:00,2025-01-02T07:42:00,2025-01-02T07:42:00,,2025-01-02T07:38:00
e2beb43c-13cb-4f47-8baf-5bd0dd5fc81a,6d67aa68-3241-438d-a5ce-5dc297346262,8a51ac8d-1598-4fa0-bf75-085c49cbc370,ACCEPTED,2025-01-02T07:43:00,2025-01-02T07:53:00,2025-01-02T07:53:00,,2025-01-02T07:43:00
ba4f9a15-4f50-492b-9528-c2447e6478ec,6d67aa68-3241-438d-a5ce-5dc297346262,87ee165d-91a2-4857-b698-c97864b7c6d5,ACCEPTED,2025-01-02T07:44:00,2025-01-02T07:57:00,2025-01-02T07:57:00,,2025-01-02T07:44:00
e417eed0-595b-4217-887d-9ff13b833a06,6d67aa68-3241-438d-a5ce-5dc297346262,d37d167a-e253-4bf1-bf50-bfa4c95a4260,NO_RESPONSE,2025-01-02T07:45:00,,,,2025-01-02T07:45:00
0555dc39-73b8-45ca-9526-b7b466719380,2761dd1d-bc5e-4b11-9fb8-3f225dc8c58b,0cdb3e6f-399c-4e51-9eb2-0a3eed101f33,ACCEPTED,2025-01-02T13:23:00,2025-01-02T13:35:00,2025-01-02T13:35:00,,2025-01-02T13:23:00
0489c637-ecf0-40ce-82a3-2ff41b99cd9f,2761dd1d-bc5e-4b11-9fb8-3f225dc8c58b,f3cd1be3-bc16-4a73-961d-f832dfb5f084,ACCEPTED,2025-01-02T13:27:00,2025-01-02T13:33:00,2025-01-02T13:33:00,,2025-01-02T13:27:00
1979eea8-d0a9-4c3b-ac58-64a2cb32a5c8,2761dd1d-bc5e-4b11-9fb8-3f225dc8c58b,29e49c87-bf5c-4e0a-844a-7ce3f4f2d13d,ACCEPTED,2025-01-02T13:29:00,2025-01-02T13:41:00,2025-01-02T13:41:00,,2025-01-02T13:29:00
b06338e4-6ec6-4950-b5e1-1e00f8cdb5a5,2bf9da53-b525-4579-9a5d-ee99383d9f9d,b34b9ff4-c6a5-4e42-9619-75d5b29e68d4,COMPLETED,2025-01-03T04:03:00,2025-01-03T04:11:00,2025-01-03T04:11:00,2025-01-03T05:03:00,2025-01-03T04:03:00
29ed70ac-f8fc-4950-a026-0e941b835463,2bf9da53-b525-4579-9a5d-ee99383d9f9d,11e977ea-77b0-4be7-a600-4b4895750d3e,ACCEPTED,2025-01-03T04:09:00,2025-01-03T04:19:00,2025-01-03T04:19:00,,2025-01-03T04:09:00
c64be3d7-c45d-4fa4-a317-6827828db4ac,00a7e0a3-af3a-447d-bb96-b0d5438dc2ae,3d9f3b15-c774-4537-9706-6a9c0ce3bcd0,ACCEPTED,2025-01-03T08:37:00,2025-01-03T08:49:00,2025-01-03T08:49:00,,2025-01-03T08:37:00
b382567f-d6cf-4507-870a-e5435a9daec9,00a7e0a3-af3a-447d-bb96-b0d5438dc2ae,6f397cf4-9959-4fad-93f5-e6397f2f273d,COMPLETED,2025-01-03T08:42:00,2025-01-03T08:45:00,2025-01-03T08:45:00,2025-01-03T10:42:00,2025-01-03T08:42:00
4b18359c-56c6-4f47-92ea-47c586f23550,00a7e0a3-af3a-447d-bb96-b0d5438dc2ae,d346ac11-9b08-4a8a-b887-845a17ae7266,COMPLETED,2025-01-03T08:44:00,2025-01-03T08:48:00,2025-01-03T08:48:00,2025-01-03T09:44:00,2025-01-03T08:44:00
ff17c678-e68c-4ccf-9576-687adad746aa,00a7e0a3-af3a-447d-bb96-b0d5438dc2ae,b55baffe-83af-4af1-b800-2efe44d895fa,MISSED,2025-01-03T08:48:00,,,,2025-01-03T08:48:00
9f646134-1646-4b70-8944-eb199983db57,00a7e0a3-af3a-447d-bb96-b0d5438dc2ae,ca5ce99f-cf40-4ef6-9c3d-4a4177383ff2,ACCEPTED,2025-01-03T08:49:00,2025-01-03T09:02:00,2025-01-03T09:02:00,,2025-01-03T08:49:00
8d5aff88-aabb-4852-9d8f-284b1e8f8494,fd5ae745-5390-49eb-a855-e9fd01d76f55,5ae18917-1ec4-457c-a836-7efc4c4c8fff,COMPLETED,2025-01-03T09:19:00,2025-01-03T09:22:00,2025-01-03T09:22:00,2025-01-03T11:19:00,2025-01-03T09:19:00
b9b98be5-6868-4ae3-8757-50b23b27b8d0,fd5ae745-5390-49eb-a855-e9fd01d76f55,d00a6ed9-0c78-4d11-8599-3f98cf750bc5,EXPIRED,2025-01-03T09:28:00,,,,2025-01-03T09:28:00
1bbd0226-dc7a-44fd-b948-94d81647c42f,93b3afe8-2246-45a4-ad88-9b5f152ada9c,f2f92179-5d28-4944-970e-4735cb6d6a92,COMPLETED,2025-01-03T09:49:00,2025-01-03T09:51:00,2025-01-03T09:51:00,2025-01-03T10:49:00,2025-01-03T09:49:00
86983446-b81b-4480-8918-aebeb2410719,93b3afe8-2246-45a4-ad88-9b5f152ada9c,ed05badd-17a9-4ad2-99b1-3e60e0cb321e,COMPLETED,2025-01-03T09:49:00,2025-01-03T09:58:00,2025-01-03T09:58:00,2025-01-03T10:49:00,2025-01-03T09:49:00
5858fb43-62bd-47da-82b4-2bbb223bb6ef,93b3afe8-2246-45a4-ad88-9b5f152ada9c,0163ca09-1636-4809-8246-282d82afd3a3,EXPIRED,2025-01-03T09:49:00,,,,2025-01-03T09:49:00
e74fa04a-bdeb-4508-b16c-86728b4292f6,93b3afe8-2246-45a4-ad88-9b5f152ada9c,deac09c6-92df-437d-890a-ec1f48406829,ACCEPTED,2025-01-03T09:50:00,2025-01-03T09:58:00,2025-01-03T09:58:00,,2025-01-03T09:50:00
814c351f-da82-4611-bfff-7b59bdc716db,93b3afe8-2246-45a4-ad88-9b5f152ada9c,ad32e776-9492-4189-a4eb-d73ed256a7ea,COMPLETED,2025-01-03T09:51:00,2025-01-03T09:56:00,2025-01-03T09:56:00,2025-01-03T10:51:00,2025-01-03T09:51:00
82822c4c-3c82-42a3-97d2-2f74ca1c1110,93b3afe8-2246-45a4-ad88-9b5f152ada9c,6a684832-6713-46ad-8845-56c424779c27,ACCEPTED,2025-01-03T09:53:00,2025-01-03T10:00:00,2025-01-03T10:00:00,,2025-01-03T09:53:00
bf8ff9a5-412e-4f45-9f28-f6232afcf5d1,ad932cae-5eed-4f7a-b37e-b95fa40197f1,d346ac11-9b08-4a8a-b887-845a17ae7266,COMPLETED,2025-01-03T16:15:00,2025-01-03T16:29:00,2025-01-03T16:29:00,2025-01-03T18:15:00,2025-01-03T16:15:00
dd959e97-d917-4b88-93cd-d30c4173173a,ad932cae-5eed-4f7a-b37e-b95fa40197f1,ed05badd-17a9-4ad2-99b1-3e60e0cb321e,MISSED,2025-01-03T16:18:00,,,,2025-01-03T16:18:00
f00ce057-3d42-44db-acc6-15efbb7818b6,ad932cae-5eed-4f7a-b37e-b95fa40197f1,664b1167-88df-4fdd-afcb-3e9296fb4ad6,ACCEPTED,2025-01-03T16:18:00,2025-01-03T16:23:00,2025-01-03T16:23:00,,2025-01-03T16:18:00
ea957cdb-74ff-4dfe-aa33-324a58d1c29e,ad932cae-5eed-4f7a-b37e-b95fa40197f1,846be435-a2e1-4850-bad5-07de99099078,ACCEPTED,2025-01-03T16:21:00,2025-01-03T16:36:00,2025-01-03T16:36:00,,2025-01-03T16:21:00
ed0dd95d-247a-4efb-a157-8477c64eae4f,ad932cae-5eed-4f7a-b37e-b95fa40197f1,18663a26-c010-4e4e-8471-6194347da84d,ACCEPTED,2025-01-03T16:23:00,2025-01-03T16:30:00,2025-01-03T16:30:00,,2025-01-03T16:23:00
e3024062-8ab8-4d02-b2ac-4c564a784a42,c3f58522-b395-4113-854c-d43297e8a110,3f72d86e-c11c-497f-b6d0-5f2e08b013cd,DECLINED,2025-01-03T18:27:00,2025-01-03T18:39:00,,,2025-01-03T18:27:00
c1cd654f-9b28-4075-bb01-2cc988cd6383,c3f58522-b395-4113-854c-d43297e8a110,8465564b-f0a3-4480-b044-c0a4cf6d01a0,ACCEPTED,2025-01-03T18:32:00,2025-01-03T18:43:00,2025-01-03T18:43:00,,2025-01-03T18:32:00
20284c5e-d5fa-460d-8800-4755fc34089f,c3f58522-b395-4113-854c-d43297e8a110,20f6053d-1512-49be-a186-de29bf5ec234,COMPLETED,2025-01-03T18:34:00,2025-01-03T18:48:00,2025-01-03T18:48:00,2025-01-03T20:34:00,2025-01-03T18:34:00
bdc803e3-9c1a-4091-9416-6e89979bed22,9dbd01d5-4058-4fa9-85d8-dc24d6743804,103eb3c6-8619-4c37-b55b-6a3438e71b7a,NO_RESPONSE,2025-01-03T19:45:00,,,,2025-01-03T19:45:00
65823958-e545-4af9-acbf-268286d5793b,9dbd01d5-4058-4fa9-85d8-dc24d6743804,2bc00f4d-1415-492e-ab45-855a39d62175,ACCEPTED,2025-01-03T19:48:00,2025-01-03T20:00:00,2025-01-03T20:00:00,,2025-01-03T19:48:00
c4d02243-b92f-478c-8e0c-5ba0aabf89fd,9dbd01d5-4058-4fa9-85d8-dc24d6743804,c4fe67ef-e054-4697-9543-263f3f2dd3c7,NO_RESPONSE,2025-01-03T19:53:00,,,,2025-01-03T19:53:00
2507901c-f6b5-45bf-935a-193a8a855ac7,9dbd01d5-4058-4fa9-85d8-dc24d6743804,edf481eb-bab0-46c2-a7e6-67b59a510550,ACCEPTED,2025-01-03T19:53:00,2025-01-03T20:04:00,2025-01-03T20:04:00,,2025-01-03T19:53:00
53133b0d-557f-4dc5-9720-8fab222a868f,3297ad2a-15f2-41bc-baa1-33b8274534c4,deac09c6-92df-437d-890a-ec1f48406829,ACCEPTED,2025-01-03T20:30:00,2025-01-03T20:42:00,2025-01-03T20:42:00,,2025-01-03T20:30:00
d3fe5f04-d746-46cb-985b-b26d85018e7c,3297ad2a-15f2-41bc-baa1-33b8274534c4,eeafa879-969e-4fb1-b5cc-4bb4d3216e00,COMPLETED,2025-01-03T20:30:00,2025-01-03T20:43:00,2025-01-03T20:43:00,2025-01-03T23:30:00,2025-01-03T20:30:00
547ed2b2-0ada-4bad-9470-a2a2d1fdc0ad,3297ad2a-15f2-41bc-baa1-33b8274534c4,18425d44-6ba9-45d1-a297-f3778d4b10e7,ACCEPTED,2025-01-03T20:32:00,2025-01-03T20:38:00,2025-01-03T20:38:00,,2025-01-03T20:32:00
e2eb4dd6-51a7-484f-b874-63e11f32c78a,3297ad2a-15f2-41bc-baa1-33b8274534c4,56cb3f18-5215-48ce-a5e3-0cd1a2498d02,ACCEPTED,2025-01-03T20:32:00,2025-01-03T20:46:00,2025-01-03T20:46:00,,2025-01-03T20:32:00
f3f52344-b05e-4828-b21a-f4888749fff4,3297ad2a-15f2-41bc-baa1-33b8274534c4,a14bd188-163c-4039-b950-9d6f9fd5a629,COMPLETED,2025-01-03T20:38:00,2025-01-03T20:46:00,2025-01-03T20:46:00,2025-01-03T21:38:00,2025-01-03T20:38:00
5b11e025-cf81-4af4-9b0b-5063a7f623ef,2614a6f5-45b5-44a1-a55c-062e5644645a,7df3d0f3-a755-40a4-a102-6e1158275be1,NO_RESPONSE,2025-01-04T02:25:00,,,,2025-01-04T02:25:00
cdcf2169-beb3-428d-9149-63ad3266da88,2614a6f5-45b5-44a1-a55c-062e5644645a,5d834b3d-0d58-4d16-bdc4-32869531ea10,ACCEPTED,2025-01-04T02:28:00,2025-01-04T02:32:00,2025-01-04T02:32:00,,2025-01-04T02:28:00
66cbaf09-55db-41a3-9b7d-97696b62301e,2614a6f5-45b5-44a1-a55c-062e5644645a,7874fffd-6a3d-4885-92ad-f115c4f7779f,ACCEPTED,2025-01-04T02:38:00,2025-01-04T02:53:00,2025-01-04T02:53:00,,2025-01-04T02:38:00
dcdb373c-bf8d-4abe-80be-90759b8917c3,5d58dca7-f2e3-497c-84e9-d8f305e67e03,b2bf9e98-85b8-494e-b4cc-bd65231bcd14,NO_RESPONSE,2025-01-04T05:18:00,,,,2025-01-04T05:18:00
f3c35a2a-2205-4648-9fd6-99c4942ee703,5d58dca7-f2e3-497c-84e9-d8f305e67e03,d346ac11-9b08-4a8a-b887-845a17ae7266,ACCEPTED,2025-01-04T05:28:00,2025-01-04T05:41:00,2025-01-04T05:41:00,,2025-01-04T05:28:00
20cd6b1c-9e13-41f6-9662-b848cee110c9,5d58dca7-f2e3-497c-84e9-d8f305e67e03,3b1c0630-6304-4f24-90a0-39e3fd579418,DECLINED,2025-01-04T05:30:00,2025-01-04T05:48:00,,,2025-01-04T05:30:00
205c630e-7fa2-4afc-b7c8-a59dca432c5d,5d58dca7-f2e3-497c-84e9-d8f305e67e03,2c3db408-b5ed-488b-889b-94d27474e75e,MISSED,2025-01-04T05:30:00,,,,2025-01-04T05:30:00
8c6cff2a-f03a-4267-9659-7e14172af146,e81370a2-42e8-4542-af59-54cafb63ad5c,20973b43-2cf6-456f-b7bc-c097d6343c32,ACCEPTED,2025-01-04T05:32:00,2025-01-04T05:43:00,2025-01-04T05:43:00,,2025-01-04T05:32:00
525cb23d-7f83-4daf-954f-0f9d74bb8272,e81370a2-42e8-4542-af59-54cafb63ad5c,05088ba7-5428-4853-8cc9-e76f460fddd4,COMPLETED,2025-01-04T05:34:00,2025-01-04T05:49:00,2025-01-04T05:49:00,2025-01-04T06:34:00,2025-01-04T05:34:00
0bac9f5c-e441-436d-920f-55e55b6ce911,e81370a2-42e8-4542-af59-54cafb63ad5c,74de697e-ecd0-4975-8057-f21088a888b4,MISSED,2025-01-04T05:42:00,,,,2025-01-04T05:42:00
4bbf9fc4-598d-4751-9b9b-8012afd8e1ce,ba16c21a-a9cc-426a-ad2c-8f7bbd0dad81,54d5caa7-5a58-4175-a139-ece2d4e285d1,ACCEPTED,2025-01-04T17:31:00,2025-01-04T17:34:00,2025-01-04T17:34:00,,2025-01-04T17:31:00
842d8d6f-949f-453a-861f-eda8473aacb6,ba16c21a-a9cc-426a-ad2c-8f7bbd0dad81,d869910e-02c0-4d29-a1fd-9bdef530d653,COMPLETED,2025-01-04T17:39:00,2025-01-04T17:42:00,2025-01-04T17:42:00,2025-01-04T20:39:00,2025-01-04T17:39:00
a62a4005-de9f-43f6-bcb9-4bcb6a306c3a,a422551d-9d9a-46fd-8bc8-d2571b1abd4c,caedcc90-6c34-4e03-8f0b-b86ff3cda6a7,COMPLETED,2025-01-04T17:58:00,2025-01-04T18:11:00,2025-01-04T18:11:00,2025-01-04T20:58:00,2025-01-04T17:58:00
a0a84766-999b-4628-b53b-abb4966e543b,a422551d-9d9a-46fd-8bc8-d2571b1abd4c,7ce3dda1-de53-4002-8f7b-0cd22da8ea06,ACCEPTED,2025-01-04T17:59:00,2025-01-04T18:13:00,2025-01-04T18:13:00,,2025-01-04T17:59:00
5e2c0ed7-166b-49b3-a6f5-a33104fecc1b,a422551d-9d9a-46fd-8bc8-d2571b1abd4c,8a51ac8d-1598-4fa0-bf75-085c49cbc370,NO_RESPONSE,2025-01-04T18:04:00,,,,2025-01-04T18:04:00
060721c5-8101-4b20-9c3f-c47b26611cdb,a422551d-9d9a-46fd-8bc8-d2571b1abd4c,36ab981c-07be-4841-8992-11118d375327,COMPLETED,2025-01-04T18:07:00,2025-01-04T18:09:00,2025-01-04T18:09:00,2025-01-04T20:07:00,2025-01-04T18:07:00
a94d337a-1b9e-43b1-9568-db0afb8bc53e,a422551d-9d9a-46fd-8bc8-d2571b1abd4c,6c25e2ff-8bc0-4abc-a978-052ba5e4650a,COMPLETED,2025-01-04T18:08:00,2025-01-04T18:20:00,2025-01-04T18:20:00,2025-01-04T20:08:00,2025-01-04T18:08:00
7ea8f537-6a1e-4fee-93bb-7e2d44063365,484edbe6-982e-42cd-a8da-43af1867ff12,6c25e2ff-8bc0-4abc-a978-052ba5e4650a,COMPLETED,2025-01-04T21:22:00,2025-01-04T21:26:00,2025-01-04T21:26:00,2025-01-04T22:22:00,2025-01-04T21:22:00
0ffb4c1c-0fb7-4d48-bb3f-431a151bd8ad,484edbe6-982e-42cd-a8da-43af1867ff12,1ee3aa44-6749-4c32-9bfe-c3306275fe48,ACCEPTED,2025-01-04T21:24:00,2025-01-04T21:31:00,2025-01-04T21:31:00,,2025-01-04T21:24:00
301c7afc-2d5b-4a93-8597-c181b5029e74,484edbe6-982e-42cd-a8da-43af1867ff12,2fe42234-9f74-4aa2-8d63-a0c3cf398172,ACCEPTED,2025-01-04T21:26:00,2025-01-04T21:32:00,2025-01-04T21:32:00,,2025-01-04T21:26:00
6be1437b-b76c-4483-b024-ac28c2916c1e,484edbe6-982e-42cd-a8da-43af1867ff12,abdc90fb-c824-469f-8f0e-8dd72f8f977f,ACCEPTED,2025-01-04T21:28:00,2025-01-04T21:29:00,2025-01-04T21:29:00,,2025-01-04T21:28:00
e1a566fa-94f5-4fab-a693-2bc8bb5a115c,484edbe6-982e-42cd-a8da-43af1867ff12,c9dc82a9-929e-4f50-b5b7-c81e47b0668c,ACCEPTED,2025-01-04T21:29:00,2025-01-04T21:39:00,2025-01-04T21:39:00,,2025-01-04T21:29:00
2dc40c6f-fff7-4449-acf5-a77615ca3574,484edbe6-982e-42cd-a8da-43af1867ff12,03eeb252-1e41-4f67-91f0-687b64393568,MISSED,2025-01-04T21:30:00,,,,2025-01-04T21:30:00
2d84044c-7a59-4168-a66e-b918db7cf00c,f5f17adf-9784-4723-9ddc-40e6a0f19029,bc7ffdff-d62a-437c-9957-5c8739b97d73,EXPIRED,2025-01-05T06:42:00,,,,2025-01-05T06:42:00
3d3cda28-aef0-41ec-b3af-53318c4302bd,f5f17adf-9784-4723-9ddc-40e6a0f19029,606e67ca-9ccf-47a9-951e-95c0bc77f20d,EXPIRED,2025-01-05T06:42:00,,,,2025-01-05T06:42:00
cf925c73-58a4-4a02-8dd3-74f06c3c871e,f5f17adf-9784-4723-9ddc-40e6a0f19029,19e65af6-da1e-4052-bf71-1659737f5cc7,ACCEPTED,2025-01-05T06:44:00,2025-01-05T06:51:00,2025-01-05T06:51:00,,2025-01-05T06:44:00
a082857a-2752-42e6-ab5c-82e8e181eae8,f5f17adf-9784-4723-9ddc-40e6a0f19029,643a2cfd-c940-4060-89e8-05b38ecebd84,ACCEPTED,2025-01-05T06:49:00,2025-01-05T06:55:00,2025-01-05T06:55:00,,2025-01-05T06:49:00
0cbf9b74-fbbd-4226-b1d4-64524d4aeeef,f5f17adf-9784-4723-9ddc-40e6a0f19029,cbfa701d-d50d-4cb5-a221-792b267c1d82,MISSED,2025-01-05T06:52:00,,,,2025-01-05T06:52:00
310cc8f5-d2e2-4fa5-9453-a7db20592904,896901f1-c800-404d-9ed9-a16f3179019e,eb58213e-ba40-46c3-9d6b-38ab2414fb43,ACCEPTED,2025-01-05T10:09:00,2025-01-05T10:22:00,2025-01-05T10:22:00,,2025-01-05T10:09:00
7c024525-30fb-4070-9617-8c11f9317369,896901f1-c800-404d-9ed9-a16f3179019e,2c1091c3-2c2e-4305-8524-f2651ddbea75,ACCEPTED,2025-01-05T10:10:00,2025-01-05T10:19:00,2025-01-05T10:19:00,,2025-01-05T10:10:00
9068b039-3965-46b5-9035-7983720e5fbe,896901f1-c800-404d-9ed9-a16f3179019e,885c50e2-3162-47fa-90f5-23d9287648cc,ACCEPTED,2025-01-05T10:11:00,2025-01-05T10:24:00,2025-01-05T10:24:00,,2025-01-05T10:11:00
8a80862d-0deb-4da4-9b98-ce3b4dd82b9d,896901f1-c800-404d-9ed9-a16f3179019e,82f273c1-a6d9-473e-b339-93f7a0379a64,COMPLETED,2025-01-05T10:12:00,2025-01-05T10:14:00,2025-01-05T10:14:00,2025-01-05T11:12:00,2025-01-05T10:12:00
e8130f80-e7f0-429d-9341-71c45ea1ba7d,01c5dc13-745c-4823-bec7-18f8a20b9f95,7724d47c-dcf0-4aba-a2e1-ec51d9d4eef2,COMPLETED,2025-01-05T11:25:00,2025-01-05T11:40:00,2025-01-05T11:40:00,2025-01-05T12:25:00,2025-01-05T11:25:00
b932e655-66f5-4034-a595-dc8febb0acc6,01c5dc13-745c-4823-bec7-18f8a20b9f95,159de8a5-1159-4692-a1c7-d4ea1c848144,ACCEPTED,2025-01-05T11:27:00,2025-01-05T11:40:00,2025-01-05T11:40:00,,2025-01-05T11:27:00
b55cf3b1-e556-4fbf-bda3-8ed99f3dc0e0,850d779b-df26-4e84-9ffd-daf6d4e41774,0648f122-df82-42c1-b7a4-513681226246,NO_RESPONSE,2025-01-05T13:28:00,,,,2025-01-05T13:28:00
e83f3499-90d3-41b4-af30-84a59195ee20,850d779b-df26-4e84-9ffd-daf6d4e41774,c4ccc935-dd86-4d48-92ab-3e02bfbbdedd,ACCEPTED,2025-01-05T13:30:00,2025-01-05T13:36:00,2025-01-05T13:36:00,,2025-01-05T13:30:00
cb46b20d-ff2c-4422-b10b-0d46aabe6ea7,45bfbbaa-2847-4d9d-adfb-3550b8216271,d0541b7a-d91a-4f60-a3c9-55e8ae5577b7,ACCEPTED,2025-01-05T15:02:00,2025-01-05T15:14:00,2025-01-05T15:14:00,,2025-01-05T15:02:00
7619d89d-a255-41db-830d-cd75921817c3,0a0d6141-9b3c-49cd-b34d-1c85a301b0bc,748bd135-2aa2-42af-9ae8-8edfadd6d30f,DECLINED,2025-01-05T15:08:00,2025-01-05T15:11:00,,,2025-01-05T15:08:00
43735a4e-9d7b-4cdd-9534-e334ef0602fb,0a0d6141-9b3c-49cd-b34d-1c85a301b0bc,075750fe-b6ad-4c6a-a4e3-91e723ad0bdf,ACCEPTED,2025-01-05T15:10:00,2025-01-05T15:16:00,2025-01-05T15:16:00,,2025-01-05T15:10:00
04628cc5-5d5e-4bb3-9e99-910b92759d5d,45bfbbaa-2847-4d9d-adfb-3550b8216271,5a1a919b-115a-40fc-ad8a-b6ffd35a23eb,NO_RESPONSE,2025-01-05T15:13:00,,,,2025-01-05T15:13:00
f911097d-1cb2-4d3c-9537-8850204251f6,0a0d6141-9b3c-49cd-b34d-1c85a301b0bc,950e5213-a1b0-4cdc-9127-044adb973cb5,DECLINED,2025-01-05T15:14:00,2025-01-05T15:20:00,,,2025-01-05T15:14:00
1a0b27dd-7fe7-4c8c-811f-c2d09c88ae86,0a0d6141-9b3c-49cd-b34d-1c85a301b0bc,35a960a1-e1aa-45db-8043-5650f7e73b8c,DECLINED,2025-01-05T15:17:00,2025-01-05T15:37:00,,,2025-01-05T15:17:00
f640c0cf-5396-4eb9-a06a-d256d8cb809a,0a0d6141-9b3c-49cd-b34d-1c85a301b0bc,86adaeeb-d381-4c0f-87c8-ba59ce1cad28,ACCEPTED,2025-01-05T15:20:00,2025-01-05T15:23:00,2025-01-05T15:23:00,,2025-01-05T15:20:00
010e575d-b686-458b-a53e-1b40b4daf880,5e01f0bd-b130-46ec-b5d7-755d19c5eb18,72d80153-ab97-4442-b132-ccdf469ad157,EXPIRED,2025-01-05T22:27:00,,,,2025-01-05T22:27:00
565757ea-cff6-40db-ad65-c635558d77e9,5e01f0bd-b130-46ec-b5d7-755d19c5eb18,97b426ef-09b1-4692-8010-6897b909efc6,EXPIRED,2025-01-05T22:27:00,,,,2025-01-05T22:27:00
5021c28b-f1e1-4ee0-83f6-d63e6612af89,5e01f0bd-b130-46ec-b5d7-755d19c5eb18,e0e3fb99-db30-4123-b346-7f11de4197c6,MISSED,2025-01-05T22:28:00,,,,2025-01-05T22:28:00
f4edda72-87f0-4bf4-afe6-a786165adbb9,5e01f0bd-b130-46ec-b5d7-755d19c5eb18,3b9f8b84-9d78-41c0-8faf-289fde279e85,ACCEPTED,2025-01-05T22:35:00,2025-01-05T22:42:00,2025-01-05T22:42:00,,2025-01-05T22:35:00
4265024f-b6f1-44f9-b02d-08bbd0b0c824,67bee650-5073-46f8-b305-d5560744e67d,d2112070-a709-4a6f-a1fe-b83a282d0da2,ACCEPTED,2025-01-06T04:33:00,2025-01-06T04:47:00,2025-01-06T04:47:00,,2025-01-06T04:33:00
829059bd-d4ed-40f6-b988-bd3c4f9536e2,67bee650-5073-46f8-b305-d5560744e67d,887c04b7-3558-4cd6-b634-cf5a4cd93877,ACCEPTED,2025-01-06T04:34:00,2025-01-06T04:41:00,2025-01-06T04:41:00,,2025-01-06T04:34:00
1eeaa5b2-7f0a-4937-8f55-3d9e8f671716,67bee650-5073-46f8-b305-d5560744e67d,30c6a854-5681-4fda-b9bc-b5f82a1567dc,COMPLETED,2025-01-06T04:35:00,2025-01-06T04:42:00,2025-01-06T04:42:00,2025-01-06T05:35:00,2025-01-06T04:35:00
4c200b4e-2377-4066-93bb-f5c5df76afc0,c29ae465-487f-441d-a1b4-902892ead9b5,4eee87b4-abdd-4100-ad14-aaafa8fd5f81,ACCEPTED,2025-01-06T09:25:00,2025-01-06T09:38:00,2025-01-06T09:38:00,,2025-01-06T09:25:00
5d4d2fe4-4046-44d1-a017-d8263b48ace2,c29ae465-487f-441d-a1b4-902892ead9b5,7fe949fd-61b1-475a-8c19-580e4b0b98a7,NO_RESPONSE,2025-01-06T09:26:00,,,,2025-01-06T09:26:00
2b19352e-f546-482e-978b-2399b81605a0,c29ae465-487f-441d-a1b4-902892ead9b5,2c4d68b2-c9d6-4244-9ac3-ce7b208c9147,COMPLETED,2025-01-06T09:30:00,2025-01-06T09:38:00,2025-01-06T09:38:00,2025-01-06T12:30:00,2025-01-06T09:30:00
fa7d5323-4ae2-47bb-8bc0-37415cb135bc,c29ae465-487f-441d-a1b4-902892ead9b5,2bc00f4d-1415-492e-ab45-855a39d62175,ACCEPTED,2025-01-06T09:30:00,2025-01-06T09:31:00,2025-01-06T09:31:00,,2025-01-06T09:30:00
14e00f0f-b5d8-40a7-9ce4-9e4675803b69,c29ae465-487f-441d-a1b4-902892ead9b5,62dcf5be-c7c7-4332-ba46-a97ff4593dd6,EXPIRED,2025-01-06T09:33:00,,,,2025-01-06T09:33:00
0fb5f651-e151-4e53-ac4b-83998a9f2ceb,510c154a-68a3-4be1-8fab-b5ce77672763,3e19e0d8-1f00-40bc-8358-1472a358eb9a,ACCEPTED,2025-01-06T13:18:00,2025-01-06T13:29:00,2025-01-06T13:29:00,,2025-01-06T13:18:00
e1098a16-62fe-41fb-bbeb-293a05a1e317,510c154a-68a3-4be1-8fab-b5ce77672763,626cbf28-4c14-4dc1-a51b-9a94ba59000e,ACCEPTED,2025-01-06T13:19:00,2025-01-06T13:22:00,2025-01-06T13:22:00,,2025-01-06T13:19:00
910ad41e-c784-4c8f-ba6d-ce0b2016c0ed,510c154a-68a3-4be1-8fab-b5ce77672763,67e602e6-39ad-4901-acb6-b01a84f70f34,ACCEPTED,2025-01-06T13:24:00,2025-01-06T13:39:00,2025-01-06T13:39:00,,2025-01-06T13:24:00
5c785aa4-9553-4370-8128-9c9d95e4e8f0,510c154a-68a3-4be1-8fab-b5ce77672763,eb9471c8-ba19-42a2-94b9-9a533ce84d63,EXPIRED,2025-01-06T13:25:00,,,,2025-01-06T13:25:00
df58eea5-c1bf-4dec-815a-db1c7b09bad8,510c154a-68a3-4be1-8fab-b5ce77672763,977055e7-58dc-4d79-b576-2feb17172418,ACCEPTED,2025-01-06T13:29:00,2025-01-06T13:30:00,2025-01-06T13:30:00,,2025-01-06T13:29:00
0e22a41f-2955-4b58-8508-7e4701d343f7,ac572491-a010-4d6f-9e5d-f7ed66a668eb,6c5114ec-b8e2-4c74-8e20-93ded422c3b1,ACCEPTED,2025-01-06T14:49:00,2025-01-06T14:53:00,2025-01-06T14:53:00,,2025-01-06T14:49:00
0b356c97-17a1-44a3-b226-b55a550afa43,ac572491-a010-4d6f-9e5d-f7ed66a668eb,e0e3fb99-db30-4123-b346-7f11de4197c6,ACCEPTED,2025-01-06T14:49:00,2025-01-06T15:04:00,2025-01-06T15:04:00,,2025-01-06T14:49:00
92786d83-40b5-44a4-a3cd-ce9487979601,ac572491-a010-4d6f-9e5d-f7ed66a668eb,fb360121-72e2-40f7-bcc1-c7c613c988c0,ACCEPTED,2025-01-06T14:49:00,2025-01-06T14:57:00,2025-01-06T14:57:00,,2025-01-06T14:49:00
12b90ce9-38d8-474d-b052-c98872cbd2c3,ac572491-a010-4d6f-9e5d-f7ed66a668eb,7368f039-3b92-4ed6-9281-8a546afbbd0c,ACCEPTED,2025-01-06T14:55:00,2025-01-06T14:56:00,2025-01-06T14:56:00,,2025-01-06T14:55:00
af41c790-9b20-43e1-a9c0-7ecd0a6e7563,ac572491-a010-4d6f-9e5d-f7ed66a668eb,3e6e3033-9a9c-4988-9e45-362e43ee98e6,ACCEPTED,2025-01-06T14:57:00,2025-01-06T15:11:00,2025-01-06T15:11:00,,2025-01-06T14:57:00
8331fec9-b858-4cf2-9c2d-d5980ee4fc41,ac572491-a010-4d6f-9e5d-f7ed66a668eb,27f63174-92e0-4ec5-a8d6-df307aa20f3b,ACCEPTED,2025-01-06T14:58:00,2025-01-06T15:04:00,2025-01-06T15:04:00,,2025-01-06T14:58:00
6c58dd3a-227c-4dbd-ad42-ea59df63de8f,117578b3-bb3c-4823-9e97-3d4ea3a90869,3f72d86e-c11c-497f-b6d0-5f2e08b013cd,COMPLETED,2025-01-06T22:10:00,2025-01-06T22:18:00,2025-01-06T22:18:00,2025-01-07T00:10:00,2025-01-06T22:10:00
f7cb26ae-2b7d-4554-b9c8-1b49a14b3a08,117578b3-bb3c-4823-9e97-3d4ea3a90869,0ad41086-120a-480a-a25e-68be9c95144c,ACCEPTED,2025-01-06T22:11:00,2025-01-06T22:17:00,2025-01-06T22:17:00,,2025-01-06T22:11:00
79e07aaf-abdb-4d21-b90b-19fbc001aa72,117578b3-bb3c-4823-9e97-3d4ea3a90869,3cad9af4-3e76-49e7-a472-17fbf3b30322,NO_RESPONSE,2025-01-06T22:14:00,,,,2025-01-06T22:14:00
a2ea3e76-6c20-4974-a032-4b04cfcfbb25,117578b3-bb3c-4823-9e97-3d4ea3a90869,14dd9b4c-5ebc-4843-9f14-a7de9f6c0f44,ACCEPTED,2025-01-06T22:15:00,2025-01-06T22:17:00,2025-01-06T22:17:00,,2025-01-06T22:15:00
d1c2b596-71cf-4a01-ae08-3d7f14b7ba5f,117578b3-bb3c-4823-9e97-3d4ea3a90869,c4407f72-aaa4-45db-935c-f0c2d2f7c518,ACCEPTED,2025-01-06T22:21:00,2025-01-06T22:28:00,2025-01-06T22:28:00,,2025-01-06T22:21:00
e7656ad1-b83e-4b0c-a15f-c3f1e75d0698,1fb289ab-d50f-454d-95e0-308602ec5626,1b1c6a4c-9521-43d0-af56-40e628a2cb1d,MISSED,2025-01-07T03:41:00,,,,2025-01-07T03:41:00
676aa328-6052-464d-973b-00baa1153cb0,1fb289ab-d50f-454d-95e0-308602ec5626,0f830c26-3d4f-4cf5-81cf-08041535d161,ACCEPTED,2025-01-07T03:43:00,2025-01-07T03:47:00,2025-01-07T03:47:00,,2025-01-07T03:43:00
3ed65fb7-daa5-4007-91f9-a84e17222414,1fb289ab-d50f-454d-95e0-308602ec5626,2b53fe55-2a72-4432-a6b9-13c5a851be2a,MISSED,2025-01-07T03:47:00,,,,2025-01-07T03:47:00
fad5e626-0d30-4023-ae5e-1302e2491e4c,1fb289ab-d50f-454d-95e0-308602ec5626,b535926f-1249-45e1-8443-3898d91728ed,NO_RESPONSE,2025-01-07T03:48:00,,,,2025-01-07T03:48:00
417d7445-b2c2-4bf3-ac89-1a94cf25c716,1fb289ab-d50f-454d-95e0-308602ec5626,74de697e-ecd0-4975-8057-f21088a888b4,DECLINED,2025-01-07T03:53:00,2025-01-07T04:03:00,,,2025-01-07T03:53:00
e894e413-ea1e-495b-a595-0376208d30af,e387450b-4573-477f-bac5-3e456deb5911,20973b43-2cf6-456f-b7bc-c097d6343c32,MISSED,2025-01-07T04:56:00,,,,2025-01-07T04:56:00
bc9a9d72-0076-4056-aa5a-dc4bca441ede,e387450b-4573-477f-bac5-3e456deb5911,1d67536a-01f8-430f-8e5d-331ea756ad1c,EXPIRED,2025-01-07T04:57:00,,,,2025-01-07T04:57:00
6ff8cab3-6b8f-4a3f-bab6-3d8a5486de5f,e387450b-4573-477f-bac5-3e456deb5911,3fbab77f-078b-48d4-ab31-908df43ab95e,COMPLETED,2025-01-07T04:57:00,2025-01-07T05:05:00,2025-01-07T05:05:00,2025-01-07T07:57:00,2025-01-07T04:57:00
bc330650-0321-4873-816e-cccc8a7d8355,e387450b-4573-477f-bac5-3e456deb5911,ad32e776-9492-4189-a4eb-d73ed256a7ea,NO_RESPONSE,2025-01-07T04:59:00,,,,2025-01-07T04:59:00
8ec15e7c-a0c7-44d7-8038-234078e0d45f,e387450b-4573-477f-bac5-3e456deb5911,f7c3f29d-48af-49aa-bce7-bec02869395a,ACCEPTED,2025-01-07T05:00:00,2025-01-07T05:02:00,2025-01-07T05:02:00,,2025-01-07T05:00:00
9c7c3912-5c1d-4f44-b698-de6b98ae0055,e387450b-4573-477f-bac5-3e456deb5911,90f0edf1-053b-433f-b7d0-041be1e882d4,EXPIRED,2025-01-07T05:01:00,,,,2025-01-07T05:01:00
78de5561-aec0-4de2-a0b5-86ff5f3428be,ee379cd3-b241-4b6d-91b4-33a0fb7a4f96,b61abfe1-9a4f-45c1-ac54-daa9a9a0b274,MISSED,2025-01-07T06:38:00,,,,2025-01-07T06:38:00
137ad0f9-5590-4776-aa63-b627ae64d52f,ee379cd3-b241-4b6d-91b4-33a0fb7a4f96,5af7e665-37a6-4d00-a895-44a3a239f4cf,ACCEPTED,2025-01-07T06:39:00,2025-01-07T06:42:00,2025-01-07T06:42:00,,2025-01-07T06:39:00
c30ef247-b0e1-4cdd-8588-4a8823b03acf,ee379cd3-b241-4b6d-91b4-33a0fb7a4f96,14dd9b4c-5ebc-4843-9f14-a7de9f6c0f44,ACCEPTED,2025-01-07T06:40:00,2025-01-07T06:51:00,2025-01-07T06:51:00,,2025-01-07T06:40:00
e5fe6ae4-6a44-446e-bc75-c389cb2868a4,ee379cd3-b241-4b6d-91b4-33a0fb7a4f96,a14bd188-163c-4039-b950-9d6f9fd5a629,COMPLETED,2025-01-07T06:42:00,2025-01-07T06:45:00,2025-01-07T06:45:00,2025-01-07T09:42:00,2025-01-07T06:42:00
c5a61142-176b-4a05-890c-1288e1175ae4,ee379cd3-b241-4b6d-91b4-33a0fb7a4f96,ab824e7b-6c52-415c-9b45-3252ae8f2969,ACCEPTED,2025-01-07T06:44:00,2025-01-07T06:58:00,2025-01-07T06:58:00,,2025-01-07T06:44:00
73a330c2-4f43-4787-ae8f-a6a8aafff99a,ee379cd3-b241-4b6d-91b4-33a0fb7a4f96,d3edbff9-b137-4f59-9b59-c049d8cda101,COMPLETED,2025-01-07T06:44:00,2025-01-07T06:59:00,2025-01-07T06:59:00,2025-01-07T08:44:00,2025-01-07T06:44:00
950c28be-77a7-49be-9eb8-2487dcb85240,02806381-25e5-4997-8b2b-2481bff90123,3cad9af4-3e76-49e7-a472-17fbf3b30322,ACCEPTED,2025-01-07T07:25:00,2025-01-07T07:39:00,2025-01-07T07:39:00,,2025-01-07T07:25:00
a9893411-da9b-4fa8-998d-526b96904eb6,02806381-25e5-4997-8b2b-2481bff90123,96e372e4-86b2-4e68-b468-3cdf7686a490,ACCEPTED,2025-01-07T07:26:00,2025-01-07T07:39:00,2025-01-07T07:39:00,,2025-01-07T07:26:00
2f3df581-e7e0-48c6-89a7-7fbaa35b2bad,02806381-25e5-4997-8b2b-2481bff90123,a88bf6b5-168a-42ee-bea7-b40defa21e24,COMPLETED,2025-01-07T07:27:00,2025-01-07T07:41:00,2025-01-07T07:41:00,2025-01-07T08:27:00,2025-01-07T07:27:00
90773e9d-5034-4655-9b77-a317d6b44add,02806381-25e5-4997-8b2b-2481bff90123,a927ec13-1431-4870-8c63-e98dc7bad4b8,ACCEPTED,2025-01-07T07:27:00,2025-01-07T07:39:00,2025-01-07T07:39:00,,2025-01-07T07:27:00
1fda1bcb-28ec-45d5-a05f-640a99b95d57,02806381-25e5-4997-8b2b-2481bff90123,8472b4dc-b0f7-4b8e-aeb1-10bfb842eb2f,ACCEPTED,2025-01-07T07:31:00,2025-01-07T07:45:00,2025-01-07T07:45:00,,2025-01-07T07:31:00
07ea9174-8bed-4d19-978d-1253c48352dd,02806381-25e5-4997-8b2b-2481bff90123,8342ece1-dc13-431d-b735-f045953e170d,NO_RESPONSE,2025-01-07T07:31:00,,,,2025-01-07T07:31:00
03c94f2d-00b0-4aa4-95be-7b76049e1c65,67787d27-59d6-4156-87e5-b89ea70f9c57,97e19e53-5b1a-48ed-959a-3b8ab801c890,ACCEPTED,2025-01-07T09:03:00,2025-01-07T09:09:00,2025-01-07T09:09:00,,2025-01-07T09:03:00
87410bef-9af1-4d43-9e0a-9cc8e9fa0018,67787d27-59d6-4156-87e5-b89ea70f9c57,ac4e88c1-0595-40f7-bf14-b77ad397e5dd,ACCEPTED,2025-01-07T09:03:00,2025-01-07T09:15:00,2025-01-07T09:15:00,,2025-01-07T09:03:00
8199b0a2-bdb8-4ebd-bae1-19bafbe13f9e,67787d27-59d6-4156-87e5-b89ea70f9c57,abdc90fb-c824-469f-8f0e-8dd72f8f977f,ACCEPTED,2025-01-07T09:11:00,2025-01-07T09:23:00,2025-01-07T09:23:00,,2025-01-07T09:11:00
b1280875-c7e2-4b50-b1c3-b12f773d834d,5e4405ae-aa3e-48aa-9eb0-ae92936136d0,2361c7a1-b851-4b64-97aa-0cf019d4b69d,COMPLETED,2025-01-08T00:34:00,2025-01-08T00:39:00,2025-01-08T00:39:00,2025-01-08T03:34:00,2025-01-08T00:34:00
c29a4a5e-1d5b-463c-95c0-ebfef5a1880a,5e4405ae-aa3e-48aa-9eb0-ae92936136d0,ab6072b4-0254-40d6-8861-f0f1506fcbb7,ACCEPTED,2025-01-08T00:36:00,2025-01-08T00:50:00,2025-01-08T00:50:00,,2025-01-08T00:36:00
69cf5351-6a8d-42cb-8538-7c4e93ec618c,5e4405ae-aa3e-48aa-9eb0-ae92936136d0,d86275ba-b1a0-4e6e-a363-d11e975f6df6,ACCEPTED,2025-01-08T00:40:00,2025-01-08T00:50:00,2025-01-08T00:50:00,,2025-01-08T00:40:00
c7b7b8a8-e92d-405b-ba99-0d1024331030,151ef8ab-7cff-4e63-a080-4ec2e1298a3b,445beb91-c8f4-47ed-b5c7-e8a70759c76b,COMPLETED,2025-01-08T00:54:00,2025-01-08T01:07:00,2025-01-08T01:07:00,2025-01-08T03:54:00,2025-01-08T00:54:00
3d874cad-8a1b-4ff8-82d3-99a86b525556,151ef8ab-7cff-4e63-a080-4ec2e1298a3b,d2d58d90-c3b6-419c-80fc-cd468552f315,ACCEPTED,2025-01-08T00:55:00,2025-01-08T01:05:00,2025-01-08T01:05:00,,2025-01-08T00:55:00
405b7c4f-37ae-4c3a-8e75-9db1f1819870,151ef8ab-7cff-4e63-a080-4ec2e1298a3b,f53bf753-a0a3-4d28-99f6-434168f98cb2,ACCEPTED,2025-01-08T01:00:00,2025-01-08T01:04:00,2025-01-08T01:04:00,,2025-01-08T01:00:00
d1cd2797-a56b-4e35-9459-bdabe5ee08b9,151ef8ab-7cff-4e63-a080-4ec2e1298a3b,866f151d-9b2b-4c13-9341-f46f866efb61,EXPIRED,2025-01-08T01:03:00,,,,2025-01-08T01:03:00
d6150063-5f9e-42b5-810e-86a58059780a,74c6812d-12cf-4a17-b95b-06514016fca6,feca2cc5-9c28-40c7-8543-ca69b34076e3,ACCEPTED,2025-01-08T03:27:00,2025-01-08T03:38:00,2025-01-08T03:38:00,,2025-01-08T03:27:00
7e042e1d-c30c-42b9-8f7e-544d1bad3f39,74c6812d-12cf-4a17-b95b-06514016fca6,68cf86cf-66aa-443c-ae5b-e601c8cc76c7,ACCEPTED,2025-01-08T03:28:00,2025-01-08T03:30:00,2025-01-08T03:30:00,,2025-01-08T03:28:00
7a6c8a3f-a033-45bd-8073-6a6f1d7e745b,74c6812d-12cf-4a17-b95b-06514016fca6,00fe7012-13c0-4486-9a33-e56253f1a860,ACCEPTED,2025-01-08T03:29:00,2025-01-08T03:42:00,2025-01-08T03:42:00,,2025-01-08T03:29:00
130bab61-9125-4c6b-87b2-2fb59fc19ae3,20dd11b5-0eb6-4f73-982c-700ef1a28b55,992a9f5e-edc4-40f0-b76a-3f29c20d5618,COMPLETED,2025-01-08T05:33:00,2025-01-08T05:47:00,2025-01-08T05:47:00,2025-01-08T07:33:00,2025-01-08T05:33:00
1deb6605-fb72-4a73-8196-c4d0bdfb9072,20dd11b5-0eb6-4f73-982c-700ef1a28b55,468555a1-384e-4985-9c39-f4333176e51f,ACCEPTED,2025-01-08T05:38:00,2025-01-08T05:42:00,2025-01-08T05:42:00,,2025-01-08T05:38:00
5621fb3f-df91-41c5-acab-8974a3853d4c,64fa339b-6c02-4e25-8767-118e4bcfd8e0,fe22cac5-c785-4cc2-a706-9b3cbd277ddf,COMPLETED,2025-01-08T05:54:00,2025-01-08T06:06:00,2025-01-08T06:06:00,2025-01-08T07:54:00,2025-01-08T05:54:00
cb545d7b-0bed-4c6d-b3c4-a311d892bfe6,64fa339b-6c02-4e25-8767-118e4bcfd8e0,2e3af94c-8ff5-4a35-ac8a-571d4fa070d4,NO_RESPONSE,2025-01-08T05:56:00,,,,2025-01-08T05:56:00
22acdaf2-64aa-45a1-81e7-8113f6e58cde,64fa339b-6c02-4e25-8767-118e4bcfd8e0,b16f7848-a2a4-4c2c-8a3b-0bf76ecdf857,ACCEPTED,2025-01-08T05:58:00,2025-01-08T06:01:00,2025-01-08T06:01:00,,2025-01-08T05:58:00
cccf60dc-87d5-4d2e-8bb5-5b7798631879,cf559b7e-b341-4a8e-b57b-7457cbbdbf56,56cb3f18-5215-48ce-a5e3-0cd1a2498d02,ACCEPTED,2025-01-08T10:24:00,2025-01-08T10:25:00,2025-01-08T10:25:00,,2025-01-08T10:24:00
001471d1-17ac-4cc3-8c3e-b6efbf8736d8,4ad63b8c-2380-4e7a-a5b4-4e08df619d87,4dedcbdc-081b-4f07-a1d8-a65cfe88d71e,ACCEPTED,2025-01-08T10:28:00,2025-01-08T10:33:00,2025-01-08T10:33:00,,2025-01-08T10:28:00
834face2-f010-4705-9940-fb32ba432561,cf559b7e-b341-4a8e-b57b-7457cbbdbf56,887c04b7-3558-4cd6-b634-cf5a4cd93877,ACCEPTED,2025-01-08T10:32:00,2025-01-08T10:35:00,2025-01-08T10:35:00,,2025-01-08T10:32:00
b484c255-da54-4001-9837-f27d0464f965,cf559b7e-b341-4a8e-b57b-7457cbbdbf56,cc823700-76b8-4614-9bae-555be744cc6e,ACCEPTED,2025-01-08T10:34:00,2025-01-08T10:44:00,2025-01-08T10:44:00,,2025-01-08T10:34:00
5a2cb07c-9edd-42f1-9199-251751dcbf88,cf559b7e-b341-4a8e-b57b-7457cbbdbf56,4b933cd5-19a8-4e2e-8322-78978d1bb4b2,ACCEPTED,2025-01-08T10:35:00,2025-01-08T10:39:00,2025-01-08T10:39:00,,2025-01-08T10:35:00
7366dc1a-a7e5-4340-905c-b11724074141,4ad63b8c-2380-4e7a-a5b4-4e08df619d87,1f6fb1c2-eed4-453e-843e-8dcf8faefb39,COMPLETED,2025-01-08T10:39:00,2025-01-08T10:42:00,2025-01-08T10:42:00,2025-01-08T13:39:00,2025-01-08T10:39:00
58c0cf08-fb3e-4a68-b83f-e1e2d49720f2,4ad63b8c-2380-4e7a-a5b4-4e08df619d87,abdc90fb-c824-469f-8f0e-8dd72f8f977f,COMPLETED,2025-01-08T10:39:00,2025-01-08T10:54:00,2025-01-08T10:54:00,2025-01-08T12:39:00,2025-01-08T10:39:00
a9fc88c1-2394-4e19-8278-5b90b80bd7b4,4ad63b8c-2380-4e7a-a5b4-4e08df619d87,1e051bc4-2ef6-4736-b427-d4e81bbdd5d3,ACCEPTED,2025-01-08T10:41:00,2025-01-08T10:45:00,2025-01-08T10:45:00,,2025-01-08T10:41:00
b8c57ebe-057b-4326-9107-9d8c5cd1a9a0,65eaf36a-51d1-4636-9800-978f7acdba27,0cdb3e6f-399c-4e51-9eb2-0a3eed101f33,ACCEPTED,2025-01-08T11:54:00,2025-01-08T12:06:00,2025-01-08T12:06:00,,2025-01-08T11:54:00
c843b4e6-96aa-45a2-a9eb-1bbca635da65,65eaf36a-51d1-4636-9800-978f7acdba27,ad32e776-9492-4189-a4eb-d73ed256a7ea,ACCEPTED,2025-01-08T11:58:00,2025-01-08T12:12:00,2025-01-08T12:12:00,,2025-01-08T11:58:00
6ad2fda0-0fb6-49c4-afbd-c8c7052a89b0,b66b975f-5f00-449c-9b11-9dde0466c3dc,c4a4b614-90de-4794-a555-76f6159de789,ACCEPTED,2025-01-08T17:05:00,2025-01-08T17:09:00,2025-01-08T17:09:00,,2025-01-08T17:05:00
c8c30941-b22b-454c-be89-8147b930e006,7ab35f8c-f7fd-4616-a176-5d11d6520e3e,18425d44-6ba9-45d1-a297-f3778d4b10e7,COMPLETED,2025-01-08T17:06:00,2025-01-08T17:07:00,2025-01-08T17:07:00,2025-01-08T19:06:00,2025-01-08T17:06:00
789674d3-0b47-4b77-bd17-09b5f8871b9a,b66b975f-5f00-449c-9b11-9dde0466c3dc,430aca8d-ebe3-48e3-8d2f-e1975ad23d8d,COMPLETED,2025-01-08T17:11:00,2025-01-08T17:14:00,2025-01-08T17:14:00,2025-01-08T20:11:00,2025-01-08T17:11:00
009cd5b0-9b25-46a1-939d-98e5a29b78eb,7ab35f8c-f7fd-4616-a176-5d11d6520e3e,878b86c2-438d-4767-ad44-f8c58de74bd2,ACCEPTED,2025-01-08T17:13:00,2025-01-08T17:17:00,2025-01-08T17:17:00,,2025-01-08T17:13:00
7b692306-d4aa-49c0-8377-23646d3098be,7ab35f8c-f7fd-4616-a176-5d11d6520e3e,2bc00f4d-1415-492e-ab45-855a39d62175,ACCEPTED,2025-01-08T17:13:00,2025-01-08T17:27:00,2025-01-08T17:27:00,,2025-01-08T17:13:00
b62f2075-8cef-4a22-8b24-fd32e7bff7bf,7ab35f8c-f7fd-4616-a176-5d11d6520e3e,ca5ce99f-cf40-4ef6-9c3d-4a4177383ff2,ACCEPTED,2025-01-08T17:14:00,2025-01-08T17:22:00,2025-01-08T17:22:00,,2025-01-08T17:14:00
a4b8d989-ee06-46d5-84a0-6cb3e22fb4df,7ab35f8c-f7fd-4616-a176-5d11d6520e3e,c26464e8-28b6-4923-b2ea-5e7dbf4e5c58,COMPLETED,2025-01-08T17:15:00,2025-01-08T17:18:00,2025-01-08T17:18:00,2025-01-08T18:15:00,2025-01-08T17:15:00
9820910d-fe4a-4ed6-8ef2-1693830ae6ee,b66b975f-5f00-449c-9b11-9dde0466c3dc,0ad41086-120a-480a-a25e-68be9c95144c,COMPLETED,2025-01-08T17:16:00,2025-01-08T17:25:00,2025-01-08T17:25:00,2025-01-08T19:16:00,2025-01-08T17:16:00
7cfe3841-05a5-4ca9-a734-467f43964c59,b66b975f-5f00-449c-9b11-9dde0466c3dc,4ac85ad1-81f9-4db3-a7c9-2bd4d3df0e31,ACCEPTED,2025-01-08T17:16:00,2025-01-08T17:28:00,2025-01-08T17:28:00,,2025-01-08T17:16:00
e718d5b9-fbac-4528-8e83-8bb512df38c3,7ab35f8c-f7fd-4616-a176-5d11d6520e3e,eda6ff35-1d22-4a35-b25d-3279ba02175c,DECLINED,2025-01-08T17:17:00,2025-01-08T17:33:00,,,2025-01-08T17:17:00
cd6eabc8-cf38-451f-81fb-c2871accc2b9,b66b975f-5f00-449c-9b11-9dde0466c3dc,97dbbf0c-d2b5-452c-b22a-e11e30701e99,EXPIRED,2025-01-08T17:17:00,,,,2025-01-08T17:17:00
4c09b397-5b60-4717-a540-10e545e123ef,81e11f88-67fe-4f90-b9f8-45ec8de7cc60,972c2711-206c-49a4-b763-2a7319f31c08,COMPLETED,2025-01-08T18:16:00,2025-01-08T18:22:00,2025-01-08T18:22:00,2025-01-08T20:16:00,2025-01-08T18:16:00
1203d40d-4d1f-4c88-a189-4e08ff71960d,81e11f88-67fe-4f90-b9f8-45ec8de7cc60,f6612e9b-17e3-4407-bad5-87d18f75c172,MISSED,2025-01-08T18:18:00,,,,2025-01-08T18:18:00
4f7de361-b286-4781-9301-dc0a65f7889d,81e11f88-67fe-4f90-b9f8-45ec8de7cc60,11955be9-03b2-4274-9002-7a2a5ae499a8,EXPIRED,2025-01-08T18:24:00,,,,2025-01-08T18:24:00
961943a6-1236-4b30-bbb9-9d39132e2a15,81e11f88-67fe-4f90-b9f8-45ec8de7cc60,29863a10-f78d-4e41-9aa9-3e446b4fe73f,ACCEPTED,2025-01-08T18:26:00,2025-01-08T18:28:00,2025-01-08T18:28:00,,2025-01-08T18:26:00
3147153c-7081-4c18-942a-dd5fc950ca99,81e11f88-67fe-4f90-b9f8-45ec8de7cc60,606e67ca-9ccf-47a9-951e-95c0bc77f20d,ACCEPTED,2025-01-08T18:26:00,2025-01-08T18:37:00,2025-01-08T18:37:00,,2025-01-08T18:26:00
da0eb301-f32b-4f34-8458-ad6b7164b7f2,81e11f88-67fe-4f90-b9f8-45ec8de7cc60,20f6053d-1512-49be-a186-de29bf5ec234,COMPLETED,2025-01-08T18:26:00,2025-01-08T18:29:00,2025-01-08T18:29:00,2025-01-08T20:26:00,2025-01-08T18:26:00
ecd2eb85-a8d8-46b3-b434-36e8febbd456,6c994be2-5094-4b66-be22-50b14bd773f6,cc255119-86e4-43ad-b1f0-6c24ac17d920,ACCEPTED,2025-01-08T20:32:00,2025-01-08T20:34:00,2025-01-08T20:34:00,,2025-01-08T20:32:00
24be72a6-1a15-4c08-ba08-4839acff30b8,6c994be2-5094-4b66-be22-50b14bd773f6,29863a10-f78d-4e41-9aa9-3e446b4fe73f,MISSED,2025-01-08T20:33:00,,,,2025-01-08T20:33:00
665deea8-3f2e-4366-93de-2e22a639cc5e,15ff4edd-a1fa-4f4b-adca-cfa9205a66bc,c2d25642-919c-4075-a54a-aedcf9642a56,NO_RESPONSE,2025-01-08T21:19:00,,,,2025-01-08T21:19:00
e08c6b55-03fd-4ac7-9870-bfcc5eb24f0b,15ff4edd-a1fa-4f4b-adca-cfa9205a66bc,877380d4-dd5d-4104-83fc-bdf86e194c54,ACCEPTED,2025-01-08T21:20:00,2025-01-08T21:31:00,2025-01-08T21:31:00,,2025-01-08T21:20:00
b2aa226b-9fa1-4ee1-9590-2a8091fd2f4f,15ff4edd-a1fa-4f4b-adca-cfa9205a66bc,e10f8499-9444-4031-828d-33425d7476a6,ACCEPTED,2025-01-08T21:25:00,2025-01-08T21:33:00,2025-01-08T21:33:00,,2025-01-08T21:25:00
240a09ff-2b9e-4723-aa9b-d1a85daae6f8,76fdcb70-094c-4ab9-8937-70e80c02e4b0,ed05badd-17a9-4ad2-99b1-3e60e0cb321e,ACCEPTED,2025-01-09T00:26:00,2025-01-09T00:34:00,2025-01-09T00:34:00,,2025-01-09T00:26:00
788bb127-24d1-45f7-8a01-13b1af4e5d0b,76fdcb70-094c-4ab9-8937-70e80c02e4b0,5e1e8005-4458-440a-9d56-64d0e7c3e96b,ACCEPTED,2025-01-09T00:27:00,2025-01-09T00:35:00,2025-01-09T00:35:00,,2025-01-09T00:27:00
6576981b-ac61-4bd8-a052-7ef41518d26f,76fdcb70-094c-4ab9-8937-70e80c02e4b0,1d67536a-01f8-430f-8e5d-331ea756ad1c,COMPLETED,2025-01-09T00:32:00,2025-01-09T00:34:00,2025-01-09T00:34:00,2025-01-09T03:32:00,2025-01-09T00:32:00
b6e27ea1-d875-40d5-b9ae-7776b01785c4,76fdcb70-094c-4ab9-8937-70e80c02e4b0,309497b0-41ad-483a-a10a-7040ec34710d,DECLINED,2025-01-09T00:35:00,2025-01-09T00:37:00,,,2025-01-09T00:35:00
2959597f-9d81-49e6-8312-dbdc95d3a3dd,76fdcb70-094c-4ab9-8937-70e80c02e4b0,6c841b96-0d6c-4d4f-a647-602aca520949,ACCEPTED,2025-01-09T00:37:00,2025-01-09T00:51:00,2025-01-09T00:51:00,,2025-01-09T00:37:00
0127c934-c933-4b7b-a69b-c4d24e44ba34,27ae7b10-1b1c-43f3-b2c5-61ec43212e47,253205df-9c22-4418-a061-b758af343928,COMPLETED,2025-01-09T03:26:00,2025-01-09T03:29:00,2025-01-09T03:29:00,2025-01-09T06:26:00,2025-01-09T03:26:00
7021f946-d458-440c-b6b2-5b8328e88f51,27ae7b10-1b1c-43f3-b2c5-61ec43212e47,ffd6e179-bce4-414a-9aef-db47a3caea86,NO_RESPONSE,2025-01-09T03:28:00,,,,2025-01-09T03:28:00
cf456f61-3512-485d-b2bb-a9bfee3f3281,c48a53c6-452e-4d55-a694-d3a587e67c26,c2a90a3b-30e9-4457-987f-0a655b5556d2,ACCEPTED,2025-01-09T09:02:00,2025-01-09T09:09:00,2025-01-09T09:09:00,,2025-01-09T09:02:00
42a0e4af-870b-4716-a490-60b3f3445271,c48a53c6-452e-4d55-a694-d3a587e67c26,c4fe67ef-e054-4697-9543-263f3f2dd3c7,COMPLETED,2025-01-09T09:08:00,2025-01-09T09:10:00,2025-01-09T09:10:00,2025-01-09T11:08:00,2025-01-09T09:08:00
0d0e04bc-e7b7-4908-974e-932e635cc5a3,c48a53c6-452e-4d55-a694-d3a587e67c26,afa47c4e-62b3-4586-9824-3169d0ae4f73,ACCEPTED,2025-01-09T09:08:00,2025-01-09T09:15:00,2025-01-09T09:15:00,,2025-01-09T09:08:00
6db1827a-3151-492e-a3c4-31b47124bf15,c48a53c6-452e-4d55-a694-d3a587e67c26,273ddb7f-7af3-44a5-b945-f6705e9f338f,ACCEPTED,2025-01-09T09:09:00,2025-01-09T09:13:00,2025-01-09T09:13:00,,2025-01-09T09:09:00
6d98fe9a-b1ab-4fbd-ae24-94f293f86d4f,c48a53c6-452e-4d55-a694-d3a587e67c26,2d67b8f1-6839-41a5-a4f9-ed87959a5394,ACCEPTED,2025-01-09T09:09:00,2025-01-09T09:18:00,2025-01-09T09:18:00,,2025-01-09T09:09:00
9783b90b-0205-4ee5-80fa-069578f214c3,c48a53c6-452e-4d55-a694-d3a587e67c26,64af186a-4a5e-4d8e-8b52-ff4a3c5bc1ec,ACCEPTED,2025-01-09T09:12:00,2025-01-09T09:18:00,2025-01-09T09:18:00,,2025-01-09T09:12:00
22ce3b46-052d-4b8d-8664-f9b4e9b29268,89bed1ff-3830-40d4-b65e-39f850cf46b7,7368f039-3b92-4ed6-9281-8a546afbbd0c,ACCEPTED,2025-01-09T11:45:00,2025-01-09T11:50:00,2025-01-09T11:50:00,,2025-01-09T11:45:00
8332bec0-fbbb-47c9-8d19-cfd8c42f6e89,89bed1ff-3830-40d4-b65e-39f850cf46b7,82fb79bc-bd6e-47a9-a67a-99fac9655589,COMPLETED,2025-01-09T11:47:00,2025-01-09T11:55:00,2025-01-09T11:55:00,2025-01-09T13:47:00,2025-01-09T11:47:00
20ba8adf-2f51-4514-b284-4c460c928cb3,5c03395a-4ede-467d-9bae-d2698432c418,2fe42234-9f74-4aa2-8d63-a0c3cf398172,ACCEPTED,2025-01-09T15:32:00,2025-01-09T15:46:00,2025-01-09T15:46:00,,2025-01-09T15:32:00
00fdf395-b07f-4ed3-8e60-4bb812ae1bca,5c03395a-4ede-467d-9bae-d2698432c418,80faa51d-a2ac-468a-a4b0-b1c148fd10fe,EXPIRED,2025-01-09T15:33:00,,,,2025-01-09T15:33:00
de877fb7-64b8-4f64-a7b5-134849b69fa4,2419ea9f-12cc-4504-a451-5c1a2356a546,cfca1fba-b8fd-43a2-8e84-7c868fae649d,ACCEPTED,2025-01-09T15:51:00,2025-01-09T16:01:00,2025-01-09T16:01:00,,2025-01-09T15:51:00
5b67e8f8-2dfa-4e1e-ab11-77c7fee316d9,2419ea9f-12cc-4504-a451-5c1a2356a546,7874fffd-6a3d-4885-92ad-f115c4f7779f,COMPLETED,2025-01-09T15:55:00,2025-01-09T16:00:00,2025-01-09T16:00:00,2025-01-09T18:55:00,2025-01-09T15:55:00
3f002f7a-107f-4c54-abbf-80a010b5408d,142dabd5-e828-467e-8a73-be76581842d7,76c87fab-4634-487d-a03f-d4c7ee94749e,EXPIRED,2025-01-09T18:26:00,,,,2025-01-09T18:26:00
621080ee-97dd-4413-80d1-7d86badfcc48,142dabd5-e828-467e-8a73-be76581842d7,4be00de0-ff5a-454f-aca8-e915814cf135,ACCEPTED,2025-01-09T18:30:00,2025-01-09T18:39:00,2025-01-09T18:39:00,,2025-01-09T18:30:00
80bacc81-c881-414c-9cfd-2227d1fe3f88,142dabd5-e828-467e-8a73-be76581842d7,7f3eb456-b77d-4612-a975-16e81b7af215,NO_RESPONSE,2025-01-09T18:32:00,,,,2025-01-09T18:32:00
b4a96871-0664-4c74-b61f-2eb22eec8ea5,a12f04e6-33b3-4ab3-8a12-a1036ad1a3cd,606e67ca-9ccf-47a9-951e-95c0bc77f20d,ACCEPTED,2025-01-09T18:40:00,2025-01-09T18:55:00,2025-01-09T18:55:00,,2025-01-09T18:40:00
322cd1a4-af32-489b-9bfd-127280d6886b,a12f04e6-33b3-4ab3-8a12-a1036ad1a3cd,58d8deb5-5531-43c5-81ae-7352d2d2b8c9,EXPIRED,2025-01-09T18:43:00,,,,2025-01-09T18:43:00
6d57c99a-eae0-4ea8-87cd-b1eddb927d2c,a12f04e6-33b3-4ab3-8a12-a1036ad1a3cd,556bf703-12c9-40e6-98a3-1835bb3d53a7,NO_RESPONSE,2025-01-09T18:43:00,,,,2025-01-09T18:43:00
3279a0e2-2188-4482-bd96-55854c940070,a12f04e6-33b3-4ab3-8a12-a1036ad1a3cd,075750fe-b6ad-4c6a-a4e3-91e723ad0bdf,ACCEPTED,2025-01-09T18:45:00,2025-01-09T18:52:00,2025-01-09T18:52:00,,2025-01-09T18:45:00
0586afe0-7110-4e38-8e8d-d8b256529326,239ae704-cdef-4e35-8a76-8bc5e8c7f280,15e8b88b-3071-48e6-b989-88d3d4c35e68,ACCEPTED,2025-01-09T21:44:00,2025-01-09T21:54:00,2025-01-09T21:54:00,,2025-01-09T21:44:00
e3539afc-ed87-45e8-adfa-2ee6034077f2,239ae704-cdef-4e35-8a76-8bc5e8c7f280,12cb054b-3ad8-409d-879c-911bba186c06,COMPLETED,2025-01-09T21:50:00,2025-01-09T21:51:00,2025-01-09T21:51:00,2025-01-10T00:50:00,2025-01-09T21:50:00
218b6004-7e4e-4a0a-9460-288bc3da82d3,239ae704-cdef-4e35-8a76-8bc5e8c7f280,1dc62eea-d501-4cc2-8b28-21af417cd2bd,ACCEPTED,2025-01-09T21:51:00,2025-01-09T22:06:00,2025-01-09T22:06:00,,2025-01-09T21:51:00
f21c764f-64f8-41ed-95c9-fd085168eb1f,239ae704-cdef-4e35-8a76-8bc5e8c7f280,aa432f38-de85-46c8-ad80-6b3373671c95,ACCEPTED,2025-01-09T21:52:00,2025-01-09T22:00:00,2025-01-09T22:00:00,,2025-01-09T21:52:00
17bd92a9-3210-4cd2-b5be-e8d170510b98,239ae704-cdef-4e35-8a76-8bc5e8c7f280,02ab37f8-95ba-4069-b113-066bd5d1f267,NO_RESPONSE,2025-01-09T21:55:00,,,,2025-01-09T21:55:00
e5e53d82-23de-4e18-ae54-1dced7fdfa0c,152d6b0b-110d-4257-99c0-9e0eaeaac328,6808b218-ad45-4d5a-8374-ac96bd2f9e51,COMPLETED,2025-01-09T22:12:00,2025-01-09T22:27:00,2025-01-09T22:27:00,2025-01-10T00:12:00,2025-01-09T22:12:00
02d8d9a2-d1d4-4eca-a6f5-69749729f27a,152d6b0b-110d-4257-99c0-9e0eaeaac328,12cb054b-3ad8-409d-879c-911bba186c06,ACCEPTED,2025-01-09T22:16:00,2025-01-09T22:21:00,2025-01-09T22:21:00,,2025-01-09T22:16:00
4071e53d-ac65-4037-a49e-f1c2eab23958,152d6b0b-110d-4257-99c0-9e0eaeaac328,56cb3f18-5215-48ce-a5e3-0cd1a2498d02,ACCEPTED,2025-01-09T22:18:00,2025-01-09T22:22:00,2025-01-09T22:22:00,,2025-01-09T22:18:00
e594ea37-94fa-4ee5-9674-6943d9e29865,152d6b0b-110d-4257-99c0-9e0eaeaac328,dc070752-162d-4ca3-ae3a-25c40e32397b,ACCEPTED,2025-01-09T22:21:00,2025-01-09T22:33:00,2025-01-09T22:33:00,,2025-01-09T22:21:00
39419735-8a6b-4f86-8d9c-46477832b81e,96655e29-4e7c-4a6d-a343-fb860de29854,ba654c1d-96a2-4ce2-96bf-a37bb05c6b58,ACCEPTED,2025-01-09T23:10:00,2025-01-09T23:18:00,2025-01-09T23:18:00,,2025-01-09T23:10:00
4e07362e-9a06-40bf-9e3d-5401621c363f,96655e29-4e7c-4a6d-a343-fb860de29854,443aebc7-b493-44c6-bde3-762b445ca7e3,COMPLETED,2025-01-09T23:12:00,2025-01-09T23:23:00,2025-01-09T23:23:00,2025-01-10T01:12:00,2025-01-09T23:12:00
ec2cd2e8-f46c-438c-92ed-d2d8d24eb59e,96655e29-4e7c-4a6d-a343-fb860de29854,3e5bcb3e-d421-4d2e-b8ee-6482c43242d7,COMPLETED,2025-01-09T23:20:00,2025-01-09T23:21:00,2025-01-09T23:21:00,2025-01-10T00:20:00,2025-01-09T23:20:00
0f9b92ab-8523-4943-aedd-5741786ebfb1,96655e29-4e7c-4a6d-a343-fb860de29854,b822f3f2-bc12-474d-9f5a-b3cef19341f0,ACCEPTED,2025-01-09T23:21:00,2025-01-09T23:35:00,2025-01-09T23:35:00,,2025-01-09T23:21:00
554f2469-b9a9-43c7-9cd9-3d0d720bbad8,c13e5065-12e5-4adc-b3da-09e4a550dc43,4c569839-3efa-4170-b6a4-f0a4d13d4639,ACCEPTED,2025-01-10T03:13:00,2025-01-10T03:24:00,2025-01-10T03:24:00,,2025-01-10T03:13:00
2af945ef-c46c-4b74-8221-a7630b5e4da8,c13e5065-12e5-4adc-b3da-09e4a550dc43,b649daf0-45a0-4879-bceb-08f29bf19ce2,ACCEPTED,2025-01-10T03:22:00,2025-01-10T03:35:00,2025-01-10T03:35:00,,2025-01-10T03:22:00
a0767267-6ce6-4b92-8f5a-63948b2f5504,c13e5065-12e5-4adc-b3da-09e4a550dc43,cde8f468-ab23-43e9-8462-c07f508baa7f,COMPLETED,2025-01-10T03:23:00,2025-01-10T03:28:00,2025-01-10T03:28:00,2025-01-10T06:23:00,2025-01-10T03:23:00
669d1187-8adf-48ec-a02c-07d1911ddfb3,71eacecd-5daa-4bb8-b8ee-1051b2fef2db,3f562206-66c9-45c7-94e1-a9dfde284d1b,COMPLETED,2025-01-10T07:42:00,2025-01-10T07:46:00,2025-01-10T07:46:00,2025-01-10T08:42:00,2025-01-10T07:42:00
aabdeec0-d24f-4295-99e9-0df2c9b0d65e,71eacecd-5daa-4bb8-b8ee-1051b2fef2db,5ae18917-1ec4-457c-a836-7efc4c4c8fff,ACCEPTED,2025-01-10T07:45:00,2025-01-10T07:58:00,2025-01-10T07:58:00,,2025-01-10T07:45:00
ef8dda23-a4e3-4c92-83bd-8276aed157f1,6b65dca2-a738-4b62-9b1f-56a4fd6f609d,d0541b7a-d91a-4f60-a3c9-55e8ae5577b7,ACCEPTED,2025-01-10T11:01:00,2025-01-10T11:05:00,2025-01-10T11:05:00,,2025-01-10T11:01:00
de820031-57c8-4877-83e4-f06ed0b713ef,6b65dca2-a738-4b62-9b1f-56a4fd6f609d,e10f8499-9444-4031-828d-33425d7476a6,ACCEPTED,2025-01-10T11:06:00,2025-01-10T11:08:00,2025-01-10T11:08:00,,2025-01-10T11:06:00
09e62e9b-7599-4529-8a55-c6acbc71699e,6b65dca2-a738-4b62-9b1f-56a4fd6f609d,74de697e-ecd0-4975-8057-f21088a888b4,ACCEPTED,2025-01-10T11:08:00,2025-01-10T11:09:00,2025-01-10T11:09:00,,2025-01-10T11:08:00
a91fc8b3-ca07-4d70-9008-85da1755adaa,1d8b5240-f432-423f-82f5-ea3f9d4ca82d,c2a90a3b-30e9-4457-987f-0a655b5556d2,ACCEPTED,2025-01-10T17:29:00,2025-01-10T17:31:00,2025-01-10T17:31:00,,2025-01-10T17:29:00
39407be8-03d0-473b-a661-65e48bdfebe7,1d8b5240-f432-423f-82f5-ea3f9d4ca82d,c4407f72-aaa4-45db-935c-f0c2d2f7c518,NO_RESPONSE,2025-01-10T17:30:00,,,,2025-01-10T17:30:00
421cf217-c984-40d6-b17e-4cb46de2ddcf,29057c28-6eaa-45f4-b7e1-e1f04419661b,c6725451-3108-4aec-a1da-c4cd931af67d,ACCEPTED,2025-01-10T20:42:00,2025-01-10T20:56:00,2025-01-10T20:56:00,,2025-01-10T20:42:00
1af03aaf-59ba-4adf-aaab-8322ab6aa7b0,29057c28-6eaa-45f4-b7e1-e1f04419661b,3a844307-c065-40ea-b773-262c476a0e2a,ACCEPTED,2025-01-10T20:43:00,2025-01-10T20:44:00,2025-01-10T20:44:00,,2025-01-10T20:43:00
283f9283-f502-4d66-b87d-4e2e4d507643,29057c28-6eaa-45f4-b7e1-e1f04419661b,d3edbff9-b137-4f59-9b59-c049d8cda101,COMPLETED,2025-01-10T20:44:00,2025-01-10T20:56:00,2025-01-10T20:56:00,2025-01-10T21:44:00,2025-01-10T20:44:00
b9139996-bebe-4ea7-bc33-b3fd66585d23,2d2d325a-068a-486a-9ab4-a8cd7691e502,03eeb252-1e41-4f67-91f0-687b64393568,ACCEPTED,2025-01-10T20:47:00,2025-01-10T20:48:00,2025-01-10T20:48:00,,2025-01-10T20:47:00
51551b95-a779-4cfd-880d-0de76b02cef0,29057c28-6eaa-45f4-b7e1-e1f04419661b,ca2995db-95cb-4226-8f04-6f57902f8cf4,ACCEPTED,2025-01-10T20:48:00,2025-01-10T21:00:00,2025-01-10T21:00:00,,2025-01-10T20:48:00
ab1411f8-be27-4acd-a633-0d3769bac24e,29057c28-6eaa-45f4-b7e1-e1f04419661b,4ac85ad1-81f9-4db3-a7c9-2bd4d3df0e31,ACCEPTED,2025-01-10T20:48:00,2025-01-10T21:02:00,2025-01-10T21:02:00,,2025-01-10T20:48:00
aa71faad-bb8a-4023-a498-78008cc6779f,29057c28-6eaa-45f4-b7e1-e1f04419661b,73461d9a-b17a-4f20-a132-39ca2f8c91ed,ACCEPTED,2025-01-10T20:50:00,2025-01-10T20:52:00,2025-01-10T20:52:00,,2025-01-10T20:50:00
0db40f6f-ddbe-4a6f-a004-0b0742b73d6f,2d2d325a-068a-486a-9ab4-a8cd7691e502,46c4620d-f466-43aa-86c4-b6bea05d529d,ACCEPTED,2025-01-10T20:50:00,2025-01-10T20:55:00,2025-01-10T20:55:00,,2025-01-10T20:50:00
7ccd89fb-fdc9-4936-b3c5-c99c7077eee0,2d2d325a-068a-486a-9ab4-a8cd7691e502,553294c5-4565-4d5a-a069-6e8126905be4,NO_RESPONSE,2025-01-10T20:50:00,,,,2025-01-10T20:50:00
fbf95fb7-02d2-402e-bc93-52ea3a73a7c8,253f1204-f66f-4a92-8ee5-464528926451,6808b218-ad45-4d5a-8374-ac96bd2f9e51,ACCEPTED,2025-01-11T05:14:00,2025-01-11T05:16:00,2025-01-11T05:16:00,,2025-01-11T05:14:00
fe660ec5-0b18-4182-9947-4cd3e51f41da,253f1204-f66f-4a92-8ee5-464528926451,d37d167a-e253-4bf1-bf50-bfa4c95a4260,COMPLETED,2025-01-11T05:15:00,2025-01-11T05:30:00,2025-01-11T05:30:00,2025-01-11T07:15:00,2025-01-11T05:15:00
5c1b4de3-9fd9-4dcd-85b6-669af28e00ff,253f1204-f66f-4a92-8ee5-464528926451,8465564b-f0a3-4480-b044-c0a4cf6d01a0,ACCEPTED,2025-01-11T05:16:00,2025-01-11T05:20:00,2025-01-11T05:20:00,,2025-01-11T05:16:00
3434787a-6f55-4f97-ad64-e7d8d044121b,253f1204-f66f-4a92-8ee5-464528926451,2b53fe55-2a72-4432-a6b9-13c5a851be2a,ACCEPTED,2025-01-11T05:18:00,2025-01-11T05:31:00,2025-01-11T05:31:00,,2025-01-11T05:18:00
58b5b859-f6fe-419b-bb1d-81171082c5f5,253f1204-f66f-4a92-8ee5-464528926451,2d8800e7-4323-4d12-918d-a987209ae260,ACCEPTED,2025-01-11T05:25:00,2025-01-11T05:34:00,2025-01-11T05:34:00,,2025-01-11T05:25:00
76258562-174f-4dd4-9da0-1e242849b536,b80f081a-ba02-4074-bc51-58ef4f60f181,aa432f38-de85-46c8-ad80-6b3373671c95,DECLINED,2025-01-11T09:34:00,2025-01-11T09:42:00,,,2025-01-11T09:34:00
0217922c-2326-499e-a6e5-5319533e1d66,b80f081a-ba02-4074-bc51-58ef4f60f181,0409fca8-45c7-403f-8d31-663c4c640e47,EXPIRED,2025-01-11T09:34:00,,,,2025-01-11T09:34:00
1fc89f30-e57c-4017-bfad-653de25b94fb,b80f081a-ba02-4074-bc51-58ef4f60f181,d81e4f34-385a-4f91-a183-890ca677d88c,ACCEPTED,2025-01-11T09:35:00,2025-01-11T09:48:00,2025-01-11T09:48:00,,2025-01-11T09:35:00
0a63361c-670c-4e04-861e-5f81fcdc8db1,b80f081a-ba02-4074-bc51-58ef4f60f181,e00b0ffc-7f24-4a41-8150-e710ef1d3730,ACCEPTED,2025-01-11T09:36:00,2025-01-11T09:49:00,2025-01-11T09:49:00,,2025-01-11T09:36:00
3f35f449-7db6-4773-af58-2a1a4891289e,b80f081a-ba02-4074-bc51-58ef4f60f181,bdc0370d-62f2-4b37-aaa3-b2871252b644,ACCEPTED,2025-01-11T09:39:00,2025-01-11T09:45:00,2025-01-11T09:45:00,,2025-01-11T09:39:00
192fcfdd-21c3-4ac3-a227-fb407b7b37b3,b80f081a-ba02-4074-bc51-58ef4f60f181,02e664d4-0b6a-4921-9a18-18529c0b46fb,COMPLETED,2025-01-11T09:40:00,2025-01-11T09:52:00,2025-01-11T09:52:00,2025-01-11T12:40:00,2025-01-11T09:40:00
c232f694-87e9-4027-824c-8b086b84491c,ce0b92e5-3caa-483f-b5ba-e82ce6f17ab1,96e372e4-86b2-4e68-b468-3cdf7686a490,ACCEPTED,2025-01-11T15:47:00,2025-01-11T15:55:00,2025-01-11T15:55:00,,2025-01-11T15:47:00
5d40d9ad-6a6c-4a0a-88b4-b75283904cdd,ce0b92e5-3caa-483f-b5ba-e82ce6f17ab1,68cf86cf-66aa-443c-ae5b-e601c8cc76c7,COMPLETED,2025-01-11T15:48:00,2025-01-11T15:55:00,2025-01-11T15:55:00,2025-01-11T16:48:00,2025-01-11T15:48:00
06b28b31-2541-4e59-aa26-0a58c2f874f4,ce0b92e5-3caa-483f-b5ba-e82ce6f17ab1,d9bd2841-036c-4f1f-91b6-419ea0458f8e,ACCEPTED,2025-01-11T15:53:00,2025-01-11T15:56:00,2025-01-11T15:56:00,,2025-01-11T15:53:00
7d84a464-a358-4606-a9d9-66f4edb95569,ce0b92e5-3caa-483f-b5ba-e82ce6f17ab1,16199d23-baa8-4292-b1d9-9b27b201daa1,ACCEPTED,2025-01-11T15:56:00,2025-01-11T15:57:00,2025-01-11T15:57:00,,2025-01-11T15:56:00
d6760033-90e0-46c6-8101-2b9df94b5e4e,ce0b92e5-3caa-483f-b5ba-e82ce6f17ab1,20f6053d-1512-49be-a186-de29bf5ec234,ACCEPTED,2025-01-11T15:58:00,2025-01-11T16:06:00,2025-01-11T16:06:00,,2025-01-11T15:58:00
99e447f1-f29c-48f5-a316-88cd36a32d3f,ace56f15-e75c-44e2-ae94-23aef00cdf82,77328cba-6ede-4bbd-b0b3-4810c8e8f09e,COMPLETED,2025-01-11T18:47:00,2025-01-11T18:53:00,2025-01-11T18:53:00,2025-01-11T20:47:00,2025-01-11T18:47:00
6b6a1f95-b346-49c8-99c8-0bfb0e9dd122,ace56f15-e75c-44e2-ae94-23aef00cdf82,9f966f0d-58e3-4b25-ab78-8fe097b30675,COMPLETED,2025-01-11T18:49:00,2025-01-11T18:54:00,2025-01-11T18:54:00,2025-01-11T19:49:00,2025-01-11T18:49:00
00e8a87a-a47e-421f-a6d1-b40a9b0dd596,ace56f15-e75c-44e2-ae94-23aef00cdf82,9b2d4384-c4a9-4135-8458-c0c14e077dce,COMPLETED,2025-01-11T18:58:00,2025-01-11T19:12:00,2025-01-11T19:12:00,2025-01-11T21:58:00,2025-01-11T18:58:00
b687a9a0-eaa4-4c0a-b263-4f34b0ab4228,0cf6c21c-2c3e-4498-be7d-8cc780df59ba,0b51ced4-84e3-45ad-a67a-de86af260d64,ACCEPTED,2025-01-11T20:35:00,2025-01-11T20:49:00,2025-01-11T20:49:00,,2025-01-11T20:35:00
f1022dbf-182f-4504-be18-c060e8d44166,0cf6c21c-2c3e-4498-be7d-8cc780df59ba,950e5213-a1b0-4cdc-9127-044adb973cb5,ACCEPTED,2025-01-11T20:38:00,2025-01-11T20:47:00,2025-01-11T20:47:00,,2025-01-11T20:38:00
1670caf8-2fc6-430b-a89a-b9c4288f8ea3,0cf6c21c-2c3e-4498-be7d-8cc780df59ba,2c3259d5-3a5a-4a64-be43-cedbc92ce0dc,DECLINED,2025-01-11T20:39:00,2025-01-11T20:50:00,,,2025-01-11T20:39:00
25d1b347-7c71-4716-b7e1-bf9ef41bd1e8,0cf6c21c-2c3e-4498-be7d-8cc780df59ba,238bf442-7dd1-4625-97b1-0fd3299287dc,COMPLETED,2025-01-11T20:43:00,2025-01-11T20:56:00,2025-01-11T20:56:00,2025-01-11T21:43:00,2025-01-11T20:43:00
f4a345af-c917-4dc7-a1c2-7838d9c6eaed,8e971914-3a16-48c5-bae0-26e360932171,89b16628-7a7b-4967-800e-f441e05d2779,MISSED,2025-01-11T21:36:00,,,,2025-01-11T21:36:00
71c26011-a371-45c2-8b19-57ee3a6efaea,8e971914-3a16-48c5-bae0-26e360932171,5e1e8005-4458-440a-9d56-64d0e7c3e96b,NO_RESPONSE,2025-01-11T21:39:00,,,,2025-01-11T21:39:00
6769a997-855c-4b6f-923f-e137cbc23d2f,8e971914-3a16-48c5-bae0-26e360932171,f09d1541-147b-4b19-b485-f9ad246bf702,COMPLETED,2025-01-11T21:47:00,2025-01-11T21:50:00,2025-01-11T21:50:00,2025-01-11T23:47:00,2025-01-11T21:47:00
84263d6f-c13b-4fe3-8909-17bd4c5b848e,8e971914-3a16-48c5-bae0-26e360932171,2d8800e7-4323-4d12-918d-a987209ae260,NO_RESPONSE,2025-01-11T21:49:00,,,,2025-01-11T21:49:00
57d7b0d1-60df-4bca-989b-7d60b9ed066a,020562b5-127e-43cb-bf81-2ef8d8281f78,d9bd2841-036c-4f1f-91b6-419ea0458f8e,ACCEPTED,2025-01-11T23:29:00,2025-01-11T23:41:00,2025-01-11T23:41:00,,2025-01-11T23:29:00
a487ceaa-3bc1-4a16-b0e6-3b1bac9cb7a4,020562b5-127e-43cb-bf81-2ef8d8281f78,0db56994-7b77-4dee-bd9c-894ba39fcd46,COMPLETED,2025-01-11T23:39:00,2025-01-11T23:51:00,2025-01-11T23:51:00,2025-01-12T00:39:00,2025-01-11T23:39:00
304e4f3c-9903-4914-a08a-85d082c0297d,2a107141-4bcc-4c17-a656-f3de73412f13,e10f8499-9444-4031-828d-33425d7476a6,EXPIRED,2025-01-12T01:37:00,,,,2025-01-12T01:37:00
40fb90d6-ea86-4a80-91f0-b3483b42fa3d,2a107141-4bcc-4c17-a656-f3de73412f13,4ca593a6-6883-4ff4-b14b-a47593e71ecc,ACCEPTED,2025-01-12T01:40:00,2025-01-12T01:41:00,2025-01-12T01:41:00,,2025-01-12T01:40:00
e1d8da05-6f09-4b0e-bd5a-66eca5396d69,2a107141-4bcc-4c17-a656-f3de73412f13,7689a61a-5823-4dd9-8e3c-29c2d4415219,ACCEPTED,2025-01-12T01:41:00,2025-01-12T01:46:00,2025-01-12T01:46:00,,2025-01-12T01:41:00
ba32dc66-c7c8-4bb9-b669-a6229f5c6599,2a107141-4bcc-4c17-a656-f3de73412f13,b61abfe1-9a4f-45c1-ac54-daa9a9a0b274,NO_RESPONSE,2025-01-12T01:47:00,,,,2025-01-12T01:47:00
cf9bf0d6-e39b-498b-9227-0a4149015557,e307b147-a1f8-4ef5-8549-7f7f3a4ce681,836f20e8-ac46-4599-a783-92f86ea182c4,ACCEPTED,2025-01-12T05:11:00,2025-01-12T05:26:00,2025-01-12T05:26:00,,2025-01-12T05:11:00
5a978f6c-0faa-4975-b3c8-0db1c3052e6e,e307b147-a1f8-4ef5-8549-7f7f3a4ce681,86982baf-89fb-453b-bd13-a6cfe928ea51,ACCEPTED,2025-01-12T05:20:00,2025-01-12T05:33:00,2025-01-12T05:33:00,,2025-01-12T05:20:00
c48733d2-d318-41f1-acea-9a9f05a22f99,92c3d0ca-c033-4af3-98d2-9663fcd56c8e,d3edbff9-b137-4f59-9b59-c049d8cda101,ACCEPTED,2025-01-12T05:29:00,2025-01-12T05:39:00,2025-01-12T05:39:00,,2025-01-12T05:29:00
89acb28a-c073-4e0f-a3e6-d9a14828223a,92c3d0ca-c033-4af3-98d2-9663fcd56c8e,977055e7-58dc-4d79-b576-2feb17172418,NO_RESPONSE,2025-01-12T05:35:00,,,,2025-01-12T05:35:00
242eaa00-e7bd-4d04-9679-a86dcebb76f7,58e691a5-66fa-4aea-b9fd-22128bfb79ab,d869910e-02c0-4d29-a1fd-9bdef530d653,ACCEPTED,2025-01-12T13:37:00,2025-01-12T13:42:00,2025-01-12T13:42:00,,2025-01-12T13:37:00
7760c42e-e06c-46fe-9fd5-2fb36bae1b7b,58e691a5-66fa-4aea-b9fd-22128bfb79ab,f63c50b9-9712-4146-b62f-580951ca12c3,ACCEPTED,2025-01-12T13:39:00,2025-01-12T13:47:00,2025-01-12T13:47:00,,2025-01-12T13:39:00
b4fb242e-404d-483f-b1dd-d78ad5ef6395,58e691a5-66fa-4aea-b9fd-22128bfb79ab,253205df-9c22-4418-a061-b758af343928,COMPLETED,2025-01-12T13:45:00,2025-01-12T13:47:00,2025-01-12T13:47:00,2025-01-12T16:45:00,2025-01-12T13:45:00
c11da748-892e-457e-a95b-b9dcb50dcfd7,b037b857-aeac-40d4-a553-483525d26a93,c5df4563-5594-46ee-912f-a3c37bc8f200,EXPIRED,2025-01-12T15:33:00,,,,2025-01-12T15:33:00
c27e822a-d43f-4354-a116-83c616ac0829,b037b857-aeac-40d4-a553-483525d26a93,0bd74d79-c6ed-4e86-a612-e698b486ec29,ACCEPTED,2025-01-12T15:34:00,2025-01-12T15:43:00,2025-01-12T15:43:00,,2025-01-12T15:34:00
bdd95047-f973-4b2c-8ef5-c6fd83e12acb,b037b857-aeac-40d4-a553-483525d26a93,429de809-3eeb-42af-94fa-c9c8fc3dda46,NO_RESPONSE,2025-01-12T15:34:00,,,,2025-01-12T15:34:00
de5bdddc-63a2-43ab-8441-6283fdfe4148,b037b857-aeac-40d4-a553-483525d26a93,aa88c4dd-4d72-4fc4-81fb-864525abed74,MISSED,2025-01-12T15:39:00,,,,2025-01-12T15:39:00
21b30798-5526-4c62-a1ec-c0dd88c7cad4,b037b857-aeac-40d4-a553-483525d26a93,d0541b7a-d91a-4f60-a3c9-55e8ae5577b7,ACCEPTED,2025-01-12T15:42:00,2025-01-12T15:55:00,2025-01-12T15:55:00,,2025-01-12T15:42:00
f2b139e2-be48-41cf-96f1-bf49f50f9c30,609858c9-2b43-4eca-abb5-e82182ddbbcf,0f0a17e5-ee39-4b55-89bf-da47d9347eab,NO_RESPONSE,2025-01-12T19:04:00,,,,2025-01-12T19:04:00
ad9c7567-34d9-40ba-b9fb-5e06206d8619,609858c9-2b43-4eca-abb5-e82182ddbbcf,628e4e35-5853-4d59-b32f-4056b7e3e27b,ACCEPTED,2025-01-12T19:05:00,2025-01-12T19:17:00,2025-01-12T19:17:00,,2025-01-12T19:05:00
77de8778-c795-4fa6-b896-8bf9dcd95c38,609858c9-2b43-4eca-abb5-e82182ddbbcf,6c25e2ff-8bc0-4abc-a978-052ba5e4650a,ACCEPTED,2025-01-12T19:06:00,2025-01-12T19:10:00,2025-01-12T19:10:00,,2025-01-12T19:06:00
95e78f4e-6d80-4d05-8948-245a2854e83c,609858c9-2b43-4eca-abb5-e82182ddbbcf,2c3db408-b5ed-488b-889b-94d27474e75e,ACCEPTED,2025-01-12T19:14:00,2025-01-12T19:19:00,2025-01-12T19:19:00,,2025-01-12T19:14:00
c9dc9d68-d744-4de0-969b-b13d1f18330d,73548162-66ca-4a7f-9b7e-e1ba62d6749b,b61abfe1-9a4f-45c1-ac54-daa9a9a0b274,COMPLETED,2025-01-12T21:14:00,2025-01-12T21:18:00,2025-01-12T21:18:00,2025-01-12T22:14:00,2025-01-12T21:14:00
c74dc3b6-246c-4d46-8ca5-412a4bcd9fdf,73548162-66ca-4a7f-9b7e-e1ba62d6749b,4dbf9849-ac53-4f89-9962-e94bf0dccfbc,ACCEPTED,2025-01-12T21:20:00,2025-01-12T21:21:00,2025-01-12T21:21:00,,2025-01-12T21:20:00
11472dda-e4db-46a6-ac42-af8d6a6b3050,27f6a7a6-8807-419b-9ef0-d9a294b0267a,dc3945d5-6321-4ff3-a949-9cc365303d45,COMPLETED,2025-01-12T21:21:00,2025-01-12T21:28:00,2025-01-12T21:28:00,2025-01-13T00:21:00,2025-01-12T21:21:00
971d0be4-4fbe-4fb5-8374-b06c154905bb,73548162-66ca-4a7f-9b7e-e1ba62d6749b,8e9081d8-32bc-44c1-9c03-cec99543a8c8,COMPLETED,2025-01-12T21:22:00,2025-01-12T21:29:00,2025-01-12T21:29:00,2025-01-12T23:22:00,2025-01-12T21:22:00
76fbd70c-7cf2-4e49-8683-504a57e2cc98,27f6a7a6-8807-419b-9ef0-d9a294b0267a,e407e92f-fbeb-4577-975a-db39c26f5872,COMPLETED,2025-01-12T21:24:00,2025-01-12T21:27:00,2025-01-12T21:27:00,2025-01-13T00:24:00,2025-01-12T21:24:00
7f4d2eef-8a85-4fa3-bdcf-6f48c1f4cd15,73548162-66ca-4a7f-9b7e-e1ba62d6749b,20f6053d-1512-49be-a186-de29bf5ec234,COMPLETED,2025-01-12T21:24:00,2025-01-12T21:32:00,2025-01-12T21:32:00,2025-01-12T22:24:00,2025-01-12T21:24:00
71169e3e-b5a2-42a2-868a-fc62107eb62d,fb33d887-0f88-4eaa-a11d-78af9725b73f,887c04b7-3558-4cd6-b634-cf5a4cd93877,ACCEPTED,2025-01-13T03:49:00,2025-01-13T04:01:00,2025-01-13T04:01:00,,2025-01-13T03:49:00
ae76129a-deca-4487-9acc-1aa971d8c4fc,fb33d887-0f88-4eaa-a11d-78af9725b73f,d239a4ec-9007-41bc-a9af-3ceae895f0c0,EXPIRED,2025-01-13T03:55:00,,,,2025-01-13T03:55:00
1ce32d72-fcca-4ba2-9730-0967ce9c12d0,fb33d887-0f88-4eaa-a11d-78af9725b73f,6bb36c9a-793f-4f90-bf6f-df150cb1f85a,ACCEPTED,2025-01-13T03:57:00,2025-01-13T04:07:00,2025-01-13T04:07:00,,2025-01-13T03:57:00
28160526-5bff-410a-97b9-c34db5dfd6c6,7a17ca26-e965-4343-a8c9-303575718af3,b31f3223-35d1-446c-9991-79665d0b1ef3,ACCEPTED,2025-01-13T04:09:00,2025-01-13T04:23:00,2025-01-13T04:23:00,,2025-01-13T04:09:00
c52bb654-b8b4-4ed7-874c-d800c846bd86,7a17ca26-e965-4343-a8c9-303575718af3,8ffc4077-593e-43ff-990a-16a84fd422b4,MISSED,2025-01-13T04:13:00,,,,2025-01-13T04:13:00
7e24ad7e-d1bf-452f-b0b8-56afd5efdc71,7a17ca26-e965-4343-a8c9-303575718af3,90f0edf1-053b-433f-b7d0-041be1e882d4,NO_RESPONSE,2025-01-13T04:14:00,,,,2025-01-13T04:14:00
d902f0dc-0cc6-4831-b045-9628db6daa3d,d68565cc-3531-4400-922c-c2c9d70bb725,b28c5ded-195b-4262-9bb7-b808a353150d,COMPLETED,2025-01-13T07:29:00,2025-01-13T07:41:00,2025-01-13T07:41:00,2025-01-13T09:29:00,2025-01-13T07:29:00
11a3afb6-f21e-4332-b63a-d3e6e6f73db1,d68565cc-3531-4400-922c-c2c9d70bb725,dc3945d5-6321-4ff3-a949-9cc365303d45,MISSED,2025-01-13T07:34:00,,,,2025-01-13T07:34:00
c765b3ac-aa67-4074-a3ba-8bd2ff991920,c9e9fbd5-d5cd-4b16-9aa8-3b67508b0f76,8d54dd37-108d-4ec9-87e8-552d73629a00,ACCEPTED,2025-01-13T13:59:00,2025-01-13T14:12:00,2025-01-13T14:12:00,,2025-01-13T13:59:00
9f2f355d-25dc-419f-aa4f-fd49aced555e,c9e9fbd5-d5cd-4b16-9aa8-3b67508b0f76,e154750f-17df-43f5-8c04-401ee73830f6,DECLINED,2025-01-13T14:05:00,2025-01-13T14:13:00,,,2025-01-13T14:05:00
1b272075-3e62-4cf1-854c-109d1f7762dc,c9e9fbd5-d5cd-4b16-9aa8-3b67508b0f76,ba0652ab-674d-480e-b23d-7fb7301f9218,ACCEPTED,2025-01-13T14:10:00,2025-01-13T14:12:00,2025-01-13T14:12:00,,2025-01-13T14:10:00
80068b6d-30eb-46fb-bfbe-17be50fbb609,bf177517-f8e4-47ad-9941-6ffaf6395c75,c52b0995-269e-4253-8965-8f14d5fd2b13,NO_RESPONSE,2025-01-13T14:12:00,,,,2025-01-13T14:12:00
461d7443-358d-48e0-ad71-de980ba78404,bf177517-f8e4-47ad-9941-6ffaf6395c75,87ee165d-91a2-4857-b698-c97864b7c6d5,COMPLETED,2025-01-13T14:14:00,2025-01-13T14:27:00,2025-01-13T14:27:00,2025-01-13T15:14:00,2025-01-13T14:14:00
5c178f66-9280-46e3-8762-b4977c30e18c,bf177517-f8e4-47ad-9941-6ffaf6395c75,b452a2de-4232-41a0-814e-2651c197f192,NO_RESPONSE,2025-01-13T14:17:00,,,,2025-01-13T14:17:00
01e5c2a1-6d61-4da8-8a4d-50f5bcd00596,bf177517-f8e4-47ad-9941-6ffaf6395c75,4ac85ad1-81f9-4db3-a7c9-2bd4d3df0e31,ACCEPTED,2025-01-13T14:22:00,2025-01-13T14:36:00,2025-01-13T14:36:00,,2025-01-13T14:22:00
d87fe8a6-2237-4b5b-9ca6-c2bdebf081f6,a1808c63-d30b-4c82-ad52-380048c2e7b0,dd1ab9ef-a26d-487b-9f4e-071ae247a999,ACCEPTED,2025-01-13T14:33:00,2025-01-13T14:41:00,2025-01-13T14:41:00,,2025-01-13T14:33:00
fe34a9e7-c7fe-4c41-8070-e0d4057ca4b7,a1808c63-d30b-4c82-ad52-380048c2e7b0,b822f3f2-bc12-474d-9f5a-b3cef19341f0,DECLINED,2025-01-13T14:36:00,2025-01-13T14:53:00,,,2025-01-13T14:36:00
d528a6d2-9df6-4af0-8b10-6de4da90c0ec,a1808c63-d30b-4c82-ad52-380048c2e7b0,8472b4dc-b0f7-4b8e-aeb1-10bfb842eb2f,NO_RESPONSE,2025-01-13T14:38:00,,,,2025-01-13T14:38:00
392ee0cc-ee65-470b-b989-0938f01d8892,a1808c63-d30b-4c82-ad52-380048c2e7b0,3fe93771-22fd-4ee6-a769-9f85123cf7bb,ACCEPTED,2025-01-13T14:41:00,2025-01-13T14:46:00,2025-01-13T14:46:00,,2025-01-13T14:41:00
807df9cd-185e-492c-a751-f52573a12ed6,a1808c63-d30b-4c82-ad52-380048c2e7b0,b28c5ded-195b-4262-9bb7-b808a353150d,NO_RESPONSE,2025-01-13T14:43:00,,,,2025-01-13T14:43:00
8d22c30a-048a-42b2-b213-307f391dae18,a1808c63-d30b-4c82-ad52-380048c2e7b0,dc070752-162d-4ca3-ae3a-25c40e32397b,ACCEPTED,2025-01-13T14:43:00,2025-01-13T14:47:00,2025-01-13T14:47:00,,2025-01-13T14:43:00
ef02d3dd-aa90-47c2-980e-90f805aa79a1,f49f07d8-49f8-4924-a7b4-aefca3fcd8bd,aa77487c-31e8-47c0-83d6-5c4fb9f9dc95,MISSED,2025-01-13T15:31:00,,,,2025-01-13T15:31:00
b22d3679-3180-4634-ae5b-81a61e211d09,f49f07d8-49f8-4924-a7b4-aefca3fcd8bd,e30fd279-849b-4132-8b55-debf0747d8c4,ACCEPTED,2025-01-13T15:31:00,2025-01-13T15:38:00,2025-01-13T15:38:00,,2025-01-13T15:31:00
37d9bc32-2b62-47d7-b3f8-cf693559c421,f49f07d8-49f8-4924-a7b4-aefca3fcd8bd,36ab981c-07be-4841-8992-11118d375327,EXPIRED,2025-01-13T15:38:00,,,,2025-01-13T15:38:00
3ab5c21b-144b-4217-a56e-e3d43e03dcd4,f49f07d8-49f8-4924-a7b4-aefca3fcd8bd,78b96bf4-a937-44e7-9a3a-544dd63de549,DECLINED,2025-01-13T15:42:00,2025-01-13T15:49:00,,,2025-01-13T15:42:00
85c8da70-d053-409c-a628-d2ad030d42d4,358e0120-af76-4917-ab15-44fe589bb058,5b144804-32b7-4e82-9f3c-1b20f6f52721,ACCEPTED,2025-01-13T19:18:00,2025-01-13T19:27:00,2025-01-13T19:27:00,,2025-01-13T19:18:00
acff21e7-ed79-44a9-a516-929e16fc6bc5,358e0120-af76-4917-ab15-44fe589bb058,443aebc7-b493-44c6-bde3-762b445ca7e3,ACCEPTED,2025-01-13T19:18:00,2025-01-13T19:32:00,2025-01-13T19:32:00,,2025-01-13T19:18:00
cb2c676c-f456-4af8-9c84-5d9787c08cec,47ff3b5f-0607-4fb6-8393-629e7077c123,76c87fab-4634-487d-a03f-d4c7ee94749e,ACCEPTED,2025-01-13T19:47:00,2025-01-13T19:50:00,2025-01-13T19:50:00,,2025-01-13T19:47:00
aab6de48-9021-4dee-a63c-89e1988f8d3f,47ff3b5f-0607-4fb6-8393-629e7077c123,2ca5443d-9c69-4b59-a783-d0c9ad1c7da7,ACCEPTED,2025-01-13T19:53:00,2025-01-13T19:55:00,2025-01-13T19:55:00,,2025-01-13T19:53:00
7069b7f2-9d0e-4389-a434-378e2d9940c1,27a0f504-0dee-47ce-bab5-9b64c40ba1c6,dc3945d5-6321-4ff3-a949-9cc365303d45,COMPLETED,2025-01-13T23:40:00,2025-01-13T23:47:00,2025-01-13T23:47:00,2025-01-14T00:40:00,2025-01-13T23:40:00
94ec0c77-cc76-4825-aa06-1b9870799ef7,27a0f504-0dee-47ce-bab5-9b64c40ba1c6,77222c64-5090-4b91-b802-e153a736f651,DECLINED,2025-01-13T23:41:00,2025-01-13T23:56:00,,,2025-01-13T23:41:00
6e30e9e1-3104-4a4f-9c81-d382e4c5fd3d,27a0f504-0dee-47ce-bab5-9b64c40ba1c6,ca2995db-95cb-4226-8f04-6f57902f8cf4,NO_RESPONSE,2025-01-13T23:43:00,,,,2025-01-13T23:43:00
b81626d2-a172-4a62-b973-387d3d0945ca,27a0f504-0dee-47ce-bab5-9b64c40ba1c6,d869910e-02c0-4d29-a1fd-9bdef530d653,ACCEPTED,2025-01-13T23:50:00,2025-01-13T23:52:00,2025-01-13T23:52:00,,2025-01-13T23:50:00
a3ad40c6-3023-4288-97f0-14f74c61df07,27a0f504-0dee-47ce-bab5-9b64c40ba1c6,265b1191-c474-4c10-b744-2accb997520e,COMPLETED,2025-01-13T23:52:00,2025-01-13T23:55:00,2025-01-13T23:55:00,2025-01-14T02:52:00,2025-01-13T23:52:00
d21f9b42-e151-44a2-8d62-969951def63c,ebb5f09e-ff57-402b-9a98-92407d61d1ca,f609cf6c-d0e4-48e5-9d6b-2cb379d2f51c,ACCEPTED,2025-01-14T02:43:00,2025-01-14T02:47:00,2025-01-14T02:47:00,,2025-01-14T02:43:00
4aa4cc0d-fa90-42a4-880a-9eea24d3c147,ebb5f09e-ff57-402b-9a98-92407d61d1ca,d00a6ed9-0c78-4d11-8599-3f98cf750bc5,ACCEPTED,2025-01-14T02:47:00,2025-01-14T02:53:00,2025-01-14T02:53:00,,2025-01-14T02:47:00
3020747c-3a0d-44d5-accd-f42dc37742d4,8ec4e0b3-5ce2-4bba-8224-13a825cfde8e,0409fca8-45c7-403f-8d31-663c4c640e47,DECLINED,2025-01-14T02:47:00,2025-01-14T03:02:00,,,2025-01-14T02:47:00
8ac83b2d-c62c-48fd-92b5-b48857fe701c,8ec4e0b3-5ce2-4bba-8224-13a825cfde8e,83d13c8e-fd29-4343-bf35-4497b673a39d,ACCEPTED,2025-01-14T02:48:00,2025-01-14T02:55:00,2025-01-14T02:55:00,,2025-01-14T02:48:00
8bec5b66-bfef-4769-86db-331266eeb693,8ec4e0b3-5ce2-4bba-8224-13a825cfde8e,fffc883c-1676-4f1c-b98e-5562be4b53e2,COMPLETED,2025-01-14T02:50:00,2025-01-14T02:54:00,2025-01-14T02:54:00,2025-01-14T03:50:00,2025-01-14T02:50:00
3b3cf3e7-3277-4ca7-bfdb-cad7971e546c,ebb5f09e-ff57-402b-9a98-92407d61d1ca,159de8a5-1159-4692-a1c7-d4ea1c848144,COMPLETED,2025-01-14T02:51:00,2025-01-14T02:58:00,2025-01-14T02:58:00,2025-01-14T03:51:00,2025-01-14T02:51:00
6b512a4e-8205-47f7-806a-c7295526e26b,ebb5f09e-ff57-402b-9a98-92407d61d1ca,cd36ff59-5ea4-42e6-93c5-5e86da3a1bf9,ACCEPTED,2025-01-14T02:52:00,2025-01-14T03:00:00,2025-01-14T03:00:00,,2025-01-14T02:52:00
49361ac6-9957-414d-8e5c-e82df3801620,ebb5f09e-ff57-402b-9a98-92407d61d1ca,2e3af94c-8ff5-4a35-ac8a-571d4fa070d4,EXPIRED,2025-01-14T02:55:00,,,,2025-01-14T02:55:00
4e37134b-7aab-4429-97a3-593486bc81e7,6dfdf5d2-2b9f-476f-ac99-c78fefb7cad8,96e372e4-86b2-4e68-b468-3cdf7686a490,COMPLETED,2025-01-14T08:01:00,2025-01-14T08:04:00,2025-01-14T08:04:00,2025-01-14T09:01:00,2025-01-14T08:01:00
2f076eb8-527c-4659-a787-a1b66f636fca,6dfdf5d2-2b9f-476f-ac99-c78fefb7cad8,54644cdc-6eb6-4ce1-ace4-1ba0ab1ae36a,ACCEPTED,2025-01-14T08:04:00,2025-01-14T08:14:00,2025-01-14T08:14:00,,2025-01-14T08:04:00
5fde61a7-26ba-4e5b-88d9-0c160e5312da,6dfdf5d2-2b9f-476f-ac99-c78fefb7cad8,0a75681e-3c8c-4c6e-aee4-3ed6e64484f2,EXPIRED,2025-01-14T08:04:00,,,,2025-01-14T08:04:00
016ca1ac-58ca-4dc8-9c96-1c4e882465f3,6dfdf5d2-2b9f-476f-ac99-c78fefb7cad8,d0a96683-1429-46b7-a70f-c0a765bdce73,COMPLETED,2025-01-14T08:05:00,2025-01-14T08:18:00,2025-01-14T08:18:00,2025-01-14T10:05:00,2025-01-14T08:05:00
493cb7f7-80ca-4b8a-b73d-32ae245fea00,6dfdf5d2-2b9f-476f-ac99-c78fefb7cad8,d869910e-02c0-4d29-a1fd-9bdef530d653,COMPLETED,2025-01-14T08:08:00,2025-01-14T08:19:00,2025-01-14T08:19:00,2025-01-14T09:08:00,2025-01-14T08:08:00
de4614cd-b3df-4c58-a4f7-82ab1b28b881,6dfdf5d2-2b9f-476f-ac99-c78fefb7cad8,fffc883c-1676-4f1c-b98e-5562be4b53e2,NO_RESPONSE,2025-01-14T08:11:00,,,,2025-01-14T08:11:00
bd211d5f-d2f4-48eb-ab37-cd867fd733de,95ed7d00-4cb2-49e8-b02b-712d7b770dde,abdc90fb-c824-469f-8f0e-8dd72f8f977f,COMPLETED,2025-01-14T10:31:00,2025-01-14T10:34:00,2025-01-14T10:34:00,2025-01-14T11:31:00,2025-01-14T10:31:00
0d726808-7d77-4570-98a5-90190c1aee14,95ed7d00-4cb2-49e8-b02b-712d7b770dde,bf16397a-e456-456e-98bd-2730736c43f3,DECLINED,2025-01-14T10:39:00,2025-01-14T10:48:00,,,2025-01-14T10:39:00
73c3c1a1-3734-4d7d-a90b-01c2da86c339,95ed7d00-4cb2-49e8-b02b-712d7b770dde,238bf442-7dd1-4625-97b1-0fd3299287dc,ACCEPTED,2025-01-14T10:40:00,2025-01-14T10:46:00,2025-01-14T10:46:00,,2025-01-14T10:40:00
7af18d2b-0d25-4b98-90b5-9991d20f1b4f,cb194738-2bb6-41c8-8844-4ae54cbe36bd,5a9cd770-f74a-4cdd-87d0-646aa0e13b89,ACCEPTED,2025-01-14T11:28:00,2025-01-14T11:38:00,2025-01-14T11:38:00,,2025-01-14T11:28:00
a18f6eda-1f5b-43a0-86ff-491ef64d0a37,cb194738-2bb6-41c8-8844-4ae54cbe36bd,2ef47c0b-e8fe-448b-93ff-36c85588d2fd,COMPLETED,2025-01-14T11:29:00,2025-01-14T11:40:00,2025-01-14T11:40:00,2025-01-14T12:29:00,2025-01-14T11:29:00
08768312-5ecb-4329-894f-9d0145dfc740,cb194738-2bb6-41c8-8844-4ae54cbe36bd,c0eaa600-b15c-463a-b278-86b3ca57fd5c,ACCEPTED,2025-01-14T11:30:00,2025-01-14T11:41:00,2025-01-14T11:41:00,,2025-01-14T11:30:00
d78db647-0c48-4b45-b1dc-8bc03912f7b5,eec8864c-bbae-4462-a060-2d1b202e332e,97e19e53-5b1a-48ed-959a-3b8ab801c890,ACCEPTED,2025-01-14T16:58:00,2025-01-14T17:13:00,2025-01-14T17:13:00,,2025-01-14T16:58:00
c4a796d7-e537-42cd-aab1-4b72c4e4d70d,eec8864c-bbae-4462-a060-2d1b202e332e,d81e4f34-385a-4f91-a183-890ca677d88c,ACCEPTED,2025-01-14T17:01:00,2025-01-14T17:10:00,2025-01-14T17:10:00,,2025-01-14T17:01:00
d7423cd0-557e-45c4-8b56-b48a8f69ab45,eec8864c-bbae-4462-a060-2d1b202e332e,0db56994-7b77-4dee-bd9c-894ba39fcd46,COMPLETED,2025-01-14T17:04:00,2025-01-14T17:06:00,2025-01-14T17:06:00,2025-01-14T18:04:00,2025-01-14T17:04:00
fa1961b9-a56c-4e9f-aa5b-c8c45600ac25,eec8864c-bbae-4462-a060-2d1b202e332e,a9048c9b-4ff2-49a2-8387-544ccfc02e0e,COMPLETED,2025-01-14T17:06:00,2025-01-14T17:21:00,2025-01-14T17:21:00,2025-01-14T18:06:00,2025-01-14T17:06:00
5a532c35-d6db-4ca1-9132-f8a8a42e7b62,eec8864c-bbae-4462-a060-2d1b202e332e,6c841b96-0d6c-4d4f-a647-602aca520949,EXPIRED,2025-01-14T17:07:00,,,,2025-01-14T17:07:00
19ec7ad3-7a52-4efb-ba17-12ecb2c49883,eec8864c-bbae-4462-a060-2d1b202e332e,02ab37f8-95ba-4069-b113-066bd5d1f267,NO_RESPONSE,2025-01-14T17:08:00,,,,2025-01-14T17:08:00
78d54419-8826-4348-b336-9bca6cb98cac,7d6234d8-2677-4474-a97c-88ba101acb40,4076050c-ef30-4ae6-9a40-cdcec3cb6dd8,COMPLETED,2025-01-14T17:44:00,2025-01-14T17:58:00,2025-01-14T17:58:00,2025-01-14T20:44:00,2025-01-14T17:44:00
f842067a-8de3-4908-bb27-fd449f0d7b32,7d6234d8-2677-4474-a97c-88ba101acb40,1b81506a-481d-42f6-b01c-dbb52717cc9e,COMPLETED,2025-01-14T17:44:00,2025-01-14T17:52:00,2025-01-14T17:52:00,2025-01-14T19:44:00,2025-01-14T17:44:00
9dec4a17-26d7-46cd-8684-8b02b294848c,db3a66c7-432d-4410-b19b-e9aa80f3d859,4dedcbdc-081b-4f07-a1d8-a65cfe88d71e,COMPLETED,2025-01-14T18:10:00,2025-01-14T18:12:00,2025-01-14T18:12:00,2025-01-14T19:10:00,2025-01-14T18:10:00
e4601779-f12b-4317-9c01-cdbaefb7b775,db3a66c7-432d-4410-b19b-e9aa80f3d859,c4ccc935-dd86-4d48-92ab-3e02bfbbdedd,ACCEPTED,2025-01-14T18:10:00,2025-01-14T18:19:00,2025-01-14T18:19:00,,2025-01-14T18:10:00
6c1dc3bc-2004-4972-ab9a-6ba586187745,db3a66c7-432d-4410-b19b-e9aa80f3d859,77222c64-5090-4b91-b802-e153a736f651,ACCEPTED,2025-01-14T18:14:00,2025-01-14T18:15:00,2025-01-14T18:15:00,,2025-01-14T18:14:00
adc3614b-d3e2-40ff-8c46-f2e2dcfb0d21,db3a66c7-432d-4410-b19b-e9aa80f3d859,34dc13fa-a9a1-4b88-8692-d63511225a68,COMPLETED,2025-01-14T18:14:00,2025-01-14T18:26:00,2025-01-14T18:26:00,2025-01-14T21:14:00,2025-01-14T18:14:00
6e22dcaa-66ff-4b9c-8dbd-63735aa734f9,db3a66c7-432d-4410-b19b-e9aa80f3d859,088b5742-8640-45a5-9823-8486f1015782,ACCEPTED,2025-01-14T18:21:00,2025-01-14T18:23:00,2025-01-14T18:23:00,,2025-01-14T18:21:00
bed6183a-632c-415d-a74a-5518a22076ba,db3a66c7-432d-4410-b19b-e9aa80f3d859,19cad05e-ae8b-4d86-b026-69fbb73b2e76,ACCEPTED,2025-01-14T18:22:00,2025-01-14T18:29:00,2025-01-14T18:29:00,,2025-01-14T18:22:00
07189f96-f0f1-43cd-bce5-1d79f2e21568,da6627c9-19b9-40fa-be96-b8a2bdbd257b,0a75681e-3c8c-4c6e-aee4-3ed6e64484f2,ACCEPTED,2025-01-14T20:05:00,2025-01-14T20:11:00,2025-01-14T20:11:00,,2025-01-14T20:05:00
2035176d-d9c3-43c6-aaca-baf68c78388d,da6627c9-19b9-40fa-be96-b8a2bdbd257b,d6b5ae43-d86a-4b5f-abd6-b4e06091ee44,ACCEPTED,2025-01-14T20:05:00,2025-01-14T20:15:00,2025-01-14T20:15:00,,2025-01-14T20:05:00
6b68bce9-03eb-42c2-9f28-681323f69941,da6627c9-19b9-40fa-be96-b8a2bdbd257b,aa432f38-de85-46c8-ad80-6b3373671c95,ACCEPTED,2025-01-14T20:06:00,2025-01-14T20:09:00,2025-01-14T20:09:00,,2025-01-14T20:06:00
0a9f1633-a3e2-4cc5-8b2f-618fbe8e3fe4,da6627c9-19b9-40fa-be96-b8a2bdbd257b,d74d726f-1a04-4093-9eb1-ae0ea06feb1c,ACCEPTED,2025-01-14T20:17:00,2025-01-14T20:26:00,2025-01-14T20:26:00,,2025-01-14T20:17:00
bc905ac1-cf14-484a-b879-32b9a0dceb82,da6627c9-19b9-40fa-be96-b8a2bdbd257b,fe02ea3a-03d9-4d57-94a7-47e4a11e404f,DECLINED,2025-01-14T20:17:00,2025-01-14T20:34:00,,,2025-01-14T20:17:00
bf4fc955-5a5e-4565-9705-df06bb02015c,e551c8db-39e2-4905-a19f-746f61d16a41,34dc13fa-a9a1-4b88-8692-d63511225a68,ACCEPTED,2025-01-14T23:35:00,2025-01-14T23:42:00,2025-01-14T23:42:00,,2025-01-14T23:35:00
28434734-0dfe-4a93-96ee-426601366025,e551c8db-39e2-4905-a19f-746f61d16a41,443aebc7-b493-44c6-bde3-762b445ca7e3,COMPLETED,2025-01-14T23:37:00,2025-01-14T23:49:00,2025-01-14T23:49:00,2025-01-15T01:37:00,2025-01-14T23:37:00
61823c15-7c80-47c7-8162-a09b422e696c,e551c8db-39e2-4905-a19f-746f61d16a41,2c3259d5-3a5a-4a64-be43-cedbc92ce0dc,NO_RESPONSE,2025-01-14T23:37:00,,,,2025-01-14T23:37:00
bc5bd546-3628-42e4-a500-3ca01d6cf58b,e551c8db-39e2-4905-a19f-746f61d16a41,c2d25642-919c-4075-a54a-aedcf9642a56,NO_RESPONSE,2025-01-14T23:39:00,,,,2025-01-14T23:39:00
cf7eaf40-dafc-4bf0-9bdd-46bd62071cf6,e551c8db-39e2-4905-a19f-746f61d16a41,626cbf28-4c14-4dc1-a51b-9a94ba59000e,DECLINED,2025-01-14T23:42:00,2025-01-14T23:44:00,,,2025-01-14T23:42:00
353290c6-736b-4a4f-a862-61099e1180ee,e551c8db-39e2-4905-a19f-746f61d16a41,664b1167-88df-4fdd-afcb-3e9296fb4ad6,COMPLETED,2025-01-14T23:46:00,2025-01-15T00:00:00,2025-01-15T00:00:00,2025-01-15T00:46:00,2025-01-14T23:46:00
ba7a9d07-a3bb-461c-a696-ab74a9f2a739,bad11944-d982-4f00-b8b0-1dc15de1d0cf,606e67ca-9ccf-47a9-951e-95c0bc77f20d,ACCEPTED,2025-01-15T09:37:00,2025-01-15T09:38:00,2025-01-15T09:38:00,,2025-01-15T09:37:00
534b24ab-40ed-4eb5-addc-ba3066d0866d,bad11944-d982-4f00-b8b0-1dc15de1d0cf,abdc90fb-c824-469f-8f0e-8dd72f8f977f,NO_RESPONSE,2025-01-15T09:41:00,,,,2025-01-15T09:41:00
4817dc46-8183-43e6-b36f-87af198770a6,bad11944-d982-4f00-b8b0-1dc15de1d0cf,ab824e7b-6c52-415c-9b45-3252ae8f2969,ACCEPTED,2025-01-15T09:45:00,2025-01-15T09:47:00,2025-01-15T09:47:00,,2025-01-15T09:45:00
f474af8e-119f-404e-9445-7181b1400aae,5698b099-ab95-4b00-8914-f6695fda0738,4adfcc20-75f4-424d-8645-1ab7b11ade80,COMPLETED,2025-01-15T11:21:00,2025-01-15T11:31:00,2025-01-15T11:31:00,2025-01-15T14:21:00,2025-01-15T11:21:00
1b8b911c-9797-4634-a58f-7d88bcb0b430,5698b099-ab95-4b00-8914-f6695fda0738,85b594e8-d460-4e0d-bd65-07df78f69665,EXPIRED,2025-01-15T11:24:00,,,,2025-01-15T11:24:00
4f705acc-c78c-446f-8de9-b94c7de51078,5698b099-ab95-4b00-8914-f6695fda0738,ad32e776-9492-4189-a4eb-d73ed256a7ea,ACCEPTED,2025-01-15T11:26:00,2025-01-15T11:32:00,2025-01-15T11:32:00,,2025-01-15T11:26:00
317850bd-e33b-43aa-973a-5b9bfe5fb4eb,5698b099-ab95-4b00-8914-f6695fda0738,ed05badd-17a9-4ad2-99b1-3e60e0cb321e,ACCEPTED,2025-01-15T11:27:00,2025-01-15T11:31:00,2025-01-15T11:31:00,,2025-01-15T11:27:00
736d3679-a9b2-4000-8e06-041f5d2735aa,5698b099-ab95-4b00-8914-f6695fda0738,46c4620d-f466-43aa-86c4-b6bea05d529d,ACCEPTED,2025-01-15T11:31:00,2025-01-15T11:32:00,2025-01-15T11:32:00,,2025-01-15T11:31:00
433f5c9c-7991-48c3-98aa-a5f043891564,5698b099-ab95-4b00-8914-f6695fda0738,0db56994-7b77-4dee-bd9c-894ba39fcd46,COMPLETED,2025-01-15T11:34:00,2025-01-15T11:48:00,2025-01-15T11:48:00,2025-01-15T12:34:00,2025-01-15T11:34:00
35dac43a-46bf-4636-aa6f-a911c26c6375,44f34532-ccbc-4085-9690-1af28f22a43b,d3edbff9-b137-4f59-9b59-c049d8cda101,ACCEPTED,2025-01-15T13:07:00,2025-01-15T13:21:00,2025-01-15T13:21:00,,2025-01-15T13:07:00
92402c93-67b8-4059-92f5-0f2562c7f4f9,44f34532-ccbc-4085-9690-1af28f22a43b,eb9471c8-ba19-42a2-94b9-9a533ce84d63,ACCEPTED,2025-01-15T13:12:00,2025-01-15T13:25:00,2025-01-15T13:25:00,,2025-01-15T13:12:00
44611b59-b78e-4215-8f53-4515d24ed75f,02cc6979-d70e-4f2d-a740-467029caac7d,0f830c26-3d4f-4cf5-81cf-08041535d161,ACCEPTED,2025-01-15T14:36:00,2025-01-15T14:46:00,2025-01-15T14:46:00,,2025-01-15T14:36:00
222ee0a2-e5a5-4479-8d7f-a096a308f105,02cc6979-d70e-4f2d-a740-467029caac7d,b61abfe1-9a4f-45c1-ac54-daa9a9a0b274,NO_RESPONSE,2025-01-15T14:37:00,,,,2025-01-15T14:37:00
715b4c10-f4b8-48c4-bcd7-702e3365aa66,02cc6979-d70e-4f2d-a740-467029caac7d,8a51ac8d-1598-4fa0-bf75-085c49cbc370,ACCEPTED,2025-01-15T14:38:00,2025-01-15T14:50:00,2025-01-15T14:50:00,,2025-01-15T14:38:00
f6e01ab5-d923-482f-be05-cd0d976f4be2,02cc6979-d70e-4f2d-a740-467029caac7d,979b5d05-d629-42eb-925c-ca3d093ceaca,ACCEPTED,2025-01-15T14:42:00,2025-01-15T14:51:00,2025-01-15T14:51:00,,2025-01-15T14:42:00
75efa43a-18d2-4652-b81d-21f3af3064b8,02cc6979-d70e-4f2d-a740-467029caac7d,0239e706-289d-4498-9947-7818e4011dc0,ACCEPTED,2025-01-15T14:48:00,2025-01-15T14:51:00,2025-01-15T14:51:00,,2025-01-15T14:48:00
763e0ed8-d887-4715-bc4f-09bd3a842f79,1a451fcf-007d-4f49-a582-a69e9e239479,54d5caa7-5a58-4175-a139-ece2d4e285d1,ACCEPTED,2025-01-15T17:08:00,2025-01-15T17:23:00,2025-01-15T17:23:00,,2025-01-15T17:08:00
5185539a-0114-4c22-a0c1-e1b08de4b6c4,1a451fcf-007d-4f49-a582-a69e9e239479,5a9cd770-f74a-4cdd-87d0-646aa0e13b89,DECLINED,2025-01-15T17:09:00,2025-01-15T17:18:00,,,2025-01-15T17:09:00
0f579a8b-77b0-4781-bec1-e532ed5882e8,1a451fcf-007d-4f49-a582-a69e9e239479,a927ec13-1431-4870-8c63-e98dc7bad4b8,ACCEPTED,2025-01-15T17:10:00,2025-01-15T17:19:00,2025-01-15T17:19:00,,2025-01-15T17:10:00
ecce1e21-a85f-4f5a-ac45-fe57d17fbc2e,1a451fcf-007d-4f49-a582-a69e9e239479,8e7b58d3-fd28-4f41-ad6d-99b81fe9d484,NO_RESPONSE,2025-01-15T17:11:00,,,,2025-01-15T17:11:00
d7e8f183-060a-4681-b373-2f0c5add8275,1a451fcf-007d-4f49-a582-a69e9e239479,afa47c4e-62b3-4586-9824-3169d0ae4f73,ACCEPTED,2025-01-15T17:12:00,2025-01-15T17:15:00,2025-01-15T17:15:00,,2025-01-15T17:12:00
365c21bf-5629-4c8b-a5ba-ccccf838db2e,1a451fcf-007d-4f49-a582-a69e9e239479,dd3c9c80-9a9d-4efd-a8fc-06ac9e8600c4,MISSED,2025-01-15T17:19:00,,,,2025-01-15T17:19:00
d8ec26bd-4bcc-4fdb-977a-569c15a5bb28,310aca4d-1273-4eb5-89f4-ff404de62d12,cfdec3c3-1f55-4c1b-bf64-7c30eaf6fc9d,COMPLETED,2025-01-16T10:00:00,2025-01-16T10:08:00,2025-01-16T10:08:00,2025-01-16T13:00:00,2025-01-16T10:00:00
f53af9dd-c069-4bf1-80f5-5f38f1495fe1,310aca4d-1273-4eb5-89f4-ff404de62d12,7df3d0f3-a755-40a4-a102-6e1158275be1,ACCEPTED,2025-01-16T10:04:00,2025-01-16T10:19:00,2025-01-16T10:19:00,,2025-01-16T10:04:00
31610044-6bbc-4c86-98d9-3b9acea9f339,310aca4d-1273-4eb5-89f4-ff404de62d12,2b53fe55-2a72-4432-a6b9-13c5a851be2a,ACCEPTED,2025-01-16T10:05:00,2025-01-16T10:15:00,2025-01-16T10:15:00,,2025-01-16T10:05:00
7e7039c8-c255-43cf-a42e-723b830dcf27,310aca4d-1273-4eb5-89f4-ff404de62d12,83d13c8e-fd29-4343-bf35-4497b673a39d,COMPLETED,2025-01-16T10:07:00,2025-01-16T10:09:00,2025-01-16T10:09:00,2025-01-16T11:07:00,2025-01-16T10:07:00
46abbb29-338a-48f3-a257-1d68e556124c,310aca4d-1273-4eb5-89f4-ff404de62d12,42ea4e92-f7aa-4bae-ab07-f79963ba71a1,COMPLETED,2025-01-16T10:08:00,2025-01-16T10:14:00,2025-01-16T10:14:00,2025-01-16T11:08:00,2025-01-16T10:08:00
ca9d6d00-94b0-4b10-9bd4-41db6c73fea5,70fae146-ea7e-463d-be9d-7256ee41ff04,1f639402-8dc8-4776-97e8-d35510b12cd1,COMPLETED,2025-01-16T10:29:00,2025-01-16T10:36:00,2025-01-16T10:36:00,2025-01-16T13:29:00,2025-01-16T10:29:00
346b58ef-419f-40e7-ad55-9360751b9f10,70fae146-ea7e-463d-be9d-7256ee41ff04,aed96858-5a79-4453-afc9-995064972c5b,ACCEPTED,2025-01-16T10:30:00,2025-01-16T10:38:00,2025-01-16T10:38:00,,2025-01-16T10:30:00
bae8a516-27b7-4a37-916e-4e57eb675deb,70fae146-ea7e-463d-be9d-7256ee41ff04,cb3c9262-005e-4dcb-a8e5-a2c3920ffe15,EXPIRED,2025-01-16T10:32:00,,,,2025-01-16T10:32:00
33a5e004-3570-4b62-9ab7-cf3111dfaf41,70fae146-ea7e-463d-be9d-7256ee41ff04,d34c976e-433f-4254-8ff9-9f722de3d7df,ACCEPTED,2025-01-16T10:37:00,2025-01-16T10:49:00,2025-01-16T10:49:00,,2025-01-16T10:37:00
7566f450-aa31-4aaf-81df-58d3af546ce2,70fae146-ea7e-463d-be9d-7256ee41ff04,93125440-01af-4643-ac94-7c4da12295ea,ACCEPTED,2025-01-16T10:40:00,2025-01-16T10:49:00,2025-01-16T10:49:00,,2025-01-16T10:40:00
1eb815f6-fee5-48eb-b0c9-deaacccca668,70fae146-ea7e-463d-be9d-7256ee41ff04,2d57212f-e718-4f41-a96c-e064f42d3047,ACCEPTED,2025-01-16T10:42:00,2025-01-16T10:57:00,2025-01-16T10:57:00,,2025-01-16T10:42:00
2d91bbc5-782b-44ee-9188-ca58b6f8b20c,468555b4-64b0-444d-9889-50d613f46b4f,445beb91-c8f4-47ed-b5c7-e8a70759c76b,ACCEPTED,2025-01-16T13:32:00,2025-01-16T13:34:00,2025-01-16T13:34:00,,2025-01-16T13:32:00
dc51a35b-4aba-4081-ab24-e0027a1e071a,468555b4-64b0-444d-9889-50d613f46b4f,91080d43-a198-4089-b53a-109a95c5e635,COMPLETED,2025-01-16T13:37:00,2025-01-16T13:47:00,2025-01-16T13:47:00,2025-01-16T14:37:00,2025-01-16T13:37:00
6c2ef480-545d-45d4-8db9-0fda1d100462,468555b4-64b0-444d-9889-50d613f46b4f,b55baffe-83af-4af1-b800-2efe44d895fa,COMPLETED,2025-01-16T13:41:00,2025-01-16T13:52:00,2025-01-16T13:52:00,2025-01-16T16:41:00,2025-01-16T13:41:00
6995877c-4c13-4eb7-8764-fa4e5269da43,468555b4-64b0-444d-9889-50d613f46b4f,a5412686-ad1b-4800-b166-5b72f3faa02d,ACCEPTED,2025-01-16T13:44:00,2025-01-16T13:50:00,2025-01-16T13:50:00,,2025-01-16T13:44:00
ded184ea-1840-4881-be8e-6490b7021159,0aaecf1e-873f-4015-92ab-9f065d30533f,b34b9ff4-c6a5-4e42-9619-75d5b29e68d4,COMPLETED,2025-01-16T14:17:00,2025-01-16T14:28:00,2025-01-16T14:28:00,2025-01-16T16:17:00,2025-01-16T14:17:00
8d2d9e84-da91-421b-8287-0f7346949c22,0aaecf1e-873f-4015-92ab-9f065d30533f,6a9c2430-d23f-4e3a-9d23-36289b5ec791,ACCEPTED,2025-01-16T14:19:00,2025-01-16T14:33:00,2025-01-16T14:33:00,,2025-01-16T14:19:00
22e8cd8b-b50e-45ff-b4d3-27c22751c0fa,0aaecf1e-873f-4015-92ab-9f065d30533f,1ee3aa44-6749-4c32-9bfe-c3306275fe48,COMPLETED,2025-01-16T14:19:00,2025-01-16T14:25:00,2025-01-16T14:25:00,2025-01-16T15:19:00,2025-01-16T14:19:00
f93be7db-0109-4685-962b-cbd281fcde11,0aaecf1e-873f-4015-92ab-9f065d30533f,18425d44-6ba9-45d1-a297-f3778d4b10e7,ACCEPTED,2025-01-16T14:28:00,2025-01-16T14:30:00,2025-01-16T14:30:00,,2025-01-16T14:28:00
c7097269-6540-4a4f-b663-1af5f6acfb5e,0aaecf1e-873f-4015-92ab-9f065d30533f,8aadad3e-4591-4c88-a738-78b84530fbda,ACCEPTED,2025-01-16T14:29:00,2025-01-16T14:33:00,2025-01-16T14:33:00,,2025-01-16T14:29:00
db3a2e51-694f-4186-932c-0b8ab40d12ad,83a47dc6-e0f1-4375-8ea0-f1a62a5ee31d,0f0a17e5-ee39-4b55-89bf-da47d9347eab,EXPIRED,2025-01-16T16:00:00,,,,2025-01-16T16:00:00
29ed332a-2047-4dfc-95ae-2c253e0b3b02,83a47dc6-e0f1-4375-8ea0-f1a62a5ee31d,bf16397a-e456-456e-98bd-2730736c43f3,ACCEPTED,2025-01-16T16:02:00,2025-01-16T16:16:00,2025-01-16T16:16:00,,2025-01-16T16:02:00
cd2472ad-ad54-46bd-ab68-1e752693f260,83a47dc6-e0f1-4375-8ea0-f1a62a5ee31d,c2a90a3b-30e9-4457-987f-0a655b5556d2,ACCEPTED,2025-01-16T16:07:00,2025-01-16T16:21:00,2025-01-16T16:21:00,,2025-01-16T16:07:00
740da579-d26f-48f5-b6d5-495b5fb02ce0,f2b5b68b-6277-47ef-8885-6a7cfc78b0ad,2bc00f4d-1415-492e-ab45-855a39d62175,ACCEPTED,2025-01-16T21:18:00,2025-01-16T21:27:00,2025-01-16T21:27:00,,2025-01-16T21:18:00
19456f49-7158-49e5-945d-2e3386796d4e,f2b5b68b-6277-47ef-8885-6a7cfc78b0ad,91080d43-a198-4089-b53a-109a95c5e635,COMPLETED,2025-01-16T21:19:00,2025-01-16T21:22:00,2025-01-16T21:22:00,2025-01-17T00:19:00,2025-01-16T21:19:00
ad32bbb4-b215-4279-a738-e909a8b07beb,173d8dc9-927a-4429-af82-4bb3f3e9c682,63e1e7de-8090-46e0-a921-6add4ddcfef9,DECLINED,2025-01-16T21:20:00,2025-01-16T21:30:00,,,2025-01-16T21:20:00
c68bc0fb-7c1c-4ed0-b4f5-92ed3f854d5d,173d8dc9-927a-4429-af82-4bb3f3e9c682,fdd10e56-22de-4a56-98b8-fcf4cc56744d,ACCEPTED,2025-01-16T21:21:00,2025-01-16T21:29:00,2025-01-16T21:29:00,,2025-01-16T21:21:00
32eaa903-1af3-4d9b-b52e-8da825cb7f00,f2b5b68b-6277-47ef-8885-6a7cfc78b0ad,763f9657-b714-4ebf-a75d-03a0bd961883,ACCEPTED,2025-01-16T21:21:00,2025-01-16T21:33:00,2025-01-16T21:33:00,,2025-01-16T21:21:00
27189599-17a5-416b-bc23-a6411cd62c7a,f2b5b68b-6277-47ef-8885-6a7cfc78b0ad,6c926c1e-7975-4345-a762-128c25695f2b,NO_RESPONSE,2025-01-16T21:23:00,,,,2025-01-16T21:23:00
50b812ed-7d07-4b30-aeff-1cd9ebfc8ca0,173d8dc9-927a-4429-af82-4bb3f3e9c682,58d8deb5-5531-43c5-81ae-7352d2d2b8c9,COMPLETED,2025-01-16T21:25:00,2025-01-16T21:26:00,2025-01-16T21:26:00,2025-01-17T00:25:00,2025-01-16T21:25:00
56db0574-46fa-40a6-a212-f10c6d3906dd,173d8dc9-927a-4429-af82-4bb3f3e9c682,797a96d3-916e-44ca-9537-0bd455606d82,MISSED,2025-01-16T21:27:00,,,,2025-01-16T21:27:00
5b86353e-6490-440e-8aa9-bb81b712dee3,f2b5b68b-6277-47ef-8885-6a7cfc78b0ad,985ab403-ddfd-47f6-9b98-9ce2f7dcd16e,COMPLETED,2025-01-16T21:29:00,2025-01-16T21:44:00,2025-01-16T21:44:00,2025-01-17T00:29:00,2025-01-16T21:29:00
4dbd5455-67e5-499c-b39a-a4f15a7b8992,173d8dc9-927a-4429-af82-4bb3f3e9c682,258c585a-0983-4f1a-9632-3c358d253411,NO_RESPONSE,2025-01-16T21:30:00,,,,2025-01-16T21:30:00
3ff08efb-e379-433d-9b5f-d68073f2207a,173d8dc9-927a-4429-af82-4bb3f3e9c682,bf16397a-e456-456e-98bd-2730736c43f3,COMPLETED,2025-01-16T21:33:00,2025-01-16T21:48:00,2025-01-16T21:48:00,2025-01-16T22:33:00,2025-01-16T21:33:00
bd798e65-b03f-4a4a-a2d6-af0e9185f596,9db9c6bf-6f4b-4931-af5a-c7b8a8775d4f,cd36ff59-5ea4-42e6-93c5-5e86da3a1bf9,ACCEPTED,2025-01-16T22:43:00,2025-01-16T22:49:00,2025-01-16T22:49:00,,2025-01-16T22:43:00
a771cfa5-16bb-4f5c-aa34-d2361d5acf5b,9db9c6bf-6f4b-4931-af5a-c7b8a8775d4f,4b4303f9-d680-4320-80ac-0fc7377998df,COMPLETED,2025-01-16T22:43:00,2025-01-16T22:45:00,2025-01-16T22:45:00,2025-01-16T23:43:00,2025-01-16T22:43:00
e66e691f-67d4-4249-b5e9-7f88c0328bb6,9db9c6bf-6f4b-4931-af5a-c7b8a8775d4f,ca2995db-95cb-4226-8f04-6f57902f8cf4,NO_RESPONSE,2025-01-16T22:49:00,,,,2025-01-16T22:49:00
7d28ce65-3068-45cf-8b14-3bd1d79829a0,8be48e12-b424-4e8c-a2cc-b55f56552d0c,543b149c-d59c-49f5-bb4f-e6ac6bd72dd3,ACCEPTED,2025-01-16T22:56:00,2025-01-16T22:57:00,2025-01-16T22:57:00,,2025-01-16T22:56:00
6d88b2e2-d8b9-4a78-93bf-ed4332098b05,9db9c6bf-6f4b-4931-af5a-c7b8a8775d4f,f2f92179-5d28-4944-970e-4735cb6d6a92,DECLINED,2025-01-16T22:56:00,2025-01-16T23:09:00,,,2025-01-16T22:56:00
703554a0-9a0a-478c-a835-d346a8cd1846,8be48e12-b424-4e8c-a2cc-b55f56552d0c,58d8deb5-5531-43c5-81ae-7352d2d2b8c9,ACCEPTED,2025-01-16T23:00:00,2025-01-16T23:02:00,2025-01-16T23:02:00,,2025-01-16T23:00:00
cb5134ce-42d8-4950-a7f9-1be6bc0a9d04,8be48e12-b424-4e8c-a2cc-b55f56552d0c,c1c99edc-e331-448e-a7ab-7b7fcb4ae4e7,ACCEPTED,2025-01-16T23:01:00,2025-01-16T23:06:00,2025-01-16T23:06:00,,2025-01-16T23:01:00
d6dc1ea1-5e75-44d8-92cc-89f71d163fef,8be48e12-b424-4e8c-a2cc-b55f56552d0c,68cf86cf-66aa-443c-ae5b-e601c8cc76c7,EXPIRED,2025-01-16T23:03:00,,,,2025-01-16T23:03:00
320d3b90-2c3a-4b54-93be-f55d17da35d5,6795b7ac-0bf3-480b-a326-13822c8add76,18663a26-c010-4e4e-8471-6194347da84d,MISSED,2025-01-17T05:23:00,,,,2025-01-17T05:23:00
3b3055d6-148e-430d-a933-3f50eefecde2,6795b7ac-0bf3-480b-a326-13822c8add76,02ab37f8-95ba-4069-b113-066bd5d1f267,NO_RESPONSE,2025-01-17T05:30:00,,,,2025-01-17T05:30:00
a7527c8b-da5d-48ea-9d53-f3a96d277a39,6795b7ac-0bf3-480b-a326-13822c8add76,763f9657-b714-4ebf-a75d-03a0bd961883,ACCEPTED,2025-01-17T05:30:00,2025-01-17T05:43:00,2025-01-17T05:43:00,,2025-01-17T05:30:00
183a5606-f97f-4a6b-b347-91ea282788b6,6795b7ac-0bf3-480b-a326-13822c8add76,62758655-2759-47fd-8cfb-18e44d2da35e,ACCEPTED,2025-01-17T05:34:00,2025-01-17T05:41:00,2025-01-17T05:41:00,,2025-01-17T05:34:00
3b864c55-8215-4f19-a8b9-60dc4a07f2eb,6795b7ac-0bf3-480b-a326-13822c8add76,6c42715a-7792-4ae5-bd27-72ddeffdf209,COMPLETED,2025-01-17T05:35:00,2025-01-17T05:44:00,2025-01-17T05:44:00,2025-01-17T06:35:00,2025-01-17T05:35:00
b49e3fa5-96ca-4cc5-b935-cc6853ea2155,52dac84e-c17a-47ff-91f7-01d3e2e3e0e4,63e1e7de-8090-46e0-a921-6add4ddcfef9,COMPLETED,2025-01-17T11:50:00,2025-01-17T11:52:00,2025-01-17T11:52:00,2025-01-17T13:50:00,2025-01-17T11:50:00
d699a14a-7eb1-4713-8bf3-d5c2c4e23884,52dac84e-c17a-47ff-91f7-01d3e2e3e0e4,d74d726f-1a04-4093-9eb1-ae0ea06feb1c,NO_RESPONSE,2025-01-17T11:50:00,,,,2025-01-17T11:50:00
f21e0428-a5a7-445e-91bc-688217ff14a0,52dac84e-c17a-47ff-91f7-01d3e2e3e0e4,430aca8d-ebe3-48e3-8d2f-e1975ad23d8d,COMPLETED,2025-01-17T11:52:00,2025-01-17T11:57:00,2025-01-17T11:57:00,2025-01-17T14:52:00,2025-01-17T11:52:00
010d79a2-018c-47c5-9b51-4caab5c053d0,52dac84e-c17a-47ff-91f7-01d3e2e3e0e4,2fe42234-9f74-4aa2-8d63-a0c3cf398172,ACCEPTED,2025-01-17T11:55:00,2025-01-17T12:01:00,2025-01-17T12:01:00,,2025-01-17T11:55:00
72ab4b0e-514f-4458-b2e0-67135c379453,52dac84e-c17a-47ff-91f7-01d3e2e3e0e4,7b16f6d6-0f6b-446d-89fe-87723b0ad83c,ACCEPTED,2025-01-17T11:55:00,2025-01-17T11:56:00,2025-01-17T11:56:00,,2025-01-17T11:55:00
b6b073c6-8477-4c38-8b3a-22106d3b6852,52dac84e-c17a-47ff-91f7-01d3e2e3e0e4,c541fa0d-e389-41e3-8fbc-f794813f5148,ACCEPTED,2025-01-17T11:59:00,2025-01-17T12:03:00,2025-01-17T12:03:00,,2025-01-17T11:59:00
006a7920-5ce3-4be4-a920-f91f8da6d104,3e067488-4632-417e-88ff-528eeae89a0d,2ca5443d-9c69-4b59-a783-d0c9ad1c7da7,ACCEPTED,2025-01-17T22:45:00,2025-01-17T22:53:00,2025-01-17T22:53:00,,2025-01-17T22:45:00
45990893-8283-4d59-8b23-3e92535aacc0,3e067488-4632-417e-88ff-528eeae89a0d,94906dc6-84f5-4e83-97bc-c3f5fdc665d5,ACCEPTED,2025-01-17T22:48:00,2025-01-17T22:55:00,2025-01-17T22:55:00,,2025-01-17T22:48:00
c203eede-0a19-4939-bbc7-1a9a1f074703,3e067488-4632-417e-88ff-528eeae89a0d,ba816062-c1ac-43da-97de-4c1216324bb5,COMPLETED,2025-01-17T22:51:00,2025-01-17T23:05:00,2025-01-17T23:05:00,2025-01-17T23:51:00,2025-01-17T22:51:00
4d4dffdf-d8a9-46b9-956c-e279704bb116,c35baea7-71eb-4857-8828-883970e030f9,e10f8499-9444-4031-828d-33425d7476a6,MISSED,2025-01-17T22:52:00,,,,2025-01-17T22:52:00
88498921-5e9e-409a-b8ef-02873d68f8b0,c35baea7-71eb-4857-8828-883970e030f9,273ddb7f-7af3-44a5-b945-f6705e9f338f,EXPIRED,2025-01-17T22:54:00,,,,2025-01-17T22:54:00
23275b53-f551-4b1c-a10e-7c70ccffc412,3e067488-4632-417e-88ff-528eeae89a0d,2c3259d5-3a5a-4a64-be43-cedbc92ce0dc,ACCEPTED,2025-01-17T22:54:00,2025-01-17T23:09:00,2025-01-17T23:09:00,,2025-01-17T22:54:00
b7bd9b04-27ff-4e20-aa37-14a8d9c884c2,3e067488-4632-417e-88ff-528eeae89a0d,2c3db408-b5ed-488b-889b-94d27474e75e,NO_RESPONSE,2025-01-17T22:54:00,,,,2025-01-17T22:54:00
5b5549fb-2483-4e4b-ad0f-018249a9fa5a,3e067488-4632-417e-88ff-528eeae89a0d,0a75681e-3c8c-4c6e-aee4-3ed6e64484f2,ACCEPTED,2025-01-17T22:54:00,2025-01-17T23:01:00,2025-01-17T23:01:00,,2025-01-17T22:54:00
b4ab4a10-b4a5-445d-8ed9-47802d1dbe20,c35baea7-71eb-4857-8828-883970e030f9,265b1191-c474-4c10-b744-2accb997520e,NO_RESPONSE,2025-01-17T22:56:00,,,,2025-01-17T22:56:00
1830765e-d0f3-4704-bae4-98296404c6e0,c35baea7-71eb-4857-8828-883970e030f9,abdc90fb-c824-469f-8f0e-8dd72f8f977f,ACCEPTED,2025-01-17T22:58:00,2025-01-17T23:09:00,2025-01-17T23:09:00,,2025-01-17T22:58:00
558e504a-7f1e-4e42-9677-b858a84e5f0c,c35baea7-71eb-4857-8828-883970e030f9,eb9471c8-ba19-42a2-94b9-9a533ce84d63,ACCEPTED,2025-01-17T23:02:00,2025-01-17T23:08:00,2025-01-17T23:08:00,,2025-01-17T23:02:00
647e6ddc-d132-440a-87ba-eb43347fd7ab,c35baea7-71eb-4857-8828-883970e030f9,c26464e8-28b6-4923-b2ea-5e7dbf4e5c58,COMPLETED,2025-01-17T23:02:00,2025-01-17T23:14:00,2025-01-17T23:14:00,2025-01-18T01:02:00,2025-01-17T23:02:00
484db7a8-f3c8-4800-aa6b-571079fe8852,ea690992-1312-432d-a954-fdcf2ee94423,5ed79810-0c9b-4377-870c-58916ee465a7,ACCEPTED,2025-01-18T03:46:00,2025-01-18T04:01:00,2025-01-18T04:01:00,,2025-01-18T03:46:00
9db4cca0-e146-4bc7-b581-f935bca52861,ea690992-1312-432d-a954-fdcf2ee94423,7fe949fd-61b1-475a-8c19-580e4b0b98a7,ACCEPTED,2025-01-18T03:50:00,2025-01-18T03:58:00,2025-01-18T03:58:00,,2025-01-18T03:50:00
6aa59102-6ecf-4113-80e6-f6cbdbd42a0c,ea690992-1312-432d-a954-fdcf2ee94423,c4407f72-aaa4-45db-935c-f0c2d2f7c518,EXPIRED,2025-01-18T03:54:00,,,,2025-01-18T03:54:00
477a1d2d-1fb3-4df4-88ae-4baf29f6312a,5579e34b-4540-4a84-91ea-be51702cfe6c,bb55dc49-18c5-486f-aa1d-2aa9a6fac646,NO_RESPONSE,2025-01-18T05:41:00,,,,2025-01-18T05:41:00
d4c16a98-8b5a-446a-b3a7-ed4e520663fe,5579e34b-4540-4a84-91ea-be51702cfe6c,19e65af6-da1e-4052-bf71-1659737f5cc7,COMPLETED,2025-01-18T05:43:00,2025-01-18T05:57:00,2025-01-18T05:57:00,2025-01-18T08:43:00,2025-01-18T05:43:00
7c294e96-9d2f-4ff3-92c3-5e57a8542531,5579e34b-4540-4a84-91ea-be51702cfe6c,6b1ba131-fea8-4018-9f7b-bb75d5846414,DECLINED,2025-01-18T05:45:00,2025-01-18T05:51:00,,,2025-01-18T05:45:00
e8e53aff-0998-42cb-a4c5-90655a008e5d,5579e34b-4540-4a84-91ea-be51702cfe6c,35a960a1-e1aa-45db-8043-5650f7e73b8c,ACCEPTED,2025-01-18T05:46:00,2025-01-18T05:52:00,2025-01-18T05:52:00,,2025-01-18T05:46:00
72e23fc6-486c-470d-9468-aab2db3cf37a,5579e34b-4540-4a84-91ea-be51702cfe6c,fda5fef4-939c-4a0d-864d-c6a11b14bd2a,EXPIRED,2025-01-18T05:47:00,,,,2025-01-18T05:47:00
53a2d46b-237c-433e-85d3-d9086856bf95,5579e34b-4540-4a84-91ea-be51702cfe6c,4adfcc20-75f4-424d-8645-1ab7b11ade80,ACCEPTED,2025-01-18T05:49:00,2025-01-18T05:50:00,2025-01-18T05:50:00,,2025-01-18T05:49:00
7ee288ca-bc17-4c4a-8f11-851071b5f478,282acc8d-45ec-4654-8099-f1b28b90109d,fb360121-72e2-40f7-bcc1-c7c613c988c0,ACCEPTED,2025-01-18T12:15:00,2025-01-18T12:17:00,2025-01-18T12:17:00,,2025-01-18T12:15:00
da8acedb-cba2-4553-bc9e-9b761e3b94f7,282acc8d-45ec-4654-8099-f1b28b90109d,e154750f-17df-43f5-8c04-401ee73830f6,NO_RESPONSE,2025-01-18T12:17:00,,,,2025-01-18T12:17:00
ac6d9e12-3344-4bb3-aa36-9558c91402ff,282acc8d-45ec-4654-8099-f1b28b90109d,cf15cd3c-d017-49b8-af4a-bd4471976dd4,COMPLETED,2025-01-18T12:17:00,2025-01-18T12:28:00,2025-01-18T12:28:00,2025-01-18T13:17:00,2025-01-18T12:17:00
e19b4887-3207-4cbb-85a9-165a368d1107,282acc8d-45ec-4654-8099-f1b28b90109d,aa432f38-de85-46c8-ad80-6b3373671c95,NO_RESPONSE,2025-01-18T12:18:00,,,,2025-01-18T12:18:00
f4e06a9d-b6af-4491-a36b-98234f1a08aa,46d21057-fe7f-480e-89ec-dc3f88d51a63,4d0e1b54-5e79-4df5-b9bd-bd996b9c9642,MISSED,2025-01-18T15:53:00,,,,2025-01-18T15:53:00
f3b99dd2-3ad8-4e9d-b165-f9b3ff827420,46d21057-fe7f-480e-89ec-dc3f88d51a63,6f397cf4-9959-4fad-93f5-e6397f2f273d,ACCEPTED,2025-01-18T16:02:00,2025-01-18T16:09:00,2025-01-18T16:09:00,,2025-01-18T16:02:00
4bc08367-3017-4c54-ab36-a1d707491d3e,46d21057-fe7f-480e-89ec-dc3f88d51a63,c4ccc935-dd86-4d48-92ab-3e02bfbbdedd,DECLINED,2025-01-18T16:03:00,2025-01-18T16:22:00,,,2025-01-18T16:03:00
9838ab56-9438-4647-8306-ceb45a7d6c67,46d21057-fe7f-480e-89ec-dc3f88d51a63,bfe8f73a-9210-4c1c-b628-3cea7b8977ae,DECLINED,2025-01-18T16:03:00,2025-01-18T16:16:00,,,2025-01-18T16:03:00
3342c07b-dcb4-40aa-8b32-e64aeba4361e,46d21057-fe7f-480e-89ec-dc3f88d51a63,2d8800e7-4323-4d12-918d-a987209ae260,ACCEPTED,2025-01-18T16:06:00,2025-01-18T16:20:00,2025-01-18T16:20:00,,2025-01-18T16:06:00
dd677102-bff9-4ec4-be0e-eed48411f2fc,4a26dca2-1591-4a99-87b4-ecb3de05b3aa,3e9272f3-ed0f-4e1e-9e75-ffeefc9ff8be,ACCEPTED,2025-01-19T01:18:00,2025-01-19T01:29:00,2025-01-19T01:29:00,,2025-01-19T01:18:00
6b7c148e-ec30-42f2-9d14-9d673aa6b966,4a26dca2-1591-4a99-87b4-ecb3de05b3aa,b822f3f2-bc12-474d-9f5a-b3cef19341f0,NO_RESPONSE,2025-01-19T01:18:00,,,,2025-01-19T01:18:00
430e123b-ea86-43c2-9fb4-246790615bc9,4a26dca2-1591-4a99-87b4-ecb3de05b3aa,7724d47c-dcf0-4aba-a2e1-ec51d9d4eef2,DECLINED,2025-01-19T01:25:00,2025-01-19T01:43:00,,,2025-01-19T01:25:00
607a8656-844e-4e31-b887-c30635dd0915,4a26dca2-1591-4a99-87b4-ecb3de05b3aa,40e2e31f-1e2d-4f70-9de8-91ad096fe41a,EXPIRED,2025-01-19T01:26:00,,,,2025-01-19T01:26:00
0d39ed6a-f6e9-4c47-80c7-bef3c4981d9e,4a26dca2-1591-4a99-87b4-ecb3de05b3aa,a1aa727a-9750-4916-9300-dd333ae653cc,ACCEPTED,2025-01-19T01:29:00,2025-01-19T01:43:00,2025-01-19T01:43:00,,2025-01-19T01:29:00
81d9ae83-9494-428e-91f6-9bc53a08240e,b7795b4a-cb12-4e3e-be74-065b016c9c23,4dbf9849-ac53-4f89-9962-e94bf0dccfbc,EXPIRED,2025-01-19T04:17:00,,,,2025-01-19T04:17:00
d2e73433-e3eb-43b9-9503-3403eb5910f2,b7795b4a-cb12-4e3e-be74-065b016c9c23,53ed2f86-5a3a-4240-86cc-9f9f609bdea0,ACCEPTED,2025-01-19T04:19:00,2025-01-19T04:21:00,2025-01-19T04:21:00,,2025-01-19T04:19:00
8fcf706f-b02c-463f-a877-6decc9305686,845e8c0d-ddcc-4b09-b2b3-e7deca2b9340,9a08a817-eaf1-4182-9eb1-290121129ead,DECLINED,2025-01-19T04:55:00,2025-01-19T05:11:00,,,2025-01-19T04:55:00
4b3629da-421d-412c-b37c-d5bf141870ab,845e8c0d-ddcc-4b09-b2b3-e7deca2b9340,cc255119-86e4-43ad-b1f0-6c24ac17d920,ACCEPTED,2025-01-19T04:57:00,2025-01-19T05:09:00,2025-01-19T05:09:00,,2025-01-19T04:57:00
39deb700-99d1-4449-9238-766a0fc04217,845e8c0d-ddcc-4b09-b2b3-e7deca2b9340,a12f0067-a0a7-4294-ae23-d9759cd6beb6,ACCEPTED,2025-01-19T04:59:00,2025-01-19T05:08:00,2025-01-19T05:08:00,,2025-01-19T04:59:00
1717ad54-bdab-4691-a4cf-1d8d2f464f3a,845e8c0d-ddcc-4b09-b2b3-e7deca2b9340,8342ece1-dc13-431d-b735-f045953e170d,NO_RESPONSE,2025-01-19T04:59:00,,,,2025-01-19T04:59:00
4be8b335-34e2-4ed2-9387-52327ddad60b,845e8c0d-ddcc-4b09-b2b3-e7deca2b9340,8149a5a0-b1e9-4bb0-a980-b7f5bdcb02a4,DECLINED,2025-01-19T05:04:00,2025-01-19T05:20:00,,,2025-01-19T05:04:00
0b50c12b-9a7d-4912-b693-bcae642e226e,845e8c0d-ddcc-4b09-b2b3-e7deca2b9340,a77bcc83-4a3d-492d-bcd8-592aba88fc9d,NO_RESPONSE,2025-01-19T05:04:00,,,,2025-01-19T05:04:00
57e84985-f78c-4494-a4b9-41561f0b0298,9ceb093d-cc06-49ad-8e96-3e1bbf3826bc,763f9657-b714-4ebf-a75d-03a0bd961883,ACCEPTED,2025-01-19T08:29:00,2025-01-19T08:32:00,2025-01-19T08:32:00,,2025-01-19T08:29:00
c25c7677-df6d-4027-ba87-ba278c695c9f,9ceb093d-cc06-49ad-8e96-3e1bbf3826bc,5ed79810-0c9b-4377-870c-58916ee465a7,MISSED,2025-01-19T08:34:00,,,,2025-01-19T08:34:00
62939d5a-a04d-466d-a42c-4361af8bc694,9ceb093d-cc06-49ad-8e96-3e1bbf3826bc,664b1167-88df-4fdd-afcb-3e9296fb4ad6,ACCEPTED,2025-01-19T08:41:00,2025-01-19T08:48:00,2025-01-19T08:48:00,,2025-01-19T08:41:00
ca6e70fe-893c-460d-9e1f-acf3933d4bab,9ceb093d-cc06-49ad-8e96-3e1bbf3826bc,2f38acd6-86c3-4ffd-b869-1117ac2e0be7,EXPIRED,2025-01-19T08:42:00,,,,2025-01-19T08:42:00
eb08b8bf-c4ed-4309-a7be-03267ee330e8,9eab9967-d909-4a77-8792-0aaf89f45cc7,d00a6ed9-0c78-4d11-8599-3f98cf750bc5,ACCEPTED,2025-01-19T14:34:00,2025-01-19T14:36:00,2025-01-19T14:36:00,,2025-01-19T14:34:00
9178e8cd-cf76-47b3-bffc-be019e9386b5,9eab9967-d909-4a77-8792-0aaf89f45cc7,7b16f6d6-0f6b-446d-89fe-87723b0ad83c,COMPLETED,2025-01-19T14:39:00,2025-01-19T14:45:00,2025-01-19T14:45:00,2025-01-19T17:39:00,2025-01-19T14:39:00
78dd1a69-c221-42e7-bf7b-629869dc9006,aa7c4285-f161-45ba-a222-a42bcaff187c,5a9cd770-f74a-4cdd-87d0-646aa0e13b89,NO_RESPONSE,2025-01-19T15:41:00,,,,2025-01-19T15:41:00
9d39a699-1f9f-4e73-945c-11617d383f53,aa7c4285-f161-45ba-a222-a42bcaff187c,7689a61a-5823-4dd9-8e3c-29c2d4415219,COMPLETED,2025-01-19T15:41:00,2025-01-19T15:54:00,2025-01-19T15:54:00,2025-01-19T17:41:00,2025-01-19T15:41:00
94caf2ec-9d94-4844-b04b-7a3982b62202,aa7c4285-f161-45ba-a222-a42bcaff187c,4b4303f9-d680-4320-80ac-0fc7377998df,COMPLETED,2025-01-19T15:41:00,2025-01-19T15:54:00,2025-01-19T15:54:00,2025-01-19T17:41:00,2025-01-19T15:41:00
17d39dc9-860c-4f88-b2ae-677c8b29d401,aa7c4285-f161-45ba-a222-a42bcaff187c,b0102217-6663-410d-8e4b-e802cddf4baa,ACCEPTED,2025-01-19T15:47:00,2025-01-19T15:58:00,2025-01-19T15:58:00,,2025-01-19T15:47:00
c9fa618a-3604-4ff9-99b3-ec46d51071f3,aa7c4285-f161-45ba-a222-a42bcaff187c,309497b0-41ad-483a-a10a-7040ec34710d,EXPIRED,2025-01-19T15:47:00,,,,2025-01-19T15:47:00
386a25e5-8c51-47f9-af5d-86e19db7d16c,da2dc206-692c-4060-83da-50e21cc73986,5d834b3d-0d58-4d16-bdc4-32869531ea10,ACCEPTED,2025-01-19T18:44:00,2025-01-19T18:55:00,2025-01-19T18:55:00,,2025-01-19T18:44:00
b2477333-c647-49bc-93c3-4eed672f68ab,da2dc206-692c-4060-83da-50e21cc73986,8149a5a0-b1e9-4bb0-a980-b7f5bdcb02a4,ACCEPTED,2025-01-19T18:44:00,2025-01-19T18:54:00,2025-01-19T18:54:00,,2025-01-19T18:44:00
f61e534b-427e-417e-a361-663264da0dc9,da2dc206-692c-4060-83da-50e21cc73986,977055e7-58dc-4d79-b576-2feb17172418,ACCEPTED,2025-01-19T18:49:00,2025-01-19T18:55:00,2025-01-19T18:55:00,,2025-01-19T18:49:00
55246573-792b-4305-a48c-613d787f53d0,da2dc206-692c-4060-83da-50e21cc73986,a88bf6b5-168a-42ee-bea7-b40defa21e24,ACCEPTED,2025-01-19T18:52:00,2025-01-19T18:57:00,2025-01-19T18:57:00,,2025-01-19T18:52:00
40110667-b672-46c6-b3ac-07ad94e0e116,da2dc206-692c-4060-83da-50e21cc73986,42ea4e92-f7aa-4bae-ab07-f79963ba71a1,ACCEPTED,2025-01-19T18:57:00,2025-01-19T19:05:00,2025-01-19T19:05:00,,2025-01-19T18:57:00
27c3a66b-a7b3-4eba-8cd2-f52d77c34b4a,62c84298-10f3-451b-b527-19de42c1d0c3,bd48baab-9e75-48be-85b5-d5b192d7bba9,EXPIRED,2025-01-19T22:21:00,,,,2025-01-19T22:21:00
711f6d02-8c80-4e44-a603-1c55be452a66,62c84298-10f3-451b-b527-19de42c1d0c3,265b1191-c474-4c10-b744-2accb997520e,COMPLETED,2025-01-19T22:32:00,2025-01-19T22:37:00,2025-01-19T22:37:00,2025-01-20T00:32:00,2025-01-19T22:32:00
a82767b2-e726-4128-be71-ecc50ff71810,62c84298-10f3-451b-b527-19de42c1d0c3,a9048c9b-4ff2-49a2-8387-544ccfc02e0e,ACCEPTED,2025-01-19T22:32:00,2025-01-19T22:44:00,2025-01-19T22:44:00,,2025-01-19T22:32:00
146fa012-7d52-49f7-9b61-6ab9946f683d,6d3c240a-f6a9-4de2-a49c-e63480d9d129,a1bc2676-aad3-49f3-9131-e812c904d689,ACCEPTED,2025-01-19T23:55:00,2025-01-20T00:05:00,2025-01-20T00:05:00,,2025-01-19T23:55:00
4d38cfcb-8740-4957-ac28-da2d9d9709b5,6d3c240a-f6a9-4de2-a49c-e63480d9d129,b31f3223-35d1-446c-9991-79665d0b1ef3,NO_RESPONSE,2025-01-19T23:57:00,,,,2025-01-19T23:57:00
e2523002-1b3f-42f2-958c-ccbecf12e2c5,6d3c240a-f6a9-4de2-a49c-e63480d9d129,4d73646f-823d-4c1b-9fe9-150b22e01890,COMPLETED,2025-01-19T23:58:00,2025-01-20T00:02:00,2025-01-20T00:02:00,2025-01-20T01:58:00,2025-01-19T23:58:00
2e3b0400-9c10-43ac-89f4-1a7c91ac2f4f,6d3c240a-f6a9-4de2-a49c-e63480d9d129,0163ca09-1636-4809-8246-282d82afd3a3,NO_RESPONSE,2025-01-20T00:00:00,,,,2025-01-20T00:00:00
87e8ea96-6c4a-4fb3-b406-7e76d7806aea,6d3c240a-f6a9-4de2-a49c-e63480d9d129,8d54dd37-108d-4ec9-87e8-552d73629a00,ACCEPTED,2025-01-20T00:02:00,2025-01-20T00:06:00,2025-01-20T00:06:00,,2025-01-20T00:02:00
eabd170b-c2dc-49be-8031-1fea88c87688,6d3c240a-f6a9-4de2-a49c-e63480d9d129,ff447bf1-e688-4eb7-ba18-cdcef5b86e01,ACCEPTED,2025-01-20T00:04:00,2025-01-20T00:06:00,2025-01-20T00:06:00,,2025-01-20T00:04:00
4dab8bd0-a1b2-4d19-b1d8-4c9716fe9c00,b48b0446-4d5c-41d9-9823-cdf30e1fc909,3eeabab8-191e-4745-993a-32c183d79d3c,ACCEPTED,2025-01-20T03:14:00,2025-01-20T03:17:00,2025-01-20T03:17:00,,2025-01-20T03:14:00
4a8ef158-6816-4541-96ce-f11379bd132b,b48b0446-4d5c-41d9-9823-cdf30e1fc909,6c25e2ff-8bc0-4abc-a978-052ba5e4650a,COMPLETED,2025-01-20T03:17:00,2025-01-20T03:27:00,2025-01-20T03:27:00,2025-01-20T06:17:00,2025-01-20T03:17:00
445337ce-489b-4edf-9580-eaabafbbc91c,b48b0446-4d5c-41d9-9823-cdf30e1fc909,c9e3038e-7436-4df3-9f2a-fc2746763273,MISSED,2025-01-20T03:17:00,,,,2025-01-20T03:17:00
0de82119-a267-4af1-b60d-a5f87055fc7a,6f7c85c2-8580-4fd6-b976-a6e466a3e6aa,eda6ff35-1d22-4a35-b25d-3279ba02175c,EXPIRED,2025-01-20T05:23:00,,,,2025-01-20T05:23:00
19868055-8755-4c77-800f-293bd6c674ca,6f7c85c2-8580-4fd6-b976-a6e466a3e6aa,d9bd2841-036c-4f1f-91b6-419ea0458f8e,ACCEPTED,2025-01-20T05:24:00,2025-01-20T05:33:00,2025-01-20T05:33:00,,2025-01-20T05:24:00
6fe24273-8e46-4507-b894-c0fd851ba045,6f7c85c2-8580-4fd6-b976-a6e466a3e6aa,2c3db408-b5ed-488b-889b-94d27474e75e,COMPLETED,2025-01-20T05:36:00,2025-01-20T05:49:00,2025-01-20T05:49:00,2025-01-20T06:36:00,2025-01-20T05:36:00
06535a63-cc13-41f5-950c-6dd5525f89be,7ec9af97-a93c-41b8-8238-65c8155cddeb,3e6e3033-9a9c-4988-9e45-362e43ee98e6,ACCEPTED,2025-01-20T06:04:00,2025-01-20T06:09:00,2025-01-20T06:09:00,,2025-01-20T06:04:00
ca8e5322-69b9-4877-bdb6-5fdab3a43bb4,7ec9af97-a93c-41b8-8238-65c8155cddeb,f3cd1be3-bc16-4a73-961d-f832dfb5f084,ACCEPTED,2025-01-20T06:04:00,2025-01-20T06:18:00,2025-01-20T06:18:00,,2025-01-20T06:04:00
3403dafc-e521-44b7-a506-62a95cfca96d,7ec9af97-a93c-41b8-8238-65c8155cddeb,11955be9-03b2-4274-9002-7a2a5ae499a8,COMPLETED,2025-01-20T06:04:00,2025-01-20T06:15:00,2025-01-20T06:15:00,2025-01-20T08:04:00,2025-01-20T06:04:00
ef5abf1e-9288-4684-8932-1759f3156f5d,7ec9af97-a93c-41b8-8238-65c8155cddeb,19e65af6-da1e-4052-bf71-1659737f5cc7,ACCEPTED,2025-01-20T06:08:00,2025-01-20T06:14:00,2025-01-20T06:14:00,,2025-01-20T06:08:00
c1be275c-ac7c-4401-89fa-2ee0ff87a324,7ec9af97-a93c-41b8-8238-65c8155cddeb,96b33493-7f4b-4752-a880-e07a1deccfc8,ACCEPTED,2025-01-20T06:11:00,2025-01-20T06:17:00,2025-01-20T06:17:00,,2025-01-20T06:11:00
a52da7db-88fc-44ef-8893-dd9673bd1d72,7ec9af97-a93c-41b8-8238-65c8155cddeb,2e3af94c-8ff5-4a35-ac8a-571d4fa070d4,ACCEPTED,2025-01-20T06:17:00,2025-01-20T06:24:00,2025-01-20T06:24:00,,2025-01-20T06:17:00
bf351def-f5e5-43dd-b234-72a6a59a14ab,19194959-b220-4e59-a651-e444da9a3743,199debac-e563-46ab-8829-e7e1973cebc1,COMPLETED,2025-01-20T10:34:00,2025-01-20T10:42:00,2025-01-20T10:42:00,2025-01-20T12:34:00,2025-01-20T10:34:00
41c2292b-3c23-4187-8e11-5da5ea8482f2,19194959-b220-4e59-a651-e444da9a3743,5a9cd770-f74a-4cdd-87d0-646aa0e13b89,COMPLETED,2025-01-20T10:35:00,2025-01-20T10:50:00,2025-01-20T10:50:00,2025-01-20T13:35:00,2025-01-20T10:35:00
8241afd0-618a-477e-8a31-81ab90a3c714,73dfd414-49b3-45b3-b151-9d7e4407f263,d6f6800e-5c63-432b-93d2-8d7c32142867,NO_RESPONSE,2025-01-20T12:41:00,,,,2025-01-20T12:41:00
462479b7-bd55-4ce4-bd33-696c7626988d,73dfd414-49b3-45b3-b151-9d7e4407f263,8a40fb38-7cf4-468d-954f-bebd5270f111,ACCEPTED,2025-01-20T12:44:00,2025-01-20T12:53:00,2025-01-20T12:53:00,,2025-01-20T12:44:00
ce293042-3c32-4723-ad6b-5614ae521a55,73dfd414-49b3-45b3-b151-9d7e4407f263,6c5114ec-b8e2-4c74-8e20-93ded422c3b1,DECLINED,2025-01-20T12:44:00,2025-01-20T13:01:00,,,2025-01-20T12:44:00
f3ea10aa-755d-47df-a1b2-a170520b08a5,73dfd414-49b3-45b3-b151-9d7e4407f263,6b1ba131-fea8-4018-9f7b-bb75d5846414,DECLINED,2025-01-20T12:45:00,2025-01-20T12:48:00,,,2025-01-20T12:45:00
30c39fa0-bee1-4cfd-a26a-16208da93e33,73dfd414-49b3-45b3-b151-9d7e4407f263,dc3945d5-6321-4ff3-a949-9cc365303d45,COMPLETED,2025-01-20T12:50:00,2025-01-20T13:01:00,2025-01-20T13:01:00,2025-01-20T15:50:00,2025-01-20T12:50:00
0936824d-9532-4dc1-92b0-10690c4c1acc,1a78cfbd-1cda-4e52-8e48-140e2d474a12,86adaeeb-d381-4c0f-87c8-ba59ce1cad28,ACCEPTED,2025-01-20T13:51:00,2025-01-20T13:53:00,2025-01-20T13:53:00,,2025-01-20T13:51:00
6d1fed1f-2954-489e-bb3e-4eb8a9ec8fab,1a78cfbd-1cda-4e52-8e48-140e2d474a12,80faa51d-a2ac-468a-a4b0-b1c148fd10fe,ACCEPTED,2025-01-20T13:51:00,2025-01-20T13:54:00,2025-01-20T13:54:00,,2025-01-20T13:51:00
a9b56155-e8b5-426b-8067-fe2ea6f8e924,1a78cfbd-1cda-4e52-8e48-140e2d474a12,40e2e31f-1e2d-4f70-9de8-91ad096fe41a,COMPLETED,2025-01-20T13:55:00,2025-01-20T14:06:00,2025-01-20T14:06:00,2025-01-20T16:55:00,2025-01-20T13:55:00
730f9f9b-2a46-4ffd-ae71-65049893aba4,1a78cfbd-1cda-4e52-8e48-140e2d474a12,18663a26-c010-4e4e-8471-6194347da84d,ACCEPTED,2025-01-20T13:58:00,2025-01-20T14:00:00,2025-01-20T14:00:00,,2025-01-20T13:58:00
e0d471c5-4185-4dd8-a408-df717afaa320,1a78cfbd-1cda-4e52-8e48-140e2d474a12,445beb91-c8f4-47ed-b5c7-e8a70759c76b,ACCEPTED,2025-01-20T13:58:00,2025-01-20T14:03:00,2025-01-20T14:03:00,,2025-01-20T13:58:00
babf94fb-b645-4baf-81e4-7cac1d75b87a,1a78cfbd-1cda-4e52-8e48-140e2d474a12,cd532bc0-2367-446e-8e57-68c7cd6101f6,ACCEPTED,2025-01-20T14:01:00,2025-01-20T14:03:00,2025-01-20T14:03:00,,2025-01-20T14:01:00
f3a5dd60-435d-41f6-b349-b4aa00af9582,61667367-bc2d-4040-b070-ff145ed9b85c,2ef47c0b-e8fe-448b-93ff-36c85588d2fd,ACCEPTED,2025-01-20T15:30:00,2025-01-20T15:40:00,2025-01-20T15:40:00,,2025-01-20T15:30:00
156bdc4a-2756-486b-bbed-1c17bf031534,61667367-bc2d-4040-b070-ff145ed9b85c,c4a4b614-90de-4794-a555-76f6159de789,ACCEPTED,2025-01-20T15:34:00,2025-01-20T15:37:00,2025-01-20T15:37:00,,2025-01-20T15:34:00
397a6e7e-fd53-4ed8-8817-2c40ff794063,93e6ba20-94a8-48e6-80dd-b3ff39f0dcfc,543b149c-d59c-49f5-bb4f-e6ac6bd72dd3,ACCEPTED,2025-01-20T15:35:00,2025-01-20T15:47:00,2025-01-20T15:47:00,,2025-01-20T15:35:00
daf24bb7-75ce-4d4d-b374-ac440b1fb33d,61667367-bc2d-4040-b070-ff145ed9b85c,927dc24f-3e95-4ab2-a387-73907d3af8e7,COMPLETED,2025-01-20T15:38:00,2025-01-20T15:40:00,2025-01-20T15:40:00,2025-01-20T18:38:00,2025-01-20T15:38:00
a23713ca-b79a-4360-a603-f38122e93c0e,93e6ba20-94a8-48e6-80dd-b3ff39f0dcfc,0bd74d79-c6ed-4e86-a612-e698b486ec29,COMPLETED,2025-01-20T15:41:00,2025-01-20T15:48:00,2025-01-20T15:48:00,2025-01-20T17:41:00,2025-01-20T15:41:00
abeaf8af-6bdf-408d-a909-5d7bece7898d,93e6ba20-94a8-48e6-80dd-b3ff39f0dcfc,346ece9f-9eed-4c58-95d7-1c3e38d7cceb,COMPLETED,2025-01-20T15:43:00,2025-01-20T15:47:00,2025-01-20T15:47:00,2025-01-20T17:43:00,2025-01-20T15:43:00
4e558506-9884-4846-83a5-d24dfbbfaa06,b745fec5-a4e0-4cf8-9e0f-dc585ba922ef,ea9269ef-352d-4ec8-93a1-f6e436740b10,ACCEPTED,2025-01-20T17:26:00,2025-01-20T17:35:00,2025-01-20T17:35:00,,2025-01-20T17:26:00
dca6bf08-8548-41ea-8db4-b0ba34058ef7,b745fec5-a4e0-4cf8-9e0f-dc585ba922ef,d6f6800e-5c63-432b-93d2-8d7c32142867,NO_RESPONSE,2025-01-20T17:29:00,,,,2025-01-20T17:29:00
02f38b98-ae45-4d2a-85ca-942130a22112,b745fec5-a4e0-4cf8-9e0f-dc585ba922ef,3fe93771-22fd-4ee6-a769-9f85123cf7bb,ACCEPTED,2025-01-20T17:30:00,2025-01-20T17:34:00,2025-01-20T17:34:00,,2025-01-20T17:30:00
132ed394-b0b3-4197-a49a-704bf85ba1da,b745fec5-a4e0-4cf8-9e0f-dc585ba922ef,82f273c1-a6d9-473e-b339-93f7a0379a64,COMPLETED,2025-01-20T17:35:00,2025-01-20T17:47:00,2025-01-20T17:47:00,2025-01-20T19:35:00,2025-01-20T17:35:00
f8ef8bc8-5bc8-47fa-a59c-2f8b20cda199,5800ace3-1d66-4cc1-8daa-4ed53a7ab0b9,a88bf6b5-168a-42ee-bea7-b40defa21e24,ACCEPTED,2025-01-20T18:54:00,2025-01-20T19:03:00,2025-01-20T19:03:00,,2025-01-20T18:54:00
a95a9874-16d4-4b7d-826c-6cade5bbc770,5800ace3-1d66-4cc1-8daa-4ed53a7ab0b9,b649daf0-45a0-4879-bceb-08f29bf19ce2,ACCEPTED,2025-01-20T18:55:00,2025-01-20T19:08:00,2025-01-20T19:08:00,,2025-01-20T18:55:00
5ab8af03-5b51-446c-96c8-2dd1fa14a5ed,5800ace3-1d66-4cc1-8daa-4ed53a7ab0b9,b16f7848-a2a4-4c2c-8a3b-0bf76ecdf857,ACCEPTED,2025-01-20T18:57:00,2025-01-20T19:07:00,2025-01-20T19:07:00,,2025-01-20T18:57:00
b8a2d421-5022-4b8d-90a7-ce27f898768a,5800ace3-1d66-4cc1-8daa-4ed53a7ab0b9,85b594e8-d460-4e0d-bd65-07df78f69665,MISSED,2025-01-20T18:58:00,,,,2025-01-20T18:58:00
7572afdb-e405-461e-8325-35f2824226cd,41faf206-54af-449b-9745-8ac9bbb3343b,ba816062-c1ac-43da-97de-4c1216324bb5,ACCEPTED,2025-01-21T00:53:00,2025-01-21T01:08:00,2025-01-21T01:08:00,,2025-01-21T00:53:00
4e2ed164-6983-4b36-af6d-041eb2003a19,41faf206-54af-449b-9745-8ac9bbb3343b,27f63174-92e0-4ec5-a8d6-df307aa20f3b,COMPLETED,2025-01-21T00:59:00,2025-01-21T01:12:00,2025-01-21T01:12:00,2025-01-21T02:59:00,2025-01-21T00:59:00
f88de5e0-c007-4a9d-80e0-efc43a570e56,41faf206-54af-449b-9745-8ac9bbb3343b,5b144804-32b7-4e82-9f3c-1b20f6f52721,COMPLETED,2025-01-21T01:01:00,2025-01-21T01:06:00,2025-01-21T01:06:00,2025-01-21T02:01:00,2025-01-21T01:01:00
7ef044c2-2415-4a9a-817f-39f0280e5884,1415d48b-d081-4e41-ad85-a42e9d5dc907,4e738475-88e6-4df8-90b2-45dacfb7c6e2,ACCEPTED,2025-01-21T02:18:00,2025-01-21T02:19:00,2025-01-21T02:19:00,,2025-01-21T02:18:00
82bb81f7-b083-43ec-8264-4d1d31dada6e,1415d48b-d081-4e41-ad85-a42e9d5dc907,82fb79bc-bd6e-47a9-a67a-99fac9655589,ACCEPTED,2025-01-21T02:22:00,2025-01-21T02:27:00,2025-01-21T02:27:00,,2025-01-21T02:22:00
12213ebe-6445-495d-9839-37d3a228bb92,1415d48b-d081-4e41-ad85-a42e9d5dc907,bd48baab-9e75-48be-85b5-d5b192d7bba9,COMPLETED,2025-01-21T02:28:00,2025-01-21T02:34:00,2025-01-21T02:34:00,2025-01-21T03:28:00,2025-01-21T02:28:00
91a93c50-4d12-49d5-a968-f525b08dc9b9,4db5ff99-b5ec-42a8-a2af-6eb4f0d3f629,7368f039-3b92-4ed6-9281-8a546afbbd0c,DECLINED,2025-01-21T04:31:00,2025-01-21T04:33:00,,,2025-01-21T04:31:00
eb430b40-8bf4-4c50-a7e6-e31d09340100,4db5ff99-b5ec-42a8-a2af-6eb4f0d3f629,89351c19-fb07-4021-8981-38f3a660e1f1,ACCEPTED,2025-01-21T04:33:00,2025-01-21T04:39:00,2025-01-21T04:39:00,,2025-01-21T04:33:00
aac13da6-c75a-4cd0-9ec2-c06c6f218c59,4db5ff99-b5ec-42a8-a2af-6eb4f0d3f629,468555a1-384e-4985-9c39-f4333176e51f,ACCEPTED,2025-01-21T04:37:00,2025-01-21T04:46:00,2025-01-21T04:46:00,,2025-01-21T04:37:00
ba540222-674e-4bab-a74b-7f3f27263d94,4db5ff99-b5ec-42a8-a2af-6eb4f0d3f629,979e4feb-883b-4b84-a316-add5625c20c0,ACCEPTED,2025-01-21T04:37:00,2025-01-21T04:38:00,2025-01-21T04:38:00,,2025-01-21T04:37:00
ea0aa02f-2058-47d5-a330-de536f08f1a5,4db5ff99-b5ec-42a8-a2af-6eb4f0d3f629,78b96bf4-a937-44e7-9a3a-544dd63de549,NO_RESPONSE,2025-01-21T04:42:00,,,,2025-01-21T04:42:00
df2c59ac-17ce-45e8-8877-39b9a75abbff,4db5ff99-b5ec-42a8-a2af-6eb4f0d3f629,75455c5a-fc28-4e12-ab1d-c5bf91975e07,COMPLETED,2025-01-21T04:43:00,2025-01-21T04:45:00,2025-01-21T04:45:00,2025-01-21T07:43:00,2025-01-21T04:43:00
81a5a0cb-fc34-4895-8f9f-8d4e7bbc8e0b,4f196bf5-c048-47f6-83bb-290710995f0e,1ee3aa44-6749-4c32-9bfe-c3306275fe48,COMPLETED,2025-01-21T05:14:00,2025-01-21T05:18:00,2025-01-21T05:18:00,2025-01-21T06:14:00,2025-01-21T05:14:00
64430952-1d16-4fa2-ab74-d8229b426526,4f196bf5-c048-47f6-83bb-290710995f0e,1b1c6a4c-9521-43d0-af56-40e628a2cb1d,ACCEPTED,2025-01-21T05:26:00,2025-01-21T05:33:00,2025-01-21T05:33:00,,2025-01-21T05:26:00
bd36b75a-be83-4f44-93fa-a0b69f1e7ff2,84d91aab-7dd9-43cb-a8b3-441728230696,b822f3f2-bc12-474d-9f5a-b3cef19341f0,ACCEPTED,2025-01-21T14:49:00,2025-01-21T14:57:00,2025-01-21T14:57:00,,2025-01-21T14:49:00
9120d095-2796-4b3a-8d71-3851c682ec47,84d91aab-7dd9-43cb-a8b3-441728230696,54d5caa7-5a58-4175-a139-ece2d4e285d1,EXPIRED,2025-01-21T14:58:00,,,,2025-01-21T14:58:00
1df64b64-9cb6-498c-9548-a11c24df6916,84d91aab-7dd9-43cb-a8b3-441728230696,5805c9e4-e8a0-4c33-9ca3-70004d94c948,COMPLETED,2025-01-21T14:58:00,2025-01-21T15:07:00,2025-01-21T15:07:00,2025-01-21T15:58:00,2025-01-21T14:58:00
8cb16e82-ec1a-4901-8acd-5bce12fb8cdf,84d91aab-7dd9-43cb-a8b3-441728230696,5a1a919b-115a-40fc-ad8a-b6ffd35a23eb,ACCEPTED,2025-01-21T14:59:00,2025-01-21T15:01:00,2025-01-21T15:01:00,,2025-01-21T14:59:00
41fc5a4e-3009-40d9-bc14-34909e95a99a,84d91aab-7dd9-43cb-a8b3-441728230696,72d80153-ab97-4442-b132-ccdf469ad157,ACCEPTED,2025-01-21T15:00:00,2025-01-21T15:01:00,2025-01-21T15:01:00,,2025-01-21T15:00:00
a8299f86-05d8-4154-8ba3-2ef65e1d1692,d66fb0b4-2847-48f3-8d39-1ba5fa060291,18663a26-c010-4e4e-8471-6194347da84d,ACCEPTED,2025-01-21T17:16:00,2025-01-21T17:30:00,2025-01-21T17:30:00,,2025-01-21T17:16:00
40841a8f-ea41-4289-a064-47399ecdd10a,d66fb0b4-2847-48f3-8d39-1ba5fa060291,1693939d-11cb-4a60-bfb6-8f2fec00eb4f,ACCEPTED,2025-01-21T17:18:00,2025-01-21T17:23:00,2025-01-21T17:23:00,,2025-01-21T17:18:00
2d641d92-b806-4792-900e-7cad5a971d2f,d66fb0b4-2847-48f3-8d39-1ba5fa060291,97dbbf0c-d2b5-452c-b22a-e11e30701e99,ACCEPTED,2025-01-21T17:25:00,2025-01-21T17:36:00,2025-01-21T17:36:00,,2025-01-21T17:25:00
e5c99b8c-8430-4373-ba9f-2bf017de42ab,6c29f4de-216d-41de-8164-2776bd50c950,7689a61a-5823-4dd9-8e3c-29c2d4415219,ACCEPTED,2025-01-21T21:24:00,2025-01-21T21:31:00,2025-01-21T21:31:00,,2025-01-21T21:24:00
130bc557-ceef-4158-8087-8c5a045d0579,6c29f4de-216d-41de-8164-2776bd50c950,02fee361-2aed-4d3b-a7f5-6649d00e35ff,ACCEPTED,2025-01-21T21:25:00,2025-01-21T21:29:00,2025-01-21T21:29:00,,2025-01-21T21:25:00
4806c9a7-23d2-459a-a778-9cd2e04cb639,6c29f4de-216d-41de-8164-2776bd50c950,74de697e-ecd0-4975-8057-f21088a888b4,ACCEPTED,2025-01-21T21:31:00,2025-01-21T21:40:00,2025-01-21T21:40:00,,2025-01-21T21:31:00
3fe9c598-eea9-4852-8b2f-d87b7086b554,6c29f4de-216d-41de-8164-2776bd50c950,265b1191-c474-4c10-b744-2accb997520e,ACCEPTED,2025-01-21T21:32:00,2025-01-21T21:34:00,2025-01-21T21:34:00,,2025-01-21T21:32:00
2e6b59ca-e058-48e9-8e32-738fce90e5bc,08b6fddc-55f7-41c6-b10c-b025024ad98a,7724d47c-dcf0-4aba-a2e1-ec51d9d4eef2,ACCEPTED,2025-01-22T02:35:00,2025-01-22T02:43:00,2025-01-22T02:43:00,,2025-01-22T02:35:00
b74c1915-bc61-4ffa-bd0e-fe06bac2f1b5,08b6fddc-55f7-41c6-b10c-b025024ad98a,1b1c6a4c-9521-43d0-af56-40e628a2cb1d,ACCEPTED,2025-01-22T02:38:00,2025-01-22T02:51:00,2025-01-22T02:51:00,,2025-01-22T02:38:00
caf63d1c-a432-4105-8705-36204e70b51e,08b6fddc-55f7-41c6-b10c-b025024ad98a,985ab403-ddfd-47f6-9b98-9ce2f7dcd16e,ACCEPTED,2025-01-22T02:41:00,2025-01-22T02:52:00,2025-01-22T02:52:00,,2025-01-22T02:41:00
819db662-ce1e-4151-895c-794554a6a2ec,3720eb77-2481-48b9-a9d4-69a31cefd0dd,cd36ff59-5ea4-42e6-93c5-5e86da3a1bf9,COMPLETED,2025-01-22T05:57:00,2025-01-22T06:08:00,2025-01-22T06:08:00,2025-01-22T07:57:00,2025-01-22T05:57:00
4f1b63e3-086b-4686-a830-fdf097c260ab,3720eb77-2481-48b9-a9d4-69a31cefd0dd,ba654c1d-96a2-4ce2-96bf-a37bb05c6b58,DECLINED,2025-01-22T06:05:00,2025-01-22T06:21:00,,,2025-01-22T06:05:00
e9f21b13-09d9-408a-babe-aa901790f922,3720eb77-2481-48b9-a9d4-69a31cefd0dd,1e051bc4-2ef6-4736-b427-d4e81bbdd5d3,MISSED,2025-01-22T06:06:00,,,,2025-01-22T06:06:00
63706111-01e0-40a0-af8e-74ac9fb60802,21e108b0-d130-4984-b32e-f4fc8f5e53bc,eeafa879-969e-4fb1-b5cc-4bb4d3216e00,ACCEPTED,2025-01-22T13:32:00,2025-01-22T13:39:00,2025-01-22T13:39:00,,2025-01-22T13:32:00
8ddd6895-d047-4814-aa1a-39d2b40945f6,75925094-dd33-4eee-8835-3ba69a9ef55e,d239a4ec-9007-41bc-a9af-3ceae895f0c0,ACCEPTED,2025-01-22T13:36:00,2025-01-22T13:41:00,2025-01-22T13:41:00,,2025-01-22T13:36:00
b5796a96-60cb-47af-b4c8-0c68fbe529bc,21e108b0-d130-4984-b32e-f4fc8f5e53bc,56cb3f18-5215-48ce-a5e3-0cd1a2498d02,ACCEPTED,2025-01-22T13:44:00,2025-01-22T13:56:00,2025-01-22T13:56:00,,2025-01-22T13:44:00
d325ed21-0e0f-4f7d-9f54-9debbeb73dfd,75925094-dd33-4eee-8835-3ba69a9ef55e,cd36ff59-5ea4-42e6-93c5-5e86da3a1bf9,COMPLETED,2025-01-22T13:44:00,2025-01-22T13:45:00,2025-01-22T13:45:00,2025-01-22T15:44:00,2025-01-22T13:44:00
51209339-a2a6-47d1-9d78-241b9ce0a9aa,9fce1c95-650f-47dd-b5bf-e1ed778c3476,f7f1655c-f8c2-4296-91c4-9f8f570ad765,ACCEPTED,2025-01-22T14:21:00,2025-01-22T14:24:00,2025-01-22T14:24:00,,2025-01-22T14:21:00
7301d243-aafd-4098-ac98-e7710c62d694,9fce1c95-650f-47dd-b5bf-e1ed778c3476,c2d25642-919c-4075-a54a-aedcf9642a56,COMPLETED,2025-01-22T14:24:00,2025-01-22T14:25:00,2025-01-22T14:25:00,2025-01-22T17:24:00,2025-01-22T14:24:00
f3377a38-5365-49d1-9260-ee19249c7f28,9fce1c95-650f-47dd-b5bf-e1ed778c3476,6982ca50-e7c0-467d-8a70-8533e3077bd9,COMPLETED,2025-01-22T14:28:00,2025-01-22T14:33:00,2025-01-22T14:33:00,2025-01-22T16:28:00,2025-01-22T14:28:00
a45e20d6-4b5b-4397-9ab7-bea275e32807,9fce1c95-650f-47dd-b5bf-e1ed778c3476,edf481eb-bab0-46c2-a7e6-67b59a510550,COMPLETED,2025-01-22T14:31:00,2025-01-22T14:40:00,2025-01-22T14:40:00,2025-01-22T16:31:00,2025-01-22T14:31:00
7aea1d0c-a51a-4ba3-9564-c6dc67890b71,e686bf9f-04c9-4e02-bf68-4d34c7892d24,8465564b-f0a3-4480-b044-c0a4cf6d01a0,COMPLETED,2025-01-22T18:43:00,2025-01-22T18:48:00,2025-01-22T18:48:00,2025-01-22T21:43:00,2025-01-22T18:43:00
aa3696cd-d3b0-47ff-9a9d-65b82bc650ac,e686bf9f-04c9-4e02-bf68-4d34c7892d24,19cad05e-ae8b-4d86-b026-69fbb73b2e76,NO_RESPONSE,2025-01-22T18:48:00,,,,2025-01-22T18:48:00
9e781a42-4752-40d5-b7c2-27f5e45329a1,e686bf9f-04c9-4e02-bf68-4d34c7892d24,dc070752-162d-4ca3-ae3a-25c40e32397b,EXPIRED,2025-01-22T18:52:00,,,,2025-01-22T18:52:00
401776c9-70ea-4061-a4be-0b685fef689a,e686bf9f-04c9-4e02-bf68-4d34c7892d24,c4a4b614-90de-4794-a555-76f6159de789,ACCEPTED,2025-01-22T18:54:00,2025-01-22T18:56:00,2025-01-22T18:56:00,,2025-01-22T18:54:00
72ea675e-0d1a-4f14-be80-0f8af09523df,cd3d2e00-4429-4673-b1e1-645a962b7679,628e4e35-5853-4d59-b32f-4056b7e3e27b,DECLINED,2025-01-22T19:46:00,2025-01-22T20:02:00,,,2025-01-22T19:46:00
e9d975d6-7e9c-449a-a8aa-d2e34a6354df,cd3d2e00-4429-4673-b1e1-645a962b7679,7fe949fd-61b1-475a-8c19-580e4b0b98a7,NO_RESPONSE,2025-01-22T19:50:00,,,,2025-01-22T19:50:00
90c9d157-45d7-4e0d-b0cf-b0fdb15cc078,cd3d2e00-4429-4673-b1e1-645a962b7679,74de697e-ecd0-4975-8057-f21088a888b4,NO_RESPONSE,2025-01-22T19:53:00,,,,2025-01-22T19:53:00
39b3eda0-236b-4c06-bae8-ed03e2449e0f,cd3d2e00-4429-4673-b1e1-645a962b7679,074daa7c-485e-4264-a9c2-962e30d5b672,DECLINED,2025-01-22T19:56:00,2025-01-22T20:13:00,,,2025-01-22T19:56:00
41cfa24c-93b7-4a00-8f0f-26230c4f8567,ba098e86-806e-49ea-84f5-488ba2f1d59e,f609cf6c-d0e4-48e5-9d6b-2cb379d2f51c,ACCEPTED,2025-01-22T23:11:00,2025-01-22T23:13:00,2025-01-22T23:13:00,,2025-01-22T23:11:00
be543498-4d94-404b-ac25-b67eac542067,ba098e86-806e-49ea-84f5-488ba2f1d59e,a9048c9b-4ff2-49a2-8387-544ccfc02e0e,NO_RESPONSE,2025-01-22T23:11:00,,,,2025-01-22T23:11:00
4888d195-bb4c-4410-85a3-3b47f6ea5df3,ba098e86-806e-49ea-84f5-488ba2f1d59e,4ac85ad1-81f9-4db3-a7c9-2bd4d3df0e31,MISSED,2025-01-22T23:19:00,,,,2025-01-22T23:19:00
eaf13413-b552-41a8-873f-5e8f99734d0b,f9ae4173-57c5-4f96-8e29-ba0558a5adff,b452a2de-4232-41a0-814e-2651c197f192,MISSED,2025-01-23T00:33:00,,,,2025-01-23T00:33:00
4c01aa78-1254-4474-b347-c93bc85b29cb,f9ae4173-57c5-4f96-8e29-ba0558a5adff,ab6072b4-0254-40d6-8861-f0f1506fcbb7,NO_RESPONSE,2025-01-23T00:34:00,,,,2025-01-23T00:34:00
05f19f30-a0ea-4f52-8328-1d41c4453a7d,2c677486-f75d-49f5-9cbd-9da64d37f148,62dcf5be-c7c7-4332-ba46-a97ff4593dd6,ACCEPTED,2025-01-23T00:42:00,2025-01-23T00:43:00,2025-01-23T00:43:00,,2025-01-23T00:42:00
11107a92-f6fc-4876-9e81-bfab8180e39d,2c677486-f75d-49f5-9cbd-9da64d37f148,02fee361-2aed-4d3b-a7f5-6649d00e35ff,NO_RESPONSE,2025-01-23T00:42:00,,,,2025-01-23T00:42:00
afaf88c1-de1d-4a6b-8b53-9c86c7dc739f,2c677486-f75d-49f5-9cbd-9da64d37f148,003d6f49-5fb1-4dd6-a54d-b1bc078eb57e,EXPIRED,2025-01-23T00:44:00,,,,2025-01-23T00:44:00
b55e6ac1-7513-4f46-8e3d-1596a3c07bd6,2c677486-f75d-49f5-9cbd-9da64d37f148,eeafa879-969e-4fb1-b5cc-4bb4d3216e00,ACCEPTED,2025-01-23T00:47:00,2025-01-23T00:51:00,2025-01-23T00:51:00,,2025-01-23T00:47:00
374175cd-234b-47d3-985a-9c735e6be788,2c677486-f75d-49f5-9cbd-9da64d37f148,d86275ba-b1a0-4e6e-a363-d11e975f6df6,ACCEPTED,2025-01-23T00:49:00,2025-01-23T00:58:00,2025-01-23T00:58:00,,2025-01-23T00:49:00
4fce3d73-ddbd-4cd6-a4b9-f448a4436b15,2c677486-f75d-49f5-9cbd-9da64d37f148,0163ca09-1636-4809-8246-282d82afd3a3,NO_RESPONSE,2025-01-23T00:50:00,,,,2025-01-23T00:50:00
a4581eb9-dff7-45c7-a60e-2ca382c2eab7,6fa1fc47-6fb4-4785-be83-da66478217ad,86adaeeb-d381-4c0f-87c8-ba59ce1cad28,ACCEPTED,2025-01-23T08:41:00,2025-01-23T08:49:00,2025-01-23T08:49:00,,2025-01-23T08:41:00
22ab34cc-564c-4abc-95e3-c8ee6b73e043,6fa1fc47-6fb4-4785-be83-da66478217ad,97b426ef-09b1-4692-8010-6897b909efc6,ACCEPTED,2025-01-23T08:48:00,2025-01-23T08:52:00,2025-01-23T08:52:00,,2025-01-23T08:48:00
6abcbc58-7463-4560-9a81-e97f47b5d6a4,6fa1fc47-6fb4-4785-be83-da66478217ad,dd1ab9ef-a26d-487b-9f4e-071ae247a999,COMPLETED,2025-01-23T08:48:00,2025-01-23T08:54:00,2025-01-23T08:54:00,2025-01-23T10:48:00,2025-01-23T08:48:00
c76d7d9d-82e2-451a-9b1c-991c8abd89af,6fa1fc47-6fb4-4785-be83-da66478217ad,3b1c0630-6304-4f24-90a0-39e3fd579418,DECLINED,2025-01-23T08:49:00,2025-01-23T09:05:00,,,2025-01-23T08:49:00
18d31b04-64b2-4c1a-9839-f0c469168666,05fc6ad7-2300-41da-8705-f36d22539ba1,f609cf6c-d0e4-48e5-9d6b-2cb379d2f51c,ACCEPTED,2025-01-23T09:06:00,2025-01-23T09:20:00,2025-01-23T09:20:00,,2025-01-23T09:06:00
401cdbfe-aaf6-46f3-96ca-dc99664717aa,05fc6ad7-2300-41da-8705-f36d22539ba1,4d73646f-823d-4c1b-9fe9-150b22e01890,COMPLETED,2025-01-23T09:08:00,2025-01-23T09:13:00,2025-01-23T09:13:00,2025-01-23T10:08:00,2025-01-23T09:08:00
61bfad96-8aea-48d6-9f42-7c176decc552,05fc6ad7-2300-41da-8705-f36d22539ba1,9b2d4384-c4a9-4135-8458-c0c14e077dce,COMPLETED,2025-01-23T09:09:00,2025-01-23T09:11:00,2025-01-23T09:11:00,2025-01-23T11:09:00,2025-01-23T09:09:00
e33c97d4-2f77-4ebd-8fb4-bc6fb3aaacef,05fc6ad7-2300-41da-8705-f36d22539ba1,35c97ba1-3b93-4844-a896-f8caf863e1ad,COMPLETED,2025-01-23T09:11:00,2025-01-23T09:12:00,2025-01-23T09:12:00,2025-01-23T12:11:00,2025-01-23T09:11:00
a952d096-c37c-4331-87a9-d0692b7d0c4b,05fc6ad7-2300-41da-8705-f36d22539ba1,877380d4-dd5d-4104-83fc-bdf86e194c54,ACCEPTED,2025-01-23T09:11:00,2025-01-23T09:13:00,2025-01-23T09:13:00,,2025-01-23T09:11:00
bda5dd9a-3d7b-4044-86e4-ad9254ca1dc4,f3ac93ad-a57c-45c7-982d-591f31b5ba07,03eeb252-1e41-4f67-91f0-687b64393568,COMPLETED,2025-01-23T11:05:00,2025-01-23T11:14:00,2025-01-23T11:14:00,2025-01-23T12:05:00,2025-01-23T11:05:00
9ccc6c3c-246f-4ef6-aca9-2f8886515274,f3ac93ad-a57c-45c7-982d-591f31b5ba07,1f639402-8dc8-4776-97e8-d35510b12cd1,ACCEPTED,2025-01-23T11:14:00,2025-01-23T11:18:00,2025-01-23T11:18:00,,2025-01-23T11:14:00
fe65cf54-de7a-4ec2-b901-99b2d3ae01a4,5791cb36-4fb3-474e-a99b-45e0edbee41c,d6b5ae43-d86a-4b5f-abd6-b4e06091ee44,ACCEPTED,2025-01-23T16:45:00,2025-01-23T16:46:00,2025-01-23T16:46:00,,2025-01-23T16:45:00
79f5619b-b55e-4f83-b48c-749d02606d0a,5791cb36-4fb3-474e-a99b-45e0edbee41c,979e4feb-883b-4b84-a316-add5625c20c0,ACCEPTED,2025-01-23T16:45:00,2025-01-23T16:50:00,2025-01-23T16:50:00,,2025-01-23T16:45:00
e5ab0adb-d2fe-4f2f-8952-36f5802730e5,5791cb36-4fb3-474e-a99b-45e0edbee41c,e407e92f-fbeb-4577-975a-db39c26f5872,ACCEPTED,2025-01-23T16:48:00,2025-01-23T16:55:00,2025-01-23T16:55:00,,2025-01-23T16:48:00
4b4d9eb9-7da5-4c6a-beea-c002463e1d91,5791cb36-4fb3-474e-a99b-45e0edbee41c,eda6ff35-1d22-4a35-b25d-3279ba02175c,ACCEPTED,2025-01-23T16:53:00,2025-01-23T16:57:00,2025-01-23T16:57:00,,2025-01-23T16:53:00
cc3b1009-7f5e-4186-bda6-10e43366dfab,4e153831-4387-4ac8-a98c-d4ce45e023aa,030d9e23-9b13-43d8-8711-c5c4d8470363,ACCEPTED,2025-01-23T18:04:00,2025-01-23T18:19:00,2025-01-23T18:19:00,,2025-01-23T18:04:00
57458f61-e494-43cd-8873-e67ab3fb1b8c,4e153831-4387-4ac8-a98c-d4ce45e023aa,e116edc5-9b26-4e7c-88d9-765a7676524f,MISSED,2025-01-23T18:09:00,,,,2025-01-23T18:09:00
171e35f0-a8ae-4a2f-b599-889cf0750736,8c228c78-c5cf-4393-8020-82bea0ff0d29,9af05ac7-06a8-49dd-abb8-7a4c2f508938,ACCEPTED,2025-01-23T21:27:00,2025-01-23T21:31:00,2025-01-23T21:31:00,,2025-01-23T21:27:00
dec64bfe-cfbf-46a3-864b-25e80f43d246,8c228c78-c5cf-4393-8020-82bea0ff0d29,67e602e6-39ad-4901-acb6-b01a84f70f34,MISSED,2025-01-23T21:28:00,,,,2025-01-23T21:28:00
dde6875b-8cf2-4a7c-8391-ddb3f6b8886d,8c228c78-c5cf-4393-8020-82bea0ff0d29,d86275ba-b1a0-4e6e-a363-d11e975f6df6,ACCEPTED,2025-01-23T21:28:00,2025-01-23T21:38:00,2025-01-23T21:38:00,,2025-01-23T21:28:00
ebba5fab-e97f-4a4d-97cc-a82710bf3377,8c228c78-c5cf-4393-8020-82bea0ff0d29,d34c976e-433f-4254-8ff9-9f722de3d7df,ACCEPTED,2025-01-23T21:30:00,2025-01-23T21:34:00,2025-01-23T21:34:00,,2025-01-23T21:30:00
4ef4d316-dbad-4172-aa9d-bac2dacf0a69,8c228c78-c5cf-4393-8020-82bea0ff0d29,cc823700-76b8-4614-9bae-555be744cc6e,ACCEPTED,2025-01-23T21:32:00,2025-01-23T21:43:00,2025-01-23T21:43:00,,2025-01-23T21:32:00
dec741a3-7445-47b4-9163-42310f8f3d76,31774fbe-4d25-4e00-9f19-785c00aa4548,c4fe67ef-e054-4697-9543-263f3f2dd3c7,ACCEPTED,2025-01-23T21:58:00,2025-01-23T22:12:00,2025-01-23T22:12:00,,2025-01-23T21:58:00
ca11cbf2-1cc2-466f-a92f-984ed834b180,31774fbe-4d25-4e00-9f19-785c00aa4548,d34c976e-433f-4254-8ff9-9f722de3d7df,MISSED,2025-01-23T22:01:00,,,,2025-01-23T22:01:00
9984007f-476f-4b1c-a3e0-b9e9bb6cf3f7,31774fbe-4d25-4e00-9f19-785c00aa4548,7fe949fd-61b1-475a-8c19-580e4b0b98a7,NO_RESPONSE,2025-01-23T22:01:00,,,,2025-01-23T22:01:00
d70bc20d-ca74-483b-b750-499dd6e089b2,31774fbe-4d25-4e00-9f19-785c00aa4548,b31f3223-35d1-446c-9991-79665d0b1ef3,ACCEPTED,2025-01-23T22:04:00,2025-01-23T22:14:00,2025-01-23T22:14:00,,2025-01-23T22:04:00
57646ff2-77ba-435c-a51d-07ac57bce3c6,31774fbe-4d25-4e00-9f19-785c00aa4548,f9c29be2-ddc0-4390-8bf7-68d4469a289f,ACCEPTED,2025-01-23T22:05:00,2025-01-23T22:07:00,2025-01-23T22:07:00,,2025-01-23T22:05:00
51c8690c-8c65-45ce-a8ca-8f40f0c14ea5,31774fbe-4d25-4e00-9f19-785c00aa4548,bc7ffdff-d62a-437c-9957-5c8739b97d73,COMPLETED,2025-01-23T22:07:00,2025-01-23T22:11:00,2025-01-23T22:11:00,2025-01-24T00:07:00,2025-01-23T22:07:00
de7decf0-a291-4bed-beb0-2b845662d5eb,8a60e006-3784-43b2-a4b5-76cf0573504b,ff447bf1-e688-4eb7-ba18-cdcef5b86e01,MISSED,2025-01-24T03:26:00,,,,2025-01-24T03:26:00
5f0008c4-73e2-4fba-b0cc-b41348d6b65d,8a60e006-3784-43b2-a4b5-76cf0573504b,3a844307-c065-40ea-b773-262c476a0e2a,EXPIRED,2025-01-24T03:27:00,,,,2025-01-24T03:27:00
cf3b8ced-4337-45e4-aeb7-57e1dd42a5fc,8a60e006-3784-43b2-a4b5-76cf0573504b,7874fffd-6a3d-4885-92ad-f115c4f7779f,NO_RESPONSE,2025-01-24T03:32:00,,,,2025-01-24T03:32:00
56b95bb2-fa5b-4d71-8a88-240be88ca9f7,8a60e006-3784-43b2-a4b5-76cf0573504b,cc823700-76b8-4614-9bae-555be744cc6e,NO_RESPONSE,2025-01-24T03:33:00,,,,2025-01-24T03:33:00
a572ce03-cb68-4d5a-b83e-d05efa13fe31,8a60e006-3784-43b2-a4b5-76cf0573504b,985ab403-ddfd-47f6-9b98-9ce2f7dcd16e,ACCEPTED,2025-01-24T03:35:00,2025-01-24T03:38:00,2025-01-24T03:38:00,,2025-01-24T03:35:00
a5e2bd2a-1ac6-4599-bd81-98ae84cf0be9,c11acdac-a841-4da4-aab5-84ac26040754,a12f0067-a0a7-4294-ae23-d9759cd6beb6,ACCEPTED,2025-01-24T10:56:00,2025-01-24T11:04:00,2025-01-24T11:04:00,,2025-01-24T10:56:00
10e2fa9f-b71a-4a89-be4b-ed606dcb4c3e,c11acdac-a841-4da4-aab5-84ac26040754,e154750f-17df-43f5-8c04-401ee73830f6,COMPLETED,2025-01-24T11:00:00,2025-01-24T11:10:00,2025-01-24T11:10:00,2025-01-24T13:00:00,2025-01-24T11:00:00
dbbbe697-0c62-4d4b-8adf-e8b9e261317f,15b72b96-deb0-40b3-9585-3dc652453c90,35c97ba1-3b93-4844-a896-f8caf863e1ad,ACCEPTED,2025-01-24T11:05:00,2025-01-24T11:12:00,2025-01-24T11:12:00,,2025-01-24T11:05:00
27b45e05-0186-4887-af20-ae47dfa36685,15b72b96-deb0-40b3-9585-3dc652453c90,265b1191-c474-4c10-b744-2accb997520e,COMPLETED,2025-01-24T11:08:00,2025-01-24T11:16:00,2025-01-24T11:16:00,2025-01-24T12:08:00,2025-01-24T11:08:00
9111de99-1ce7-4540-ad40-34c4ac463dfa,15b72b96-deb0-40b3-9585-3dc652453c90,ba654c1d-96a2-4ce2-96bf-a37bb05c6b58,ACCEPTED,2025-01-24T11:11:00,2025-01-24T11:13:00,2025-01-24T11:13:00,,2025-01-24T11:11:00
3a4f3a6b-bec4-425d-8c36-9cd8fef41e6b,4fb54958-f409-4883-9414-e32b135843d0,4ca593a6-6883-4ff4-b14b-a47593e71ecc,ACCEPTED,2025-01-24T11:13:00,2025-01-24T11:17:00,2025-01-24T11:17:00,,2025-01-24T11:13:00
250ae122-5b8d-40a6-b7bb-d674f4013b30,15b72b96-deb0-40b3-9585-3dc652453c90,ed86563a-268b-43b8-851a-f22f9296edc5,NO_RESPONSE,2025-01-24T11:14:00,,,,2025-01-24T11:14:00
c062f2ca-1098-4022-990d-8be370b9224f,15b72b96-deb0-40b3-9585-3dc652453c90,0409fca8-45c7-403f-8d31-663c4c640e47,COMPLETED,2025-01-24T11:14:00,2025-01-24T11:20:00,2025-01-24T11:20:00,2025-01-24T12:14:00,2025-01-24T11:14:00
d7d7a51c-1a56-4a61-b639-7370a2f0525c,4fb54958-f409-4883-9414-e32b135843d0,aa432f38-de85-46c8-ad80-6b3373671c95,ACCEPTED,2025-01-24T11:19:00,2025-01-24T11:31:00,2025-01-24T11:31:00,,2025-01-24T11:19:00
96fd76aa-671e-4c09-a21a-868c7c9e3daf,b36e376e-7f2f-432d-9b86-19b1f185cf43,53ed2f86-5a3a-4240-86cc-9f9f609bdea0,COMPLETED,2025-01-24T20:24:00,2025-01-24T20:29:00,2025-01-24T20:29:00,2025-01-24T23:24:00,2025-01-24T20:24:00
016862d0-815d-4889-85ec-91aa964dbe8d,b36e376e-7f2f-432d-9b86-19b1f185cf43,0c006a63-150c-4896-a935-e4015ce402d4,ACCEPTED,2025-01-24T20:26:00,2025-01-24T20:33:00,2025-01-24T20:33:00,,2025-01-24T20:26:00
1680b3ca-9c87-431c-92b2-844948da2801,b36e376e-7f2f-432d-9b86-19b1f185cf43,c4fe67ef-e054-4697-9543-263f3f2dd3c7,ACCEPTED,2025-01-24T20:27:00,2025-01-24T20:28:00,2025-01-24T20:28:00,,2025-01-24T20:27:00
310ffdd4-ebdf-4269-84fe-1462e5f161c9,b36e376e-7f2f-432d-9b86-19b1f185cf43,cd532bc0-2367-446e-8e57-68c7cd6101f6,NO_RESPONSE,2025-01-24T20:28:00,,,,2025-01-24T20:28:00
3bc74406-bd75-49f8-8b42-a2c3086ab552,b36e376e-7f2f-432d-9b86-19b1f185cf43,6750ba86-aaa8-423d-a650-9ae8bc37d902,ACCEPTED,2025-01-24T20:32:00,2025-01-24T20:44:00,2025-01-24T20:44:00,,2025-01-24T20:32:00
93f3e857-9196-4a99-9f73-7da759d07a4d,430ad002-5385-4688-9d69-60b4ee19535f,03eeb252-1e41-4f67-91f0-687b64393568,ACCEPTED,2025-01-24T21:40:00,2025-01-24T21:55:00,2025-01-24T21:55:00,,2025-01-24T21:40:00
2c2ec3f8-52c0-47d0-a76d-e5a0ef6ca532,430ad002-5385-4688-9d69-60b4ee19535f,19e65af6-da1e-4052-bf71-1659737f5cc7,COMPLETED,2025-01-24T21:41:00,2025-01-24T21:48:00,2025-01-24T21:48:00,2025-01-25T00:41:00,2025-01-24T21:41:00
61af043b-0c6c-4c41-bad8-d8c823d7cb4a,430ad002-5385-4688-9d69-60b4ee19535f,159de8a5-1159-4692-a1c7-d4ea1c848144,ACCEPTED,2025-01-24T21:42:00,2025-01-24T21:48:00,2025-01-24T21:48:00,,2025-01-24T21:42:00
d537d434-40cc-47f6-9f84-6963d79592e0,430ad002-5385-4688-9d69-60b4ee19535f,2b53fe55-2a72-4432-a6b9-13c5a851be2a,ACCEPTED,2025-01-24T21:43:00,2025-01-24T21:52:00,2025-01-24T21:52:00,,2025-01-24T21:43:00
3b4174c9-3049-4d5e-a18c-b18482c6864a,03b65357-cac1-455e-8138-34ef9d94db17,4adfcc20-75f4-424d-8645-1ab7b11ade80,ACCEPTED,2025-01-25T00:50:00,2025-01-25T01:05:00,2025-01-25T01:05:00,,2025-01-25T00:50:00
6929b6c1-1cf7-4b32-ac08-4ea389aa6a59,03b65357-cac1-455e-8138-34ef9d94db17,030d9e23-9b13-43d8-8711-c5c4d8470363,COMPLETED,2025-01-25T00:58:00,2025-01-25T00:59:00,2025-01-25T00:59:00,2025-01-25T01:58:00,2025-01-25T00:58:00
b0c01e50-c9da-4044-9089-99465228f1e2,03b65357-cac1-455e-8138-34ef9d94db17,9af05ac7-06a8-49dd-abb8-7a4c2f508938,NO_RESPONSE,2025-01-25T01:00:00,,,,2025-01-25T01:00:00
da450497-03b7-4aa3-b401-5b1a16bc36fe,03b65357-cac1-455e-8138-34ef9d94db17,29e49c87-bf5c-4e0a-844a-7ce3f4f2d13d,ACCEPTED,2025-01-25T01:02:00,2025-01-25T01:09:00,2025-01-25T01:09:00,,2025-01-25T01:02:00
ba7ffcdc-ff09-4a2e-9b43-8097b08b1f79,e6a613c4-be82-44ec-aed0-70afa6dd1c10,0b51ced4-84e3-45ad-a67a-de86af260d64,ACCEPTED,2025-01-25T08:56:00,2025-01-25T09:04:00,2025-01-25T09:04:00,,2025-01-25T08:56:00
b617d54f-8085-4ad3-846e-c1fd106ea42f,e6a613c4-be82-44ec-aed0-70afa6dd1c10,aa77487c-31e8-47c0-83d6-5c4fb9f9dc95,ACCEPTED,2025-01-25T09:01:00,2025-01-25T09:07:00,2025-01-25T09:07:00,,2025-01-25T09:01:00
bd927924-6c9e-40c5-afe8-92d37f0efec5,e6a613c4-be82-44ec-aed0-70afa6dd1c10,facc5b5b-c0fa-45e8-8b9d-e13559d60097,NO_RESPONSE,2025-01-25T09:02:00,,,,2025-01-25T09:02:00
6b4ac34a-6c0b-4b2a-93d4-220f80945143,e6a613c4-be82-44ec-aed0-70afa6dd1c10,54644cdc-6eb6-4ce1-ace4-1ba0ab1ae36a,NO_RESPONSE,2025-01-25T09:04:00,,,,2025-01-25T09:04:00
0369f1c0-b153-46ac-9301-3a4c6e1689f1,e6a613c4-be82-44ec-aed0-70afa6dd1c10,3b1c0630-6304-4f24-90a0-39e3fd579418,ACCEPTED,2025-01-25T09:04:00,2025-01-25T09:09:00,2025-01-25T09:09:00,,2025-01-25T09:04:00
d30adcd3-b00e-4717-88ee-d876e62a3515,e6a613c4-be82-44ec-aed0-70afa6dd1c10,ab824e7b-6c52-415c-9b45-3252ae8f2969,ACCEPTED,2025-01-25T09:06:00,2025-01-25T09:20:00,2025-01-25T09:20:00,,2025-01-25T09:06:00
39c8157b-0f52-4c40-ae55-26d6d6912ba0,e9c5f874-e97d-4796-8df5-0c9f77f153e9,03dd11aa-3bce-44bb-af81-d893187d3f9b,ACCEPTED,2025-01-25T10:16:00,2025-01-25T10:22:00,2025-01-25T10:22:00,,2025-01-25T10:16:00
64937fa1-df70-44f5-ac52-76c5aa0664c7,e9c5f874-e97d-4796-8df5-0c9f77f153e9,846be435-a2e1-4850-bad5-07de99099078,COMPLETED,2025-01-25T10:23:00,2025-01-25T10:36:00,2025-01-25T10:36:00,2025-01-25T11:23:00,2025-01-25T10:23:00
9cf55b91-9e27-41ec-b342-2e3bf195e01c,e9c5f874-e97d-4796-8df5-0c9f77f153e9,4ca593a6-6883-4ff4-b14b-a47593e71ecc,ACCEPTED,2025-01-25T10:25:00,2025-01-25T10:32:00,2025-01-25T10:32:00,,2025-01-25T10:25:00
c1d2d280-bb24-402f-a77b-89f352117ea2,e9c5f874-e97d-4796-8df5-0c9f77f153e9,2361c7a1-b851-4b64-97aa-0cf019d4b69d,ACCEPTED,2025-01-25T10:27:00,2025-01-25T10:40:00,2025-01-25T10:40:00,,2025-01-25T10:27:00
1432cf3e-4d85-4eab-9ffe-19cd199f258a,5e9ded7d-065c-4eb2-8ba3-a0e6f55fc81e,aed96858-5a79-4453-afc9-995064972c5b,NO_RESPONSE,2025-01-25T10:46:00,,,,2025-01-25T10:46:00
30e4405a-8ab9-4d5b-b5a0-ba2dddffdc71,5e9ded7d-065c-4eb2-8ba3-a0e6f55fc81e,75455c5a-fc28-4e12-ab1d-c5bf91975e07,COMPLETED,2025-01-25T10:56:00,2025-01-25T11:03:00,2025-01-25T11:03:00,2025-01-25T13:56:00,2025-01-25T10:56:00
c07b6c04-060c-4199-b175-1f227baf48f6,9c8a4c3f-3a40-41ee-98f8-8192bdc5042c,0409fca8-45c7-403f-8d31-663c4c640e47,COMPLETED,2025-01-25T12:21:00,2025-01-25T12:33:00,2025-01-25T12:33:00,2025-01-25T14:21:00,2025-01-25T12:21:00
dd68a8a1-9ad8-4656-a5b4-b01f2182f7d3,a5275a53-9530-4fe7-8182-f8bdd1a6ae12,6505256d-ee75-49c0-889a-900cd074daa4,COMPLETED,2025-01-25T12:25:00,2025-01-25T12:29:00,2025-01-25T12:29:00,2025-01-25T14:25:00,2025-01-25T12:25:00
a86d8aeb-266f-4a3d-9eab-fdb9a1119f72,9c8a4c3f-3a40-41ee-98f8-8192bdc5042c,b28c5ded-195b-4262-9bb7-b808a353150d,COMPLETED,2025-01-25T12:26:00,2025-01-25T12:36:00,2025-01-25T12:36:00,2025-01-25T13:26:00,2025-01-25T12:26:00
e8eb3cf8-bfa4-430a-b49b-274c0651bed2,9c8a4c3f-3a40-41ee-98f8-8192bdc5042c,19cad05e-ae8b-4d86-b026-69fbb73b2e76,ACCEPTED,2025-01-25T12:28:00,2025-01-25T12:43:00,2025-01-25T12:43:00,,2025-01-25T12:28:00
17d37801-2bc1-4c8b-9d64-d4db6929fb70,a5275a53-9530-4fe7-8182-f8bdd1a6ae12,1191fc52-63be-4740-bba1-06592a0f8eb5,ACCEPTED,2025-01-25T12:31:00,2025-01-25T12:32:00,2025-01-25T12:32:00,,2025-01-25T12:31:00
2f33bb12-2d41-4b1c-927b-5f42eb296339,a5275a53-9530-4fe7-8182-f8bdd1a6ae12,bf8e736f-22d8-4087-bff3-6507e937c56f,ACCEPTED,2025-01-25T12:32:00,2025-01-25T12:43:00,2025-01-25T12:43:00,,2025-01-25T12:32:00
80d6c353-c250-4401-bd26-9bb9a215eb65,a5275a53-9530-4fe7-8182-f8bdd1a6ae12,992a9f5e-edc4-40f0-b76a-3f29c20d5618,EXPIRED,2025-01-25T12:33:00,,,,2025-01-25T12:33:00
ba73d1e6-451d-49f9-b424-463076d7ed1f,a5275a53-9530-4fe7-8182-f8bdd1a6ae12,c9e3038e-7436-4df3-9f2a-fc2746763273,NO_RESPONSE,2025-01-25T12:35:00,,,,2025-01-25T12:35:00
ef705c9d-cd7b-48e0-9a8b-279260fa61ba,6cb7f73a-e3d4-41b6-ad54-07b55f983a98,bbaea4a2-227b-4e8f-9f8b-61615adfff9f,ACCEPTED,2025-01-25T14:30:00,2025-01-25T14:36:00,2025-01-25T14:36:00,,2025-01-25T14:30:00
075aa686-c8e9-4c3f-99ae-f320ecf61369,6cb7f73a-e3d4-41b6-ad54-07b55f983a98,29e49c87-bf5c-4e0a-844a-7ce3f4f2d13d,ACCEPTED,2025-01-25T14:35:00,2025-01-25T14:47:00,2025-01-25T14:47:00,,2025-01-25T14:35:00
cd3e7649-cff3-4313-b308-972807ad612b,6cb7f73a-e3d4-41b6-ad54-07b55f983a98,6750ba86-aaa8-423d-a650-9ae8bc37d902,ACCEPTED,2025-01-25T14:38:00,2025-01-25T14:44:00,2025-01-25T14:44:00,,2025-01-25T14:38:00
88928754-9615-4481-981e-590ccfed9c2e,5486344c-e9ca-454a-89bb-93f8eca91317,82f273c1-a6d9-473e-b339-93f7a0379a64,COMPLETED,2025-01-25T15:57:00,2025-01-25T16:00:00,2025-01-25T16:00:00,2025-01-25T18:57:00,2025-01-25T15:57:00
12c64267-ed8f-42c2-8ea3-9464ab9cf0ef,5486344c-e9ca-454a-89bb-93f8eca91317,553294c5-4565-4d5a-a069-6e8126905be4,NO_RESPONSE,2025-01-25T15:57:00,,,,2025-01-25T15:57:00
dcd8551d-0834-4458-bcfb-d73cb8a46f03,5486344c-e9ca-454a-89bb-93f8eca91317,c2a90a3b-30e9-4457-987f-0a655b5556d2,COMPLETED,2025-01-25T16:00:00,2025-01-25T16:08:00,2025-01-25T16:08:00,2025-01-25T19:00:00,2025-01-25T16:00:00
3ce8bfef-df13-475b-abae-80bd2e9c68cc,5486344c-e9ca-454a-89bb-93f8eca91317,ac4e88c1-0595-40f7-bf14-b77ad397e5dd,NO_RESPONSE,2025-01-25T16:03:00,,,,2025-01-25T16:03:00
a1dfe887-5b90-43a5-89e2-ba9a80931156,6ba752f2-2c79-4306-894e-8c1e332575c9,11e977ea-77b0-4be7-a600-4b4895750d3e,ACCEPTED,2025-01-25T16:10:00,2025-01-25T16:25:00,2025-01-25T16:25:00,,2025-01-25T16:10:00
18126973-006a-4eb1-9f32-5804c265afe0,6ba752f2-2c79-4306-894e-8c1e332575c9,e30fd279-849b-4132-8b55-debf0747d8c4,ACCEPTED,2025-01-25T16:17:00,2025-01-25T16:25:00,2025-01-25T16:25:00,,2025-01-25T16:17:00
5e6d96db-12c4-4590-bc02-724e58522f5c,6ba752f2-2c79-4306-894e-8c1e332575c9,fffc883c-1676-4f1c-b98e-5562be4b53e2,NO_RESPONSE,2025-01-25T16:18:00,,,,2025-01-25T16:18:00
e72b1df1-0a35-4e7d-970f-a7c1cb6fdcf9,6ba752f2-2c79-4306-894e-8c1e332575c9,46c4620d-f466-43aa-86c4-b6bea05d529d,ACCEPTED,2025-01-25T16:18:00,2025-01-25T16:20:00,2025-01-25T16:20:00,,2025-01-25T16:18:00
09115e37-272d-4070-9038-20900c645a46,41566cb7-6bee-4f6c-9040-47abbab1e1fd,439e88c8-d95f-4954-bd8f-aec912f08cc1,ACCEPTED,2025-01-25T23:19:00,2025-01-25T23:32:00,2025-01-25T23:32:00,,2025-01-25T23:19:00
4771715a-a0ce-4448-87b1-c1a9dd68bad0,41566cb7-6bee-4f6c-9040-47abbab1e1fd,f6612e9b-17e3-4407-bad5-87d18f75c172,COMPLETED,2025-01-25T23:22:00,2025-01-25T23:31:00,2025-01-25T23:31:00,2025-01-26T01:22:00,2025-01-25T23:22:00
857e954c-4895-45ff-b548-88db6ae6f899,41566cb7-6bee-4f6c-9040-47abbab1e1fd,7724d47c-dcf0-4aba-a2e1-ec51d9d4eef2,ACCEPTED,2025-01-25T23:28:00,2025-01-25T23:36:00,2025-01-25T23:36:00,,2025-01-25T23:28:00
e6e53d2b-df81-4c82-9a70-e988e43212a0,41566cb7-6bee-4f6c-9040-47abbab1e1fd,0163ca09-1636-4809-8246-282d82afd3a3,DECLINED,2025-01-25T23:29:00,2025-01-25T23:42:00,,,2025-01-25T23:29:00
236ae94e-d9d6-4fe9-bf00-0bc759bfeac2,970862ff-f987-427b-bf99-b0b43f40b807,a2c7df0e-ef10-4dcc-aaed-b693b2b5db03,EXPIRED,2025-01-26T03:56:00,,,,2025-01-26T03:56:00
a379a671-e202-41a5-add3-e6d906009b11,970862ff-f987-427b-bf99-b0b43f40b807,846be435-a2e1-4850-bad5-07de99099078,ACCEPTED,2025-01-26T03:57:00,2025-01-26T04:08:00,2025-01-26T04:08:00,,2025-01-26T03:57:00
0569d9d6-b9a9-48ba-bdaf-32423ab28937,970862ff-f987-427b-bf99-b0b43f40b807,866f151d-9b2b-4c13-9341-f46f866efb61,ACCEPTED,2025-01-26T03:59:00,2025-01-26T04:11:00,2025-01-26T04:11:00,,2025-01-26T03:59:00
9a39fcdc-e4f1-4786-8eea-d8d94b44d566,970862ff-f987-427b-bf99-b0b43f40b807,73461d9a-b17a-4f20-a132-39ca2f8c91ed,ACCEPTED,2025-01-26T04:02:00,2025-01-26T04:04:00,2025-01-26T04:04:00,,2025-01-26T04:02:00
84bc01c7-f230-4053-93f2-5eeef9ac2a4f,970862ff-f987-427b-bf99-b0b43f40b807,57d21420-eb05-457e-8d19-6289775c7ce5,MISSED,2025-01-26T04:06:00,,,,2025-01-26T04:06:00
0ee51c89-7731-484f-a458-73dbf1cf9543,20736b65-eae2-44d6-8ec0-01b0198b1a98,2c4d68b2-c9d6-4244-9ac3-ce7b208c9147,ACCEPTED,2025-01-26T04:19:00,2025-01-26T04:20:00,2025-01-26T04:20:00,,2025-01-26T04:19:00
5ce44bf9-ca0d-4c6c-97fe-c45d283fe4b8,20736b65-eae2-44d6-8ec0-01b0198b1a98,00924f36-733f-4345-a507-751101551a9c,COMPLETED,2025-01-26T04:21:00,2025-01-26T04:27:00,2025-01-26T04:27:00,2025-01-26T07:21:00,2025-01-26T04:21:00
03444790-f693-4673-89e7-966f4a8bbd14,20736b65-eae2-44d6-8ec0-01b0198b1a98,e10f8499-9444-4031-828d-33425d7476a6,ACCEPTED,2025-01-26T04:26:00,2025-01-26T04:30:00,2025-01-26T04:30:00,,2025-01-26T04:26:00
f74b83c7-b41d-4f14-8986-074076c6af4a,20736b65-eae2-44d6-8ec0-01b0198b1a98,a12f0067-a0a7-4294-ae23-d9759cd6beb6,EXPIRED,2025-01-26T04:29:00,,,,2025-01-26T04:29:00
0e872cab-1128-4261-9812-abe997d81d39,481d1e57-2d88-4caa-82a7-cb7c11f8cf42,02fee361-2aed-4d3b-a7f5-6649d00e35ff,COMPLETED,2025-01-26T05:56:00,2025-01-26T06:05:00,2025-01-26T06:05:00,2025-01-26T08:56:00,2025-01-26T05:56:00
8ae00a57-00a5-452e-816f-5bbdf69cd3e5,481d1e57-2d88-4caa-82a7-cb7c11f8cf42,d6b5ae43-d86a-4b5f-abd6-b4e06091ee44,COMPLETED,2025-01-26T05:57:00,2025-01-26T06:06:00,2025-01-26T06:06:00,2025-01-26T07:57:00,2025-01-26T05:57:00
2b2613f0-a45a-4e0e-9f39-ae9a41654fb6,481d1e57-2d88-4caa-82a7-cb7c11f8cf42,8e9081d8-32bc-44c1-9c03-cec99543a8c8,ACCEPTED,2025-01-26T05:58:00,2025-01-26T06:11:00,2025-01-26T06:11:00,,2025-01-26T05:58:00
f3da059e-8fda-4b1f-a7c0-fed15ae3a6ae,481d1e57-2d88-4caa-82a7-cb7c11f8cf42,0f0a17e5-ee39-4b55-89bf-da47d9347eab,DECLINED,2025-01-26T06:00:00,2025-01-26T06:16:00,,,2025-01-26T06:00:00
1e89ee64-506e-4924-bd25-dc2be44d5543,481d1e57-2d88-4caa-82a7-cb7c11f8cf42,2fe42234-9f74-4aa2-8d63-a0c3cf398172,ACCEPTED,2025-01-26T06:03:00,2025-01-26T06:16:00,2025-01-26T06:16:00,,2025-01-26T06:03:00
5986c146-5e3e-4415-93f1-2e0523fa4d12,481d1e57-2d88-4caa-82a7-cb7c11f8cf42,a1aa727a-9750-4916-9300-dd333ae653cc,ACCEPTED,2025-01-26T06:07:00,2025-01-26T06:10:00,2025-01-26T06:10:00,,2025-01-26T06:07:00
7a679f7a-0dbc-463d-ba91-2e66870a3917,c55aff68-a49c-4fdc-9ee1-74505dacf71b,3b128aa7-53a1-48cc-ba33-cd0df14eac90,COMPLETED,2025-01-26T12:37:00,2025-01-26T12:41:00,2025-01-26T12:41:00,2025-01-26T15:37:00,2025-01-26T12:37:00
aec22524-3006-4901-b14e-99791db928c3,c55aff68-a49c-4fdc-9ee1-74505dacf71b,5363b68d-8ce8-4929-9246-6d22798f9caf,ACCEPTED,2025-01-26T12:45:00,2025-01-26T12:48:00,2025-01-26T12:48:00,,2025-01-26T12:45:00
57e37f6d-f8ca-4558-8165-8fea5d4c45fe,c55aff68-a49c-4fdc-9ee1-74505dacf71b,4cad0555-38c1-454b-8686-939facccb986,COMPLETED,2025-01-26T12:48:00,2025-01-26T12:52:00,2025-01-26T12:52:00,2025-01-26T15:48:00,2025-01-26T12:48:00
f45f8cbf-f6f4-4ff3-8b13-add41f258f44,c55aff68-a49c-4fdc-9ee1-74505dacf71b,4b4303f9-d680-4320-80ac-0fc7377998df,MISSED,2025-01-26T12:50:00,,,,2025-01-26T12:50:00
960a3a02-1d75-4610-986e-0b190d125d5c,f055db90-8a35-4f41-a8a0-b45169b6159a,3f72d86e-c11c-497f-b6d0-5f2e08b013cd,ACCEPTED,2025-01-26T15:29:00,2025-01-26T15:43:00,2025-01-26T15:43:00,,2025-01-26T15:29:00
5f54e3da-6e77-4940-9405-9928218a9f19,f055db90-8a35-4f41-a8a0-b45169b6159a,2c1091c3-2c2e-4305-8524-f2651ddbea75,EXPIRED,2025-01-26T15:32:00,,,,2025-01-26T15:32:00
ef7ebe67-7f82-4cf7-9bc1-610d17557336,d3a412a4-1617-48eb-b603-6402cfc51362,03eeb252-1e41-4f67-91f0-687b64393568,ACCEPTED,2025-01-26T17:05:00,2025-01-26T17:16:00,2025-01-26T17:16:00,,2025-01-26T17:05:00
8e5769d6-6834-4d14-8248-fc60c7fa3504,d3a412a4-1617-48eb-b603-6402cfc51362,0bd74d79-c6ed-4e86-a612-e698b486ec29,ACCEPTED,2025-01-26T17:07:00,2025-01-26T17:16:00,2025-01-26T17:16:00,,2025-01-26T17:07:00
98826684-b3ae-44a8-b8db-57ffe9f7fe18,ea48e52d-91f6-4f54-b2a7-b393ec46130d,626cbf28-4c14-4dc1-a51b-9a94ba59000e,EXPIRED,2025-01-26T23:36:00,,,,2025-01-26T23:36:00
795139e9-f3b4-4837-a40a-4f9257d66ead,ea48e52d-91f6-4f54-b2a7-b393ec46130d,bfe8f73a-9210-4c1c-b628-3cea7b8977ae,EXPIRED,2025-01-26T23:40:00,,,,2025-01-26T23:40:00
7f5bd4e4-79da-43d9-b50e-e59de09b9913,ea48e52d-91f6-4f54-b2a7-b393ec46130d,f2f92179-5d28-4944-970e-4735cb6d6a92,ACCEPTED,2025-01-26T23:41:00,2025-01-26T23:50:00,2025-01-26T23:50:00,,2025-01-26T23:41:00
cce05c52-9d89-4067-b785-a76e22b5198f,ea48e52d-91f6-4f54-b2a7-b393ec46130d,265b1191-c474-4c10-b744-2accb997520e,ACCEPTED,2025-01-26T23:44:00,2025-01-26T23:56:00,2025-01-26T23:56:00,,2025-01-26T23:44:00
7e4457e3-71e6-421a-835a-864d5c650b56,f8bbe59b-30b3-4e9f-9eb5-c896a441ffae,1d67536a-01f8-430f-8e5d-331ea756ad1c,ACCEPTED,2025-01-27T01:53:00,2025-01-27T02:01:00,2025-01-27T02:01:00,,2025-01-27T01:53:00
6d9a104b-a4cf-4d57-b994-079466263e0a,f8bbe59b-30b3-4e9f-9eb5-c896a441ffae,ef2b35e1-aedc-4a84-a9b0-5f90c4eca927,EXPIRED,2025-01-27T01:56:00,,,,2025-01-27T01:56:00
606d39e1-eca4-46b1-99b0-f512a64d8589,2c09f623-7de7-410d-802c-f2fd1d61d3e7,979e4feb-883b-4b84-a316-add5625c20c0,COMPLETED,2025-01-27T02:33:00,2025-01-27T02:45:00,2025-01-27T02:45:00,2025-01-27T05:33:00,2025-01-27T02:33:00
d79e5ce8-d4d5-438f-8f1f-7d5509a265cb,2c09f623-7de7-410d-802c-f2fd1d61d3e7,b16f7848-a2a4-4c2c-8a3b-0bf76ecdf857,ACCEPTED,2025-01-27T02:33:00,2025-01-27T02:48:00,2025-01-27T02:48:00,,2025-01-27T02:33:00
54c8a2cc-836e-4952-8c15-574816a90ef8,2c09f623-7de7-410d-802c-f2fd1d61d3e7,d2fbf799-2a03-4408-8c26-4fc239c5d4fc,ACCEPTED,2025-01-27T02:33:00,2025-01-27T02:41:00,2025-01-27T02:41:00,,2025-01-27T02:33:00
31aa80d9-63dd-42b7-a1c2-0195f9d410ce,2c09f623-7de7-410d-802c-f2fd1d61d3e7,03eeb252-1e41-4f67-91f0-687b64393568,COMPLETED,2025-01-27T02:33:00,2025-01-27T02:42:00,2025-01-27T02:42:00,2025-01-27T05:33:00,2025-01-27T02:33:00
e55c1eac-e2e5-4ce9-b4aa-dd4fba9f4baa,2c09f623-7de7-410d-802c-f2fd1d61d3e7,7689a61a-5823-4dd9-8e3c-29c2d4415219,ACCEPTED,2025-01-27T02:35:00,2025-01-27T02:43:00,2025-01-27T02:43:00,,2025-01-27T02:35:00
5a9104d8-60bc-44ca-ab3b-390d6e719d85,2c09f623-7de7-410d-802c-f2fd1d61d3e7,fe02ea3a-03d9-4d57-94a7-47e4a11e404f,COMPLETED,2025-01-27T02:35:00,2025-01-27T02:37:00,2025-01-27T02:37:00,2025-01-27T03:35:00,2025-01-27T02:35:00
105e8002-88dd-4c47-9b0c-be7a072eefbc,2811d748-4b87-485a-818b-fb0741497d60,eda6ff35-1d22-4a35-b25d-3279ba02175c,EXPIRED,2025-01-27T03:39:00,,,,2025-01-27T03:39:00
dfb2cd54-58e7-4b57-8757-16dddcf983be,2811d748-4b87-485a-818b-fb0741497d60,12fc0202-67a8-417a-a936-b348c6432014,MISSED,2025-01-27T03:40:00,,,,2025-01-27T03:40:00
9f7f3d38-b0db-4772-9100-33fd75a9d477,2811d748-4b87-485a-818b-fb0741497d60,2fc6a399-7cab-4c0f-b2eb-9ae8bc2e8ef3,NO_RESPONSE,2025-01-27T03:43:00,,,,2025-01-27T03:43:00
727c7498-73f6-4881-a2c2-58bd4a900664,8978a7ec-48fb-4bae-b37c-fa540747d248,02fee361-2aed-4d3b-a7f5-6649d00e35ff,MISSED,2025-01-27T04:53:00,,,,2025-01-27T04:53:00
c409ef63-30e2-4fe0-a69e-dbe9c086a5a4,8978a7ec-48fb-4bae-b37c-fa540747d248,2bc00f4d-1415-492e-ab45-855a39d62175,COMPLETED,2025-01-27T04:57:00,2025-01-27T05:09:00,2025-01-27T05:09:00,2025-01-27T05:57:00,2025-01-27T04:57:00
0f37635a-d4a5-47ad-835b-7c72b65add0a,1f9593ba-a436-4d11-93db-57bd305d4c6a,254d3521-ee04-45e3-b379-b02a667ace0c,COMPLETED,2025-01-27T06:38:00,2025-01-27T06:42:00,2025-01-27T06:42:00,2025-01-27T08:38:00,2025-01-27T06:38:00
aac87134-aa8a-48db-8157-ddc0673dd700,1f9593ba-a436-4d11-93db-57bd305d4c6a,003d6f49-5fb1-4dd6-a54d-b1bc078eb57e,DECLINED,2025-01-27T06:44:00,2025-01-27T07:03:00,,,2025-01-27T06:44:00
46448d6a-f240-4bdd-b8fa-03fee30b5d8b,1f9593ba-a436-4d11-93db-57bd305d4c6a,866f151d-9b2b-4c13-9341-f46f866efb61,ACCEPTED,2025-01-27T06:46:00,2025-01-27T06:50:00,2025-01-27T06:50:00,,2025-01-27T06:46:00
775ffcdb-e605-486d-8544-7002b0ecd134,0a2f7cf1-3625-4639-b2d6-c3d8c2a3298e,4076050c-ef30-4ae6-9a40-cdcec3cb6dd8,ACCEPTED,2025-01-27T07:13:00,2025-01-27T07:28:00,2025-01-27T07:28:00,,2025-01-27T07:13:00
794c25a6-e2db-4b48-8443-11b00f4e228c,0a2f7cf1-3625-4639-b2d6-c3d8c2a3298e,5ed79810-0c9b-4377-870c-58916ee465a7,MISSED,2025-01-27T07:14:00,,,,2025-01-27T07:14:00
843b0d56-d4ba-49c7-8e34-11669299fdea,0a2f7cf1-3625-4639-b2d6-c3d8c2a3298e,20f6053d-1512-49be-a186-de29bf5ec234,ACCEPTED,2025-01-27T07:15:00,2025-01-27T07:26:00,2025-01-27T07:26:00,,2025-01-27T07:15:00
a6df3358-25ac-4cfd-addd-8eaebd9fe7a7,0a2f7cf1-3625-4639-b2d6-c3d8c2a3298e,6fe6108b-0137-4ed4-bb54-e1ed13a743e9,ACCEPTED,2025-01-27T07:16:00,2025-01-27T07:17:00,2025-01-27T07:17:00,,2025-01-27T07:16:00
a2a8d128-4fa8-4a54-b3f3-3011333f3ed9,0a2f7cf1-3625-4639-b2d6-c3d8c2a3298e,a1bc2676-aad3-49f3-9131-e812c904d689,NO_RESPONSE,2025-01-27T07:19:00,,,,2025-01-27T07:19:00
b6d18a7e-17fd-4562-a087-0d0d0b41fcec,629aa196-5bfe-4730-ae80-435f4c4c49a0,1ee3aa44-6749-4c32-9bfe-c3306275fe48,COMPLETED,2025-01-27T08:06:00,2025-01-27T08:11:00,2025-01-27T08:11:00,2025-01-27T10:06:00,2025-01-27T08:06:00
89ada002-b3da-49d1-b360-d318e3d1ae81,629aa196-5bfe-4730-ae80-435f4c4c49a0,15e8b88b-3071-48e6-b989-88d3d4c35e68,ACCEPTED,2025-01-27T08:10:00,2025-01-27T08:13:00,2025-01-27T08:13:00,,2025-01-27T08:10:00
591c5b7a-42e3-44cb-8e4d-8eb7a06b546d,629aa196-5bfe-4730-ae80-435f4c4c49a0,606e67ca-9ccf-47a9-951e-95c0bc77f20d,ACCEPTED,2025-01-27T08:11:00,2025-01-27T08:22:00,2025-01-27T08:22:00,,2025-01-27T08:11:00
b4499687-2fa7-4b9f-b2b4-5721cd79057a,629aa196-5bfe-4730-ae80-435f4c4c49a0,83d13c8e-fd29-4343-bf35-4497b673a39d,ACCEPTED,2025-01-27T08:19:00,2025-01-27T08:28:00,2025-01-27T08:28:00,,2025-01-27T08:19:00
47badfdd-dc3e-4098-90d2-40e98d96e817,20032c01-5191-42f8-956f-2d9337514573,cd532bc0-2367-446e-8e57-68c7cd6101f6,COMPLETED,2025-01-27T09:00:00,2025-01-27T09:14:00,2025-01-27T09:14:00,2025-01-27T11:00:00,2025-01-27T09:00:00
f6156ba6-5137-4c9f-b5d6-2c504456ae3a,20032c01-5191-42f8-956f-2d9337514573,846be435-a2e1-4850-bad5-07de99099078,ACCEPTED,2025-01-27T09:05:00,2025-01-27T09:08:00,2025-01-27T09:08:00,,2025-01-27T09:05:00
8e160e18-64ba-4936-b894-14e39644fc5a,20032c01-5191-42f8-956f-2d9337514573,8149a5a0-b1e9-4bb0-a980-b7f5bdcb02a4,ACCEPTED,2025-01-27T09:08:00,2025-01-27T09:09:00,2025-01-27T09:09:00,,2025-01-27T09:08:00
4164bc6e-c935-4eac-8a4e-c98c9286fa97,20032c01-5191-42f8-956f-2d9337514573,7f3eb456-b77d-4612-a975-16e81b7af215,ACCEPTED,2025-01-27T09:08:00,2025-01-27T09:13:00,2025-01-27T09:13:00,,2025-01-27T09:08:00
5646b158-476a-4bb6-ae0a-9318def66b2d,f4f84600-53d9-4e05-85c4-18849422a6eb,4e738475-88e6-4df8-90b2-45dacfb7c6e2,ACCEPTED,2025-01-27T09:46:00,2025-01-27T09:57:00,2025-01-27T09:57:00,,2025-01-27T09:46:00
0870269d-9a5f-4cd9-ab0e-d2550f99d28f,f4f84600-53d9-4e05-85c4-18849422a6eb,030d9e23-9b13-43d8-8711-c5c4d8470363,ACCEPTED,2025-01-27T09:47:00,2025-01-27T09:52:00,2025-01-27T09:52:00,,2025-01-27T09:47:00
afe39c5a-d554-4a89-83b7-3601ff5d07fe,f4f84600-53d9-4e05-85c4-18849422a6eb,bc7ffdff-d62a-437c-9957-5c8739b97d73,ACCEPTED,2025-01-27T09:57:00,2025-01-27T10:08:00,2025-01-27T10:08:00,,2025-01-27T09:57:00
39024d75-a69b-4001-905b-f020449d716d,f4f84600-53d9-4e05-85c4-18849422a6eb,78548b9a-a9e8-46f5-9d4b-45f2377b352b,ACCEPTED,2025-01-27T09:57:00,2025-01-27T10:08:00,2025-01-27T10:08:00,,2025-01-27T09:57:00
a5c5f61f-e104-432d-b925-171936e8e371,e063b964-756e-461f-964c-329c7fac0a44,18663a26-c010-4e4e-8471-6194347da84d,ACCEPTED,2025-01-27T13:12:00,2025-01-27T13:15:00,2025-01-27T13:15:00,,2025-01-27T13:12:00
790e55d7-62b3-41b9-ba99-3c15842df13f,e063b964-756e-461f-964c-329c7fac0a44,ed86563a-268b-43b8-851a-f22f9296edc5,ACCEPTED,2025-01-27T13:24:00,2025-01-27T13:33:00,2025-01-27T13:33:00,,2025-01-27T13:24:00
9cebeabb-5735-4e57-831c-9635d7c70387,e063b964-756e-461f-964c-329c7fac0a44,8aadad3e-4591-4c88-a738-78b84530fbda,COMPLETED,2025-01-27T13:25:00,2025-01-27T13:36:00,2025-01-27T13:36:00,2025-01-27T15:25:00,2025-01-27T13:25:00
ae8a3ffb-3d5d-48f7-820e-31f00c96a5ed,d2c71720-7813-4482-8d1d-bc561def93c8,35a960a1-e1aa-45db-8043-5650f7e73b8c,NO_RESPONSE,2025-01-27T20:25:00,,,,2025-01-27T20:25:00
0cf596e8-f4ad-4371-9401-cfaca24342b4,d2c71720-7813-4482-8d1d-bc561def93c8,7ce3dda1-de53-4002-8f7b-0cd22da8ea06,ACCEPTED,2025-01-27T20:30:00,2025-01-27T20:38:00,2025-01-27T20:38:00,,2025-01-27T20:30:00
f0a5f1a1-0e50-40a1-8e4c-9278d643b454,d2c71720-7813-4482-8d1d-bc561def93c8,eeafa879-969e-4fb1-b5cc-4bb4d3216e00,COMPLETED,2025-01-27T20:30:00,2025-01-27T20:41:00,2025-01-27T20:41:00,2025-01-27T23:30:00,2025-01-27T20:30:00
f0aeba18-cd93-4833-87c4-5f96a3edea29,d2c71720-7813-4482-8d1d-bc561def93c8,18425d44-6ba9-45d1-a297-f3778d4b10e7,ACCEPTED,2025-01-27T20:33:00,2025-01-27T20:34:00,2025-01-27T20:34:00,,2025-01-27T20:33:00
7f7f6d80-e963-4adf-898f-b10abddd34cd,d2c71720-7813-4482-8d1d-bc561def93c8,088b5742-8640-45a5-9823-8486f1015782,COMPLETED,2025-01-27T20:36:00,2025-01-27T20:49:00,2025-01-27T20:49:00,2025-01-27T21:36:00,2025-01-27T20:36:00
23d6d31b-9cfb-4ac4-8ae9-5f5396a9a200,51097f9b-b3a3-4b4c-97db-57792bde2f3f,27f63174-92e0-4ec5-a8d6-df307aa20f3b,COMPLETED,2025-01-27T21:47:00,2025-01-27T22:01:00,2025-01-27T22:01:00,2025-01-27T22:47:00,2025-01-27T21:47:00
5d459fb2-c741-4c5d-9eff-cce35394d017,51097f9b-b3a3-4b4c-97db-57792bde2f3f,ad71dc4d-d139-444d-a8ee-c755441c0f54,COMPLETED,2025-01-27T21:48:00,2025-01-27T22:03:00,2025-01-27T22:03:00,2025-01-28T00:48:00,2025-01-27T21:48:00
7f32d1b2-b57a-44e1-af92-4e4a6c09d2d7,51097f9b-b3a3-4b4c-97db-57792bde2f3f,664b1167-88df-4fdd-afcb-3e9296fb4ad6,COMPLETED,2025-01-27T21:51:00,2025-01-27T21:54:00,2025-01-27T21:54:00,2025-01-27T23:51:00,2025-01-27T21:51:00
4383f5e9-53d6-4251-8a8e-404ddf9386f5,51097f9b-b3a3-4b4c-97db-57792bde2f3f,20f6053d-1512-49be-a186-de29bf5ec234,ACCEPTED,2025-01-27T21:56:00,2025-01-27T22:02:00,2025-01-27T22:02:00,,2025-01-27T21:56:00
26556b7c-2c11-43de-a365-0efa5673b5e5,d4b802eb-c664-43db-86ae-8b9948a5f755,14dd9b4c-5ebc-4843-9f14-a7de9f6c0f44,ACCEPTED,2025-01-28T00:29:00,2025-01-28T00:32:00,2025-01-28T00:32:00,,2025-01-28T00:29:00
ae5c57e9-9d39-45b3-a6e4-8973ac4bd946,d4b802eb-c664-43db-86ae-8b9948a5f755,ab6072b4-0254-40d6-8861-f0f1506fcbb7,ACCEPTED,2025-01-28T00:31:00,2025-01-28T00:43:00,2025-01-28T00:43:00,,2025-01-28T00:31:00
f68309ea-d207-4545-b1c8-805a8501e539,6a5f7de2-a8ac-464f-999a-f63eed50c83b,2ef47c0b-e8fe-448b-93ff-36c85588d2fd,COMPLETED,2025-01-28T06:30:00,2025-01-28T06:43:00,2025-01-28T06:43:00,2025-01-28T09:30:00,2025-01-28T06:30:00
7abcff1e-7030-4d46-ada4-8bc5cce7cc19,6a5f7de2-a8ac-464f-999a-f63eed50c83b,836f20e8-ac46-4599-a783-92f86ea182c4,ACCEPTED,2025-01-28T06:30:00,2025-01-28T06:35:00,2025-01-28T06:35:00,,2025-01-28T06:30:00
c7074f3e-223c-43b7-b645-8d59d034accc,6a5f7de2-a8ac-464f-999a-f63eed50c83b,03dd11aa-3bce-44bb-af81-d893187d3f9b,ACCEPTED,2025-01-28T06:38:00,2025-01-28T06:52:00,2025-01-28T06:52:00,,2025-01-28T06:38:00
07a54f97-091b-411e-91a3-5298658f21e2,295908fb-f40a-4f74-af35-86dd444c0f2c,d346ac11-9b08-4a8a-b887-845a17ae7266,COMPLETED,2025-01-28T06:55:00,2025-01-28T07:08:00,2025-01-28T07:08:00,2025-01-28T07:55:00,2025-01-28T06:55:00
4ae6bbd1-6a7c-4673-88a7-43e7d6e510ca,295908fb-f40a-4f74-af35-86dd444c0f2c,5b144804-32b7-4e82-9f3c-1b20f6f52721,ACCEPTED,2025-01-28T07:02:00,2025-01-28T07:13:00,2025-01-28T07:13:00,,2025-01-28T07:02:00
51276f42-498c-4b02-b9e8-e6e9428d4375,295908fb-f40a-4f74-af35-86dd444c0f2c,877380d4-dd5d-4104-83fc-bdf86e194c54,ACCEPTED,2025-01-28T07:03:00,2025-01-28T07:17:00,2025-01-28T07:17:00,,2025-01-28T07:03:00
d1012a87-7ce0-4385-b03f-bad43c11a27b,295908fb-f40a-4f74-af35-86dd444c0f2c,64333604-4c8c-43e1-a6e9-7c4582414c02,COMPLETED,2025-01-28T07:06:00,2025-01-28T07:21:00,2025-01-28T07:21:00,2025-01-28T09:06:00,2025-01-28T07:06:00
1c3ad3e4-a37e-47fa-80e7-d6133bda2c9d,295908fb-f40a-4f74-af35-86dd444c0f2c,1165e327-489d-430a-9be8-467e1efd789d,COMPLETED,2025-01-28T07:07:00,2025-01-28T07:10:00,2025-01-28T07:10:00,2025-01-28T09:07:00,2025-01-28T07:07:00
2bd375de-32e7-4c08-a5c7-d8918dceec95,4102d6b3-dcd7-4a70-9a28-37355fe361d5,7724d47c-dcf0-4aba-a2e1-ec51d9d4eef2,MISSED,2025-01-28T16:00:00,,,,2025-01-28T16:00:00
e5523cff-cdb2-4180-bb05-e5513df8afa7,4102d6b3-dcd7-4a70-9a28-37355fe361d5,ba0652ab-674d-480e-b23d-7fb7301f9218,DECLINED,2025-01-28T16:05:00,2025-01-28T16:19:00,,,2025-01-28T16:05:00
60e12c8f-b992-4206-90eb-7a7ffb08d58d,4102d6b3-dcd7-4a70-9a28-37355fe361d5,cb3c9262-005e-4dcb-a8e5-a2c3920ffe15,ACCEPTED,2025-01-28T16:07:00,2025-01-28T16:10:00,2025-01-28T16:10:00,,2025-01-28T16:07:00
bd0fa1fd-fc6f-4376-87ab-d3e52bb6f256,870b5b19-4d03-4bb6-ad57-b4599d9e1755,97e19e53-5b1a-48ed-959a-3b8ab801c890,NO_RESPONSE,2025-01-29T01:18:00,,,,2025-01-29T01:18:00
8bcdc800-0d81-4319-ad49-8dcc5f977333,870b5b19-4d03-4bb6-ad57-b4599d9e1755,9ad5103d-928f-448b-903a-76f5be1dfa37,ACCEPTED,2025-01-29T01:19:00,2025-01-29T01:29:00,2025-01-29T01:29:00,,2025-01-29T01:19:00
00742198-8ebf-465c-877f-3d3ea86c4c2e,870b5b19-4d03-4bb6-ad57-b4599d9e1755,a9048c9b-4ff2-49a2-8387-544ccfc02e0e,NO_RESPONSE,2025-01-29T01:31:00,,,,2025-01-29T01:31:00
a4783a3c-5ae3-47db-b39a-bd3ac99d8dd8,e4a9fd36-5950-4cf4-b8fd-5745424b408f,804fa05c-3d11-4c0b-acfe-70a082a82e75,COMPLETED,2025-01-29T02:12:00,2025-01-29T02:26:00,2025-01-29T02:26:00,2025-01-29T04:12:00,2025-01-29T02:12:00
b570a37a-10dd-4862-84ce-a8cba36fd6d2,e4a9fd36-5950-4cf4-b8fd-5745424b408f,9af05ac7-06a8-49dd-abb8-7a4c2f508938,ACCEPTED,2025-01-29T02:13:00,2025-01-29T02:15:00,2025-01-29T02:15:00,,2025-01-29T02:13:00
db113427-8fa7-4f99-b2ef-4ad26bde30ea,e4a9fd36-5950-4cf4-b8fd-5745424b408f,e07bda41-053d-4aac-9836-2124ef24f237,ACCEPTED,2025-01-29T02:14:00,2025-01-29T02:22:00,2025-01-29T02:22:00,,2025-01-29T02:14:00
64cd42b3-8461-4b6c-9d6e-66d7855e7881,e4a9fd36-5950-4cf4-b8fd-5745424b408f,46c4620d-f466-43aa-86c4-b6bea05d529d,NO_RESPONSE,2025-01-29T02:23:00,,,,2025-01-29T02:23:00
7c8486e7-f387-479e-af29-3270ba245442,e4a9fd36-5950-4cf4-b8fd-5745424b408f,aa77487c-31e8-47c0-83d6-5c4fb9f9dc95,EXPIRED,2025-01-29T02:23:00,,,,2025-01-29T02:23:00
c2480d8b-3ded-4fc7-a063-aac1ea54d687,e4a9fd36-5950-4cf4-b8fd-5745424b408f,eda6ff35-1d22-4a35-b25d-3279ba02175c,NO_RESPONSE,2025-01-29T02:23:00,,,,2025-01-29T02:23:00
a37b326c-ce80-4b2e-9456-ad0cff899775,637fac96-1be3-4112-a345-55a2af85028e,ca5ce99f-cf40-4ef6-9c3d-4a4177383ff2,NO_RESPONSE,2025-01-29T04:56:00,,,,2025-01-29T04:56:00
f7e6d01a-57a9-43af-8d59-299a7ea71bb1,637fac96-1be3-4112-a345-55a2af85028e,facc5b5b-c0fa-45e8-8b9d-e13559d60097,ACCEPTED,2025-01-29T04:56:00,2025-01-29T05:04:00,2025-01-29T05:04:00,,2025-01-29T04:56:00
d2bccbdf-d1d8-4919-97f5-40cd265422a6,637fac96-1be3-4112-a345-55a2af85028e,4c569839-3efa-4170-b6a4-f0a4d13d4639,ACCEPTED,2025-01-29T05:01:00,2025-01-29T05:10:00,2025-01-29T05:10:00,,2025-01-29T05:01:00
2c48c95c-a060-432a-84da-abcf31b2cb76,637fac96-1be3-4112-a345-55a2af85028e,02ab37f8-95ba-4069-b113-066bd5d1f267,NO_RESPONSE,2025-01-29T05:02:00,,,,2025-01-29T05:02:00
7a6a9e15-2286-4af3-87c8-feba284c11d1,637fac96-1be3-4112-a345-55a2af85028e,53ed2f86-5a3a-4240-86cc-9f9f609bdea0,EXPIRED,2025-01-29T05:07:00,,,,2025-01-29T05:07:00
b17d75a8-0c51-459d-b88c-bebdf54f96d2,972fbade-4992-41ed-b94e-2404c9ad8c70,4ca593a6-6883-4ff4-b14b-a47593e71ecc,NO_RESPONSE,2025-01-29T06:51:00,,,,2025-01-29T06:51:00
954cb973-a93d-4610-9cb8-f4b17fe0e5b5,972fbade-4992-41ed-b94e-2404c9ad8c70,878b86c2-438d-4767-ad44-f8c58de74bd2,COMPLETED,2025-01-29T06:51:00,2025-01-29T06:57:00,2025-01-29T06:57:00,2025-01-29T08:51:00,2025-01-29T06:51:00
d5b652fb-a62d-4fb0-bad5-66d51098b194,972fbade-4992-41ed-b94e-2404c9ad8c70,6ea9a5eb-fa10-4a3a-b0ff-8ec7b4d27eff,ACCEPTED,2025-01-29T06:53:00,2025-01-29T07:02:00,2025-01-29T07:02:00,,2025-01-29T06:53:00
e6516ee9-7618-4633-9ecd-266a13db5bf8,320b76b1-9cd6-485f-8c2d-502ae4360d73,74de697e-ecd0-4975-8057-f21088a888b4,ACCEPTED,2025-01-29T16:08:00,2025-01-29T16:20:00,2025-01-29T16:20:00,,2025-01-29T16:08:00
959f636b-f7a7-4f0f-8924-18b40aa4d1de,320b76b1-9cd6-485f-8c2d-502ae4360d73,72d80153-ab97-4442-b132-ccdf469ad157,ACCEPTED,2025-01-29T16:11:00,2025-01-29T16:19:00,2025-01-29T16:19:00,,2025-01-29T16:11:00
2015693d-1f5e-4d30-946f-0be90bbf0eea,320b76b1-9cd6-485f-8c2d-502ae4360d73,6bb36c9a-793f-4f90-bf6f-df150cb1f85a,ACCEPTED,2025-01-29T16:11:00,2025-01-29T16:18:00,2025-01-29T16:18:00,,2025-01-29T16:11:00
c67d69e5-46ba-475a-b05f-e4f60e799541,320b76b1-9cd6-485f-8c2d-502ae4360d73,5b144804-32b7-4e82-9f3c-1b20f6f52721,COMPLETED,2025-01-29T16:18:00,2025-01-29T16:20:00,2025-01-29T16:20:00,2025-01-29T17:18:00,2025-01-29T16:18:00
c8e11925-bddb-4cc3-9f4a-31a9f56317f2,320b76b1-9cd6-485f-8c2d-502ae4360d73,4dedcbdc-081b-4f07-a1d8-a65cfe88d71e,NO_RESPONSE,2025-01-29T16:18:00,,,,2025-01-29T16:18:00
414c6e91-91d8-453b-9c2c-76bb81e415d3,a76c50d7-c356-4cfb-b4ab-f1ddc05f44a0,445beb91-c8f4-47ed-b5c7-e8a70759c76b,COMPLETED,2025-01-29T23:53:00,2025-01-30T00:08:00,2025-01-30T00:08:00,2025-01-30T00:53:00,2025-01-29T23:53:00
5cb244b2-5eca-4ef4-87cd-f005f986e313,a76c50d7-c356-4cfb-b4ab-f1ddc05f44a0,909e8f9d-0127-4f44-9f4c-24a2e2b45782,EXPIRED,2025-01-29T23:55:00,,,,2025-01-29T23:55:00
7bd331fe-b55d-4902-91e2-f72b6c4febc3,9a14a324-1dfd-467f-9ac4-3e41b242fae1,b1b36f5b-7867-499a-abe3-c46756bb926a,ACCEPTED,2025-01-30T00:14:00,2025-01-30T00:20:00,2025-01-30T00:20:00,,2025-01-30T00:14:00
f54c9b62-158f-4f1c-a15c-3c01f63bd18c,9a14a324-1dfd-467f-9ac4-3e41b242fae1,fdd10e56-22de-4a56-98b8-fcf4cc56744d,MISSED,2025-01-30T00:18:00,,,,2025-01-30T00:18:00
d4fbae29-bc4f-42b2-9627-8b4208650d11,9a14a324-1dfd-467f-9ac4-3e41b242fae1,3e19e0d8-1f00-40bc-8358-1472a358eb9a,COMPLETED,2025-01-30T00:22:00,2025-01-30T00:25:00,2025-01-30T00:25:00,2025-01-30T02:22:00,2025-01-30T00:22:00
f3a81141-8eef-49c0-bb8b-5bb86281f41a,9a14a324-1dfd-467f-9ac4-3e41b242fae1,6c25e2ff-8bc0-4abc-a978-052ba5e4650a,COMPLETED,2025-01-30T00:23:00,2025-01-30T00:35:00,2025-01-30T00:35:00,2025-01-30T03:23:00,2025-01-30T00:23:00
5ddf36a1-bb1f-45d8-a9b9-f245823557a7,9a14a324-1dfd-467f-9ac4-3e41b242fae1,56788efb-19f3-4d23-8b92-d96dc8d14718,COMPLETED,2025-01-30T00:24:00,2025-01-30T00:30:00,2025-01-30T00:30:00,2025-01-30T01:24:00,2025-01-30T00:24:00
f1a39291-a256-4fd8-8436-8bba0b5baf66,81e9f475-97f1-4e06-9de7-360e97341f4d,64333604-4c8c-43e1-a6e9-7c4582414c02,COMPLETED,2025-01-30T02:37:00,2025-01-30T02:50:00,2025-01-30T02:50:00,2025-01-30T03:37:00,2025-01-30T02:37:00
1cbe375b-6916-4e8f-ae3a-3cb1a14b72fe,81e9f475-97f1-4e06-9de7-360e97341f4d,7fe949fd-61b1-475a-8c19-580e4b0b98a7,ACCEPTED,2025-01-30T02:37:00,2025-01-30T02:50:00,2025-01-30T02:50:00,,2025-01-30T02:37:00
e6931f69-76dc-4b98-b567-c4db2bbe0874,81e9f475-97f1-4e06-9de7-360e97341f4d,58d8deb5-5531-43c5-81ae-7352d2d2b8c9,NO_RESPONSE,2025-01-30T02:39:00,,,,2025-01-30T02:39:00
115654d6-c4ad-43c5-99fa-714d15295887,81e9f475-97f1-4e06-9de7-360e97341f4d,f609cf6c-d0e4-48e5-9d6b-2cb379d2f51c,ACCEPTED,2025-01-30T02:39:00,2025-01-30T02:44:00,2025-01-30T02:44:00,,2025-01-30T02:39:00
654e142a-861d-4f0c-825f-2561b3f56615,81e9f475-97f1-4e06-9de7-360e97341f4d,87ee165d-91a2-4857-b698-c97864b7c6d5,COMPLETED,2025-01-30T02:41:00,2025-01-30T02:45:00,2025-01-30T02:45:00,2025-01-30T04:41:00,2025-01-30T02:41:00
747dade2-fd0a-44c1-91dc-8114b521b448,81e9f475-97f1-4e06-9de7-360e97341f4d,4076050c-ef30-4ae6-9a40-cdcec3cb6dd8,COMPLETED,2025-01-30T02:44:00,2025-01-30T02:52:00,2025-01-30T02:52:00,2025-01-30T05:44:00,2025-01-30T02:44:00
bb93a7da-7e63-436f-9694-2c1a452954ba,fee18172-f6f7-4e8f-970f-3d69ed978df5,93125440-01af-4643-ac94-7c4da12295ea,COMPLETED,2025-01-30T10:08:00,2025-01-30T10:23:00,2025-01-30T10:23:00,2025-01-30T13:08:00,2025-01-30T10:08:00
e22c8d96-f6b9-4881-a7b4-053fb761d742,fee18172-f6f7-4e8f-970f-3d69ed978df5,dd3c9c80-9a9d-4efd-a8fc-06ac9e8600c4,ACCEPTED,2025-01-30T10:09:00,2025-01-30T10:11:00,2025-01-30T10:11:00,,2025-01-30T10:09:00
ba045f69-7265-4a45-8955-fd79249dc783,fee18172-f6f7-4e8f-970f-3d69ed978df5,253205df-9c22-4418-a061-b758af343928,EXPIRED,2025-01-30T10:17:00,,,,2025-01-30T10:17:00
028357e3-e054-486e-89bb-19980c5350cb,b6122a45-2382-4757-8dab-8122c8ad6ad2,1165e327-489d-430a-9be8-467e1efd789d,ACCEPTED,2025-01-30T13:32:00,2025-01-30T13:47:00,2025-01-30T13:47:00,,2025-01-30T13:32:00
57811ff7-f524-48ec-a0b2-946406feadd6,b6122a45-2382-4757-8dab-8122c8ad6ad2,3fbab77f-078b-48d4-ab31-908df43ab95e,ACCEPTED,2025-01-30T13:36:00,2025-01-30T13:49:00,2025-01-30T13:49:00,,2025-01-30T13:36:00
085bd3b7-b7a7-4fe4-b207-069a8394b865,b6122a45-2382-4757-8dab-8122c8ad6ad2,d74d726f-1a04-4093-9eb1-ae0ea06feb1c,MISSED,2025-01-30T13:41:00,,,,2025-01-30T13:41:00
3ed09135-10b6-4510-a2c1-ae7459228fc3,36aff8b4-711f-4a26-b2d0-64389cb90093,7dce07a7-bf0e-49d0-8e10-0fae45654bf0,ACCEPTED,2025-01-30T14:43:00,2025-01-30T14:48:00,2025-01-30T14:48:00,,2025-01-30T14:43:00
c26b193c-96c5-4224-a0fe-9a76781f730a,36aff8b4-711f-4a26-b2d0-64389cb90093,8342ece1-dc13-431d-b735-f045953e170d,ACCEPTED,2025-01-30T14:45:00,2025-01-30T14:58:00,2025-01-30T14:58:00,,2025-01-30T14:45:00
92ef11fe-35f1-463b-a013-cd1924fca3f7,36aff8b4-711f-4a26-b2d0-64389cb90093,f7f1655c-f8c2-4296-91c4-9f8f570ad765,COMPLETED,2025-01-30T14:50:00,2025-01-30T14:59:00,2025-01-30T14:59:00,2025-01-30T17:50:00,2025-01-30T14:50:00
f2d9aca2-4d16-482b-8914-cf47402dce52,36aff8b4-711f-4a26-b2d0-64389cb90093,8aadad3e-4591-4c88-a738-78b84530fbda,COMPLETED,2025-01-30T14:51:00,2025-01-30T15:01:00,2025-01-30T15:01:00,2025-01-30T17:51:00,2025-01-30T14:51:00
2aba4c4c-d9b7-4b6e-ac33-d4001e50ab90,ce06babc-a051-424b-90a8-bdbc12dabfec,feca2cc5-9c28-40c7-8543-ca69b34076e3,COMPLETED,2025-01-30T21:42:00,2025-01-30T21:52:00,2025-01-30T21:52:00,2025-01-31T00:42:00,2025-01-30T21:42:00
fdc04945-fb6f-4f24-8505-c06847e17010,ce06babc-a051-424b-90a8-bdbc12dabfec,42ea4e92-f7aa-4bae-ab07-f79963ba71a1,COMPLETED,2025-01-30T21:44:00,2025-01-30T21:55:00,2025-01-30T21:55:00,2025-01-30T23:44:00,2025-01-30T21:44:00
839f91c8-8cee-4102-b7c4-e28a99d3469a,ce06babc-a051-424b-90a8-bdbc12dabfec,27f63174-92e0-4ec5-a8d6-df307aa20f3b,COMPLETED,2025-01-30T21:48:00,2025-01-30T21:57:00,2025-01-30T21:57:00,2025-01-30T22:48:00,2025-01-30T21:48:00
60c3b3bc-80c1-4f88-b805-01a1e2b208c0,ce06babc-a051-424b-90a8-bdbc12dabfec,075750fe-b6ad-4c6a-a4e3-91e723ad0bdf,ACCEPTED,2025-01-30T21:49:00,2025-01-30T22:01:00,2025-01-30T22:01:00,,2025-01-30T21:49:00
1e990f0a-5a5b-4e43-997e-9a3b1cfac55f,ce06babc-a051-424b-90a8-bdbc12dabfec,5ed79810-0c9b-4377-870c-58916ee465a7,ACCEPTED,2025-01-30T21:52:00,2025-01-30T21:58:00,2025-01-30T21:58:00,,2025-01-30T21:52:00
588745c3-c8c8-4c57-8b3c-7ff17272c1ef,ce06babc-a051-424b-90a8-bdbc12dabfec,fdd10e56-22de-4a56-98b8-fcf4cc56744d,NO_RESPONSE,2025-01-30T21:55:00,,,,2025-01-30T21:55:00
a312e5ca-eeee-457d-a8a2-61b240fc117c,794c7384-b094-442f-851c-25008c3d4ff4,4b0c223e-3977-4c3a-96bc-a4febeb624c3,ACCEPTED,2025-01-30T21:56:00,2025-01-30T21:58:00,2025-01-30T21:58:00,,2025-01-30T21:56:00
0f9f8a91-75fc-4428-8183-11117ddcc090,794c7384-b094-442f-851c-25008c3d4ff4,b2bf9e98-85b8-494e-b4cc-bd65231bcd14,NO_RESPONSE,2025-01-30T21:58:00,,,,2025-01-30T21:58:00
4166ab48-62ff-4e2b-87ca-a5dc00e99662,794c7384-b094-442f-851c-25008c3d4ff4,3b128aa7-53a1-48cc-ba33-cd0df14eac90,ACCEPTED,2025-01-30T21:59:00,2025-01-30T22:04:00,2025-01-30T22:04:00,,2025-01-30T21:59:00
e327e9c2-c8c3-4f0b-b335-501d12f219f7,794c7384-b094-442f-851c-25008c3d4ff4,28be837f-36ab-4fc3-b1d9-db1a3b881b02,COMPLETED,2025-01-30T22:01:00,2025-01-30T22:12:00,2025-01-30T22:12:00,2025-01-31T01:01:00,2025-01-30T22:01:00
c09ffec4-c801-4fe9-806f-93197894d52c,794c7384-b094-442f-851c-25008c3d4ff4,d6b5ae43-d86a-4b5f-abd6-b4e06091ee44,COMPLETED,2025-01-30T22:06:00,2025-01-30T22:18:00,2025-01-30T22:18:00,2025-01-31T01:06:00,2025-01-30T22:06:00
a70cb322-897c-4aca-8386-7233dc881cb6,794c7384-b094-442f-851c-25008c3d4ff4,86982baf-89fb-453b-bd13-a6cfe928ea51,ACCEPTED,2025-01-30T22:08:00,2025-01-30T22:21:00,2025-01-30T22:21:00,,2025-01-30T22:08:00
6c2aa171-5877-458e-b035-02065504ea65,78ad2cf7-f18c-4cd4-b5eb-2cc4b4d13203,8472b4dc-b0f7-4b8e-aeb1-10bfb842eb2f,ACCEPTED,2025-01-30T22:44:00,2025-01-30T22:54:00,2025-01-30T22:54:00,,2025-01-30T22:44:00
d38e45a1-d251-4910-bd9d-a4c5d47659f4,78ad2cf7-f18c-4cd4-b5eb-2cc4b4d13203,6fe6108b-0137-4ed4-bb54-e1ed13a743e9,ACCEPTED,2025-01-30T22:46:00,2025-01-30T23:00:00,2025-01-30T23:00:00,,2025-01-30T22:46:00
7efaf974-523c-4e72-a377-dac7a4def2bc,78ad2cf7-f18c-4cd4-b5eb-2cc4b4d13203,a8a1af91-93b6-4f04-8e14-d38aa8302607,DECLINED,2025-01-30T22:49:00,2025-01-30T22:51:00,,,2025-01-30T22:49:00
4ab3e080-f22a-47bb-a528-7654f4d60f80,78ad2cf7-f18c-4cd4-b5eb-2cc4b4d13203,73461d9a-b17a-4f20-a132-39ca2f8c91ed,EXPIRED,2025-01-30T22:53:00,,,,2025-01-30T22:53:00
13f13bb2-976d-4c73-b6db-37dd8da636c6,a9db0020-7454-4adf-869f-cc26f2cca7eb,85b594e8-d460-4e0d-bd65-07df78f69665,DECLINED,2025-01-30T23:16:00,2025-01-30T23:27:00,,,2025-01-30T23:16:00
b46e4058-3ef5-4916-96b5-673c42931810,a9db0020-7454-4adf-869f-cc26f2cca7eb,a2c7df0e-ef10-4dcc-aaed-b693b2b5db03,ACCEPTED,2025-01-30T23:19:00,2025-01-30T23:24:00,2025-01-30T23:24:00,,2025-01-30T23:19:00
683e30c9-7fea-42a8-84fb-6e23abf2f2a0,a9db0020-7454-4adf-869f-cc26f2cca7eb,8342ece1-dc13-431d-b735-f045953e170d,NO_RESPONSE,2025-01-30T23:23:00,,,,2025-01-30T23:23:00
133617a8-b787-495e-b299-495db97d05f0,a9db0020-7454-4adf-869f-cc26f2cca7eb,1b81506a-481d-42f6-b01c-dbb52717cc9e,MISSED,2025-01-30T23:24:00,,,,2025-01-30T23:24:00
8fb77415-2c61-49b8-aa4b-7977792b2f68,a9db0020-7454-4adf-869f-cc26f2cca7eb,258c585a-0983-4f1a-9632-3c358d253411,ACCEPTED,2025-01-30T23:25:00,2025-01-30T23:32:00,2025-01-30T23:32:00,,2025-01-30T23:25:00
001d1fa8-a749-4e0f-8885-770aaa2e8e96,a9db0020-7454-4adf-869f-cc26f2cca7eb,7dce07a7-bf0e-49d0-8e10-0fae45654bf0,COMPLETED,2025-01-30T23:25:00,2025-01-30T23:30:00,2025-01-30T23:30:00,2025-01-31T00:25:00,2025-01-30T23:25:00
f7c4a95b-4e01-4ba5-b9cf-738848313db1,346e14bc-750f-4e1d-9f01-f36c27f0494a,4be00de0-ff5a-454f-aca8-e915814cf135,COMPLETED,2025-01-31T17:52:00,2025-01-31T18:05:00,2025-01-31T18:05:00,2025-01-31T18:52:00,2025-01-31T17:52:00
cee0d614-4fa8-4325-ac66-bf9fa3bf1897,346e14bc-750f-4e1d-9f01-f36c27f0494a,626cbf28-4c14-4dc1-a51b-9a94ba59000e,NO_RESPONSE,2025-01-31T17:54:00,,,,2025-01-31T17:54:00
81380f49-08a2-482e-a182-a6c3b88c32d8,346e14bc-750f-4e1d-9f01-f36c27f0494a,3d9f3b15-c774-4537-9706-6a9c0ce3bcd0,ACCEPTED,2025-01-31T17:55:00,2025-01-31T18:03:00,2025-01-31T18:03:00,,2025-01-31T17:55:00
c54a36be-d267-47c4-a2d9-5c9f68ecc819,346e14bc-750f-4e1d-9f01-f36c27f0494a,bf160ba0-ac86-4d11-b5e7-904beff9cc2d,COMPLETED,2025-01-31T18:02:00,2025-01-31T18:11:00,2025-01-31T18:11:00,2025-01-31T21:02:00,2025-01-31T18:02:00
42b454ee-6295-4361-abad-42bf1d0b5590,346e14bc-750f-4e1d-9f01-f36c27f0494a,1693939d-11cb-4a60-bfb6-8f2fec00eb4f,COMPLETED,2025-01-31T18:03:00,2025-01-31T18:16:00,2025-01-31T18:16:00,2025-01-31T20:03:00,2025-01-31T18:03:00
00f2d4b6-bd61-4b2f-8555-302aff8f31b9,346e14bc-750f-4e1d-9f01-f36c27f0494a,030d9e23-9b13-43d8-8711-c5c4d8470363,NO_RESPONSE,2025-01-31T18:03:00,,,,2025-01-31T18:03:00
0f8844b2-e4a5-4965-9c67-1bfc0d9004d7,4ab7fb1b-c249-461c-9cd4-6c04298ed0ee,dd3c9c80-9a9d-4efd-a8fc-06ac9e8600c4,ACCEPTED,2025-01-31T18:25:00,2025-01-31T18:32:00,2025-01-31T18:32:00,,2025-01-31T18:25:00
77bc45cc-3796-4c56-84c4-5e533092e11d,4ab7fb1b-c249-461c-9cd4-6c04298ed0ee,5578cdc0-e19a-4fb1-909f-349d3abc4652,ACCEPTED,2025-01-31T18:25:00,2025-01-31T18:31:00,2025-01-31T18:31:00,,2025-01-31T18:25:00
5c24a1e5-acbf-404e-8935-3a8fde532a76,12a107c4-aab1-4cf5-8139-c83160313f3c,979b5d05-d629-42eb-925c-ca3d093ceaca,ACCEPTED,2025-01-31T23:46:00,2025-02-01T00:01:00,2025-02-01T00:01:00,,2025-01-31T23:46:00
1e6fa3aa-8aa2-4985-92d9-86c10dc4d551,12a107c4-aab1-4cf5-8139-c83160313f3c,02fee361-2aed-4d3b-a7f5-6649d00e35ff,COMPLETED,2025-01-31T23:52:00,2025-02-01T00:01:00,2025-02-01T00:01:00,2025-02-01T02:52:00,2025-01-31T23:52:00
7b7ba0fe-e985-40f8-a74b-6aafe659ce02,0f54f114-6655-43bc-ab9d-461ddb3e5b54,1fac9453-e829-479d-ae5f-008babfc456d,EXPIRED,2025-01-31T23:59:00,,,,2025-01-31T23:59:00
c980c495-9e79-429e-860f-da110e63ad80,0f54f114-6655-43bc-ab9d-461ddb3e5b54,a5412686-ad1b-4800-b166-5b72f3faa02d,ACCEPTED,2025-01-31T23:59:00,2025-02-01T00:14:00,2025-02-01T00:14:00,,2025-01-31T23:59:00
e218cda3-8dcc-477b-9ec1-47c0d6e56b03,0f54f114-6655-43bc-ab9d-461ddb3e5b54,18425d44-6ba9-45d1-a297-f3778d4b10e7,ACCEPTED,2025-02-01T00:01:00,2025-02-01T00:03:00,2025-02-01T00:03:00,,2025-02-01T00:01:00
8c30c77b-8a01-4acb-bb1c-60fbdc99537e,0f54f114-6655-43bc-ab9d-461ddb3e5b54,3b1c0630-6304-4f24-90a0-39e3fd579418,NO_RESPONSE,2025-02-01T00:03:00,,,,2025-02-01T00:03:00
4d9c6dcf-419b-42e3-b00f-fec76f11668e,13cb3803-04de-4b32-a14f-463370e7c9c5,62758655-2759-47fd-8cfb-18e44d2da35e,ACCEPTED,2025-02-01T00:07:00,2025-02-01T00:11:00,2025-02-01T00:11:00,,2025-02-01T00:07:00
bc3ec018-744e-4150-a8e5-535e20aabc89,13cb3803-04de-4b32-a14f-463370e7c9c5,e07bda41-053d-4aac-9836-2124ef24f237,ACCEPTED,2025-02-01T00:07:00,2025-02-01T00:12:00,2025-02-01T00:12:00,,2025-02-01T00:07:00
1ab4375e-9964-4b2a-afae-7760ffbda7a0,0f54f114-6655-43bc-ab9d-461ddb3e5b54,6808b218-ad45-4d5a-8374-ac96bd2f9e51,ACCEPTED,2025-02-01T00:10:00,2025-02-01T00:23:00,2025-02-01T00:23:00,,2025-02-01T00:10:00
404e2b1a-8051-4235-a840-5f28df45aadb,13cb3803-04de-4b32-a14f-463370e7c9c5,a92ac821-12c7-40b8-bbb8-e287da0564eb,ACCEPTED,2025-02-01T00:12:00,2025-02-01T00:13:00,2025-02-01T00:13:00,,2025-02-01T00:12:00
0746ab63-23b8-4647-a9b2-3ed215474861,13cb3803-04de-4b32-a14f-463370e7c9c5,4dedcbdc-081b-4f07-a1d8-a65cfe88d71e,COMPLETED,2025-02-01T00:14:00,2025-02-01T00:24:00,2025-02-01T00:24:00,2025-02-01T01:14:00,2025-02-01T00:14:00
988bf232-23d8-4c8c-9a84-3b31c367bfe9,13cb3803-04de-4b32-a14f-463370e7c9c5,b31f3223-35d1-446c-9991-79665d0b1ef3,NO_RESPONSE,2025-02-01T00:15:00,,,,2025-02-01T00:15:00
ce9a622e-bd54-466e-87ba-ae153c82672d,0ec91455-1178-48df-b2be-5f2876c07033,3b128aa7-53a1-48cc-ba33-cd0df14eac90,ACCEPTED,2025-02-01T00:33:00,2025-02-01T00:37:00,2025-02-01T00:37:00,,2025-02-01T00:33:00
4cf8c57e-e801-4697-978a-1d12d70d574f,0ec91455-1178-48df-b2be-5f2876c07033,c57abeef-b6d8-4cf7-ae50-3774b55c6768,DECLINED,2025-02-01T00:36:00,2025-02-01T00:56:00,,,2025-02-01T00:36:00
82800988-31cb-445c-a287-f1c9621fe897,0ec91455-1178-48df-b2be-5f2876c07033,2bc00f4d-1415-492e-ab45-855a39d62175,NO_RESPONSE,2025-02-01T00:44:00,,,,2025-02-01T00:44:00
66cfc176-3624-46f1-8f1f-82daaec186cb,0ec91455-1178-48df-b2be-5f2876c07033,fe22cac5-c785-4cc2-a706-9b3cbd277ddf,ACCEPTED,2025-02-01T00:45:00,2025-02-01T00:48:00,2025-02-01T00:48:00,,2025-02-01T00:45:00
bf6305d8-4f22-4984-988d-17b1d9863b57,0ec91455-1178-48df-b2be-5f2876c07033,3b1c0630-6304-4f24-90a0-39e3fd579418,MISSED,2025-02-01T00:45:00,,,,2025-02-01T00:45:00
5d7ff32e-ef10-4ee4-ba6e-b7a5d6fb5587,02d81dbb-48e6-4fd6-86eb-c415f8e01193,af32b242-6347-4914-8703-8bc3222ac8c4,ACCEPTED,2025-02-01T11:15:00,2025-02-01T11:27:00,2025-02-01T11:27:00,,2025-02-01T11:15:00
9be16659-2709-4f64-b2d4-4bb749102fe2,02d81dbb-48e6-4fd6-86eb-c415f8e01193,bf160ba0-ac86-4d11-b5e7-904beff9cc2d,ACCEPTED,2025-02-01T11:15:00,2025-02-01T11:16:00,2025-02-01T11:16:00,,2025-02-01T11:15:00
244138f9-8d25-49fa-af63-28dee42355ca,02d81dbb-48e6-4fd6-86eb-c415f8e01193,bfe8f73a-9210-4c1c-b628-3cea7b8977ae,MISSED,2025-02-01T11:16:00,,,,2025-02-01T11:16:00
1ed91388-ce91-45f9-849d-db04828427e9,169b6e2c-b221-43a1-b314-3ee981798884,68cf86cf-66aa-443c-ae5b-e601c8cc76c7,ACCEPTED,2025-02-01T12:11:00,2025-02-01T12:18:00,2025-02-01T12:18:00,,2025-02-01T12:11:00
9756a837-9f52-4f82-baa9-3a4fe3cb9216,169b6e2c-b221-43a1-b314-3ee981798884,36ab981c-07be-4841-8992-11118d375327,ACCEPTED,2025-02-01T12:14:00,2025-02-01T12:18:00,2025-02-01T12:18:00,,2025-02-01T12:14:00
9fcd0f83-b880-4c06-aa47-512c0acac33f,169b6e2c-b221-43a1-b314-3ee981798884,6ba5036b-8e59-4341-9bc3-f959ef8d8360,ACCEPTED,2025-02-01T12:17:00,2025-02-01T12:21:00,2025-02-01T12:21:00,,2025-02-01T12:17:00
2f349d1f-c3a0-42dc-9c81-4e97c73a4924,169b6e2c-b221-43a1-b314-3ee981798884,7f3eb456-b77d-4612-a975-16e81b7af215,MISSED,2025-02-01T12:18:00,,,,2025-02-01T12:18:00
da0ce6e5-b032-446c-bd7d-07ba25a62eb7,169b6e2c-b221-43a1-b314-3ee981798884,14dd9b4c-5ebc-4843-9f14-a7de9f6c0f44,MISSED,2025-02-01T12:20:00,,,,2025-02-01T12:20:00
12aa7e5c-20b9-483d-979f-d29909280166,8b15c865-012d-4cc1-896c-ebcc236055cc,bf160ba0-ac86-4d11-b5e7-904beff9cc2d,COMPLETED,2025-02-01T14:17:00,2025-02-01T14:29:00,2025-02-01T14:29:00,2025-02-01T16:17:00,2025-02-01T14:17:00
e8d88a61-419d-4b8d-9f17-6694879670a9,8b15c865-012d-4cc1-896c-ebcc236055cc,b7b35df4-cc30-48d4-b856-21583b9c43c1,ACCEPTED,2025-02-01T14:24:00,2025-02-01T14:28:00,2025-02-01T14:28:00,,2025-02-01T14:24:00
03de089e-a986-45f7-9339-a68456833621,8b15c865-012d-4cc1-896c-ebcc236055cc,00fe7012-13c0-4486-9a33-e56253f1a860,NO_RESPONSE,2025-02-01T14:24:00,,,,2025-02-01T14:24:00
0848a264-f9e2-42c1-b0b8-6125d070fcd0,8b15c865-012d-4cc1-896c-ebcc236055cc,468555a1-384e-4985-9c39-f4333176e51f,ACCEPTED,2025-02-01T14:24:00,2025-02-01T14:36:00,2025-02-01T14:36:00,,2025-02-01T14:24:00
f2f4c1d9-4459-440d-8e28-96e91137c54e,8b15c865-012d-4cc1-896c-ebcc236055cc,c0eaa600-b15c-463a-b278-86b3ca57fd5c,ACCEPTED,2025-02-01T14:24:00,2025-02-01T14:33:00,2025-02-01T14:33:00,,2025-02-01T14:24:00
f16d063f-87e8-4bbb-aa72-ca5dcdbba0c6,8b15c865-012d-4cc1-896c-ebcc236055cc,ffd6e179-bce4-414a-9aef-db47a3caea86,EXPIRED,2025-02-01T14:25:00,,,,2025-02-01T14:25:00
aaa25178-ef3f-4516-8dd2-2440dfeb3068,122e4ae4-3296-4cd8-b398-a6f75b64aae4,3a844307-c065-40ea-b773-262c476a0e2a,EXPIRED,2025-02-01T18:06:00,,,,2025-02-01T18:06:00
8a583cb6-f245-4d0e-b139-f7210d21e52c,122e4ae4-3296-4cd8-b398-a6f75b64aae4,4a804056-cd59-4216-97bd-e4bb6eaee651,MISSED,2025-02-01T18:08:00,,,,2025-02-01T18:08:00
d4a8060a-b60c-4f81-a8d4-40526d37006f,3e5c572e-07e5-4739-80ed-ba352f4d33cd,63e1e7de-8090-46e0-a921-6add4ddcfef9,NO_RESPONSE,2025-02-01T18:41:00,,,,2025-02-01T18:41:00
496318ba-7c61-4f77-8a87-912530b7b934,3e5c572e-07e5-4739-80ed-ba352f4d33cd,f7c3f29d-48af-49aa-bce7-bec02869395a,COMPLETED,2025-02-01T18:44:00,2025-02-01T18:48:00,2025-02-01T18:48:00,2025-02-01T19:44:00,2025-02-01T18:44:00
37f5a4fe-ecb1-45a4-905c-14ec18717d44,bc559365-b8f5-4006-8526-6a5c94914dab,e0cd5b09-11cd-4194-bf88-03edd17fe919,NO_RESPONSE,2025-02-01T23:50:00,,,,2025-02-01T23:50:00
efea59ce-ca7c-4958-9dd5-b1a059c5d66e,bc559365-b8f5-4006-8526-6a5c94914dab,d74d726f-1a04-4093-9eb1-ae0ea06feb1c,COMPLETED,2025-02-01T23:56:00,2025-02-02T00:03:00,2025-02-02T00:03:00,2025-02-02T02:56:00,2025-02-01T23:56:00
6e0fe1e5-170b-4640-af38-6cd4f077bf6a,3373a8ac-3627-4893-92dd-dec100184d05,0239e706-289d-4498-9947-7818e4011dc0,NO_RESPONSE,2025-02-02T00:35:00,,,,2025-02-02T00:35:00
e5fabbd0-c31d-421c-a8cd-0c2043921893,3373a8ac-3627-4893-92dd-dec100184d05,2ef47c0b-e8fe-448b-93ff-36c85588d2fd,ACCEPTED,2025-02-02T00:35:00,2025-02-02T00:39:00,2025-02-02T00:39:00,,2025-02-02T00:35:00
e350efff-f10c-4551-9064-b68a98d17e1a,3373a8ac-3627-4893-92dd-dec100184d05,afa47c4e-62b3-4586-9824-3169d0ae4f73,NO_RESPONSE,2025-02-02T00:36:00,,,,2025-02-02T00:36:00
ee6923ff-5630-4493-a241-789df229b690,3373a8ac-3627-4893-92dd-dec100184d05,a77bcc83-4a3d-492d-bcd8-592aba88fc9d,ACCEPTED,2025-02-02T00:40:00,2025-02-02T00:45:00,2025-02-02T00:45:00,,2025-02-02T00:40:00
3d6d8a15-dd97-415f-b213-4b61bcf3f549,3373a8ac-3627-4893-92dd-dec100184d05,feca2cc5-9c28-40c7-8543-ca69b34076e3,ACCEPTED,2025-02-02T00:46:00,2025-02-02T00:58:00,2025-02-02T00:58:00,,2025-02-02T00:46:00
6f77ede9-bbae-4404-9db4-b9a60654f559,3373a8ac-3627-4893-92dd-dec100184d05,fda5fef4-939c-4a0d-864d-c6a11b14bd2a,ACCEPTED,2025-02-02T00:47:00,2025-02-02T00:53:00,2025-02-02T00:53:00,,2025-02-02T00:47:00
38aba2f4-43d9-40ed-ba74-baac2e522b20,ca40ff23-2dc3-4ec7-8051-712c027180a2,fe02ea3a-03d9-4d57-94a7-47e4a11e404f,ACCEPTED,2025-02-02T02:57:00,2025-02-02T03:07:00,2025-02-02T03:07:00,,2025-02-02T02:57:00
d38c4bcb-dc00-48b4-8ca2-34c00e3e4ddc,ca40ff23-2dc3-4ec7-8051-712c027180a2,103eb3c6-8619-4c37-b55b-6a3438e71b7a,MISSED,2025-02-02T02:57:00,,,,2025-02-02T02:57:00
7685049a-7a8f-4556-bb12-f17499230736,ca40ff23-2dc3-4ec7-8051-712c027180a2,ac84e25a-f305-4698-9545-957806397804,ACCEPTED,2025-02-02T03:02:00,2025-02-02T03:03:00,2025-02-02T03:03:00,,2025-02-02T03:02:00
e0efaaeb-02fa-4f31-a06e-c5d8e1fd50c5,699fa9d7-8843-48e2-b028-54dbf9ac0ba6,8149a5a0-b1e9-4bb0-a980-b7f5bdcb02a4,ACCEPTED,2025-02-02T05:01:00,2025-02-02T05:16:00,2025-02-02T05:16:00,,2025-02-02T05:01:00
7b48635b-f91c-4122-b280-9c66d232d668,699fa9d7-8843-48e2-b028-54dbf9ac0ba6,b649daf0-45a0-4879-bceb-08f29bf19ce2,COMPLETED,2025-02-02T05:07:00,2025-02-02T05:20:00,2025-02-02T05:20:00,2025-02-02T07:07:00,2025-02-02T05:07:00
7de5b129-9325-42f7-82bd-1327f1389348,699fa9d7-8843-48e2-b028-54dbf9ac0ba6,bc7ffdff-d62a-437c-9957-5c8739b97d73,NO_RESPONSE,2025-02-02T05:13:00,,,,2025-02-02T05:13:00
9fd91dd6-0e22-43a8-96be-13dc0f4d709f,699fa9d7-8843-48e2-b028-54dbf9ac0ba6,bfe6f01b-84b9-4986-b7ea-e375c91d0d8c,COMPLETED,2025-02-02T05:14:00,2025-02-02T05:16:00,2025-02-02T05:16:00,2025-02-02T06:14:00,2025-02-02T05:14:00
dd6682da-48ac-4601-8ebc-21f0a96f35d4,8f585f33-a16c-495e-b94e-364be546dd05,03dd11aa-3bce-44bb-af81-d893187d3f9b,NO_RESPONSE,2025-02-02T09:52:00,,,,2025-02-02T09:52:00
e4c29295-0365-4f32-86a2-2b3c7789de44,8f585f33-a16c-495e-b94e-364be546dd05,8a40fb38-7cf4-468d-954f-bebd5270f111,COMPLETED,2025-02-02T09:53:00,2025-02-02T10:07:00,2025-02-02T10:07:00,2025-02-02T10:53:00,2025-02-02T09:53:00
dc6aab9d-1172-40c1-8d7d-7dc6c8c1588a,8f585f33-a16c-495e-b94e-364be546dd05,7dce07a7-bf0e-49d0-8e10-0fae45654bf0,COMPLETED,2025-02-02T09:54:00,2025-02-02T09:55:00,2025-02-02T09:55:00,2025-02-02T11:54:00,2025-02-02T09:54:00
447b045e-b7a9-4547-a9de-8b0bd3ba92fd,8f585f33-a16c-495e-b94e-364be546dd05,a92ac821-12c7-40b8-bbb8-e287da0564eb,COMPLETED,2025-02-02T10:00:00,2025-02-02T10:13:00,2025-02-02T10:13:00,2025-02-02T12:00:00,2025-02-02T10:00:00
50b0e6a8-24f0-4318-958b-73ca2bcce633,8f585f33-a16c-495e-b94e-364be546dd05,93125440-01af-4643-ac94-7c4da12295ea,ACCEPTED,2025-02-02T10:00:00,2025-02-02T10:05:00,2025-02-02T10:05:00,,2025-02-02T10:00:00
5cee3f7c-9309-4a31-b01e-b6786111d747,8f585f33-a16c-495e-b94e-364be546dd05,ba0652ab-674d-480e-b23d-7fb7301f9218,ACCEPTED,2025-02-02T10:01:00,2025-02-02T10:14:00,2025-02-02T10:14:00,,2025-02-02T10:01:00
703c6e9b-90e9-44db-8e39-d63d5c4ec880,68dba2e0-7288-48c3-a998-2c347c08df74,7368f039-3b92-4ed6-9281-8a546afbbd0c,ACCEPTED,2025-02-02T10:21:00,2025-02-02T10:30:00,2025-02-02T10:30:00,,2025-02-02T10:21:00
05130b21-4481-4bc8-af1c-f2c89de027e6,68dba2e0-7288-48c3-a998-2c347c08df74,63e1e7de-8090-46e0-a921-6add4ddcfef9,COMPLETED,2025-02-02T10:28:00,2025-02-02T10:34:00,2025-02-02T10:34:00,2025-02-02T12:28:00,2025-02-02T10:28:00
2aa4d514-6a69-413e-ace6-ad789c76782a,68dba2e0-7288-48c3-a998-2c347c08df74,429de809-3eeb-42af-94fa-c9c8fc3dda46,COMPLETED,2025-02-02T10:28:00,2025-02-02T10:36:00,2025-02-02T10:36:00,2025-02-02T12:28:00,2025-02-02T10:28:00
5785f7f3-235d-419d-8b80-938087949609,68dba2e0-7288-48c3-a998-2c347c08df74,1693939d-11cb-4a60-bfb6-8f2fec00eb4f,ACCEPTED,2025-02-02T10:30:00,2025-02-02T10:42:00,2025-02-02T10:42:00,,2025-02-02T10:30:00
c1c06bf5-c5d8-4d27-a69a-9abd90ecaf72,410b616c-f4d8-434b-8a34-c89b3ba54c15,7df3d0f3-a755-40a4-a102-6e1158275be1,ACCEPTED,2025-02-02T12:05:00,2025-02-02T12:15:00,2025-02-02T12:15:00,,2025-02-02T12:05:00
272eac8b-21e5-47d1-bbc2-93a8d920ba96,410b616c-f4d8-434b-8a34-c89b3ba54c15,f44d8cd1-1833-4e30-b14f-417870b4502a,DECLINED,2025-02-02T12:07:00,2025-02-02T12:17:00,,,2025-02-02T12:07:00
5d20d4af-680d-4f58-b41d-90b8a111d3ed,410b616c-f4d8-434b-8a34-c89b3ba54c15,8d54dd37-108d-4ec9-87e8-552d73629a00,MISSED,2025-02-02T12:08:00,,,,2025-02-02T12:08:00
26e86ad9-313c-4fab-947d-1b48c8daf290,410b616c-f4d8-434b-8a34-c89b3ba54c15,bfe8f73a-9210-4c1c-b628-3cea7b8977ae,NO_RESPONSE,2025-02-02T12:09:00,,,,2025-02-02T12:09:00
e60f8d1d-d910-4b10-baa5-576612efd7a3,410b616c-f4d8-434b-8a34-c89b3ba54c15,ed732f11-698a-40e6-8fab-9a1b078261d2,ACCEPTED,2025-02-02T12:13:00,2025-02-02T12:17:00,2025-02-02T12:17:00,,2025-02-02T12:13:00
98728fcd-a7b3-435e-a0da-78c7fad31d58,410b616c-f4d8-434b-8a34-c89b3ba54c15,56fc804f-b101-461b-a304-d6f9c28ae2ef,COMPLETED,2025-02-02T12:16:00,2025-02-02T12:30:00,2025-02-02T12:30:00,2025-02-02T13:16:00,2025-02-02T12:16:00
82bd5ae7-2aac-44f0-96f9-636c3dc33e8d,7498dfa7-8a7b-40a3-855f-04c93558ca44,d869910e-02c0-4d29-a1fd-9bdef530d653,EXPIRED,2025-02-02T13:03:00,,,,2025-02-02T13:03:00
98f49694-9929-4819-bac4-542904db913f,7498dfa7-8a7b-40a3-855f-04c93558ca44,90226cb0-70e6-4d51-8a71-165165d84910,ACCEPTED,2025-02-02T13:10:00,2025-02-02T13:19:00,2025-02-02T13:19:00,,2025-02-02T13:10:00
f39e88d3-c278-4deb-9034-9f5824c93a2b,7498dfa7-8a7b-40a3-855f-04c93558ca44,1f112d30-78c2-428c-a403-aea38638cdce,COMPLETED,2025-02-02T13:11:00,2025-02-02T13:18:00,2025-02-02T13:18:00,2025-02-02T16:11:00,2025-02-02T13:11:00
8111261b-cfc3-4b5e-871b-36c3e6306d85,6341951b-1b40-4f22-ac97-eccf0e828384,77328cba-6ede-4bbd-b0b3-4810c8e8f09e,ACCEPTED,2025-02-02T14:07:00,2025-02-02T14:13:00,2025-02-02T14:13:00,,2025-02-02T14:07:00
7a7e1283-27fe-42af-acb7-a43959013f10,6341951b-1b40-4f22-ac97-eccf0e828384,1165e327-489d-430a-9be8-467e1efd789d,ACCEPTED,2025-02-02T14:08:00,2025-02-02T14:22:00,2025-02-02T14:22:00,,2025-02-02T14:08:00
2c51c302-01ca-4770-b181-0fe76bd26166,6341951b-1b40-4f22-ac97-eccf0e828384,b2bf9e98-85b8-494e-b4cc-bd65231bcd14,ACCEPTED,2025-02-02T14:11:00,2025-02-02T14:12:00,2025-02-02T14:12:00,,2025-02-02T14:11:00
6c7a5672-c28c-4f1f-893e-7bbde64a71cd,6341951b-1b40-4f22-ac97-eccf0e828384,6a793798-198b-46b9-85cd-0ec03d79cc88,COMPLETED,2025-02-02T14:19:00,2025-02-02T14:25:00,2025-02-02T14:25:00,2025-02-02T16:19:00,2025-02-02T14:19:00
11bd933d-2fc3-42ed-b18e-9f95de5b36bf,f7dbbc38-e6a0-4d7c-a5a7-3946a09f3f64,9a08a817-eaf1-4182-9eb1-290121129ead,ACCEPTED,2025-02-02T19:22:00,2025-02-02T19:33:00,2025-02-02T19:33:00,,2025-02-02T19:22:00
6fb5d7ae-17ff-41ea-a1a9-5f625f0e5c43,f7dbbc38-e6a0-4d7c-a5a7-3946a09f3f64,445beb91-c8f4-47ed-b5c7-e8a70759c76b,COMPLETED,2025-02-02T19:23:00,2025-02-02T19:32:00,2025-02-02T19:32:00,2025-02-02T20:23:00,2025-02-02T19:23:00
2351a6f1-047a-4a5a-b234-8615707dc43f,170cc392-44fd-45d1-ac70-c320cdd7c0bf,2f38acd6-86c3-4ffd-b869-1117ac2e0be7,NO_RESPONSE,2025-02-03T02:25:00,,,,2025-02-03T02:25:00
66727f0d-fc2b-4dcf-a0ad-2828c3547fe2,170cc392-44fd-45d1-ac70-c320cdd7c0bf,feca2cc5-9c28-40c7-8543-ca69b34076e3,ACCEPTED,2025-02-03T02:27:00,2025-02-03T02:37:00,2025-02-03T02:37:00,,2025-02-03T02:27:00
1e81f326-5bb9-41c6-8ecc-efddbb3d775a,170cc392-44fd-45d1-ac70-c320cdd7c0bf,643a2cfd-c940-4060-89e8-05b38ecebd84,ACCEPTED,2025-02-03T02:34:00,2025-02-03T02:41:00,2025-02-03T02:41:00,,2025-02-03T02:34:00
5a53a136-a582-4839-a28a-4619ac3fa730,170cc392-44fd-45d1-ac70-c320cdd7c0bf,4f92c3e6-e44d-4309-b4ad-e6eaf75dd28f,COMPLETED,2025-02-03T02:35:00,2025-02-03T02:50:00,2025-02-03T02:50:00,2025-02-03T05:35:00,2025-02-03T02:35:00
9c6ccb19-8690-4d5d-b39e-fce7638e2e4c,208e523f-357f-4b8b-9f61-b84e56e5349b,28309fde-6955-4852-ae11-f09951df357a,ACCEPTED,2025-02-03T03:26:00,2025-02-03T03:35:00,2025-02-03T03:35:00,,2025-02-03T03:26:00
ae87c7c5-fa90-49fb-824d-bff7169b423a,208e523f-357f-4b8b-9f61-b84e56e5349b,afa47c4e-62b3-4586-9824-3169d0ae4f73,ACCEPTED,2025-02-03T03:28:00,2025-02-03T03:40:00,2025-02-03T03:40:00,,2025-02-03T03:28:00
44c3ad43-dc66-4555-9a7f-4a05c84d3122,208e523f-357f-4b8b-9f61-b84e56e5349b,4b933cd5-19a8-4e2e-8322-78978d1bb4b2,EXPIRED,2025-02-03T03:30:00,,,,2025-02-03T03:30:00
fea2c70c-6a76-459e-8aed-643d0d0a5b88,208e523f-357f-4b8b-9f61-b84e56e5349b,f2f92179-5d28-4944-970e-4735cb6d6a92,COMPLETED,2025-02-03T03:31:00,2025-02-03T03:32:00,2025-02-03T03:32:00,2025-02-03T05:31:00,2025-02-03T03:31:00
b65d0bb4-a77d-4775-8093-5e42713264f9,208e523f-357f-4b8b-9f61-b84e56e5349b,20973b43-2cf6-456f-b7bc-c097d6343c32,NO_RESPONSE,2025-02-03T03:32:00,,,,2025-02-03T03:32:00
598a2dda-334c-4082-880d-c96d6a997e24,7aadeefe-b117-4788-beec-a4ffcd6672ad,ffd6e179-bce4-414a-9aef-db47a3caea86,ACCEPTED,2025-02-03T23:21:00,2025-02-03T23:32:00,2025-02-03T23:32:00,,2025-02-03T23:21:00
d52a8f74-9d5a-4f33-a636-1e7ee3fd8691,7aadeefe-b117-4788-beec-a4ffcd6672ad,4e738475-88e6-4df8-90b2-45dacfb7c6e2,ACCEPTED,2025-02-03T23:22:00,2025-02-03T23:23:00,2025-02-03T23:23:00,,2025-02-03T23:22:00
84edf1a1-1db0-400d-8fdb-3ed634de7ca1,7aadeefe-b117-4788-beec-a4ffcd6672ad,f63c50b9-9712-4146-b62f-580951ca12c3,ACCEPTED,2025-02-03T23:22:00,2025-02-03T23:31:00,2025-02-03T23:31:00,,2025-02-03T23:22:00
c982e03a-16aa-4f81-a40c-45216816632f,7aadeefe-b117-4788-beec-a4ffcd6672ad,5a9cd770-f74a-4cdd-87d0-646aa0e13b89,ACCEPTED,2025-02-03T23:23:00,2025-02-03T23:38:00,2025-02-03T23:38:00,,2025-02-03T23:23:00
61c4b49e-c23e-47aa-ad5f-dce3c5f77d3d,7aadeefe-b117-4788-beec-a4ffcd6672ad,5053490e-deb6-4adb-911f-6fcef3832803,NO_RESPONSE,2025-02-03T23:24:00,,,,2025-02-03T23:24:00
e50d205a-f253-4b25-93aa-fbcc15b8e8c9,03a81a6b-9c16-4b2f-bf34-68d25ec1a344,afa47c4e-62b3-4586-9824-3169d0ae4f73,COMPLETED,2025-02-03T23:26:00,2025-02-03T23:39:00,2025-02-03T23:39:00,2025-02-04T01:26:00,2025-02-03T23:26:00
8db5d780-7a4c-4a72-bf4b-7cc69887f686,03a81a6b-9c16-4b2f-bf34-68d25ec1a344,d6b5ae43-d86a-4b5f-abd6-b4e06091ee44,ACCEPTED,2025-02-03T23:29:00,2025-02-03T23:34:00,2025-02-03T23:34:00,,2025-02-03T23:29:00
da135e33-5a94-4be1-82d8-9e924a207618,03a81a6b-9c16-4b2f-bf34-68d25ec1a344,3e5bcb3e-d421-4d2e-b8ee-6482c43242d7,COMPLETED,2025-02-03T23:30:00,2025-02-03T23:36:00,2025-02-03T23:36:00,2025-02-04T01:30:00,2025-02-03T23:30:00
2719beed-f903-4501-9ee7-11cfc2d55da4,03a81a6b-9c16-4b2f-bf34-68d25ec1a344,bf8e736f-22d8-4087-bff3-6507e937c56f,ACCEPTED,2025-02-03T23:36:00,2025-02-03T23:42:00,2025-02-03T23:42:00,,2025-02-03T23:36:00
15f01e64-13aa-4366-9820-1f2abb26a565,03a81a6b-9c16-4b2f-bf34-68d25ec1a344,ea9269ef-352d-4ec8-93a1-f6e436740b10,NO_RESPONSE,2025-02-03T23:37:00,,,,2025-02-03T23:37:00
6a2c14b3-917d-48fa-be1c-9bdcafd973cb,475dab99-5609-464c-8846-0dbbc97989ac,2bc00f4d-1415-492e-ab45-855a39d62175,ACCEPTED,2025-02-03T23:41:00,2025-02-03T23:54:00,2025-02-03T23:54:00,,2025-02-03T23:41:00
5623c5a0-c121-4ad2-bf28-e8c191ef05e5,475dab99-5609-464c-8846-0dbbc97989ac,3eeabab8-191e-4745-993a-32c183d79d3c,COMPLETED,2025-02-03T23:44:00,2025-02-03T23:46:00,2025-02-03T23:46:00,2025-02-04T01:44:00,2025-02-03T23:44:00
e78808b8-f303-4db8-9b8a-1864601a9e88,475dab99-5609-464c-8846-0dbbc97989ac,c436515f-d954-43ab-83ea-71d7b85b1ab2,ACCEPTED,2025-02-03T23:48:00,2025-02-03T23:59:00,2025-02-03T23:59:00,,2025-02-03T23:48:00
8855633b-3120-4690-b0fa-45638bf45607,475dab99-5609-464c-8846-0dbbc97989ac,c1c99edc-e331-448e-a7ab-7b7fcb4ae4e7,COMPLETED,2025-02-03T23:50:00,2025-02-04T00:04:00,2025-02-04T00:04:00,2025-02-04T00:50:00,2025-02-03T23:50:00
399f34df-7543-435d-b3d2-b8174ace6144,475dab99-5609-464c-8846-0dbbc97989ac,6c42715a-7792-4ae5-bd27-72ddeffdf209,ACCEPTED,2025-02-03T23:51:00,2025-02-03T23:55:00,2025-02-03T23:55:00,,2025-02-03T23:51:00
91f5acc6-ca27-4d6d-8180-6afdce8a0677,367dbf3a-b42b-4dc8-bf5c-92298eff737f,ba816062-c1ac-43da-97de-4c1216324bb5,NO_RESPONSE,2025-02-04T03:11:00,,,,2025-02-04T03:11:00
e171f665-1077-4404-8485-5c54bd33ce05,367dbf3a-b42b-4dc8-bf5c-92298eff737f,f6556829-5e66-4e5a-aff5-3233c86566a8,COMPLETED,2025-02-04T03:15:00,2025-02-04T03:27:00,2025-02-04T03:27:00,2025-02-04T05:15:00,2025-02-04T03:15:00
cc73551e-ef46-403b-9c68-6834739c7c70,367dbf3a-b42b-4dc8-bf5c-92298eff737f,0163ca09-1636-4809-8246-282d82afd3a3,COMPLETED,2025-02-04T03:17:00,2025-02-04T03:20:00,2025-02-04T03:20:00,2025-02-04T04:17:00,2025-02-04T03:17:00
ad965070-1127-4e60-ad76-e04ed155c7d2,367dbf3a-b42b-4dc8-bf5c-92298eff737f,02ab37f8-95ba-4069-b113-066bd5d1f267,EXPIRED,2025-02-04T03:21:00,,,,2025-02-04T03:21:00
aa0361a0-aba1-484d-8697-bb9e344f9bdc,a0970bbb-cfb2-40f6-a916-70f840cfb502,a1bc2676-aad3-49f3-9131-e812c904d689,ACCEPTED,2025-02-04T16:27:00,2025-02-04T16:38:00,2025-02-04T16:38:00,,2025-02-04T16:27:00
13415b10-46ef-4457-acd2-dcd42250ff2f,a0970bbb-cfb2-40f6-a916-70f840cfb502,e0e3fb99-db30-4123-b346-7f11de4197c6,ACCEPTED,2025-02-04T16:28:00,2025-02-04T16:34:00,2025-02-04T16:34:00,,2025-02-04T16:28:00
d55a739d-58dd-4832-a95f-0297a19ababf,a0970bbb-cfb2-40f6-a916-70f840cfb502,00924f36-733f-4345-a507-751101551a9c,ACCEPTED,2025-02-04T16:30:00,2025-02-04T16:41:00,2025-02-04T16:41:00,,2025-02-04T16:30:00
63960a8c-70cf-460a-a99d-1f086f066388,a0970bbb-cfb2-40f6-a916-70f840cfb502,c436515f-d954-43ab-83ea-71d7b85b1ab2,COMPLETED,2025-02-04T16:34:00,2025-02-04T16:49:00,2025-02-04T16:49:00,2025-02-04T17:34:00,2025-02-04T16:34:00
e60857e7-27f6-4a3f-bbb3-a9e19ddcbc53,a0970bbb-cfb2-40f6-a916-70f840cfb502,1b1c6a4c-9521-43d0-af56-40e628a2cb1d,ACCEPTED,2025-02-04T16:36:00,2025-02-04T16:41:00,2025-02-04T16:41:00,,2025-02-04T16:36:00
db719cea-c39c-4f71-b5fd-0b73d5c5d7cf,e2529a9f-34f8-4e11-9ec0-a2fe0ca53492,5e1e8005-4458-440a-9d56-64d0e7c3e96b,NO_RESPONSE,2025-02-04T17:29:00,,,,2025-02-04T17:29:00
7da29d83-4eef-4667-a9f8-31e3ec4eac99,e2529a9f-34f8-4e11-9ec0-a2fe0ca53492,3e6e3033-9a9c-4988-9e45-362e43ee98e6,ACCEPTED,2025-02-04T17:30:00,2025-02-04T17:39:00,2025-02-04T17:39:00,,2025-02-04T17:30:00
ca24d05f-975a-4f07-b8c6-322005696881,42bd63f0-d49d-4173-b769-b44e84fdf81d,3e6e3033-9a9c-4988-9e45-362e43ee98e6,ACCEPTED,2025-02-04T19:25:00,2025-02-04T19:36:00,2025-02-04T19:36:00,,2025-02-04T19:25:00
aa15d415-eb88-48d1-8f8a-fcd65208d6b1,42bd63f0-d49d-4173-b769-b44e84fdf81d,d9bd2841-036c-4f1f-91b6-419ea0458f8e,MISSED,2025-02-04T19:25:00,,,,2025-02-04T19:25:00
a654260b-bd3c-4e27-89e8-d2c35e1d63b6,42bd63f0-d49d-4173-b769-b44e84fdf81d,7fe949fd-61b1-475a-8c19-580e4b0b98a7,ACCEPTED,2025-02-04T19:25:00,2025-02-04T19:39:00,2025-02-04T19:39:00,,2025-02-04T19:25:00
efbffc7b-ccfb-449b-84cc-03b44eea8ae2,42bd63f0-d49d-4173-b769-b44e84fdf81d,4b933cd5-19a8-4e2e-8322-78978d1bb4b2,ACCEPTED,2025-02-04T19:28:00,2025-02-04T19:41:00,2025-02-04T19:41:00,,2025-02-04T19:28:00
37c4e824-d18b-4e97-8e77-02eb98a75345,42bd63f0-d49d-4173-b769-b44e84fdf81d,89b16628-7a7b-4967-800e-f441e05d2779,ACCEPTED,2025-02-04T19:34:00,2025-02-04T19:35:00,2025-02-04T19:35:00,,2025-02-04T19:34:00
1229fa10-9bde-45f3-bda3-456640b4da6f,42bd63f0-d49d-4173-b769-b44e84fdf81d,76c87fab-4634-487d-a03f-d4c7ee94749e,COMPLETED,2025-02-04T19:36:00,2025-02-04T19:48:00,2025-02-04T19:48:00,2025-02-04T22:36:00,2025-02-04T19:36:00
2d4bc3d9-4a1e-4c23-ad32-ce1b868272c3,130689ec-0fb5-403d-93b8-276d909c3890,6c841b96-0d6c-4d4f-a647-602aca520949,EXPIRED,2025-02-04T21:21:00,,,,2025-02-04T21:21:00
23db188d-d5e1-4a7c-9d13-6c3e584d87b3,130689ec-0fb5-403d-93b8-276d909c3890,ffd6e179-bce4-414a-9aef-db47a3caea86,ACCEPTED,2025-02-04T21:22:00,2025-02-04T21:31:00,2025-02-04T21:31:00,,2025-02-04T21:22:00
3b3b0c12-207d-41b2-98ff-6434fb3d5ac0,130689ec-0fb5-403d-93b8-276d909c3890,64af186a-4a5e-4d8e-8b52-ff4a3c5bc1ec,ACCEPTED,2025-02-04T21:27:00,2025-02-04T21:37:00,2025-02-04T21:37:00,,2025-02-04T21:27:00
8e6eff46-6040-4b89-9212-2cb13d02b5cf,cb40dad0-8da9-4263-9ebf-bffd15e5c60c,62dcf5be-c7c7-4332-ba46-a97ff4593dd6,COMPLETED,2025-02-04T21:27:00,2025-02-04T21:31:00,2025-02-04T21:31:00,2025-02-04T22:27:00,2025-02-04T21:27:00
39a2ecc4-d670-4b88-b295-db935d9c2fc3,cb40dad0-8da9-4263-9ebf-bffd15e5c60c,dbebf1a3-387d-417a-abcb-ebdd3d136562,MISSED,2025-02-04T21:29:00,,,,2025-02-04T21:29:00
6d8f2c9f-97c2-4155-8100-b018b724b110,130689ec-0fb5-403d-93b8-276d909c3890,4dbf9849-ac53-4f89-9962-e94bf0dccfbc,ACCEPTED,2025-02-04T21:34:00,2025-02-04T21:43:00,2025-02-04T21:43:00,,2025-02-04T21:34:00
eff5fed3-58b9-408f-836d-de39ea2e2a0e,cb40dad0-8da9-4263-9ebf-bffd15e5c60c,3d9f3b15-c774-4537-9706-6a9c0ce3bcd0,COMPLETED,2025-02-04T21:37:00,2025-02-04T21:42:00,2025-02-04T21:42:00,2025-02-04T23:37:00,2025-02-04T21:37:00
869bfb12-93b3-438a-8d6f-3d8a7b7133c9,cb40dad0-8da9-4263-9ebf-bffd15e5c60c,5ed79810-0c9b-4377-870c-58916ee465a7,NO_RESPONSE,2025-02-04T21:39:00,,,,2025-02-04T21:39:00
0718d533-aa5e-47b5-8bf6-ca7a68487e4f,cb40dad0-8da9-4263-9ebf-bffd15e5c60c,fe02ea3a-03d9-4d57-94a7-47e4a11e404f,ACCEPTED,2025-02-04T21:40:00,2025-02-04T21:41:00,2025-02-04T21:41:00,,2025-02-04T21:40:00
5f34080c-e9e7-49b3-b773-a38c5eca9d85,b0be38ee-d3a1-41c4-8c17-cbbaf78e432e,664b1167-88df-4fdd-afcb-3e9296fb4ad6,ACCEPTED,2025-02-05T01:50:00,2025-02-05T02:01:00,2025-02-05T02:01:00,,2025-02-05T01:50:00
39160bfe-98e7-40aa-b92b-81773195c8b4,b0be38ee-d3a1-41c4-8c17-cbbaf78e432e,b7b35df4-cc30-48d4-b856-21583b9c43c1,ACCEPTED,2025-02-05T02:00:00,2025-02-05T02:12:00,2025-02-05T02:12:00,,2025-02-05T02:00:00
50b76013-6b41-4dc6-a868-d640fbaa92e1,53b7f34d-a31d-4158-8ab3-b3a5482f1368,4d73646f-823d-4c1b-9fe9-150b22e01890,ACCEPTED,2025-02-05T09:49:00,2025-02-05T10:04:00,2025-02-05T10:04:00,,2025-02-05T09:49:00
db99251c-6313-47e4-b6a7-f36879377dff,53b7f34d-a31d-4158-8ab3-b3a5482f1368,83d13c8e-fd29-4343-bf35-4497b673a39d,ACCEPTED,2025-02-05T09:51:00,2025-02-05T09:56:00,2025-02-05T09:56:00,,2025-02-05T09:51:00
d458800d-56cc-4955-a9fd-a66f9d7ab036,53b7f34d-a31d-4158-8ab3-b3a5482f1368,b34b9ff4-c6a5-4e42-9619-75d5b29e68d4,COMPLETED,2025-02-05T09:52:00,2025-02-05T09:53:00,2025-02-05T09:53:00,2025-02-05T12:52:00,2025-02-05T09:52:00
a4689106-2e93-4c72-b572-7419812f0176,53b7f34d-a31d-4158-8ab3-b3a5482f1368,02e664d4-0b6a-4921-9a18-18529c0b46fb,NO_RESPONSE,2025-02-05T09:53:00,,,,2025-02-05T09:53:00
5b60f126-a6a1-49ec-b3d5-4b78ad5801db,53b7f34d-a31d-4158-8ab3-b3a5482f1368,fdd10e56-22de-4a56-98b8-fcf4cc56744d,ACCEPTED,2025-02-05T09:56:00,2025-02-05T09:57:00,2025-02-05T09:57:00,,2025-02-05T09:56:00
5b6366cd-536c-4a05-97dc-0476dd661313,53b7f34d-a31d-4158-8ab3-b3a5482f1368,74de697e-ecd0-4975-8057-f21088a888b4,ACCEPTED,2025-02-05T09:57:00,2025-02-05T10:07:00,2025-02-05T10:07:00,,2025-02-05T09:57:00
b0aaaadc-7bac-49af-aab3-b0c3d51fae65,afd6e803-244c-4f6d-a8c2-723628becff3,f9c29be2-ddc0-4390-8bf7-68d4469a289f,ACCEPTED,2025-02-05T23:53:00,2025-02-05T23:59:00,2025-02-05T23:59:00,,2025-02-05T23:53:00
30d5a114-782d-4658-a992-369798a0d23f,afd6e803-244c-4f6d-a8c2-723628becff3,5ed79810-0c9b-4377-870c-58916ee465a7,NO_RESPONSE,2025-02-05T23:56:00,,,,2025-02-05T23:56:00
6fe65526-a9ac-4a62-986b-1400c890816f,afd6e803-244c-4f6d-a8c2-723628becff3,c5f535ca-0ce9-4d6a-9653-50c63468cb62,EXPIRED,2025-02-05T23:59:00,,,,2025-02-05T23:59:00
6f113a64-a17b-4a7d-aaa6-aa92253af409,afd6e803-244c-4f6d-a8c2-723628becff3,03e883fa-634d-4ebc-8db3-ff97e5ec7eb2,COMPLETED,2025-02-06T00:04:00,2025-02-06T00:19:00,2025-02-06T00:19:00,2025-02-06T03:04:00,2025-02-06T00:04:00
699cfb3b-cdc0-4a63-b3a6-5a3e6684ec16,41e5bfcb-dd8d-4649-9a1e-33b6a23ac901,afa47c4e-62b3-4586-9824-3169d0ae4f73,ACCEPTED,2025-02-06T04:03:00,2025-02-06T04:13:00,2025-02-06T04:13:00,,2025-02-06T04:03:00
d7e3aa80-48e8-4c28-aec4-ee66dce6038b,41e5bfcb-dd8d-4649-9a1e-33b6a23ac901,29e49c87-bf5c-4e0a-844a-7ce3f4f2d13d,ACCEPTED,2025-02-06T04:06:00,2025-02-06T04:10:00,2025-02-06T04:10:00,,2025-02-06T04:06:00
4f85772d-f878-4f08-bfc4-8c4be0943a8b,41e5bfcb-dd8d-4649-9a1e-33b6a23ac901,4e738475-88e6-4df8-90b2-45dacfb7c6e2,ACCEPTED,2025-02-06T04:10:00,2025-02-06T04:20:00,2025-02-06T04:20:00,,2025-02-06T04:10:00
4ca9b8fc-269d-46c2-a332-83a5cc734580,41e5bfcb-dd8d-4649-9a1e-33b6a23ac901,bbaea4a2-227b-4e8f-9f8b-61615adfff9f,ACCEPTED,2025-02-06T04:11:00,2025-02-06T04:26:00,2025-02-06T04:26:00,,2025-02-06T04:11:00
0a284b95-d93d-4570-9b36-98c922cc967c,41e5bfcb-dd8d-4649-9a1e-33b6a23ac901,d6b5ae43-d86a-4b5f-abd6-b4e06091ee44,NO_RESPONSE,2025-02-06T04:11:00,,,,2025-02-06T04:11:00
40e05de4-4fe0-4c6d-b93c-9bf2424a7093,41e5bfcb-dd8d-4649-9a1e-33b6a23ac901,34dc13fa-a9a1-4b88-8692-d63511225a68,ACCEPTED,2025-02-06T04:13:00,2025-02-06T04:26:00,2025-02-06T04:26:00,,2025-02-06T04:13:00
da05c7ff-a09b-4218-809e-549e78333a30,bb2dbfb6-765e-48c3-b80e-20f78ceb79ed,0b51ced4-84e3-45ad-a67a-de86af260d64,EXPIRED,2025-02-06T04:44:00,,,,2025-02-06T04:44:00
782f440e-4cb1-4ae7-bdb9-7538cf8aa13e,bb2dbfb6-765e-48c3-b80e-20f78ceb79ed,91080d43-a198-4089-b53a-109a95c5e635,NO_RESPONSE,2025-02-06T04:45:00,,,,2025-02-06T04:45:00
bdca765d-57d8-430b-8c38-4992b0e8e3aa,bb2dbfb6-765e-48c3-b80e-20f78ceb79ed,8a51ac8d-1598-4fa0-bf75-085c49cbc370,COMPLETED,2025-02-06T04:46:00,2025-02-06T04:48:00,2025-02-06T04:48:00,2025-02-06T07:46:00,2025-02-06T04:46:00
c320002a-89c9-4b89-bf68-43108e165cb4,bb2dbfb6-765e-48c3-b80e-20f78ceb79ed,67e602e6-39ad-4901-acb6-b01a84f70f34,NO_RESPONSE,2025-02-06T04:54:00,,,,2025-02-06T04:54:00
ae707f6b-6095-4638-88bd-08e260d91884,d89f9a03-c7e5-4203-ab52-4de642d06806,979e4feb-883b-4b84-a316-add5625c20c0,ACCEPTED,2025-02-06T16:30:00,2025-02-06T16:38:00,2025-02-06T16:38:00,,2025-02-06T16:30:00
8def5d8b-7d0c-4586-8b7f-ea4f68b96fee,d89f9a03-c7e5-4203-ab52-4de642d06806,caedcc90-6c34-4e03-8f0b-b86ff3cda6a7,ACCEPTED,2025-02-06T16:35:00,2025-02-06T16:43:00,2025-02-06T16:43:00,,2025-02-06T16:35:00
a746011e-72df-4b17-b892-4b7886e8d513,d89f9a03-c7e5-4203-ab52-4de642d06806,b2bf9e98-85b8-494e-b4cc-bd65231bcd14,ACCEPTED,2025-02-06T16:36:00,2025-02-06T16:47:00,2025-02-06T16:47:00,,2025-02-06T16:36:00
84329b3d-696a-4fe8-8b20-8916d94cb7d0,d89f9a03-c7e5-4203-ab52-4de642d06806,972c2711-206c-49a4-b763-2a7319f31c08,ACCEPTED,2025-02-06T16:37:00,2025-02-06T16:40:00,2025-02-06T16:40:00,,2025-02-06T16:37:00
bb428f68-bae1-4d3f-85e9-b6433c279198,d89f9a03-c7e5-4203-ab52-4de642d06806,53ed2f86-5a3a-4240-86cc-9f9f609bdea0,COMPLETED,2025-02-06T16:39:00,2025-02-06T16:46:00,2025-02-06T16:46:00,2025-02-06T18:39:00,2025-02-06T16:39:00
aeccd380-43e0-4a8e-804c-424f2cad023b,d89f9a03-c7e5-4203-ab52-4de642d06806,909e8f9d-0127-4f44-9f4c-24a2e2b45782,ACCEPTED,2025-02-06T16:41:00,2025-02-06T16:43:00,2025-02-06T16:43:00,,2025-02-06T16:41:00
f04f749f-19a9-4705-a859-8693062ecaf1,3e040e70-6656-49af-81bf-f444b84aa192,5e1e8005-4458-440a-9d56-64d0e7c3e96b,COMPLETED,2025-02-06T18:57:00,2025-02-06T19:02:00,2025-02-06T19:02:00,2025-02-06T21:57:00,2025-02-06T18:57:00
b3303edb-0975-43af-89c5-c80886cfc7cd,3e040e70-6656-49af-81bf-f444b84aa192,2d8800e7-4323-4d12-918d-a987209ae260,COMPLETED,2025-02-06T19:03:00,2025-02-06T19:14:00,2025-02-06T19:14:00,2025-02-06T21:03:00,2025-02-06T19:03:00
a2d5236d-c351-49f9-8a31-9fff71862196,2a4fe49b-a7a2-4365-893e-986b1cb09a1a,3fbab77f-078b-48d4-ab31-908df43ab95e,ACCEPTED,2025-02-06T20:56:00,2025-02-06T21:00:00,2025-02-06T21:00:00,,2025-02-06T20:56:00
4e016f03-759e-4c08-87f6-4f9e308f7242,2a4fe49b-a7a2-4365-893e-986b1cb09a1a,caedcc90-6c34-4e03-8f0b-b86ff3cda6a7,COMPLETED,2025-02-06T20:58:00,2025-02-06T21:01:00,2025-02-06T21:01:00,2025-02-06T22:58:00,2025-02-06T20:58:00
03416662-eef0-4596-9c92-ad9e56aa2764,2a4fe49b-a7a2-4365-893e-986b1cb09a1a,985ab403-ddfd-47f6-9b98-9ce2f7dcd16e,ACCEPTED,2025-02-06T21:01:00,2025-02-06T21:06:00,2025-02-06T21:06:00,,2025-02-06T21:01:00
ec047004-5d09-4be4-8679-fefe3ee3c291,2a4fe49b-a7a2-4365-893e-986b1cb09a1a,40c6fe05-f02d-4157-ba15-09913e067c14,COMPLETED,2025-02-06T21:02:00,2025-02-06T21:10:00,2025-02-06T21:10:00,2025-02-06T23:02:00,2025-02-06T21:02:00
bdfe2a17-3ebe-47c4-8fbb-8a3a186e5393,ac937307-66e9-4e31-af30-7fe53ae7323b,5a1a919b-115a-40fc-ad8a-b6ffd35a23eb,ACCEPTED,2025-02-07T01:32:00,2025-02-07T01:44:00,2025-02-07T01:44:00,,2025-02-07T01:32:00
e153daba-5e2e-4931-9e04-b6e050e10872,ac937307-66e9-4e31-af30-7fe53ae7323b,6c25e2ff-8bc0-4abc-a978-052ba5e4650a,ACCEPTED,2025-02-07T01:32:00,2025-02-07T01:44:00,2025-02-07T01:44:00,,2025-02-07T01:32:00
9a9ddb69-e1d8-436b-b25f-ef6d0dd31391,ac937307-66e9-4e31-af30-7fe53ae7323b,fdd10e56-22de-4a56-98b8-fcf4cc56744d,COMPLETED,2025-02-07T01:33:00,2025-02-07T01:39:00,2025-02-07T01:39:00,2025-02-07T03:33:00,2025-02-07T01:33:00
ff9ea4fe-b8ec-477d-ab35-6d97339cdb36,ac937307-66e9-4e31-af30-7fe53ae7323b,7dce07a7-bf0e-49d0-8e10-0fae45654bf0,NO_RESPONSE,2025-02-07T01:33:00,,,,2025-02-07T01:33:00
a0f9a2dc-bc49-4ec2-9a33-6364053342d0,ac937307-66e9-4e31-af30-7fe53ae7323b,4adfcc20-75f4-424d-8645-1ab7b11ade80,NO_RESPONSE,2025-02-07T01:36:00,,,,2025-02-07T01:36:00
a0c0a65f-d0b2-44ac-aa1f-5eb4981fb462,55bd962e-ab9c-404e-b761-664e63f1606a,bf16397a-e456-456e-98bd-2730736c43f3,MISSED,2025-02-07T06:50:00,,,,2025-02-07T06:50:00
2f78f8bf-9a43-4154-b1ba-a3ebc3979e88,55bd962e-ab9c-404e-b761-664e63f1606a,9af05ac7-06a8-49dd-abb8-7a4c2f508938,ACCEPTED,2025-02-07T06:57:00,2025-02-07T07:08:00,2025-02-07T07:08:00,,2025-02-07T06:57:00
b700aa3a-7816-4f5e-982f-d7708b282e57,55bd962e-ab9c-404e-b761-664e63f1606a,cc255119-86e4-43ad-b1f0-6c24ac17d920,COMPLETED,2025-02-07T07:02:00,2025-02-07T07:10:00,2025-02-07T07:10:00,2025-02-07T08:02:00,2025-02-07T07:02:00
ffca41f5-0ac0-4fe3-b8ee-6c59fe842b05,659e6eec-3dde-49de-a05b-73eea379dbaa,a9048c9b-4ff2-49a2-8387-544ccfc02e0e,COMPLETED,2025-02-07T08:16:00,2025-02-07T08:26:00,2025-02-07T08:26:00,2025-02-07T11:16:00,2025-02-07T08:16:00
041fd87d-2827-48a6-910a-84ab466d8e70,659e6eec-3dde-49de-a05b-73eea379dbaa,2d67b8f1-6839-41a5-a4f9-ed87959a5394,COMPLETED,2025-02-07T08:18:00,2025-02-07T08:28:00,2025-02-07T08:28:00,2025-02-07T11:18:00,2025-02-07T08:18:00
c9b29528-92c6-4684-b626-52f4c314c367,659e6eec-3dde-49de-a05b-73eea379dbaa,ef2b35e1-aedc-4a84-a9b0-5f90c4eca927,NO_RESPONSE,2025-02-07T08:19:00,,,,2025-02-07T08:19:00
fdfe6db8-835f-4e7e-9d95-3c149534f0a2,659e6eec-3dde-49de-a05b-73eea379dbaa,b452a2de-4232-41a0-814e-2651c197f192,DECLINED,2025-02-07T08:20:00,2025-02-07T08:29:00,,,2025-02-07T08:20:00
c05e0a8e-2b9c-4b3c-9138-e345d87042e0,0ed2e8f3-b860-42aa-a9fc-6be37abe04cb,1fac9453-e829-479d-ae5f-008babfc456d,ACCEPTED,2025-02-07T09:14:00,2025-02-07T09:17:00,2025-02-07T09:17:00,,2025-02-07T09:14:00
f843becd-60b6-4a0a-9cf0-f0cd379cd381,0ed2e8f3-b860-42aa-a9fc-6be37abe04cb,614d0845-b187-40ca-a14f-5c975fccd81c,ACCEPTED,2025-02-07T09:18:00,2025-02-07T09:22:00,2025-02-07T09:22:00,,2025-02-07T09:18:00
07fe8697-9676-4ccd-852e-1e5d478e7e93,0ed2e8f3-b860-42aa-a9fc-6be37abe04cb,82f273c1-a6d9-473e-b339-93f7a0379a64,COMPLETED,2025-02-07T09:22:00,2025-02-07T09:24:00,2025-02-07T09:24:00,2025-02-07T10:22:00,2025-02-07T09:22:00
a28524b9-1632-4cce-9e65-03946f8adf40,0ed2e8f3-b860-42aa-a9fc-6be37abe04cb,b2bf9e98-85b8-494e-b4cc-bd65231bcd14,ACCEPTED,2025-02-07T09:23:00,2025-02-07T09:33:00,2025-02-07T09:33:00,,2025-02-07T09:23:00
015d9d00-d84c-43c6-9737-a796dff596ff,a1b5ba7e-93b3-4423-bc41-57ee7ecdddf9,d74d726f-1a04-4093-9eb1-ae0ea06feb1c,COMPLETED,2025-02-07T09:43:00,2025-02-07T09:45:00,2025-02-07T09:45:00,2025-02-07T12:43:00,2025-02-07T09:43:00
80c80761-a158-4480-877f-72e222eb3320,a1b5ba7e-93b3-4423-bc41-57ee7ecdddf9,dc070752-162d-4ca3-ae3a-25c40e32397b,ACCEPTED,2025-02-07T09:45:00,2025-02-07T10:00:00,2025-02-07T10:00:00,,2025-02-07T09:45:00
da2e46b4-55de-40d9-98ec-e65f11ccad22,a1b5ba7e-93b3-4423-bc41-57ee7ecdddf9,309497b0-41ad-483a-a10a-7040ec34710d,ACCEPTED,2025-02-07T09:47:00,2025-02-07T09:58:00,2025-02-07T09:58:00,,2025-02-07T09:47:00
2b8551b7-7bb6-4bd5-bc75-f217564e12cc,a1b5ba7e-93b3-4423-bc41-57ee7ecdddf9,273ddb7f-7af3-44a5-b945-f6705e9f338f,COMPLETED,2025-02-07T09:51:00,2025-02-07T10:04:00,2025-02-07T10:04:00,2025-02-07T10:51:00,2025-02-07T09:51:00
6b91aead-1b0b-4b3f-8596-f66e3931f338,a1b5ba7e-93b3-4423-bc41-57ee7ecdddf9,979b5d05-d629-42eb-925c-ca3d093ceaca,ACCEPTED,2025-02-07T09:52:00,2025-02-07T09:54:00,2025-02-07T09:54:00,,2025-02-07T09:52:00
4feb62a1-57cd-4024-a394-b70d2efc38bc,a1b5ba7e-93b3-4423-bc41-57ee7ecdddf9,887c04b7-3558-4cd6-b634-cf5a4cd93877,COMPLETED,2025-02-07T09:55:00,2025-02-07T10:08:00,2025-02-07T10:08:00,2025-02-07T11:55:00,2025-02-07T09:55:00
5eafa6d7-30b5-4c07-abc5-7e9b7e072152,e82f31cf-c3b5-431a-9175-ce8ebb6359d1,103eb3c6-8619-4c37-b55b-6a3438e71b7a,NO_RESPONSE,2025-02-07T15:33:00,,,,2025-02-07T15:33:00
7a5f45b3-0495-4edc-8271-547a032effe6,e82f31cf-c3b5-431a-9175-ce8ebb6359d1,ab824e7b-6c52-415c-9b45-3252ae8f2969,MISSED,2025-02-07T15:33:00,,,,2025-02-07T15:33:00
e2bd21a1-9376-42d5-ab40-1b8fc11875ba,e82f31cf-c3b5-431a-9175-ce8ebb6359d1,f09d1541-147b-4b19-b485-f9ad246bf702,ACCEPTED,2025-02-07T15:34:00,2025-02-07T15:43:00,2025-02-07T15:43:00,,2025-02-07T15:34:00
da5e9eb9-fa85-4a86-b183-98d601089718,e82f31cf-c3b5-431a-9175-ce8ebb6359d1,cf15cd3c-d017-49b8-af4a-bd4471976dd4,COMPLETED,2025-02-07T15:46:00,2025-02-07T15:58:00,2025-02-07T15:58:00,2025-02-07T17:46:00,2025-02-07T15:46:00
97e2c9a5-d945-4bb9-bd98-828f03467ca2,5f763cc2-5e15-48f2-884d-9a80d72366f0,6c5114ec-b8e2-4c74-8e20-93ded422c3b1,MISSED,2025-02-07T17:31:00,,,,2025-02-07T17:31:00
17646237-b712-484b-ad45-3e7c9a8e841e,5f763cc2-5e15-48f2-884d-9a80d72366f0,e00b0ffc-7f24-4a41-8150-e710ef1d3730,ACCEPTED,2025-02-07T17:32:00,2025-02-07T17:45:00,2025-02-07T17:45:00,,2025-02-07T17:32:00
7b767e64-d310-4d69-b5ad-9229a15bac92,5f763cc2-5e15-48f2-884d-9a80d72366f0,dd1ab9ef-a26d-487b-9f4e-071ae247a999,DECLINED,2025-02-07T17:33:00,2025-02-07T17:45:00,,,2025-02-07T17:33:00
5e9177ce-a20a-4304-9def-fbe04f0b602e,5f763cc2-5e15-48f2-884d-9a80d72366f0,6ba5036b-8e59-4341-9bc3-f959ef8d8360,ACCEPTED,2025-02-07T17:35:00,2025-02-07T17:40:00,2025-02-07T17:40:00,,2025-02-07T17:35:00
96b3308c-f7ab-4d01-ad19-b03efef394ce,5f763cc2-5e15-48f2-884d-9a80d72366f0,2ae377b5-178c-428d-8503-302dc4d6f806,COMPLETED,2025-02-07T17:36:00,2025-02-07T17:45:00,2025-02-07T17:45:00,2025-02-07T19:36:00,2025-02-07T17:36:00
a7ad5ed1-0991-4793-800b-5cbcb656983a,45476e2e-4a1f-4c48-88ec-14571e44ecc5,126fbc28-6b03-407e-b020-19175754625a,COMPLETED,2025-02-07T18:44:00,2025-02-07T18:56:00,2025-02-07T18:56:00,2025-02-07T20:44:00,2025-02-07T18:44:00
91fc4079-769d-490c-8a53-c79b433725be,45476e2e-4a1f-4c48-88ec-14571e44ecc5,979b5d05-d629-42eb-925c-ca3d093ceaca,COMPLETED,2025-02-07T18:49:00,2025-02-07T18:53:00,2025-02-07T18:53:00,2025-02-07T20:49:00,2025-02-07T18:49:00
66896b7c-04b3-4089-ae51-78a16a5081ae,45476e2e-4a1f-4c48-88ec-14571e44ecc5,7874fffd-6a3d-4885-92ad-f115c4f7779f,ACCEPTED,2025-02-07T18:54:00,2025-02-07T19:09:00,2025-02-07T19:09:00,,2025-02-07T18:54:00
617c002a-eb40-427f-a749-74c2a224573f,c9af6455-97d7-4e76-b2be-942b05bbc9c9,2e3af94c-8ff5-4a35-ac8a-571d4fa070d4,ACCEPTED,2025-02-07T19:41:00,2025-02-07T19:44:00,2025-02-07T19:44:00,,2025-02-07T19:41:00
ff9649bb-d0f3-4ef6-9fe4-a8bde6db92a8,c9af6455-97d7-4e76-b2be-942b05bbc9c9,28309fde-6955-4852-ae11-f09951df357a,EXPIRED,2025-02-07T19:49:00,,,,2025-02-07T19:49:00
68864783-cd29-48e0-be5d-14eb32343a78,c9af6455-97d7-4e76-b2be-942b05bbc9c9,d0a96683-1429-46b7-a70f-c0a765bdce73,ACCEPTED,2025-02-07T19:50:00,2025-02-07T19:53:00,2025-02-07T19:53:00,,2025-02-07T19:50:00
32bb527f-4fd9-4bf1-a6a7-320a90071ea4,c9af6455-97d7-4e76-b2be-942b05bbc9c9,628e4e35-5853-4d59-b32f-4056b7e3e27b,ACCEPTED,2025-02-07T19:51:00,2025-02-07T20:03:00,2025-02-07T20:03:00,,2025-02-07T19:51:00
ccb21c6e-84e3-4fe5-adb1-7fa08b3684d2,c9af6455-97d7-4e76-b2be-942b05bbc9c9,64333604-4c8c-43e1-a6e9-7c4582414c02,ACCEPTED,2025-02-07T19:54:00,2025-02-07T20:00:00,2025-02-07T20:00:00,,2025-02-07T19:54:00
3e0cc056-c2cb-4cbb-be96-2e70016a50b2,7961cc07-d7d5-49dd-9d42-d3ddcf5b6b67,01980ae7-4a49-4fe8-b3d2-6850ed621b41,ACCEPTED,2025-02-08T00:56:00,2025-02-08T01:04:00,2025-02-08T01:04:00,,2025-02-08T00:56:00
2ff9d4a4-8f87-4e1d-8a4a-55df91791a7b,7961cc07-d7d5-49dd-9d42-d3ddcf5b6b67,346ece9f-9eed-4c58-95d7-1c3e38d7cceb,COMPLETED,2025-02-08T00:59:00,2025-02-08T01:11:00,2025-02-08T01:11:00,2025-02-08T02:59:00,2025-02-08T00:59:00
4bf43a90-0dfb-483c-a380-0f155f9837f1,7961cc07-d7d5-49dd-9d42-d3ddcf5b6b67,c1c99edc-e331-448e-a7ab-7b7fcb4ae4e7,ACCEPTED,2025-02-08T01:04:00,2025-02-08T01:13:00,2025-02-08T01:13:00,,2025-02-08T01:04:00
c9f91b36-b24c-4bd0-8194-65c2ebf698fa,699d1660-543f-455a-9308-49b224aeb5c4,8a51ac8d-1598-4fa0-bf75-085c49cbc370,ACCEPTED,2025-02-08T06:45:00,2025-02-08T06:57:00,2025-02-08T06:57:00,,2025-02-08T06:45:00
8304bc44-c8fb-4650-bd72-2617d5bfae16,699d1660-543f-455a-9308-49b224aeb5c4,0f830c26-3d4f-4cf5-81cf-08041535d161,NO_RESPONSE,2025-02-08T06:47:00,,,,2025-02-08T06:47:00
4b9c3b13-8acb-4aeb-a7e5-2e5996f13817,699d1660-543f-455a-9308-49b224aeb5c4,088b5742-8640-45a5-9823-8486f1015782,COMPLETED,2025-02-08T06:49:00,2025-02-08T06:51:00,2025-02-08T06:51:00,2025-02-08T08:49:00,2025-02-08T06:49:00
ca2080b4-4137-45e8-99c1-62cc1577f759,699d1660-543f-455a-9308-49b224aeb5c4,a14bd188-163c-4039-b950-9d6f9fd5a629,MISSED,2025-02-08T06:49:00,,,,2025-02-08T06:49:00
957be5f2-d4ef-4d6b-9625-ab3d4cd7cdc4,e2d5268d-9d8a-4aec-86d6-5812fa28eb41,1ee3aa44-6749-4c32-9bfe-c3306275fe48,ACCEPTED,2025-02-08T06:56:00,2025-02-08T07:09:00,2025-02-08T07:09:00,,2025-02-08T06:56:00
f6c026aa-6824-48a8-90ec-84f62811975f,e2d5268d-9d8a-4aec-86d6-5812fa28eb41,d869910e-02c0-4d29-a1fd-9bdef530d653,ACCEPTED,2025-02-08T06:59:00,2025-02-08T07:04:00,2025-02-08T07:04:00,,2025-02-08T06:59:00
0dab8e15-29a9-4700-b1f7-bb951869a127,e2d5268d-9d8a-4aec-86d6-5812fa28eb41,4dbf9849-ac53-4f89-9962-e94bf0dccfbc,COMPLETED,2025-02-08T07:02:00,2025-02-08T07:17:00,2025-02-08T07:17:00,2025-02-08T08:02:00,2025-02-08T07:02:00
85b065da-b49f-46f9-9244-bb6d54ec8533,e2d5268d-9d8a-4aec-86d6-5812fa28eb41,a9192324-9347-4f6f-998a-20066ce0209e,MISSED,2025-02-08T07:03:00,,,,2025-02-08T07:03:00
ab210ce5-0337-4111-845c-3b81cfb4a3ce,e2d5268d-9d8a-4aec-86d6-5812fa28eb41,cc255119-86e4-43ad-b1f0-6c24ac17d920,MISSED,2025-02-08T07:04:00,,,,2025-02-08T07:04:00
a8bd0cea-342b-42c9-8634-1605cfd1c932,e2d5268d-9d8a-4aec-86d6-5812fa28eb41,273ddb7f-7af3-44a5-b945-f6705e9f338f,NO_RESPONSE,2025-02-08T07:09:00,,,,2025-02-08T07:09:00
54e94ae8-e2eb-4df0-b62c-7b6b69f8b02a,cdce3e49-f26e-492e-b85f-7f6614c29f02,ed732f11-698a-40e6-8fab-9a1b078261d2,ACCEPTED,2025-02-08T08:46:00,2025-02-08T08:51:00,2025-02-08T08:51:00,,2025-02-08T08:46:00
5c616d91-debc-415e-a0fe-4931bc563437,cdce3e49-f26e-492e-b85f-7f6614c29f02,4076050c-ef30-4ae6-9a40-cdcec3cb6dd8,ACCEPTED,2025-02-08T08:47:00,2025-02-08T09:00:00,2025-02-08T09:00:00,,2025-02-08T08:47:00
510ad401-18f1-432c-b1db-9c69adf827cd,cdce3e49-f26e-492e-b85f-7f6614c29f02,ac84e25a-f305-4698-9545-957806397804,NO_RESPONSE,2025-02-08T08:49:00,,,,2025-02-08T08:49:00
84c91e73-64eb-4b6a-ab4a-661f62e2236d,cdce3e49-f26e-492e-b85f-7f6614c29f02,f6556829-5e66-4e5a-aff5-3233c86566a8,EXPIRED,2025-02-08T08:52:00,,,,2025-02-08T08:52:00
b207fb24-44e8-4281-84d6-0e58a51e7bca,cdce3e49-f26e-492e-b85f-7f6614c29f02,56cb3f18-5215-48ce-a5e3-0cd1a2498d02,COMPLETED,2025-02-08T08:56:00,2025-02-08T09:06:00,2025-02-08T09:06:00,2025-02-08T09:56:00,2025-02-08T08:56:00
77852c7c-73ba-40a2-8c54-af3a61ab796c,41dba6c0-3829-4fde-a67c-b3f3857cd592,1191fc52-63be-4740-bba1-06592a0f8eb5,ACCEPTED,2025-02-08T11:25:00,2025-02-08T11:26:00,2025-02-08T11:26:00,,2025-02-08T11:25:00
d377bc8c-a710-4f2b-a74a-07e2d113a4d7,41dba6c0-3829-4fde-a67c-b3f3857cd592,b822f3f2-bc12-474d-9f5a-b3cef19341f0,ACCEPTED,2025-02-08T11:32:00,2025-02-08T11:33:00,2025-02-08T11:33:00,,2025-02-08T11:32:00
9fec491c-3a80-49fb-91ce-ae8d23d6f624,41dba6c0-3829-4fde-a67c-b3f3857cd592,78548b9a-a9e8-46f5-9d4b-45f2377b352b,COMPLETED,2025-02-08T11:34:00,2025-02-08T11:35:00,2025-02-08T11:35:00,2025-02-08T13:34:00,2025-02-08T11:34:00
07c06c3f-612f-4ac0-b7fd-2e374525e31d,41dba6c0-3829-4fde-a67c-b3f3857cd592,eca2c7b8-3bf7-4912-8e53-7666a464dbfc,ACCEPTED,2025-02-08T11:34:00,2025-02-08T11:44:00,2025-02-08T11:44:00,,2025-02-08T11:34:00
40ad8a14-3213-4da8-af14-589584f9996f,41dba6c0-3829-4fde-a67c-b3f3857cd592,309497b0-41ad-483a-a10a-7040ec34710d,NO_RESPONSE,2025-02-08T11:36:00,,,,2025-02-08T11:36:00
62a4f330-c725-4329-9993-3e869e725020,2ad3fbb0-dd2c-46c8-b335-7a944099ea10,a1bc2676-aad3-49f3-9131-e812c904d689,COMPLETED,2025-02-08T12:42:00,2025-02-08T12:47:00,2025-02-08T12:47:00,2025-02-08T14:42:00,2025-02-08T12:42:00
af83cb6f-b1f2-4089-8650-e9efc36106bc,2ad3fbb0-dd2c-46c8-b335-7a944099ea10,02e664d4-0b6a-4921-9a18-18529c0b46fb,ACCEPTED,2025-02-08T12:44:00,2025-02-08T12:49:00,2025-02-08T12:49:00,,2025-02-08T12:44:00
aa32d264-db67-40e6-b58d-a715233c1458,2ad3fbb0-dd2c-46c8-b335-7a944099ea10,88dfaec5-4862-48de-a187-81674968acbd,COMPLETED,2025-02-08T12:45:00,2025-02-08T12:50:00,2025-02-08T12:50:00,2025-02-08T14:45:00,2025-02-08T12:45:00
1c35a5ff-1e3c-4d64-aa08-fd369b7c6470,2ad3fbb0-dd2c-46c8-b335-7a944099ea10,a92ac821-12c7-40b8-bbb8-e287da0564eb,MISSED,2025-02-08T12:51:00,,,,2025-02-08T12:51:00
262befdf-8e2d-4661-bfde-7e2c3a5255c5,2ad3fbb0-dd2c-46c8-b335-7a944099ea10,abdc90fb-c824-469f-8f0e-8dd72f8f977f,NO_RESPONSE,2025-02-08T12:53:00,,,,2025-02-08T12:53:00
ce0dc08c-1f0d-4317-b20e-f93519e83e2b,2ad3fbb0-dd2c-46c8-b335-7a944099ea10,a5412686-ad1b-4800-b166-5b72f3faa02d,COMPLETED,2025-02-08T12:54:00,2025-02-08T12:59:00,2025-02-08T12:59:00,2025-02-08T13:54:00,2025-02-08T12:54:00
6348cb68-6ed7-4605-b8b9-aae6d96b57aa,6d1a08c9-a2cc-4f62-82a8-705ef5a0feeb,e07bda41-053d-4aac-9836-2124ef24f237,DECLINED,2025-02-08T23:28:00,2025-02-08T23:45:00,,,2025-02-08T23:28:00
79d7446c-dec0-4842-93e0-48b07e53cb50,6d1a08c9-a2cc-4f62-82a8-705ef5a0feeb,8aadad3e-4591-4c88-a738-78b84530fbda,COMPLETED,2025-02-08T23:34:00,2025-02-08T23:45:00,2025-02-08T23:45:00,2025-02-09T01:34:00,2025-02-08T23:34:00
1c1be1aa-6735-4b10-ab5b-3aa40dde667d,6d1a08c9-a2cc-4f62-82a8-705ef5a0feeb,6ea9a5eb-fa10-4a3a-b0ff-8ec7b4d27eff,ACCEPTED,2025-02-08T23:38:00,2025-02-08T23:41:00,2025-02-08T23:41:00,,2025-02-08T23:38:00
9d6ba1a2-79a3-4d36-be24-00aa1f51f710,0c378270-37f1-4109-a1d9-9ed22441406e,3e19e0d8-1f00-40bc-8358-1472a358eb9a,COMPLETED,2025-02-09T04:19:00,2025-02-09T04:28:00,2025-02-09T04:28:00,2025-02-09T06:19:00,2025-02-09T04:19:00
8e132d0b-36d5-47ce-bee9-02c4f835ad59,0c378270-37f1-4109-a1d9-9ed22441406e,4e738475-88e6-4df8-90b2-45dacfb7c6e2,ACCEPTED,2025-02-09T04:27:00,2025-02-09T04:28:00,2025-02-09T04:28:00,,2025-02-09T04:27:00
9bb6b207-729c-487c-991c-99d1a8ba9e5e,4d7cd9bd-6949-4f1a-9c37-75ca373ac248,5805c9e4-e8a0-4c33-9ca3-70004d94c948,ACCEPTED,2025-02-09T06:37:00,2025-02-09T06:41:00,2025-02-09T06:41:00,,2025-02-09T06:37:00
fc8e4db5-2a6c-4969-a5f5-c54372989a2b,2b3f4059-4ed8-40e9-87df-8b5350917de5,1ee3aa44-6749-4c32-9bfe-c3306275fe48,EXPIRED,2025-02-09T06:41:00,,,,2025-02-09T06:41:00
50e1091a-35c5-414b-bad4-8c49c1e07805,4d7cd9bd-6949-4f1a-9c37-75ca373ac248,8149a5a0-b1e9-4bb0-a980-b7f5bdcb02a4,COMPLETED,2025-02-09T06:41:00,2025-02-09T06:44:00,2025-02-09T06:44:00,2025-02-09T09:41:00,2025-02-09T06:41:00
a2a0fe32-2b62-4173-9a4f-69ca3f80bc1b,4d7cd9bd-6949-4f1a-9c37-75ca373ac248,0a75681e-3c8c-4c6e-aee4-3ed6e64484f2,ACCEPTED,2025-02-09T06:47:00,2025-02-09T06:59:00,2025-02-09T06:59:00,,2025-02-09T06:47:00
c839d703-4e91-4aee-acc2-ef4d17e5ab7e,2b3f4059-4ed8-40e9-87df-8b5350917de5,77222c64-5090-4b91-b802-e153a736f651,ACCEPTED,2025-02-09T06:49:00,2025-02-09T06:55:00,2025-02-09T06:55:00,,2025-02-09T06:49:00
407262f9-9237-4a59-84fb-b83d34b7db21,2b3f4059-4ed8-40e9-87df-8b5350917de5,8e7b58d3-fd28-4f41-ad6d-99b81fe9d484,COMPLETED,2025-02-09T06:50:00,2025-02-09T06:52:00,2025-02-09T06:52:00,2025-02-09T09:50:00,2025-02-09T06:50:00
0f518d45-b4ef-4478-a46b-d55f4dc43116,2b3f4059-4ed8-40e9-87df-8b5350917de5,cf15cd3c-d017-49b8-af4a-bd4471976dd4,COMPLETED,2025-02-09T06:51:00,2025-02-09T07:05:00,2025-02-09T07:05:00,2025-02-09T08:51:00,2025-02-09T06:51:00
77d6980d-c6b4-4455-ac43-fcf0d31f0d31,9418c574-0398-4435-afaf-dd4676ed65c0,bfe8f73a-9210-4c1c-b628-3cea7b8977ae,EXPIRED,2025-02-09T11:27:00,,,,2025-02-09T11:27:00
88d2bdd0-2e44-4730-a662-90a35d981986,9418c574-0398-4435-afaf-dd4676ed65c0,12fc0202-67a8-417a-a936-b348c6432014,ACCEPTED,2025-02-09T11:27:00,2025-02-09T11:39:00,2025-02-09T11:39:00,,2025-02-09T11:27:00
d9172021-10d2-4837-ba14-5b2d1fb768ea,9418c574-0398-4435-afaf-dd4676ed65c0,4b933cd5-19a8-4e2e-8322-78978d1bb4b2,ACCEPTED,2025-02-09T11:29:00,2025-02-09T11:38:00,2025-02-09T11:38:00,,2025-02-09T11:29:00
2c652f60-b218-4c4f-ac5d-cd8bed9962d6,9418c574-0398-4435-afaf-dd4676ed65c0,80faa51d-a2ac-468a-a4b0-b1c148fd10fe,ACCEPTED,2025-02-09T11:31:00,2025-02-09T11:41:00,2025-02-09T11:41:00,,2025-02-09T11:31:00
80b15d16-ec7d-4b38-af2a-b7aae2a38f95,9418c574-0398-4435-afaf-dd4676ed65c0,0db56994-7b77-4dee-bd9c-894ba39fcd46,COMPLETED,2025-02-09T11:32:00,2025-02-09T11:46:00,2025-02-09T11:46:00,2025-02-09T12:32:00,2025-02-09T11:32:00
30aba879-e7de-46cf-91a9-1ee6553aef51,9418c574-0398-4435-afaf-dd4676ed65c0,2c3db408-b5ed-488b-889b-94d27474e75e,COMPLETED,2025-02-09T11:36:00,2025-02-09T11:47:00,2025-02-09T11:47:00,2025-02-09T14:36:00,2025-02-09T11:36:00
6f3eebba-0edb-4c66-9786-d97e7045dd07,4d146bdf-856c-42a8-82fd-bdef087124ed,4e738475-88e6-4df8-90b2-45dacfb7c6e2,ACCEPTED,2025-02-09T23:56:00,2025-02-10T00:10:00,2025-02-10T00:10:00,,2025-02-09T23:56:00
9b44b667-86ad-4214-8a32-945a7540f13b,4d146bdf-856c-42a8-82fd-bdef087124ed,bdc0370d-62f2-4b37-aaa3-b2871252b644,COMPLETED,2025-02-09T23:57:00,2025-02-10T00:09:00,2025-02-10T00:09:00,2025-02-10T00:57:00,2025-02-09T23:57:00
d40e81d9-5d30-471f-a652-8cc7ca967bf8,4d146bdf-856c-42a8-82fd-bdef087124ed,309497b0-41ad-483a-a10a-7040ec34710d,ACCEPTED,2025-02-10T00:04:00,2025-02-10T00:09:00,2025-02-10T00:09:00,,2025-02-10T00:04:00
2a9c7a49-196e-4c32-bf6f-3aad3450419b,4d146bdf-856c-42a8-82fd-bdef087124ed,4be00de0-ff5a-454f-aca8-e915814cf135,MISSED,2025-02-10T00:05:00,,,,2025-02-10T00:05:00
bb3acfda-b2ec-4201-b5b9-2d44b4d3fc4d,38972174-f098-47ef-992d-330765b1513f,c9dc82a9-929e-4f50-b5b7-c81e47b0668c,DECLINED,2025-02-10T01:45:00,2025-02-10T01:52:00,,,2025-02-10T01:45:00
ce85e5c5-eb76-4407-ad02-ed8e1a5abfea,38972174-f098-47ef-992d-330765b1513f,972c2711-206c-49a4-b763-2a7319f31c08,ACCEPTED,2025-02-10T01:45:00,2025-02-10T01:52:00,2025-02-10T01:52:00,,2025-02-10T01:45:00
6c066688-b778-4899-849a-4a8d2ff4c22f,38972174-f098-47ef-992d-330765b1513f,93125440-01af-4643-ac94-7c4da12295ea,EXPIRED,2025-02-10T01:49:00,,,,2025-02-10T01:49:00
dbe2e3b0-c8a2-49bb-a3ea-366f3102a39c,38972174-f098-47ef-992d-330765b1513f,0648f122-df82-42c1-b7a4-513681226246,NO_RESPONSE,2025-02-10T01:49:00,,,,2025-02-10T01:49:00
92e8ffb9-6c61-4359-973b-82fc4b9c7af2,38972174-f098-47ef-992d-330765b1513f,02ab37f8-95ba-4069-b113-066bd5d1f267,MISSED,2025-02-10T01:55:00,,,,2025-02-10T01:55:00
827bf031-9f9a-41f7-a22d-2dc4905f831d,21cd29bb-dd8c-43d7-9cc2-1b6fe6040276,77222c64-5090-4b91-b802-e153a736f651,NO_RESPONSE,2025-02-10T02:02:00,,,,2025-02-10T02:02:00
fb88bfb0-6371-4c4b-b35d-a7a57a2d3924,21cd29bb-dd8c-43d7-9cc2-1b6fe6040276,caedcc90-6c34-4e03-8f0b-b86ff3cda6a7,ACCEPTED,2025-02-10T02:03:00,2025-02-10T02:05:00,2025-02-10T02:05:00,,2025-02-10T02:03:00
582c77df-340f-46a2-a624-125b6c7d9892,1e39c69c-aaef-4447-a399-3f7d42523f37,f4f6b626-e397-4f44-8dde-9d51ac118ff6,COMPLETED,2025-02-10T04:30:00,2025-02-10T04:43:00,2025-02-10T04:43:00,2025-02-10T06:30:00,2025-02-10T04:30:00
41dee368-37c2-437e-84c6-b8dfa56b8ce5,1e39c69c-aaef-4447-a399-3f7d42523f37,b822f3f2-bc12-474d-9f5a-b3cef19341f0,NO_RESPONSE,2025-02-10T04:34:00,,,,2025-02-10T04:34:00
878c75b9-8ef0-46ca-a9ae-de292017149d,1e39c69c-aaef-4447-a399-3f7d42523f37,5ed79810-0c9b-4377-870c-58916ee465a7,MISSED,2025-02-10T04:36:00,,,,2025-02-10T04:36:00
0e168e92-aab1-4284-ba82-81f6fcb46253,855c8af8-4ea6-4304-9d58-eab6d576a57d,35c97ba1-3b93-4844-a896-f8caf863e1ad,ACCEPTED,2025-02-10T05:30:00,2025-02-10T05:31:00,2025-02-10T05:31:00,,2025-02-10T05:30:00
40184780-8aca-4aa4-9b8f-f13a99ba2823,855c8af8-4ea6-4304-9d58-eab6d576a57d,c1a1cac9-8c8d-4709-b171-00b08bdbc45b,ACCEPTED,2025-02-10T05:35:00,2025-02-10T05:36:00,2025-02-10T05:36:00,,2025-02-10T05:35:00
5954b581-a7b2-4ff6-83fe-ebc636fbe746,655cf946-5566-4def-9938-ab31eecbc2fb,18663a26-c010-4e4e-8471-6194347da84d,ACCEPTED,2025-02-10T06:53:00,2025-02-10T06:55:00,2025-02-10T06:55:00,,2025-02-10T06:53:00
fcd6ef74-3d97-4c45-862a-03764954990b,655cf946-5566-4def-9938-ab31eecbc2fb,f3cd1be3-bc16-4a73-961d-f832dfb5f084,ACCEPTED,2025-02-10T06:55:00,2025-02-10T07:02:00,2025-02-10T07:02:00,,2025-02-10T06:55:00
4c79eb4d-c1f9-4b17-8d24-3664b93e6320,655cf946-5566-4def-9938-ab31eecbc2fb,3e6e3033-9a9c-4988-9e45-362e43ee98e6,DECLINED,2025-02-10T06:58:00,2025-02-10T07:04:00,,,2025-02-10T06:58:00
72fafdbd-efb3-451e-84d8-841d8b2236b0,655cf946-5566-4def-9938-ab31eecbc2fb,9ad5103d-928f-448b-903a-76f5be1dfa37,ACCEPTED,2025-02-10T06:58:00,2025-02-10T07:04:00,2025-02-10T07:04:00,,2025-02-10T06:58:00
16ae50a7-4f2b-4b64-94f3-60fed0fd854c,655cf946-5566-4def-9938-ab31eecbc2fb,97b426ef-09b1-4692-8010-6897b909efc6,COMPLETED,2025-02-10T07:03:00,2025-02-10T07:08:00,2025-02-10T07:08:00,2025-02-10T08:03:00,2025-02-10T07:03:00
66e77cc9-392c-47c5-a0e0-4573a5de04a9,b2760171-744e-453e-9896-bfe31dfc64d3,94f4bd27-c237-4bb0-b104-cb7bb01c0fdc,ACCEPTED,2025-02-10T07:13:00,2025-02-10T07:19:00,2025-02-10T07:19:00,,2025-02-10T07:13:00
7cdc80d2-04b5-4f15-836c-a89162fea36c,b2760171-744e-453e-9896-bfe31dfc64d3,e5932f7a-3ade-43d3-b57c-3dd00eae2d48,ACCEPTED,2025-02-10T07:13:00,2025-02-10T07:16:00,2025-02-10T07:16:00,,2025-02-10T07:13:00
05c5f6be-e765-4c9f-9ebe-a3fab77547a9,3b02132c-3960-4c71-8cec-7c9a7687edba,4c569839-3efa-4170-b6a4-f0a4d13d4639,COMPLETED,2025-02-10T08:00:00,2025-02-10T08:03:00,2025-02-10T08:03:00,2025-02-10T11:00:00,2025-02-10T08:00:00
512b156d-692a-4cea-99bc-e8309027fe6e,3b02132c-3960-4c71-8cec-7c9a7687edba,6982ca50-e7c0-467d-8a70-8533e3077bd9,COMPLETED,2025-02-10T08:02:00,2025-02-10T08:10:00,2025-02-10T08:10:00,2025-02-10T09:02:00,2025-02-10T08:02:00
f54d2ab2-a30b-4f02-8569-995b7ba40820,3b02132c-3960-4c71-8cec-7c9a7687edba,ab6072b4-0254-40d6-8861-f0f1506fcbb7,ACCEPTED,2025-02-10T08:03:00,2025-02-10T08:06:00,2025-02-10T08:06:00,,2025-02-10T08:03:00
9667946f-47c2-468d-b4f3-a547b8ac89e6,3b02132c-3960-4c71-8cec-7c9a7687edba,74de697e-ecd0-4975-8057-f21088a888b4,ACCEPTED,2025-02-10T08:04:00,2025-02-10T08:06:00,2025-02-10T08:06:00,,2025-02-10T08:04:00
8ecb30a8-7610-4747-b95c-2e4c74a26b0f,3b02132c-3960-4c71-8cec-7c9a7687edba,7724d47c-dcf0-4aba-a2e1-ec51d9d4eef2,ACCEPTED,2025-02-10T08:05:00,2025-02-10T08:15:00,2025-02-10T08:15:00,,2025-02-10T08:05:00
0c134cdc-f2d3-49c3-8945-4f0163aa426e,3b02132c-3960-4c71-8cec-7c9a7687edba,3eeabab8-191e-4745-993a-32c183d79d3c,ACCEPTED,2025-02-10T08:08:00,2025-02-10T08:12:00,2025-02-10T08:12:00,,2025-02-10T08:08:00
6f402e76-698f-40e1-83c5-2128263192ce,b5afdf64-0940-472c-a2c9-960537793214,fe22cac5-c785-4cc2-a706-9b3cbd277ddf,ACCEPTED,2025-02-10T09:53:00,2025-02-10T09:57:00,2025-02-10T09:57:00,,2025-02-10T09:53:00
ab0d2b0a-4a25-4dac-8974-a94ba97da833,b5afdf64-0940-472c-a2c9-960537793214,aa432f38-de85-46c8-ad80-6b3373671c95,ACCEPTED,2025-02-10T09:53:00,2025-02-10T10:00:00,2025-02-10T10:00:00,,2025-02-10T09:53:00
8e5f2b19-e0ed-4e27-8da0-be3530ad34dd,b5afdf64-0940-472c-a2c9-960537793214,03eeb252-1e41-4f67-91f0-687b64393568,COMPLETED,2025-02-10T09:59:00,2025-02-10T10:06:00,2025-02-10T10:06:00,2025-02-10T10:59:00,2025-02-10T09:59:00
f4ac2d9e-d72e-4c6e-a173-86e63cd26c23,b5afdf64-0940-472c-a2c9-960537793214,97dbbf0c-d2b5-452c-b22a-e11e30701e99,COMPLETED,2025-02-10T10:03:00,2025-02-10T10:06:00,2025-02-10T10:06:00,2025-02-10T13:03:00,2025-02-10T10:03:00
cd8eea9d-d9ec-4b48-be52-0aa5b3d16143,b5afdf64-0940-472c-a2c9-960537793214,e0cd5b09-11cd-4194-bf88-03edd17fe919,ACCEPTED,2025-02-10T10:04:00,2025-02-10T10:14:00,2025-02-10T10:14:00,,2025-02-10T10:04:00
d4018e01-f3f1-4026-80f8-cd4dc5516b96,eb57bfec-8bc9-4ffc-b384-b272b188b362,34dc13fa-a9a1-4b88-8692-d63511225a68,ACCEPTED,2025-02-10T13:21:00,2025-02-10T13:28:00,2025-02-10T13:28:00,,2025-02-10T13:21:00
f8f74368-b547-476a-bea6-f021b5237523,eb57bfec-8bc9-4ffc-b384-b272b188b362,57d21420-eb05-457e-8d19-6289775c7ce5,ACCEPTED,2025-02-10T13:28:00,2025-02-10T13:37:00,2025-02-10T13:37:00,,2025-02-10T13:28:00
c57a3a20-db5d-428f-963d-0bd0aa0442bb,eb57bfec-8bc9-4ffc-b384-b272b188b362,4b0c223e-3977-4c3a-96bc-a4febeb624c3,COMPLETED,2025-02-10T13:30:00,2025-02-10T13:37:00,2025-02-10T13:37:00,2025-02-10T14:30:00,2025-02-10T13:30:00
9f54f0cb-6528-4fa3-b853-53e3533a5067,eb57bfec-8bc9-4ffc-b384-b272b188b362,dc3945d5-6321-4ff3-a949-9cc365303d45,MISSED,2025-02-10T13:34:00,,,,2025-02-10T13:34:00
85d1c584-67b0-4923-b539-8c36611057b7,a529ac49-94ca-4fb9-9054-a4f5d07cd6ae,bfe8f73a-9210-4c1c-b628-3cea7b8977ae,DECLINED,2025-02-10T14:49:00,2025-02-10T15:07:00,,,2025-02-10T14:49:00
6cc46e6d-7632-412c-91e4-7bf4a3b5eff9,a529ac49-94ca-4fb9-9054-a4f5d07cd6ae,12fc0202-67a8-417a-a936-b348c6432014,ACCEPTED,2025-02-10T14:52:00,2025-02-10T15:03:00,2025-02-10T15:03:00,,2025-02-10T14:52:00
a3247e6c-c271-4173-8d6c-1a27b1a1c85a,a5bf481c-54f8-4d42-931f-1e86908c218d,b16f7848-a2a4-4c2c-8a3b-0bf76ecdf857,ACCEPTED,2025-02-10T19:26:00,2025-02-10T19:33:00,2025-02-10T19:33:00,,2025-02-10T19:26:00
b777eeca-d202-4b7c-8ee9-7216510e1c43,a5bf481c-54f8-4d42-931f-1e86908c218d,9f966f0d-58e3-4b25-ab78-8fe097b30675,COMPLETED,2025-02-10T19:27:00,2025-02-10T19:40:00,2025-02-10T19:40:00,2025-02-10T21:27:00,2025-02-10T19:27:00
447db895-5732-43c4-acd9-c32e0a50a1b9,a5bf481c-54f8-4d42-931f-1e86908c218d,8aadad3e-4591-4c88-a738-78b84530fbda,NO_RESPONSE,2025-02-10T19:31:00,,,,2025-02-10T19:31:00
1a86b10f-41ad-409d-9eb8-d232043c1993,a5bf481c-54f8-4d42-931f-1e86908c218d,f63c50b9-9712-4146-b62f-580951ca12c3,COMPLETED,2025-02-10T19:33:00,2025-02-10T19:42:00,2025-02-10T19:42:00,2025-02-10T21:33:00,2025-02-10T19:33:00
7ca43ea0-0f08-48d6-ab4b-3ffbe1e7db83,352e2565-47cc-4bec-b549-a22e4bb3e469,f609cf6c-d0e4-48e5-9d6b-2cb379d2f51c,ACCEPTED,2025-02-10T22:15:00,2025-02-10T22:26:00,2025-02-10T22:26:00,,2025-02-10T22:15:00
acc948ae-3d06-4a04-aea4-bf80c0fd95af,352e2565-47cc-4bec-b549-a22e4bb3e469,afa47c4e-62b3-4586-9824-3169d0ae4f73,ACCEPTED,2025-02-10T22:19:00,2025-02-10T22:29:00,2025-02-10T22:29:00,,2025-02-10T22:19:00
b1058aad-7575-495a-92a5-9ac770aac39c,352e2565-47cc-4bec-b549-a22e4bb3e469,b535926f-1249-45e1-8443-3898d91728ed,EXPIRED,2025-02-10T22:21:00,,,,2025-02-10T22:21:00
b16527fc-2a14-4c91-9f0f-6e22fac1ca31,352e2565-47cc-4bec-b549-a22e4bb3e469,ea9269ef-352d-4ec8-93a1-f6e436740b10,COMPLETED,2025-02-10T22:24:00,2025-02-10T22:35:00,2025-02-10T22:35:00,2025-02-11T00:24:00,2025-02-10T22:24:00
ffe7a6e1-53cd-4b56-ba4c-b37b239b1c63,352e2565-47cc-4bec-b549-a22e4bb3e469,126fbc28-6b03-407e-b020-19175754625a,COMPLETED,2025-02-10T22:26:00,2025-02-10T22:31:00,2025-02-10T22:31:00,2025-02-11T01:26:00,2025-02-10T22:26:00
e767eba1-0bdf-4b5a-bcbc-2f30b4153a27,1505c26a-d3e0-4f3e-818c-e18909679a62,199debac-e563-46ab-8829-e7e1973cebc1,NO_RESPONSE,2025-02-11T00:55:00,,,,2025-02-11T00:55:00
1a512374-becc-4a0f-a741-c02cb0267ac7,1505c26a-d3e0-4f3e-818c-e18909679a62,c57abeef-b6d8-4cf7-ae50-3774b55c6768,DECLINED,2025-02-11T00:57:00,2025-02-11T01:10:00,,,2025-02-11T00:57:00
ae1d80ea-97dc-447d-8470-6e0450ea5335,1505c26a-d3e0-4f3e-818c-e18909679a62,bf16397a-e456-456e-98bd-2730736c43f3,NO_RESPONSE,2025-02-11T00:59:00,,,,2025-02-11T00:59:00
954a6bff-8603-47fe-87f4-704dce1c1e12,95d74af1-d579-49dd-b846-80553294d70b,14dd9b4c-5ebc-4843-9f14-a7de9f6c0f44,COMPLETED,2025-02-11T01:15:00,2025-02-11T01:27:00,2025-02-11T01:27:00,2025-02-11T03:15:00,2025-02-11T01:15:00
7cbf9e8c-2294-4981-9e17-eec02955e42c,95d74af1-d579-49dd-b846-80553294d70b,42ea4e92-f7aa-4bae-ab07-f79963ba71a1,ACCEPTED,2025-02-11T01:18:00,2025-02-11T01:20:00,2025-02-11T01:20:00,,2025-02-11T01:18:00
db3b14c9-a8da-4580-b2af-ced012ab5eca,eb4d83ef-e758-4ed0-9491-29779d6eb112,a77bcc83-4a3d-492d-bcd8-592aba88fc9d,NO_RESPONSE,2025-02-11T01:38:00,,,,2025-02-11T01:38:00
4f5ee0d7-564e-4f8d-ae2b-bf894594de16,eb4d83ef-e758-4ed0-9491-29779d6eb112,96b33493-7f4b-4752-a880-e07a1deccfc8,MISSED,2025-02-11T01:41:00,,,,2025-02-11T01:41:00
050efead-830f-40c7-a9e6-9084918003e6,eb4d83ef-e758-4ed0-9491-29779d6eb112,aa432f38-de85-46c8-ad80-6b3373671c95,NO_RESPONSE,2025-02-11T01:49:00,,,,2025-02-11T01:49:00
72706eec-c664-412b-91d5-6e4eb699aa43,eb4d83ef-e758-4ed0-9491-29779d6eb112,748bd135-2aa2-42af-9ae8-8edfadd6d30f,MISSED,2025-02-11T01:51:00,,,,2025-02-11T01:51:00
3e89bc80-3cee-411e-875e-1ce12197c5d4,c7b1e2b2-20dc-4e58-b0e5-6f4636dee73d,deac09c6-92df-437d-890a-ec1f48406829,COMPLETED,2025-02-11T02:15:00,2025-02-11T02:16:00,2025-02-11T02:16:00,2025-02-11T05:15:00,2025-02-11T02:15:00
304417e0-61fb-4da5-9203-63e2327e39b2,c7b1e2b2-20dc-4e58-b0e5-6f4636dee73d,28be837f-36ab-4fc3-b1d9-db1a3b881b02,ACCEPTED,2025-02-11T02:16:00,2025-02-11T02:26:00,2025-02-11T02:26:00,,2025-02-11T02:16:00
004f3694-31fd-4adf-970f-fc828c9951e7,c7b1e2b2-20dc-4e58-b0e5-6f4636dee73d,11955be9-03b2-4274-9002-7a2a5ae499a8,NO_RESPONSE,2025-02-11T02:23:00,,,,2025-02-11T02:23:00
9d4fda5e-724f-4168-a64d-c9a1320b6883,c7b1e2b2-20dc-4e58-b0e5-6f4636dee73d,f7f1655c-f8c2-4296-91c4-9f8f570ad765,ACCEPTED,2025-02-11T02:23:00,2025-02-11T02:27:00,2025-02-11T02:27:00,,2025-02-11T02:23:00
4e9087a7-6cde-424e-aba1-ce29b15c05cc,c7b1e2b2-20dc-4e58-b0e5-6f4636dee73d,877380d4-dd5d-4104-83fc-bdf86e194c54,NO_RESPONSE,2025-02-11T02:28:00,,,,2025-02-11T02:28:00
d2c8e644-315c-426e-a180-4a2d4f26c590,9f1768f7-cbc9-4ea3-9538-5d12b87cd47b,cd532bc0-2367-446e-8e57-68c7cd6101f6,COMPLETED,2025-02-11T08:08:00,2025-02-11T08:16:00,2025-02-11T08:16:00,2025-02-11T11:08:00,2025-02-11T08:08:00
02182417-b627-4416-859c-42fea009d32e,9f1768f7-cbc9-4ea3-9538-5d12b87cd47b,97b426ef-09b1-4692-8010-6897b909efc6,DECLINED,2025-02-11T08:09:00,2025-02-11T08:14:00,,,2025-02-11T08:09:00
26dcfdc5-3309-4762-a3d9-917adae24316,9f1768f7-cbc9-4ea3-9538-5d12b87cd47b,ab824e7b-6c52-415c-9b45-3252ae8f2969,ACCEPTED,2025-02-11T08:13:00,2025-02-11T08:27:00,2025-02-11T08:27:00,,2025-02-11T08:13:00
45543afd-e6b7-4d10-9aff-56c0348c4d9b,9f1768f7-cbc9-4ea3-9538-5d12b87cd47b,c52b0995-269e-4253-8965-8f14d5fd2b13,EXPIRED,2025-02-11T08:14:00,,,,2025-02-11T08:14:00
20707399-f3fa-42d7-950c-81a9274a7ce1,9f1768f7-cbc9-4ea3-9538-5d12b87cd47b,dbebf1a3-387d-417a-abcb-ebdd3d136562,EXPIRED,2025-02-11T08:15:00,,,,2025-02-11T08:15:00
422b0f3d-b2c3-43ac-a175-88f0029e4a3a,9f1768f7-cbc9-4ea3-9538-5d12b87cd47b,5e1e8005-4458-440a-9d56-64d0e7c3e96b,COMPLETED,2025-02-11T08:17:00,2025-02-11T08:19:00,2025-02-11T08:19:00,2025-02-11T10:17:00,2025-02-11T08:17:00
50b140ba-a5c3-4f45-9ecf-ccc1e4354253,66f9451f-8f5b-49ba-9334-6dbfdf791448,bbaea4a2-227b-4e8f-9f8b-61615adfff9f,ACCEPTED,2025-02-11T09:50:00,2025-02-11T10:00:00,2025-02-11T10:00:00,,2025-02-11T09:50:00
313cec37-ff01-48a8-9237-2edef72ad4e6,66f9451f-8f5b-49ba-9334-6dbfdf791448,6750ba86-aaa8-423d-a650-9ae8bc37d902,ACCEPTED,2025-02-11T09:52:00,2025-02-11T09:53:00,2025-02-11T09:53:00,,2025-02-11T09:52:00
0d647889-9ca9-4e2d-9439-ad4c0b5a8fda,66f9451f-8f5b-49ba-9334-6dbfdf791448,3a844307-c065-40ea-b773-262c476a0e2a,ACCEPTED,2025-02-11T09:57:00,2025-02-11T10:11:00,2025-02-11T10:11:00,,2025-02-11T09:57:00
7ee6c340-29bf-4362-a6b0-7146038dd88e,66f9451f-8f5b-49ba-9334-6dbfdf791448,4adfcc20-75f4-424d-8645-1ab7b11ade80,ACCEPTED,2025-02-11T09:57:00,2025-02-11T10:05:00,2025-02-11T10:05:00,,2025-02-11T09:57:00
70e9868a-635a-4846-9eed-fe34113e76d6,6f0efaa6-3a10-47f8-b197-4e11d778b63d,0ad41086-120a-480a-a25e-68be9c95144c,ACCEPTED,2025-02-11T15:00:00,2025-02-11T15:06:00,2025-02-11T15:06:00,,2025-02-11T15:00:00
4a56afa4-16e9-4243-834d-3799a1b7e305,6f0efaa6-3a10-47f8-b197-4e11d778b63d,6750ba86-aaa8-423d-a650-9ae8bc37d902,DECLINED,2025-02-11T15:00:00,2025-02-11T15:02:00,,,2025-02-11T15:00:00
1525cf9c-4ded-40a0-861f-66f6b3287455,32d03cef-8079-47a7-bd00-a6b2388f0da8,258c585a-0983-4f1a-9632-3c358d253411,NO_RESPONSE,2025-02-11T18:51:00,,,,2025-02-11T18:51:00
e01ab8d2-a0c0-4a0a-af7a-1d9af500107e,32d03cef-8079-47a7-bd00-a6b2388f0da8,e0e3fb99-db30-4123-b346-7f11de4197c6,COMPLETED,2025-02-11T18:53:00,2025-02-11T19:04:00,2025-02-11T19:04:00,2025-02-11T19:53:00,2025-02-11T18:53:00
183a42fb-5098-4f07-ac86-7de81dbb4053,32d03cef-8079-47a7-bd00-a6b2388f0da8,0239e706-289d-4498-9947-7818e4011dc0,DECLINED,2025-02-11T18:53:00,2025-02-11T19:08:00,,,2025-02-11T18:53:00
7fa08d94-2d6f-4656-8b8e-06093f07dc04,32d03cef-8079-47a7-bd00-a6b2388f0da8,a88bf6b5-168a-42ee-bea7-b40defa21e24,MISSED,2025-02-11T18:58:00,,,,2025-02-11T18:58:00
9dbb5754-2b91-48c0-823e-daed05a0c1d9,ac25ef29-2c35-4465-86ba-440668055688,90f0edf1-053b-433f-b7d0-041be1e882d4,ACCEPTED,2025-02-11T21:56:00,2025-02-11T21:57:00,2025-02-11T21:57:00,,2025-02-11T21:56:00
3196750b-db1f-4e2a-86c1-b3eee97865b6,ac25ef29-2c35-4465-86ba-440668055688,f4f6b626-e397-4f44-8dde-9d51ac118ff6,COMPLETED,2025-02-11T21:58:00,2025-02-11T22:00:00,2025-02-11T22:00:00,2025-02-12T00:58:00,2025-02-11T21:58:00
0795059a-bc70-4a59-a0fc-0edd95fcee22,ac25ef29-2c35-4465-86ba-440668055688,543b149c-d59c-49f5-bb4f-e6ac6bd72dd3,DECLINED,2025-02-11T22:04:00,2025-02-11T22:21:00,,,2025-02-11T22:04:00
a6db0645-3606-4ada-a7d4-3864a2cb1250,ac25ef29-2c35-4465-86ba-440668055688,763f9657-b714-4ebf-a75d-03a0bd961883,COMPLETED,2025-02-11T22:08:00,2025-02-11T22:18:00,2025-02-11T22:18:00,2025-02-12T01:08:00,2025-02-11T22:08:00
0eaa3cbd-d38a-4074-9f57-289b22ba6225,8381d3ca-fe3c-4cbb-9cb1-b39c0cbf204d,2ca5443d-9c69-4b59-a783-d0c9ad1c7da7,MISSED,2025-02-12T04:23:00,,,,2025-02-12T04:23:00
299071e3-f458-404f-b965-352c37aa4776,8381d3ca-fe3c-4cbb-9cb1-b39c0cbf204d,bf160ba0-ac86-4d11-b5e7-904beff9cc2d,ACCEPTED,2025-02-12T04:23:00,2025-02-12T04:38:00,2025-02-12T04:38:00,,2025-02-12T04:23:00
08a0b5e0-7d88-44ff-a3c8-92bb6fcf6cab,8381d3ca-fe3c-4cbb-9cb1-b39c0cbf204d,2361c7a1-b851-4b64-97aa-0cf019d4b69d,COMPLETED,2025-02-12T04:27:00,2025-02-12T04:28:00,2025-02-12T04:28:00,2025-02-12T05:27:00,2025-02-12T04:27:00
a6d1e90c-5f31-4254-85a4-9c1db21af27d,32843fc4-cb6c-4266-9a26-820fe1af18a4,c0eaa600-b15c-463a-b278-86b3ca57fd5c,MISSED,2025-02-12T04:57:00,,,,2025-02-12T04:57:00
d5582539-0c20-4d6d-9310-889d7e369281,32843fc4-cb6c-4266-9a26-820fe1af18a4,afa47c4e-62b3-4586-9824-3169d0ae4f73,NO_RESPONSE,2025-02-12T05:00:00,,,,2025-02-12T05:00:00
0a064a0e-d8f5-4421-a40c-c71d471b5cb0,d3107006-d9ac-4ecb-b1b2-e2b18c04e5fa,1bb18a0a-a6b4-48df-9096-d512f9773d9b,ACCEPTED,2025-02-12T07:11:00,2025-02-12T07:12:00,2025-02-12T07:12:00,,2025-02-12T07:11:00
65763c8d-2882-483c-b015-31d5364d15e4,d3107006-d9ac-4ecb-b1b2-e2b18c04e5fa,1dc62eea-d501-4cc2-8b28-21af417cd2bd,ACCEPTED,2025-02-12T07:15:00,2025-02-12T07:30:00,2025-02-12T07:30:00,,2025-02-12T07:15:00
fe282153-2a19-41cf-adba-cb0b8ae2d514,d3107006-d9ac-4ecb-b1b2-e2b18c04e5fa,0f830c26-3d4f-4cf5-81cf-08041535d161,ACCEPTED,2025-02-12T07:21:00,2025-02-12T07:26:00,2025-02-12T07:26:00,,2025-02-12T07:21:00
956a68f9-7728-4d24-9f83-5875ab149c25,d3107006-d9ac-4ecb-b1b2-e2b18c04e5fa,7689a61a-5823-4dd9-8e3c-29c2d4415219,NO_RESPONSE,2025-02-12T07:21:00,,,,2025-02-12T07:21:00
ba3e34e3-e3f9-49f6-bc19-dc501e5a40c6,d3107006-d9ac-4ecb-b1b2-e2b18c04e5fa,b822f3f2-bc12-474d-9f5a-b3cef19341f0,MISSED,2025-02-12T07:24:00,,,,2025-02-12T07:24:00
ee7b95fc-f6db-4e30-b4a9-8615dd800889,e8a37c41-c16c-4c23-afa0-028a2f17aa98,0163ca09-1636-4809-8246-282d82afd3a3,ACCEPTED,2025-02-12T08:11:00,2025-02-12T08:21:00,2025-02-12T08:21:00,,2025-02-12T08:11:00
e348abaa-5d41-45c5-95fc-f060c1cee980,e8a37c41-c16c-4c23-afa0-028a2f17aa98,748bd135-2aa2-42af-9ae8-8edfadd6d30f,ACCEPTED,2025-02-12T08:14:00,2025-02-12T08:21:00,2025-02-12T08:21:00,,2025-02-12T08:14:00
b66e20e3-d065-49b0-9660-78a86892f6f3,e8a37c41-c16c-4c23-afa0-028a2f17aa98,ed732f11-698a-40e6-8fab-9a1b078261d2,COMPLETED,2025-02-12T08:19:00,2025-02-12T08:22:00,2025-02-12T08:22:00,2025-02-12T09:19:00,2025-02-12T08:19:00
efd9201c-4bba-4ee5-8099-c87f8532a3a5,bfa93c49-8ae6-4985-822a-69b8cc4583c9,96e372e4-86b2-4e68-b468-3cdf7686a490,ACCEPTED,2025-02-12T14:11:00,2025-02-12T14:12:00,2025-02-12T14:12:00,,2025-02-12T14:11:00
19c4eb64-dfdb-49d5-9327-e44bf41f83c0,bfa93c49-8ae6-4985-822a-69b8cc4583c9,d869910e-02c0-4d29-a1fd-9bdef530d653,ACCEPTED,2025-02-12T14:18:00,2025-02-12T14:20:00,2025-02-12T14:20:00,,2025-02-12T14:18:00
7af84c65-b249-4170-a83f-aecdffacfa1e,8cb597b3-07d4-44fb-8f23-4d51b342caa7,265b1191-c474-4c10-b744-2accb997520e,ACCEPTED,2025-02-12T18:20:00,2025-02-12T18:34:00,2025-02-12T18:34:00,,2025-02-12T18:20:00
0fa6c110-dd35-461e-af73-1a8dfcd1b87e,8cb597b3-07d4-44fb-8f23-4d51b342caa7,93125440-01af-4643-ac94-7c4da12295ea,ACCEPTED,2025-02-12T18:23:00,2025-02-12T18:27:00,2025-02-12T18:27:00,,2025-02-12T18:23:00
5912e561-15e3-469f-bf66-ada4f8356a5e,8cb597b3-07d4-44fb-8f23-4d51b342caa7,c5f535ca-0ce9-4d6a-9653-50c63468cb62,COMPLETED,2025-02-12T18:25:00,2025-02-12T18:35:00,2025-02-12T18:35:00,2025-02-12T19:25:00,2025-02-12T18:25:00
43b566d3-4a07-4816-88da-87005e8f5ff8,233b4eb1-a183-4069-b5f9-053fd4588ffb,f2f92179-5d28-4944-970e-4735cb6d6a92,ACCEPTED,2025-02-12T19:00:00,2025-02-12T19:13:00,2025-02-12T19:13:00,,2025-02-12T19:00:00
90b53ade-ca12-40fa-bbdc-52c44c66c432,233b4eb1-a183-4069-b5f9-053fd4588ffb,3d0574c0-08cf-44f2-89c9-b4b783a59644,ACCEPTED,2025-02-12T19:01:00,2025-02-12T19:12:00,2025-02-12T19:12:00,,2025-02-12T19:01:00
5b9e61d9-7ba0-4fcd-8d44-31351eec3c8e,233b4eb1-a183-4069-b5f9-053fd4588ffb,deac09c6-92df-437d-890a-ec1f48406829,COMPLETED,2025-02-12T19:02:00,2025-02-12T19:05:00,2025-02-12T19:05:00,2025-02-12T22:02:00,2025-02-12T19:02:00
7e18b0c7-8ec0-403a-b648-820d54d542a8,233b4eb1-a183-4069-b5f9-053fd4588ffb,f7f1655c-f8c2-4296-91c4-9f8f570ad765,NO_RESPONSE,2025-02-12T19:04:00,,,,2025-02-12T19:04:00
61d14c78-0e1b-477e-8ef1-60e949ec7d5d,c253b443-8256-41ff-be73-d03325bd4ec4,7df3d0f3-a755-40a4-a102-6e1158275be1,NO_RESPONSE,2025-02-13T01:57:00,,,,2025-02-13T01:57:00
80eb7220-5035-4396-8ed3-76536b00d09c,c253b443-8256-41ff-be73-d03325bd4ec4,bc7ffdff-d62a-437c-9957-5c8739b97d73,EXPIRED,2025-02-13T01:57:00,,,,2025-02-13T01:57:00
b3222006-ce29-4769-8944-d2c138d6b55c,c253b443-8256-41ff-be73-d03325bd4ec4,f44d8cd1-1833-4e30-b14f-417870b4502a,COMPLETED,2025-02-13T01:58:00,2025-02-13T02:04:00,2025-02-13T02:04:00,2025-02-13T04:58:00,2025-02-13T01:58:00
63e3036c-7a1d-4b82-a081-5c65a0ccfb82,c253b443-8256-41ff-be73-d03325bd4ec4,62dcf5be-c7c7-4332-ba46-a97ff4593dd6,DECLINED,2025-02-13T02:04:00,2025-02-13T02:17:00,,,2025-02-13T02:04:00
144b211e-90af-438b-be94-0d671f2da7fc,c253b443-8256-41ff-be73-d03325bd4ec4,ab824e7b-6c52-415c-9b45-3252ae8f2969,EXPIRED,2025-02-13T02:04:00,,,,2025-02-13T02:04:00
1f7f8450-941b-49ba-bb12-39c8430e2df2,c253b443-8256-41ff-be73-d03325bd4ec4,cfca1fba-b8fd-43a2-8e84-7c868fae649d,ACCEPTED,2025-02-13T02:06:00,2025-02-13T02:21:00,2025-02-13T02:21:00,,2025-02-13T02:06:00
f57c0224-18c4-4dee-830a-9724430c82f8,ef03fdab-a7da-43b0-945b-c91ec5ceb10e,b535926f-1249-45e1-8443-3898d91728ed,MISSED,2025-02-13T12:20:00,,,,2025-02-13T12:20:00
93f1d1e4-99fa-415a-bdbd-a7127d036968,ef03fdab-a7da-43b0-945b-c91ec5ceb10e,6a684832-6713-46ad-8845-56c424779c27,COMPLETED,2025-02-13T12:22:00,2025-02-13T12:37:00,2025-02-13T12:37:00,2025-02-13T15:22:00,2025-02-13T12:22:00
6425136e-b734-4396-81e7-4a0b394f86de,877d4ccf-a1aa-4954-9f10-0dca840da344,0b51ced4-84e3-45ad-a67a-de86af260d64,ACCEPTED,2025-02-13T13:46:00,2025-02-13T13:49:00,2025-02-13T13:49:00,,2025-02-13T13:46:00
eb7142f4-11fc-405e-9afc-b8eef2027734,877d4ccf-a1aa-4954-9f10-0dca840da344,429de809-3eeb-42af-94fa-c9c8fc3dda46,ACCEPTED,2025-02-13T13:51:00,2025-02-13T14:02:00,2025-02-13T14:02:00,,2025-02-13T13:51:00
e4c9fb8f-e582-452a-8c2f-0f69d4cde86f,877d4ccf-a1aa-4954-9f10-0dca840da344,d3edbff9-b137-4f59-9b59-c049d8cda101,ACCEPTED,2025-02-13T13:54:00,2025-02-13T14:09:00,2025-02-13T14:09:00,,2025-02-13T13:54:00
dc670b9d-41f6-4703-a52a-f7f4876721be,877d4ccf-a1aa-4954-9f10-0dca840da344,846be435-a2e1-4850-bad5-07de99099078,ACCEPTED,2025-02-13T13:54:00,2025-02-13T14:09:00,2025-02-13T14:09:00,,2025-02-13T13:54:00
bb94ce30-819e-4b5c-8d81-16b0efbe2380,877d4ccf-a1aa-4954-9f10-0dca840da344,4b933cd5-19a8-4e2e-8322-78978d1bb4b2,ACCEPTED,2025-02-13T13:57:00,2025-02-13T14:12:00,2025-02-13T14:12:00,,2025-02-13T13:57:00
4dae3dae-4ec8-4e7e-8d76-522f764d47ac,877d4ccf-a1aa-4954-9f10-0dca840da344,c2d25642-919c-4075-a54a-aedcf9642a56,COMPLETED,2025-02-13T13:57:00,2025-02-13T14:12:00,2025-02-13T14:12:00,2025-02-13T15:57:00,2025-02-13T13:57:00
672a4055-b051-4678-9e63-c3f82f29aee2,02305865-6f35-42ed-847d-8f0ea7c83590,27f63174-92e0-4ec5-a8d6-df307aa20f3b,ACCEPTED,2025-02-14T15:34:00,2025-02-14T15:44:00,2025-02-14T15:44:00,,2025-02-14T15:34:00
1e67dd46-fe95-4fa2-bf47-a2f78815fc5a,02305865-6f35-42ed-847d-8f0ea7c83590,748bd135-2aa2-42af-9ae8-8edfadd6d30f,COMPLETED,2025-02-14T15:37:00,2025-02-14T15:44:00,2025-02-14T15:44:00,2025-02-14T16:37:00,2025-02-14T15:37:00
dee6806e-5d0b-4426-a5e7-663bd1375820,02305865-6f35-42ed-847d-8f0ea7c83590,088b5742-8640-45a5-9823-8486f1015782,NO_RESPONSE,2025-02-14T15:38:00,,,,2025-02-14T15:38:00
df60bc38-2ede-49f5-ab73-8c1781f646d6,e695a6ea-20bd-4417-9374-30855a72ff0f,4d0e1b54-5e79-4df5-b9bd-bd996b9c9642,COMPLETED,2025-02-14T17:41:00,2025-02-14T17:54:00,2025-02-14T17:54:00,2025-02-14T19:41:00,2025-02-14T17:41:00
efce6412-0a46-401c-ba38-c9e84481b5e1,e695a6ea-20bd-4417-9374-30855a72ff0f,6c25e2ff-8bc0-4abc-a978-052ba5e4650a,COMPLETED,2025-02-14T17:42:00,2025-02-14T17:53:00,2025-02-14T17:53:00,2025-02-14T18:42:00,2025-02-14T17:42:00
3ad480a6-ac5a-46cf-85ab-359a47aef060,e695a6ea-20bd-4417-9374-30855a72ff0f,fdd10e56-22de-4a56-98b8-fcf4cc56744d,ACCEPTED,2025-02-14T17:49:00,2025-02-14T17:51:00,2025-02-14T17:51:00,,2025-02-14T17:49:00
4f280c29-cfcf-44ba-b81f-44470bc86b4a,6b2003b7-2719-4f45-97a5-0bdd2d8c4bbe,03dd11aa-3bce-44bb-af81-d893187d3f9b,NO_RESPONSE,2025-02-15T02:41:00,,,,2025-02-15T02:41:00
51cc6978-61d6-41de-a7e2-89c580882eae,6b2003b7-2719-4f45-97a5-0bdd2d8c4bbe,d239a4ec-9007-41bc-a9af-3ceae895f0c0,DECLINED,2025-02-15T02:51:00,2025-02-15T02:59:00,,,2025-02-15T02:51:00
c8936646-05e8-484a-a6f8-8193d66a9500,56e2d5b8-612e-4b66-9add-dc28d40e14d1,088b5742-8640-45a5-9823-8486f1015782,ACCEPTED,2025-02-15T03:48:00,2025-02-15T04:00:00,2025-02-15T04:00:00,,2025-02-15T03:48:00
e3cee744-e79e-49ed-86a9-882b1b7a30bd,56e2d5b8-612e-4b66-9add-dc28d40e14d1,1d67536a-01f8-430f-8e5d-331ea756ad1c,ACCEPTED,2025-02-15T03:50:00,2025-02-15T03:52:00,2025-02-15T03:52:00,,2025-02-15T03:50:00
7ab9399c-fd0d-42c5-8a3c-44c4f2bbcc58,56e2d5b8-612e-4b66-9add-dc28d40e14d1,c57abeef-b6d8-4cf7-ae50-3774b55c6768,COMPLETED,2025-02-15T03:51:00,2025-02-15T03:57:00,2025-02-15T03:57:00,2025-02-15T05:51:00,2025-02-15T03:51:00
d053753a-308a-4678-abce-0fa0cdc400d1,1d378fbf-2908-473b-8aea-1baf03c87435,eb9471c8-ba19-42a2-94b9-9a533ce84d63,ACCEPTED,2025-02-15T03:53:00,2025-02-15T03:57:00,2025-02-15T03:57:00,,2025-02-15T03:53:00
e7c8ef64-0881-44a1-ad8e-09a40f273cf8,1d378fbf-2908-473b-8aea-1baf03c87435,7dce07a7-bf0e-49d0-8e10-0fae45654bf0,MISSED,2025-02-15T03:55:00,,,,2025-02-15T03:55:00
108b9fe6-5d1d-40fd-bdb3-2baee46f4d88,1d378fbf-2908-473b-8aea-1baf03c87435,7ce3dda1-de53-4002-8f7b-0cd22da8ea06,NO_RESPONSE,2025-02-15T03:58:00,,,,2025-02-15T03:58:00
dc1b84cc-6eea-481c-bb13-460e31986170,1d378fbf-2908-473b-8aea-1baf03c87435,e0cd5b09-11cd-4194-bf88-03edd17fe919,COMPLETED,2025-02-15T04:00:00,2025-02-15T04:11:00,2025-02-15T04:11:00,2025-02-15T06:00:00,2025-02-15T04:00:00
1fd3e9ef-bf7f-4f13-943b-c7f69ab305bd,2ebc4b55-bca3-4f1e-9e1b-fc57424d9755,a92ac821-12c7-40b8-bbb8-e287da0564eb,ACCEPTED,2025-02-15T05:29:00,2025-02-15T05:39:00,2025-02-15T05:39:00,,2025-02-15T05:29:00
d5c44373-2a9b-49d1-91d9-1893008a428f,2ebc4b55-bca3-4f1e-9e1b-fc57424d9755,ef2b35e1-aedc-4a84-a9b0-5f90c4eca927,EXPIRED,2025-02-15T05:31:00,,,,2025-02-15T05:31:00
357a1831-081a-4706-a9c4-9e51c36d61e6,2ebc4b55-bca3-4f1e-9e1b-fc57424d9755,2ca5443d-9c69-4b59-a783-d0c9ad1c7da7,COMPLETED,2025-02-15T05:36:00,2025-02-15T05:47:00,2025-02-15T05:47:00,2025-02-15T06:36:00,2025-02-15T05:36:00
37f0ad64-8128-4220-b5b5-d244f7809c8b,ccce0292-fec3-4cc4-9329-edeabf05cb7e,f7f1655c-f8c2-4296-91c4-9f8f570ad765,ACCEPTED,2025-02-15T08:54:00,2025-02-15T09:05:00,2025-02-15T09:05:00,,2025-02-15T08:54:00
873b06bc-7496-4d33-bca7-6547745beb49,ccce0292-fec3-4cc4-9329-edeabf05cb7e,edf481eb-bab0-46c2-a7e6-67b59a510550,COMPLETED,2025-02-15T08:57:00,2025-02-15T09:10:00,2025-02-15T09:10:00,2025-02-15T10:57:00,2025-02-15T08:57:00
d335a2fb-e8e2-4357-a465-9c2ea321929e,ccce0292-fec3-4cc4-9329-edeabf05cb7e,93125440-01af-4643-ac94-7c4da12295ea,ACCEPTED,2025-02-15T09:00:00,2025-02-15T09:02:00,2025-02-15T09:02:00,,2025-02-15T09:00:00
127da00c-ad39-43f1-a7a5-5a0ace3dcf82,ccce0292-fec3-4cc4-9329-edeabf05cb7e,97dbbf0c-d2b5-452c-b22a-e11e30701e99,ACCEPTED,2025-02-15T09:02:00,2025-02-15T09:11:00,2025-02-15T09:11:00,,2025-02-15T09:02:00
92289b1b-f0e1-467c-ad66-433a0fda4202,ccce0292-fec3-4cc4-9329-edeabf05cb7e,eeafa879-969e-4fb1-b5cc-4bb4d3216e00,ACCEPTED,2025-02-15T09:06:00,2025-02-15T09:16:00,2025-02-15T09:16:00,,2025-02-15T09:06:00
badd7b9e-9afa-4bad-84ae-241ef1dc44cb,820c05bd-2bf4-4ec7-b423-8bf8a0e08dd9,57d21420-eb05-457e-8d19-6289775c7ce5,EXPIRED,2025-02-15T14:54:00,,,,2025-02-15T14:54:00
adb2652d-ff3d-4f5c-93aa-41c9ca660188,820c05bd-2bf4-4ec7-b423-8bf8a0e08dd9,2361c7a1-b851-4b64-97aa-0cf019d4b69d,ACCEPTED,2025-02-15T14:56:00,2025-02-15T14:57:00,2025-02-15T14:57:00,,2025-02-15T14:56:00
1979e56d-1052-47b8-a0d8-fd4ecec5c722,820c05bd-2bf4-4ec7-b423-8bf8a0e08dd9,e30fd279-849b-4132-8b55-debf0747d8c4,EXPIRED,2025-02-15T14:58:00,,,,2025-02-15T14:58:00
b4f54840-2de5-41a2-873a-4eb152368645,820c05bd-2bf4-4ec7-b423-8bf8a0e08dd9,0163ca09-1636-4809-8246-282d82afd3a3,ACCEPTED,2025-02-15T14:58:00,2025-02-15T15:02:00,2025-02-15T15:02:00,,2025-02-15T14:58:00
6ee0423d-8c60-4ec9-ba8d-29d30d430111,8f6b476d-47b8-4746-afbf-aa1a108ee631,d6f6800e-5c63-432b-93d2-8d7c32142867,NO_RESPONSE,2025-02-15T15:05:00,,,,2025-02-15T15:05:00
5e8652df-ec63-47c7-9348-a57f471d6c1c,820c05bd-2bf4-4ec7-b423-8bf8a0e08dd9,5af7e665-37a6-4d00-a895-44a3a239f4cf,ACCEPTED,2025-02-15T15:07:00,2025-02-15T15:08:00,2025-02-15T15:08:00,,2025-02-15T15:07:00
58d2a3d2-633b-4fc4-806d-f308189c18e9,8f6b476d-47b8-4746-afbf-aa1a108ee631,6750ba86-aaa8-423d-a650-9ae8bc37d902,COMPLETED,2025-02-15T15:09:00,2025-02-15T15:21:00,2025-02-15T15:21:00,2025-02-15T18:09:00,2025-02-15T15:09:00
89c5594c-5780-486b-8392-2e056e62f324,8f6b476d-47b8-4746-afbf-aa1a108ee631,40e2e31f-1e2d-4f70-9de8-91ad096fe41a,ACCEPTED,2025-02-15T15:11:00,2025-02-15T15:17:00,2025-02-15T15:17:00,,2025-02-15T15:11:00
80313680-3615-4e30-9165-3e03f00ab70e,8f6b476d-47b8-4746-afbf-aa1a108ee631,34dc13fa-a9a1-4b88-8692-d63511225a68,ACCEPTED,2025-02-15T15:14:00,2025-02-15T15:29:00,2025-02-15T15:29:00,,2025-02-15T15:14:00
e84f2657-5d4c-4fe0-b0ca-2b0a08a3c9ba,8f6b476d-47b8-4746-afbf-aa1a108ee631,8aadad3e-4591-4c88-a738-78b84530fbda,ACCEPTED,2025-02-15T15:16:00,2025-02-15T15:30:00,2025-02-15T15:30:00,,2025-02-15T15:16:00
41cb8c83-d8b7-43ff-8fd5-72205e8b1d2b,4d3aa5d3-0d90-4caa-ba3d-067cc8fd509d,c2695e79-4d08-4f69-b539-6de83b562463,ACCEPTED,2025-02-16T10:37:00,2025-02-16T10:49:00,2025-02-16T10:49:00,,2025-02-16T10:37:00
e076316e-9105-4ffb-bc4d-fe79b044f37a,4d3aa5d3-0d90-4caa-ba3d-067cc8fd509d,126fbc28-6b03-407e-b020-19175754625a,ACCEPTED,2025-02-16T10:38:00,2025-02-16T10:46:00,2025-02-16T10:46:00,,2025-02-16T10:38:00
be626baa-8b61-4c13-9d3b-edab91256a05,1d6033d7-cfc0-436b-ab2f-7a72d8db4386,18663a26-c010-4e4e-8471-6194347da84d,ACCEPTED,2025-02-16T13:29:00,2025-02-16T13:44:00,2025-02-16T13:44:00,,2025-02-16T13:29:00
f904a8fb-a905-4ff6-8e4c-60323fd97d42,aaa76907-2f27-45ec-9f10-d6aaa093bb85,992a9f5e-edc4-40f0-b76a-3f29c20d5618,ACCEPTED,2025-02-16T13:30:00,2025-02-16T13:41:00,2025-02-16T13:41:00,,2025-02-16T13:30:00
386ee5a9-ca5b-4702-9a78-6f0beba6962d,1d6033d7-cfc0-436b-ab2f-7a72d8db4386,6c5114ec-b8e2-4c74-8e20-93ded422c3b1,COMPLETED,2025-02-16T13:31:00,2025-02-16T13:36:00,2025-02-16T13:36:00,2025-02-16T14:31:00,2025-02-16T13:31:00
38c6b73e-9666-4b68-869f-a1903c0d4a02,aaa76907-2f27-45ec-9f10-d6aaa093bb85,5ed79810-0c9b-4377-870c-58916ee465a7,COMPLETED,2025-02-16T13:33:00,2025-02-16T13:34:00,2025-02-16T13:34:00,2025-02-16T15:33:00,2025-02-16T13:33:00
2d31086c-b6da-4d4c-b5b5-d969bfcec8d0,aaa76907-2f27-45ec-9f10-d6aaa093bb85,d2fbf799-2a03-4408-8c26-4fc239c5d4fc,ACCEPTED,2025-02-16T13:36:00,2025-02-16T13:48:00,2025-02-16T13:48:00,,2025-02-16T13:36:00
ee499acd-06ac-45ca-b523-a25f3ae98077,aaa76907-2f27-45ec-9f10-d6aaa093bb85,ff447bf1-e688-4eb7-ba18-cdcef5b86e01,COMPLETED,2025-02-16T13:41:00,2025-02-16T13:53:00,2025-02-16T13:53:00,2025-02-16T15:41:00,2025-02-16T13:41:00
5bb072f2-fc55-480b-996f-94640a03bfa0,1d6033d7-cfc0-436b-ab2f-7a72d8db4386,ab6072b4-0254-40d6-8861-f0f1506fcbb7,COMPLETED,2025-02-16T13:42:00,2025-02-16T13:49:00,2025-02-16T13:49:00,2025-02-16T16:42:00,2025-02-16T13:42:00
a49f6231-c067-4327-8e59-d7de078785b8,45573e59-45ac-43bd-b53d-cc19029ff9b3,aed96858-5a79-4453-afc9-995064972c5b,EXPIRED,2025-02-16T15:35:00,,,,2025-02-16T15:35:00
3d668dc1-a2c7-4470-83f3-d13237ee1b4a,45573e59-45ac-43bd-b53d-cc19029ff9b3,4408ab43-7f7a-4a44-b781-4dd2edca4a74,ACCEPTED,2025-02-16T15:38:00,2025-02-16T15:49:00,2025-02-16T15:49:00,,2025-02-16T15:38:00
9ebebd69-0cb8-4304-ac42-bbf808936545,3f8168f8-a097-449f-9559-8156ae52e2c6,7dce07a7-bf0e-49d0-8e10-0fae45654bf0,COMPLETED,2025-02-16T15:46:00,2025-02-16T15:57:00,2025-02-16T15:57:00,2025-02-16T16:46:00,2025-02-16T15:46:00
261216af-6c0a-48f6-a00c-71a82834b24c,3f8168f8-a097-449f-9559-8156ae52e2c6,c4ccc935-dd86-4d48-92ab-3e02bfbbdedd,ACCEPTED,2025-02-16T15:52:00,2025-02-16T16:03:00,2025-02-16T16:03:00,,2025-02-16T15:52:00
b51c852c-17e0-4a47-801d-36c97b2abee9,3f8168f8-a097-449f-9559-8156ae52e2c6,cf15cd3c-d017-49b8-af4a-bd4471976dd4,ACCEPTED,2025-02-16T15:56:00,2025-02-16T16:09:00,2025-02-16T16:09:00,,2025-02-16T15:56:00
de3a88ef-9527-439b-977a-015fb25954b9,3f8168f8-a097-449f-9559-8156ae52e2c6,d3edbff9-b137-4f59-9b59-c049d8cda101,ACCEPTED,2025-02-16T15:56:00,2025-02-16T15:57:00,2025-02-16T15:57:00,,2025-02-16T15:56:00
e26123ce-e2a5-4291-a6ef-a0fca90600e2,ffeceed5-c4b2-4384-9316-ce412dfb6d89,2d8800e7-4323-4d12-918d-a987209ae260,ACCEPTED,2025-02-16T16:20:00,2025-02-16T16:21:00,2025-02-16T16:21:00,,2025-02-16T16:20:00
aa6c739b-1ac8-4d46-80cd-8e7126bbf56a,ffeceed5-c4b2-4384-9316-ce412dfb6d89,89b16628-7a7b-4967-800e-f441e05d2779,ACCEPTED,2025-02-16T16:20:00,2025-02-16T16:33:00,2025-02-16T16:33:00,,2025-02-16T16:20:00
a8adf8c4-afeb-4486-b45c-e751bb4b1247,ffeceed5-c4b2-4384-9316-ce412dfb6d89,977055e7-58dc-4d79-b576-2feb17172418,COMPLETED,2025-02-16T16:23:00,2025-02-16T16:29:00,2025-02-16T16:29:00,2025-02-16T18:23:00,2025-02-16T16:23:00
bec153c4-2f2c-4224-b892-bf961f5b0ee0,ffeceed5-c4b2-4384-9316-ce412dfb6d89,e10f8499-9444-4031-828d-33425d7476a6,EXPIRED,2025-02-16T16:27:00,,,,2025-02-16T16:27:00
ba1d5ded-ba59-484b-a105-dba032267274,ffeceed5-c4b2-4384-9316-ce412dfb6d89,ba0652ab-674d-480e-b23d-7fb7301f9218,ACCEPTED,2025-02-16T16:27:00,2025-02-16T16:40:00,2025-02-16T16:40:00,,2025-02-16T16:27:00
cfbf6fff-8a2e-4fe6-b4dd-4f9a896589a9,ffeceed5-c4b2-4384-9316-ce412dfb6d89,c52b0995-269e-4253-8965-8f14d5fd2b13,ACCEPTED,2025-02-16T16:33:00,2025-02-16T16:34:00,2025-02-16T16:34:00,,2025-02-16T16:33:00
5e447114-0618-4490-b754-2e694cd68e8c,a99bdf17-ca9d-4ec2-b297-e7c43ac2f7f1,ed86563a-268b-43b8-851a-f22f9296edc5,NO_RESPONSE,2025-02-16T20:31:00,,,,2025-02-16T20:31:00
9241261d-289f-467c-b1c1-f0f300a58d04,a99bdf17-ca9d-4ec2-b297-e7c43ac2f7f1,0b47310a-57de-411d-a3af-67fcc8e4038f,ACCEPTED,2025-02-16T20:33:00,2025-02-16T20:44:00,2025-02-16T20:44:00,,2025-02-16T20:33:00
a075dfa8-7953-43fc-83b6-ed08a5ff47be,a99bdf17-ca9d-4ec2-b297-e7c43ac2f7f1,e407e92f-fbeb-4577-975a-db39c26f5872,COMPLETED,2025-02-16T20:38:00,2025-02-16T20:48:00,2025-02-16T20:48:00,2025-02-16T23:38:00,2025-02-16T20:38:00
2feacb0e-aeca-4f09-9a82-27d1794a53ed,a99bdf17-ca9d-4ec2-b297-e7c43ac2f7f1,0f0a17e5-ee39-4b55-89bf-da47d9347eab,ACCEPTED,2025-02-16T20:39:00,2025-02-16T20:52:00,2025-02-16T20:52:00,,2025-02-16T20:39:00
d3cb3cd5-c28d-43e7-bb7e-919cae72f652,3e6e7360-1f6c-4e6b-aa6d-56fe8efffe51,804fa05c-3d11-4c0b-acfe-70a082a82e75,COMPLETED,2025-02-16T23:05:00,2025-02-16T23:19:00,2025-02-16T23:19:00,2025-02-17T01:05:00,2025-02-16T23:05:00
6a2a0fdb-0d5e-4c7b-90a6-6eae4e29a9c8,3e6e7360-1f6c-4e6b-aa6d-56fe8efffe51,979b5d05-d629-42eb-925c-ca3d093ceaca,DECLINED,2025-02-16T23:07:00,2025-02-16T23:21:00,,,2025-02-16T23:07:00
dd844c6f-3586-4647-bf5d-7f870801c667,3e6e7360-1f6c-4e6b-aa6d-56fe8efffe51,d25bbe98-216b-4faf-8f76-0d3dd2269a66,ACCEPTED,2025-02-16T23:11:00,2025-02-16T23:22:00,2025-02-16T23:22:00,,2025-02-16T23:11:00
d3b23dc2-18e3-469d-ac4a-97e73b695089,3e6e7360-1f6c-4e6b-aa6d-56fe8efffe51,346ece9f-9eed-4c58-95d7-1c3e38d7cceb,COMPLETED,2025-02-16T23:14:00,2025-02-16T23:21:00,2025-02-16T23:21:00,2025-02-17T01:14:00,2025-02-16T23:14:00
6ebd8f39-fc59-455e-8802-a2ef8ec91f99,3e6e7360-1f6c-4e6b-aa6d-56fe8efffe51,6808b218-ad45-4d5a-8374-ac96bd2f9e51,ACCEPTED,2025-02-16T23:17:00,2025-02-16T23:28:00,2025-02-16T23:28:00,,2025-02-16T23:17:00
d19d4142-1339-43be-b0f5-dd30bfbebe3c,b6775dc5-a71f-47de-ae07-5ca40a267f00,543b149c-d59c-49f5-bb4f-e6ac6bd72dd3,ACCEPTED,2025-02-17T02:14:00,2025-02-17T02:21:00,2025-02-17T02:21:00,,2025-02-17T02:14:00
899a00a1-34f8-44db-aad5-63e1d0d28709,b6775dc5-a71f-47de-ae07-5ca40a267f00,e0e3fb99-db30-4123-b346-7f11de4197c6,COMPLETED,2025-02-17T02:16:00,2025-02-17T02:23:00,2025-02-17T02:23:00,2025-02-17T03:16:00,2025-02-17T02:16:00
c94a698f-279e-469c-ade8-0ed4983c2cf2,b6775dc5-a71f-47de-ae07-5ca40a267f00,7dce07a7-bf0e-49d0-8e10-0fae45654bf0,COMPLETED,2025-02-17T02:20:00,2025-02-17T02:26:00,2025-02-17T02:26:00,2025-02-17T05:20:00,2025-02-17T02:20:00
fe66a8a0-72c7-4ed8-b3f2-e84de8ddfa84,b6775dc5-a71f-47de-ae07-5ca40a267f00,03dd11aa-3bce-44bb-af81-d893187d3f9b,DECLINED,2025-02-17T02:21:00,2025-02-17T02:25:00,,,2025-02-17T02:21:00
68c714b4-01e9-4232-89bd-806df48eb03a,b6775dc5-a71f-47de-ae07-5ca40a267f00,d239a4ec-9007-41bc-a9af-3ceae895f0c0,ACCEPTED,2025-02-17T02:26:00,2025-02-17T02:37:00,2025-02-17T02:37:00,,2025-02-17T02:26:00
d2c20743-0dbc-4512-8818-04b7e21b53e5,b6775dc5-a71f-47de-ae07-5ca40a267f00,c1c99edc-e331-448e-a7ab-7b7fcb4ae4e7,ACCEPTED,2025-02-17T02:26:00,2025-02-17T02:38:00,2025-02-17T02:38:00,,2025-02-17T02:26:00
c49145d2-718b-4108-b35c-ff5659091f97,18e6d83e-beee-46f3-8e2b-7591f79f6127,1f639402-8dc8-4776-97e8-d35510b12cd1,COMPLETED,2025-02-17T07:52:00,2025-02-17T08:02:00,2025-02-17T08:02:00,2025-02-17T08:52:00,2025-02-17T07:52:00
d5c1dc69-3842-4441-9262-cc845b8e259b,18e6d83e-beee-46f3-8e2b-7591f79f6127,aa432f38-de85-46c8-ad80-6b3373671c95,NO_RESPONSE,2025-02-17T07:56:00,,,,2025-02-17T07:56:00
86b0b0ce-87cc-4c66-8c03-7664e93acc1e,18e6d83e-beee-46f3-8e2b-7591f79f6127,fb360121-72e2-40f7-bcc1-c7c613c988c0,COMPLETED,2025-02-17T08:00:00,2025-02-17T08:03:00,2025-02-17T08:03:00,2025-02-17T10:00:00,2025-02-17T08:00:00
5b9961e3-61f9-4d92-8732-1d07e63319c9,4b6ba040-2c6d-4263-bb42-ade0199835e6,cd532bc0-2367-446e-8e57-68c7cd6101f6,ACCEPTED,2025-02-17T15:00:00,2025-02-17T15:14:00,2025-02-17T15:14:00,,2025-02-17T15:00:00
39df93c9-abc2-4b57-8808-61e635db52ec,4b6ba040-2c6d-4263-bb42-ade0199835e6,d37d167a-e253-4bf1-bf50-bfa4c95a4260,ACCEPTED,2025-02-17T15:01:00,2025-02-17T15:08:00,2025-02-17T15:08:00,,2025-02-17T15:01:00
e2927a95-a3a9-4d8f-9614-8bcf8965cb73,4b6ba040-2c6d-4263-bb42-ade0199835e6,d6f6800e-5c63-432b-93d2-8d7c32142867,MISSED,2025-02-17T15:07:00,,,,2025-02-17T15:07:00
29f6bee5-35be-4e67-b78b-0422bd719761,4b6ba040-2c6d-4263-bb42-ade0199835e6,9af05ac7-06a8-49dd-abb8-7a4c2f508938,ACCEPTED,2025-02-17T15:09:00,2025-02-17T15:22:00,2025-02-17T15:22:00,,2025-02-17T15:09:00
7bb888b5-6fc1-4d13-8737-36ccb1000239,4b6ba040-2c6d-4263-bb42-ade0199835e6,29e49c87-bf5c-4e0a-844a-7ce3f4f2d13d,ACCEPTED,2025-02-17T15:11:00,2025-02-17T15:14:00,2025-02-17T15:14:00,,2025-02-17T15:11:00
d1805f31-f1e2-4188-9a0c-bf097bbeb556,497c4612-6169-4f52-b02f-e26ba1588015,a77bcc83-4a3d-492d-bcd8-592aba88fc9d,ACCEPTED,2025-02-18T00:36:00,2025-02-18T00:42:00,2025-02-18T00:42:00,,2025-02-18T00:36:00
bfe966ab-7f53-40df-a936-3b0a5fc4b5bc,497c4612-6169-4f52-b02f-e26ba1588015,d86275ba-b1a0-4e6e-a363-d11e975f6df6,ACCEPTED,2025-02-18T00:43:00,2025-02-18T00:51:00,2025-02-18T00:51:00,,2025-02-18T00:43:00
15a58d77-505a-4a96-a1d8-8450c55102c6,497c4612-6169-4f52-b02f-e26ba1588015,96e372e4-86b2-4e68-b468-3cdf7686a490,EXPIRED,2025-02-18T00:44:00,,,,2025-02-18T00:44:00
9d8bd0c6-89a7-4f8f-95c5-d0894ed60b80,64ae316e-9263-4aba-994f-e35c77559d61,4ac85ad1-81f9-4db3-a7c9-2bd4d3df0e31,ACCEPTED,2025-02-18T02:51:00,2025-02-18T02:55:00,2025-02-18T02:55:00,,2025-02-18T02:51:00
87633e25-7892-4d80-8356-59b131e93124,64ae316e-9263-4aba-994f-e35c77559d61,20973b43-2cf6-456f-b7bc-c097d6343c32,MISSED,2025-02-18T02:52:00,,,,2025-02-18T02:52:00
6ea12d89-8767-434e-8b81-7dc32351e168,64ae316e-9263-4aba-994f-e35c77559d61,2c4d68b2-c9d6-4244-9ac3-ce7b208c9147,ACCEPTED,2025-02-18T02:59:00,2025-02-18T03:00:00,2025-02-18T03:00:00,,2025-02-18T02:59:00
529406e5-1697-4770-9f59-93e1a88aee2d,64ae316e-9263-4aba-994f-e35c77559d61,b61abfe1-9a4f-45c1-ac54-daa9a9a0b274,COMPLETED,2025-02-18T03:04:00,2025-02-18T03:14:00,2025-02-18T03:14:00,2025-02-18T05:04:00,2025-02-18T03:04:00
14fbe288-9253-42ca-998d-d14dccea3e89,a7f2327c-bca4-4fc2-a62a-cb2ecf790b9c,dbebf1a3-387d-417a-abcb-ebdd3d136562,COMPLETED,2025-02-18T06:46:00,2025-02-18T06:58:00,2025-02-18T06:58:00,2025-02-18T09:46:00,2025-02-18T06:46:00
e7f72182-a2d4-4993-a148-25983141d83a,8055084f-b989-4697-b205-d8dfa14db6b5,a12f0067-a0a7-4294-ae23-d9759cd6beb6,ACCEPTED,2025-02-18T06:48:00,2025-02-18T06:54:00,2025-02-18T06:54:00,,2025-02-18T06:48:00
77d2e687-b7f0-4b50-9a50-64e4938c577a,a7f2327c-bca4-4fc2-a62a-cb2ecf790b9c,2e3af94c-8ff5-4a35-ac8a-571d4fa070d4,ACCEPTED,2025-02-18T06:49:00,2025-02-18T06:59:00,2025-02-18T06:59:00,,2025-02-18T06:49:00
1b942e57-bd89-44df-be93-d95966e9c212,a7f2327c-bca4-4fc2-a62a-cb2ecf790b9c,5b144804-32b7-4e82-9f3c-1b20f6f52721,ACCEPTED,2025-02-18T06:49:00,2025-02-18T06:59:00,2025-02-18T06:59:00,,2025-02-18T06:49:00
2abac3a3-f2cc-4efd-b00a-97e9a42b229c,8055084f-b989-4697-b205-d8dfa14db6b5,950e5213-a1b0-4cdc-9127-044adb973cb5,ACCEPTED,2025-02-18T06:50:00,2025-02-18T06:55:00,2025-02-18T06:55:00,,2025-02-18T06:50:00
857305aa-d698-4e0f-9bec-45878b9b2c7b,a7f2327c-bca4-4fc2-a62a-cb2ecf790b9c,46c4620d-f466-43aa-86c4-b6bea05d529d,COMPLETED,2025-02-18T06:52:00,2025-02-18T07:02:00,2025-02-18T07:02:00,2025-02-18T09:52:00,2025-02-18T06:52:00
c6e19edc-3eb2-4b87-830b-80a56b87e4e6,a7f2327c-bca4-4fc2-a62a-cb2ecf790b9c,797a96d3-916e-44ca-9537-0bd455606d82,ACCEPTED,2025-02-18T06:53:00,2025-02-18T06:56:00,2025-02-18T06:56:00,,2025-02-18T06:53:00
fd242d7b-c509-4000-bcde-b644fc5f0393,8055084f-b989-4697-b205-d8dfa14db6b5,aed96858-5a79-4453-afc9-995064972c5b,COMPLETED,2025-02-18T06:53:00,2025-02-18T06:57:00,2025-02-18T06:57:00,2025-02-18T07:53:00,2025-02-18T06:53:00
450a6543-a674-4c50-9b42-0058201145b9,8055084f-b989-4697-b205-d8dfa14db6b5,7874fffd-6a3d-4885-92ad-f115c4f7779f,ACCEPTED,2025-02-18T06:57:00,2025-02-18T06:59:00,2025-02-18T06:59:00,,2025-02-18T06:57:00
78926cb8-d62f-4891-b99d-07642d65560e,a7f2327c-bca4-4fc2-a62a-cb2ecf790b9c,dc3945d5-6321-4ff3-a949-9cc365303d45,ACCEPTED,2025-02-18T06:59:00,2025-02-18T07:01:00,2025-02-18T07:01:00,,2025-02-18T06:59:00
f78f9adf-a655-40ba-bbf2-912bf0f9bbfe,f4ccd7bf-6afc-4216-9c8d-c792faebf035,abdc90fb-c824-469f-8f0e-8dd72f8f977f,COMPLETED,2025-02-18T10:44:00,2025-02-18T10:50:00,2025-02-18T10:50:00,2025-02-18T11:44:00,2025-02-18T10:44:00
1f73ffac-1716-4e3e-8d8f-b1e0e75cd800,f4ccd7bf-6afc-4216-9c8d-c792faebf035,075750fe-b6ad-4c6a-a4e3-91e723ad0bdf,COMPLETED,2025-02-18T10:44:00,2025-02-18T10:45:00,2025-02-18T10:45:00,2025-02-18T13:44:00,2025-02-18T10:44:00
f778f018-f477-4b25-9994-af0a0d9e8e28,d23117c3-3c14-4a28-8925-d90c37900211,97b426ef-09b1-4692-8010-6897b909efc6,MISSED,2025-02-18T11:18:00,,,,2025-02-18T11:18:00
f26b9aca-95a1-4d5e-bf4b-71ce91581730,d23117c3-3c14-4a28-8925-d90c37900211,885c50e2-3162-47fa-90f5-23d9287648cc,ACCEPTED,2025-02-18T11:18:00,2025-02-18T11:28:00,2025-02-18T11:28:00,,2025-02-18T11:18:00
2b01b7c7-5bf4-4c8c-8a2f-85ded96b7a23,d23117c3-3c14-4a28-8925-d90c37900211,7fe949fd-61b1-475a-8c19-580e4b0b98a7,ACCEPTED,2025-02-18T11:24:00,2025-02-18T11:39:00,2025-02-18T11:39:00,,2025-02-18T11:24:00
6382b98d-f03e-48d9-905a-cb93c8bebfe1,d23117c3-3c14-4a28-8925-d90c37900211,5af7e665-37a6-4d00-a895-44a3a239f4cf,ACCEPTED,2025-02-18T11:28:00,2025-02-18T11:30:00,2025-02-18T11:30:00,,2025-02-18T11:28:00
58951221-1a5e-4577-80a5-5e844a605324,d23117c3-3c14-4a28-8925-d90c37900211,a927ec13-1431-4870-8c63-e98dc7bad4b8,DECLINED,2025-02-18T11:31:00,2025-02-18T11:37:00,,,2025-02-18T11:31:00
e4fddac5-6242-4a03-97b9-75cc2aa5d946,ee1fe56e-38f5-42e3-9844-b450bd4bf51c,87ee165d-91a2-4857-b698-c97864b7c6d5,ACCEPTED,2025-02-18T11:58:00,2025-02-18T12:00:00,2025-02-18T12:00:00,,2025-02-18T11:58:00
bff638c4-d69a-4520-9bf0-379066bd3768,ee1fe56e-38f5-42e3-9844-b450bd4bf51c,9b2d4384-c4a9-4135-8458-c0c14e077dce,ACCEPTED,2025-02-18T11:59:00,2025-02-18T12:14:00,2025-02-18T12:14:00,,2025-02-18T11:59:00
783d0389-65e4-46b0-918c-0d03d79be6a4,ee1fe56e-38f5-42e3-9844-b450bd4bf51c,429de809-3eeb-42af-94fa-c9c8fc3dda46,COMPLETED,2025-02-18T12:04:00,2025-02-18T12:18:00,2025-02-18T12:18:00,2025-02-18T14:04:00,2025-02-18T12:04:00
f51b1f7a-f53f-411a-955b-3b13c3e0ed5d,ee1fe56e-38f5-42e3-9844-b450bd4bf51c,7dce07a7-bf0e-49d0-8e10-0fae45654bf0,MISSED,2025-02-18T12:04:00,,,,2025-02-18T12:04:00
c5f1e691-12ee-42d0-b8a2-9c34763908fa,ee1fe56e-38f5-42e3-9844-b450bd4bf51c,f6612e9b-17e3-4407-bad5-87d18f75c172,COMPLETED,2025-02-18T12:05:00,2025-02-18T12:10:00,2025-02-18T12:10:00,2025-02-18T15:05:00,2025-02-18T12:05:00
772b4f34-50b5-4ac5-a378-55d1adbd6abf,994da873-9009-404f-bd27-c16cd43d2b94,d2112070-a709-4a6f-a1fe-b83a282d0da2,COMPLETED,2025-02-18T13:31:00,2025-02-18T13:41:00,2025-02-18T13:41:00,2025-02-18T15:31:00,2025-02-18T13:31:00
86cf89d7-41fe-4200-a55d-60b77ae1eba7,994da873-9009-404f-bd27-c16cd43d2b94,1fac9453-e829-479d-ae5f-008babfc456d,ACCEPTED,2025-02-18T13:32:00,2025-02-18T13:47:00,2025-02-18T13:47:00,,2025-02-18T13:32:00
0ea75ed0-99ee-4ea1-b079-0c14a73d96d0,994da873-9009-404f-bd27-c16cd43d2b94,3b1c0630-6304-4f24-90a0-39e3fd579418,COMPLETED,2025-02-18T13:41:00,2025-02-18T13:49:00,2025-02-18T13:49:00,2025-02-18T15:41:00,2025-02-18T13:41:00
ce28a6de-5a60-4d05-9eee-3cd69c5ee05d,994da873-9009-404f-bd27-c16cd43d2b94,75455c5a-fc28-4e12-ab1d-c5bf91975e07,ACCEPTED,2025-02-18T13:42:00,2025-02-18T13:54:00,2025-02-18T13:54:00,,2025-02-18T13:42:00
f499d1c0-ee9f-4379-8e73-447b3d819daa,994da873-9009-404f-bd27-c16cd43d2b94,972c2711-206c-49a4-b763-2a7319f31c08,COMPLETED,2025-02-18T13:43:00,2025-02-18T13:58:00,2025-02-18T13:58:00,2025-02-18T16:43:00,2025-02-18T13:43:00
c28f5b55-d52f-43d4-8cce-654083c04fdf,ebe769a7-b440-4b59-a116-4aa7f18831ff,415a8ed8-6bf8-47ec-9265-7eacc19a825f,NO_RESPONSE,2025-02-18T15:08:00,,,,2025-02-18T15:08:00
5a38a7a7-1f58-41d2-ba33-a61417468ab1,ebe769a7-b440-4b59-a116-4aa7f18831ff,9af05ac7-06a8-49dd-abb8-7a4c2f508938,ACCEPTED,2025-02-18T15:08:00,2025-02-18T15:17:00,2025-02-18T15:17:00,,2025-02-18T15:08:00
b3ed7d1e-3541-47e2-812f-a18405c07577,ebe769a7-b440-4b59-a116-4aa7f18831ff,35a960a1-e1aa-45db-8043-5650f7e73b8c,NO_RESPONSE,2025-02-18T15:09:00,,,,2025-02-18T15:09:00
24b2347c-529d-47d5-9499-5aa80215d4d2,ebe769a7-b440-4b59-a116-4aa7f18831ff,5a9cd770-f74a-4cdd-87d0-646aa0e13b89,ACCEPTED,2025-02-18T15:14:00,2025-02-18T15:27:00,2025-02-18T15:27:00,,2025-02-18T15:14:00
4b498fa2-5867-42f9-ba49-368204c7eb87,ebe769a7-b440-4b59-a116-4aa7f18831ff,a9192324-9347-4f6f-998a-20066ce0209e,DECLINED,2025-02-18T15:15:00,2025-02-18T15:28:00,,,2025-02-18T15:15:00
1b4be861-6648-4ba3-b902-a218ca7cc906,ebe769a7-b440-4b59-a116-4aa7f18831ff,4d0e1b54-5e79-4df5-b9bd-bd996b9c9642,COMPLETED,2025-02-18T15:17:00,2025-02-18T15:22:00,2025-02-18T15:22:00,2025-02-18T18:17:00,2025-02-18T15:17:00
db441558-9694-475f-a51c-756229235ef4,fdf07deb-c49a-44c7-af6d-784126f2bc7d,11e977ea-77b0-4be7-a600-4b4895750d3e,ACCEPTED,2025-02-18T17:47:00,2025-02-18T17:58:00,2025-02-18T17:58:00,,2025-02-18T17:47:00
492a3e4f-4194-4f21-9521-368c7173fe9d,fdf07deb-c49a-44c7-af6d-784126f2bc7d,626cbf28-4c14-4dc1-a51b-9a94ba59000e,COMPLETED,2025-02-18T17:47:00,2025-02-18T17:57:00,2025-02-18T17:57:00,2025-02-18T19:47:00,2025-02-18T17:47:00
dff9c0be-b798-48a2-b44b-36ced1bd688a,fdf07deb-c49a-44c7-af6d-784126f2bc7d,15e8b88b-3071-48e6-b989-88d3d4c35e68,COMPLETED,2025-02-18T17:49:00,2025-02-18T17:57:00,2025-02-18T17:57:00,2025-02-18T18:49:00,2025-02-18T17:49:00
7305c3d5-2c85-4905-8266-21c29b211b45,fdf07deb-c49a-44c7-af6d-784126f2bc7d,664b1167-88df-4fdd-afcb-3e9296fb4ad6,ACCEPTED,2025-02-18T17:55:00,2025-02-18T17:57:00,2025-02-18T17:57:00,,2025-02-18T17:55:00
67157d4e-7947-4ec7-98ca-7acc1a69245f,fdf07deb-c49a-44c7-af6d-784126f2bc7d,b535926f-1249-45e1-8443-3898d91728ed,NO_RESPONSE,2025-02-18T17:55:00,,,,2025-02-18T17:55:00
35442296-fff4-42ce-b367-78fd1d1e65c1,fdf07deb-c49a-44c7-af6d-784126f2bc7d,cfdec3c3-1f55-4c1b-bf64-7c30eaf6fc9d,COMPLETED,2025-02-18T17:57:00,2025-02-18T17:59:00,2025-02-18T17:59:00,2025-02-18T18:57:00,2025-02-18T17:57:00
f44aec94-324c-4c27-b6e3-83a0187b013b,7ae40a5b-f399-4f31-9b84-ea9dec7cee69,7df3d0f3-a755-40a4-a102-6e1158275be1,EXPIRED,2025-02-18T18:25:00,,,,2025-02-18T18:25:00
42638b60-98e9-4e8b-9e21-469cf95d3e55,7ae40a5b-f399-4f31-9b84-ea9dec7cee69,3cad9af4-3e76-49e7-a472-17fbf3b30322,ACCEPTED,2025-02-18T18:27:00,2025-02-18T18:31:00,2025-02-18T18:31:00,,2025-02-18T18:27:00
e487b783-a72f-4250-bf29-380500bf6775,588cb5b8-25e6-4e35-b5fd-364f829a084b,1f6fb1c2-eed4-453e-843e-8dcf8faefb39,ACCEPTED,2025-02-18T18:38:00,2025-02-18T18:47:00,2025-02-18T18:47:00,,2025-02-18T18:38:00
838afbd8-60d0-4ac3-b845-554fe68d15ba,588cb5b8-25e6-4e35-b5fd-364f829a084b,e0e3fb99-db30-4123-b346-7f11de4197c6,COMPLETED,2025-02-18T18:39:00,2025-02-18T18:45:00,2025-02-18T18:45:00,2025-02-18T20:39:00,2025-02-18T18:39:00
51494ac5-d267-4e73-a1c1-660370bea7a4,588cb5b8-25e6-4e35-b5fd-364f829a084b,f6612e9b-17e3-4407-bad5-87d18f75c172,COMPLETED,2025-02-18T18:41:00,2025-02-18T18:43:00,2025-02-18T18:43:00,2025-02-18T21:41:00,2025-02-18T18:41:00
54aa69b8-2b2b-48b9-a68c-846f3e57278c,588cb5b8-25e6-4e35-b5fd-364f829a084b,7ce3dda1-de53-4002-8f7b-0cd22da8ea06,MISSED,2025-02-18T18:42:00,,,,2025-02-18T18:42:00
492c37a7-69b1-4d9e-b875-8dd54769e116,588cb5b8-25e6-4e35-b5fd-364f829a084b,53ed2f86-5a3a-4240-86cc-9f9f609bdea0,ACCEPTED,2025-02-18T18:46:00,2025-02-18T18:54:00,2025-02-18T18:54:00,,2025-02-18T18:46:00
75fa9e30-36b5-4434-897b-141c93cd7b0b,2537e792-5127-4f6c-b6db-70bd0d204881,af32b242-6347-4914-8703-8bc3222ac8c4,ACCEPTED,2025-02-19T00:26:00,2025-02-19T00:27:00,2025-02-19T00:27:00,,2025-02-19T00:26:00
91a2e928-da65-4176-8d71-7059657c0b33,2537e792-5127-4f6c-b6db-70bd0d204881,bdc0370d-62f2-4b37-aaa3-b2871252b644,COMPLETED,2025-02-19T00:27:00,2025-02-19T00:40:00,2025-02-19T00:40:00,2025-02-19T02:27:00,2025-02-19T00:27:00
dff41322-3a21-4870-bc93-b1f2df82df6e,2537e792-5127-4f6c-b6db-70bd0d204881,9b2d4384-c4a9-4135-8458-c0c14e077dce,MISSED,2025-02-19T00:27:00,,,,2025-02-19T00:27:00
5673ffc2-1dab-44e6-98a7-a456c619fb70,2537e792-5127-4f6c-b6db-70bd0d204881,878b86c2-438d-4767-ad44-f8c58de74bd2,NO_RESPONSE,2025-02-19T00:29:00,,,,2025-02-19T00:29:00
a8fcaebc-d27b-4971-af37-a89d3801947b,2537e792-5127-4f6c-b6db-70bd0d204881,11e977ea-77b0-4be7-a600-4b4895750d3e,ACCEPTED,2025-02-19T00:32:00,2025-02-19T00:47:00,2025-02-19T00:47:00,,2025-02-19T00:32:00
a10bcdbe-af89-4092-b04b-7bbc1e600a2a,2537e792-5127-4f6c-b6db-70bd0d204881,238bf442-7dd1-4625-97b1-0fd3299287dc,NO_RESPONSE,2025-02-19T00:32:00,,,,2025-02-19T00:32:00
e21cd3fb-43c8-4053-b0c8-6ad23c9dcedc,cd325844-b07c-4f64-aa90-a9ab9cf769a6,18425d44-6ba9-45d1-a297-f3778d4b10e7,MISSED,2025-02-19T01:21:00,,,,2025-02-19T01:21:00
3eedf9b9-c135-4c27-8b61-f350e6c56d68,cd325844-b07c-4f64-aa90-a9ab9cf769a6,03eeb252-1e41-4f67-91f0-687b64393568,ACCEPTED,2025-02-19T01:29:00,2025-02-19T01:41:00,2025-02-19T01:41:00,,2025-02-19T01:29:00
77f4f59b-5e9d-46ad-85eb-1104de277e63,5f285205-54e0-4b75-9762-4e93239799ff,abdc90fb-c824-469f-8f0e-8dd72f8f977f,ACCEPTED,2025-02-19T09:28:00,2025-02-19T09:30:00,2025-02-19T09:30:00,,2025-02-19T09:28:00
2584bf2e-f538-4c53-8c13-837f3e9a4917,5f285205-54e0-4b75-9762-4e93239799ff,f6c6d337-db40-4e0d-a2a5-3f792a85ae63,DECLINED,2025-02-19T09:30:00,2025-02-19T09:35:00,,,2025-02-19T09:30:00
c7c6ee36-2d8d-4f69-b15e-b604ef94d014,5f285205-54e0-4b75-9762-4e93239799ff,90f0edf1-053b-433f-b7d0-041be1e882d4,COMPLETED,2025-02-19T09:33:00,2025-02-19T09:41:00,2025-02-19T09:41:00,2025-02-19T10:33:00,2025-02-19T09:33:00
1aca34fb-b44a-41b5-b97a-8999d4beed1b,5f285205-54e0-4b75-9762-4e93239799ff,2d8800e7-4323-4d12-918d-a987209ae260,ACCEPTED,2025-02-19T09:34:00,2025-02-19T09:48:00,2025-02-19T09:48:00,,2025-02-19T09:34:00
dcfb0d27-b35e-4e4c-b4d1-90be710ccab8,e63b451a-954c-4e51-95e5-443f74d8152e,fda5fef4-939c-4a0d-864d-c6a11b14bd2a,ACCEPTED,2025-02-19T09:58:00,2025-02-19T09:59:00,2025-02-19T09:59:00,,2025-02-19T09:58:00
2fbd422a-848e-4c2f-b41c-c9d7f258362c,e63b451a-954c-4e51-95e5-443f74d8152e,9af05ac7-06a8-49dd-abb8-7a4c2f508938,ACCEPTED,2025-02-19T10:09:00,2025-02-19T10:11:00,2025-02-19T10:11:00,,2025-02-19T10:09:00
564319e6-730c-4a2c-9654-f3fb9de94dc8,7daa927b-204c-4483-ad6f-87e4d2163d63,aa88c4dd-4d72-4fc4-81fb-864525abed74,ACCEPTED,2025-02-19T13:04:00,2025-02-19T13:12:00,2025-02-19T13:12:00,,2025-02-19T13:04:00
b9c92fe0-cda7-4fcb-9f5a-5e0e6cba0c6c,7daa927b-204c-4483-ad6f-87e4d2163d63,6808b218-ad45-4d5a-8374-ac96bd2f9e51,ACCEPTED,2025-02-19T13:07:00,2025-02-19T13:09:00,2025-02-19T13:09:00,,2025-02-19T13:07:00
4e239431-f03e-4516-b7b9-a73802bedcfc,621b2bb4-9f53-4023-982d-85edbdf72455,075750fe-b6ad-4c6a-a4e3-91e723ad0bdf,ACCEPTED,2025-02-19T14:00:00,2025-02-19T14:11:00,2025-02-19T14:11:00,,2025-02-19T14:00:00
fc49bae2-fbd7-4927-b3f7-8456edb45a03,621b2bb4-9f53-4023-982d-85edbdf72455,1f639402-8dc8-4776-97e8-d35510b12cd1,ACCEPTED,2025-02-19T14:12:00,2025-02-19T14:21:00,2025-02-19T14:21:00,,2025-02-19T14:12:00
7e58d325-55a3-4512-82f3-dcfe2346a91d,0fa27623-2baa-412a-9f1a-7c0220916ae4,e10f8499-9444-4031-828d-33425d7476a6,ACCEPTED,2025-02-19T19:34:00,2025-02-19T19:37:00,2025-02-19T19:37:00,,2025-02-19T19:34:00
25165ce8-c9b5-4d17-a8cd-6ccd2b06eeca,0fa27623-2baa-412a-9f1a-7c0220916ae4,d6b5ae43-d86a-4b5f-abd6-b4e06091ee44,COMPLETED,2025-02-19T19:35:00,2025-02-19T19:46:00,2025-02-19T19:46:00,2025-02-19T20:35:00,2025-02-19T19:35:00
8671ea63-82fa-4933-ac29-55244112ab49,0fa27623-2baa-412a-9f1a-7c0220916ae4,c6725451-3108-4aec-a1da-c4cd931af67d,ACCEPTED,2025-02-19T19:35:00,2025-02-19T19:39:00,2025-02-19T19:39:00,,2025-02-19T19:35:00
80b01574-4953-40e6-96a9-0bd74ca09e3d,0fa27623-2baa-412a-9f1a-7c0220916ae4,4dedcbdc-081b-4f07-a1d8-a65cfe88d71e,ACCEPTED,2025-02-19T19:38:00,2025-02-19T19:45:00,2025-02-19T19:45:00,,2025-02-19T19:38:00
4fef35e0-2ed3-4c17-983b-7972d085a8c3,0fa27623-2baa-412a-9f1a-7c0220916ae4,62758655-2759-47fd-8cfb-18e44d2da35e,ACCEPTED,2025-02-19T19:44:00,2025-02-19T19:46:00,2025-02-19T19:46:00,,2025-02-19T19:44:00
8fccf3bb-8e2c-4350-a4a4-d24d030ed174,0fa27623-2baa-412a-9f1a-7c0220916ae4,80faa51d-a2ac-468a-a4b0-b1c148fd10fe,DECLINED,2025-02-19T19:47:00,2025-02-19T19:55:00,,,2025-02-19T19:47:00
e33bd606-6c9f-4fd9-96c3-808a0cf7bb48,46cbc33b-9a92-439b-8225-41517327f69f,5ae18917-1ec4-457c-a836-7efc4c4c8fff,ACCEPTED,2025-02-20T01:26:00,2025-02-20T01:35:00,2025-02-20T01:35:00,,2025-02-20T01:26:00
448097ff-2a97-46cf-8213-66ef1835c0fb,46cbc33b-9a92-439b-8225-41517327f69f,19e65af6-da1e-4052-bf71-1659737f5cc7,ACCEPTED,2025-02-20T01:26:00,2025-02-20T01:36:00,2025-02-20T01:36:00,,2025-02-20T01:26:00
7835cfe1-0537-4b90-985e-77218a49fb75,46cbc33b-9a92-439b-8225-41517327f69f,a12f0067-a0a7-4294-ae23-d9759cd6beb6,NO_RESPONSE,2025-02-20T01:26:00,,,,2025-02-20T01:26:00
a4b00e44-3c0e-4cb3-a691-1ee8b9f33a18,46cbc33b-9a92-439b-8225-41517327f69f,c6725451-3108-4aec-a1da-c4cd931af67d,DECLINED,2025-02-20T01:26:00,2025-02-20T01:41:00,,,2025-02-20T01:26:00
7ca305c5-873f-473a-8fb9-f897fd51bdee,46cbc33b-9a92-439b-8225-41517327f69f,b0102217-6663-410d-8e4b-e802cddf4baa,ACCEPTED,2025-02-20T01:30:00,2025-02-20T01:43:00,2025-02-20T01:43:00,,2025-02-20T01:30:00
94ed49f5-e997-47ba-95f4-b18fcc4b4b38,46cbc33b-9a92-439b-8225-41517327f69f,e407e92f-fbeb-4577-975a-db39c26f5872,NO_RESPONSE,2025-02-20T01:37:00,,,,2025-02-20T01:37:00
5826f75e-7bd5-4772-8ef6-d33222945b86,fdf85a1e-0bc5-434f-b00a-3546af318c8d,8149a5a0-b1e9-4bb0-a980-b7f5bdcb02a4,COMPLETED,2025-02-20T07:32:00,2025-02-20T07:35:00,2025-02-20T07:35:00,2025-02-20T09:32:00,2025-02-20T07:32:00
8f18f73e-522e-4c5e-9cab-aebcbae18824,fdf85a1e-0bc5-434f-b00a-3546af318c8d,f7c3f29d-48af-49aa-bce7-bec02869395a,ACCEPTED,2025-02-20T07:36:00,2025-02-20T07:44:00,2025-02-20T07:44:00,,2025-02-20T07:36:00
49bcd66a-83e4-4a6e-b93a-5488cfafc1cc,fdf85a1e-0bc5-434f-b00a-3546af318c8d,f6556829-5e66-4e5a-aff5-3233c86566a8,ACCEPTED,2025-02-20T07:43:00,2025-02-20T07:55:00,2025-02-20T07:55:00,,2025-02-20T07:43:00
4b1b1f9b-15b9-480b-9941-fe7b3c9d5efb,05f04be6-bf37-49b3-9702-70ff3b02de05,b0102217-6663-410d-8e4b-e802cddf4baa,NO_RESPONSE,2025-02-20T08:49:00,,,,2025-02-20T08:49:00
f719cb2a-5087-401a-a46e-a73bb1a61025,05f04be6-bf37-49b3-9702-70ff3b02de05,19cad05e-ae8b-4d86-b026-69fbb73b2e76,COMPLETED,2025-02-20T08:58:00,2025-02-20T09:12:00,2025-02-20T09:12:00,2025-02-20T10:58:00,2025-02-20T08:58:00
809c32a6-7dfa-4d91-b000-7f98bed996d6,05f04be6-bf37-49b3-9702-70ff3b02de05,2c1091c3-2c2e-4305-8524-f2651ddbea75,ACCEPTED,2025-02-20T08:59:00,2025-02-20T09:11:00,2025-02-20T09:11:00,,2025-02-20T08:59:00
1446e9c0-9c6e-46a4-9fb3-be6f5eac10f5,05f04be6-bf37-49b3-9702-70ff3b02de05,d6f6800e-5c63-432b-93d2-8d7c32142867,ACCEPTED,2025-02-20T08:59:00,2025-02-20T09:03:00,2025-02-20T09:03:00,,2025-02-20T08:59:00
c267c2d9-6672-4898-8964-82bf273f5225,05f04be6-bf37-49b3-9702-70ff3b02de05,cfdec3c3-1f55-4c1b-bf64-7c30eaf6fc9d,ACCEPTED,2025-02-20T09:01:00,2025-02-20T09:02:00,2025-02-20T09:02:00,,2025-02-20T09:01:00
d45cbcd7-c5d1-4053-865e-a82f3ae3a578,d2611442-dd84-4d2f-809b-ca4a3ff72629,34dc13fa-a9a1-4b88-8692-d63511225a68,ACCEPTED,2025-02-20T11:46:00,2025-02-20T11:53:00,2025-02-20T11:53:00,,2025-02-20T11:46:00
4746b4ec-7e4d-4f52-af0e-ffe46020f5b7,d2611442-dd84-4d2f-809b-ca4a3ff72629,20973b43-2cf6-456f-b7bc-c097d6343c32,DECLINED,2025-02-20T11:46:00,2025-02-20T12:01:00,,,2025-02-20T11:46:00
4b7f8228-9d6b-4b53-b593-e38f83c3007d,c0595c98-1ac3-4259-b6c1-a06d09d050d0,d346ac11-9b08-4a8a-b887-845a17ae7266,ACCEPTED,2025-02-20T11:59:00,2025-02-20T12:12:00,2025-02-20T12:12:00,,2025-02-20T11:59:00
c8e56d08-16a8-4581-948d-cb74e6d90ed7,c0595c98-1ac3-4259-b6c1-a06d09d050d0,103eb3c6-8619-4c37-b55b-6a3438e71b7a,ACCEPTED,2025-02-20T11:59:00,2025-02-20T12:10:00,2025-02-20T12:10:00,,2025-02-20T11:59:00
32e58f2e-f1cc-4d07-a7a0-65244c88b51a,c0595c98-1ac3-4259-b6c1-a06d09d050d0,0b47310a-57de-411d-a3af-67fcc8e4038f,ACCEPTED,2025-02-20T12:00:00,2025-02-20T12:06:00,2025-02-20T12:06:00,,2025-02-20T12:00:00
07d0d9ce-c628-48b1-81c3-f12487487a1b,c0595c98-1ac3-4259-b6c1-a06d09d050d0,6ba5036b-8e59-4341-9bc3-f959ef8d8360,COMPLETED,2025-02-20T12:05:00,2025-02-20T12:09:00,2025-02-20T12:09:00,2025-02-20T15:05:00,2025-02-20T12:05:00
d1582d1a-7d7d-4f3e-af72-0d86a7f271ba,0e5ae998-edeb-4a4a-b130-a5728d108b18,628e4e35-5853-4d59-b32f-4056b7e3e27b,ACCEPTED,2025-02-20T17:57:00,2025-02-20T18:01:00,2025-02-20T18:01:00,,2025-02-20T17:57:00
2cbb0ce6-bb1c-45dd-9ef5-b89585b6b5b6,0e5ae998-edeb-4a4a-b130-a5728d108b18,80faa51d-a2ac-468a-a4b0-b1c148fd10fe,NO_RESPONSE,2025-02-20T18:03:00,,,,2025-02-20T18:03:00
b4179020-1beb-477a-bc75-9774611c53a5,0e5ae998-edeb-4a4a-b130-a5728d108b18,ed86563a-268b-43b8-851a-f22f9296edc5,NO_RESPONSE,2025-02-20T18:07:00,,,,2025-02-20T18:07:00
28a73ea5-fcd1-4cd9-8f1d-dce923480eda,0e5ae998-edeb-4a4a-b130-a5728d108b18,bfe6f01b-84b9-4986-b7ea-e375c91d0d8c,COMPLETED,2025-02-20T18:08:00,2025-02-20T18:15:00,2025-02-20T18:15:00,2025-02-20T20:08:00,2025-02-20T18:08:00
34edfab9-caed-4f3b-890d-c0959058c63c,0e5ae998-edeb-4a4a-b130-a5728d108b18,4f92c3e6-e44d-4309-b4ad-e6eaf75dd28f,ACCEPTED,2025-02-20T18:09:00,2025-02-20T18:21:00,2025-02-20T18:21:00,,2025-02-20T18:09:00
58768813-e145-444b-9165-20c41c0ff9f3,0e5ae998-edeb-4a4a-b130-a5728d108b18,ca2995db-95cb-4226-8f04-6f57902f8cf4,ACCEPTED,2025-02-20T18:10:00,2025-02-20T18:13:00,2025-02-20T18:13:00,,2025-02-20T18:10:00
96c6ef7b-4615-4c90-bd09-7d99d80bb0fc,24230b93-1f2d-4cc0-89ac-3ecc25d1174d,a8a1af91-93b6-4f04-8e14-d38aa8302607,ACCEPTED,2025-02-20T19:54:00,2025-02-20T20:09:00,2025-02-20T20:09:00,,2025-02-20T19:54:00
d4a855b6-0268-4ee4-a554-8b42b113e11d,24230b93-1f2d-4cc0-89ac-3ecc25d1174d,a0b1bd76-723b-4abd-bf35-77c31a4185e5,DECLINED,2025-02-20T19:55:00,2025-02-20T20:14:00,,,2025-02-20T19:55:00
37da5b6c-d8a8-4073-91ae-5628cacc7af8,24230b93-1f2d-4cc0-89ac-3ecc25d1174d,9f966f0d-58e3-4b25-ab78-8fe097b30675,COMPLETED,2025-02-20T19:57:00,2025-02-20T20:03:00,2025-02-20T20:03:00,2025-02-20T20:57:00,2025-02-20T19:57:00
ce48334f-b479-45db-8cd1-806bc07eeb23,24230b93-1f2d-4cc0-89ac-3ecc25d1174d,d37d167a-e253-4bf1-bf50-bfa4c95a4260,COMPLETED,2025-02-20T20:00:00,2025-02-20T20:06:00,2025-02-20T20:06:00,2025-02-20T21:00:00,2025-02-20T20:00:00
ec4c4380-3202-4ed7-988b-80706d99a1f2,24230b93-1f2d-4cc0-89ac-3ecc25d1174d,4ca593a6-6883-4ff4-b14b-a47593e71ecc,NO_RESPONSE,2025-02-20T20:04:00,,,,2025-02-20T20:04:00
861b941e-e3e3-43e4-996b-47be8e53a6d4,24230b93-1f2d-4cc0-89ac-3ecc25d1174d,1165e327-489d-430a-9be8-467e1efd789d,NO_RESPONSE,2025-02-20T20:04:00,,,,2025-02-20T20:04:00
3db5eb31-419c-4d84-a7d6-666750a40a51,33da10f8-a2e5-4f12-8cc1-488a89def9d5,992a9f5e-edc4-40f0-b76a-3f29c20d5618,NO_RESPONSE,2025-02-21T03:00:00,,,,2025-02-21T03:00:00
015bae52-2907-4407-9fe0-c6108d79bafe,33da10f8-a2e5-4f12-8cc1-488a89def9d5,f609cf6c-d0e4-48e5-9d6b-2cb379d2f51c,MISSED,2025-02-21T03:02:00,,,,2025-02-21T03:02:00
fc24dc3e-414c-4a00-a74c-48d7c64fc711,33da10f8-a2e5-4f12-8cc1-488a89def9d5,03dd11aa-3bce-44bb-af81-d893187d3f9b,COMPLETED,2025-02-21T03:04:00,2025-02-21T03:15:00,2025-02-21T03:15:00,2025-02-21T06:04:00,2025-02-21T03:04:00
71f0c3b3-d16b-4b3a-981e-5b5b4b4e9778,33da10f8-a2e5-4f12-8cc1-488a89def9d5,d6f6800e-5c63-432b-93d2-8d7c32142867,COMPLETED,2025-02-21T03:06:00,2025-02-21T03:21:00,2025-02-21T03:21:00,2025-02-21T06:06:00,2025-02-21T03:06:00
71c08050-cc46-47b8-8fc8-a84855196fda,33da10f8-a2e5-4f12-8cc1-488a89def9d5,6c25e2ff-8bc0-4abc-a978-052ba5e4650a,ACCEPTED,2025-02-21T03:11:00,2025-02-21T03:23:00,2025-02-21T03:23:00,,2025-02-21T03:11:00
dd6d64ba-6eab-455f-be51-00d22250067f,643d9446-6aa8-42ed-8b82-df1884fdcebc,bc7ffdff-d62a-437c-9957-5c8739b97d73,ACCEPTED,2025-02-21T06:34:00,2025-02-21T06:38:00,2025-02-21T06:38:00,,2025-02-21T06:34:00
0e28f014-d4d3-4870-a377-122d33555ccf,643d9446-6aa8-42ed-8b82-df1884fdcebc,12fc0202-67a8-417a-a936-b348c6432014,COMPLETED,2025-02-21T06:40:00,2025-02-21T06:53:00,2025-02-21T06:53:00,2025-02-21T08:40:00,2025-02-21T06:40:00
58b49717-ae11-4d4f-8117-347e4084a38f,643d9446-6aa8-42ed-8b82-df1884fdcebc,9f966f0d-58e3-4b25-ab78-8fe097b30675,DECLINED,2025-02-21T06:43:00,2025-02-21T07:01:00,,,2025-02-21T06:43:00
5008985b-8320-40f7-8455-0a14f477ba93,745add40-e4b1-4212-b248-45761eb611ff,2e3af94c-8ff5-4a35-ac8a-571d4fa070d4,ACCEPTED,2025-02-21T07:56:00,2025-02-21T08:11:00,2025-02-21T08:11:00,,2025-02-21T07:56:00
7e4b5141-3650-40f6-a6f1-f9105069be28,745add40-e4b1-4212-b248-45761eb611ff,992a9f5e-edc4-40f0-b76a-3f29c20d5618,NO_RESPONSE,2025-02-21T07:58:00,,,,2025-02-21T07:58:00
7e9e05dd-0f32-4533-8624-16bcee862c49,745add40-e4b1-4212-b248-45761eb611ff,d2112070-a709-4a6f-a1fe-b83a282d0da2,NO_RESPONSE,2025-02-21T08:04:00,,,,2025-02-21T08:04:00
9a8805d9-377b-4537-8e71-25a41fd39844,745add40-e4b1-4212-b248-45761eb611ff,c2d25642-919c-4075-a54a-aedcf9642a56,NO_RESPONSE,2025-02-21T08:05:00,,,,2025-02-21T08:05:00
c6f6147f-39c9-43e6-b49d-dfc6eaa3db7f,745add40-e4b1-4212-b248-45761eb611ff,6f397cf4-9959-4fad-93f5-e6397f2f273d,ACCEPTED,2025-02-21T08:05:00,2025-02-21T08:18:00,2025-02-21T08:18:00,,2025-02-21T08:05:00
48c82f53-a84d-442f-8875-d75419837625,1aa31682-6911-4402-b072-652cda6c126a,797a96d3-916e-44ca-9537-0bd455606d82,NO_RESPONSE,2025-02-21T13:33:00,,,,2025-02-21T13:33:00
34d4b77e-8ae0-46d8-9186-4a820c56f510,1aa31682-6911-4402-b072-652cda6c126a,42ea4e92-f7aa-4bae-ab07-f79963ba71a1,COMPLETED,2025-02-21T13:37:00,2025-02-21T13:45:00,2025-02-21T13:45:00,2025-02-21T14:37:00,2025-02-21T13:37:00
8bba0413-111e-4103-9d59-6fd23e2c8f9f,1aa31682-6911-4402-b072-652cda6c126a,97b426ef-09b1-4692-8010-6897b909efc6,NO_RESPONSE,2025-02-21T13:38:00,,,,2025-02-21T13:38:00
29b5a9a9-2ec5-4a06-b725-d476faa3b7f5,1aa31682-6911-4402-b072-652cda6c126a,57d21420-eb05-457e-8d19-6289775c7ce5,MISSED,2025-02-21T13:43:00,,,,2025-02-21T13:43:00
6ba5be08-4014-4f22-b24c-18dbdf037d39,1aa31682-6911-4402-b072-652cda6c126a,614d0845-b187-40ca-a14f-5c975fccd81c,ACCEPTED,2025-02-21T13:44:00,2025-02-21T13:48:00,2025-02-21T13:48:00,,2025-02-21T13:44:00
f7030147-ec9e-4cfb-a021-50f45108690a,28c9eea7-0119-4d3e-aeb7-375f7f83ab15,f6556829-5e66-4e5a-aff5-3233c86566a8,ACCEPTED,2025-02-21T18:03:00,2025-02-21T18:16:00,2025-02-21T18:16:00,,2025-02-21T18:03:00
8ef70b03-ec26-43dc-a253-19f82a78b106,28c9eea7-0119-4d3e-aeb7-375f7f83ab15,6fe6108b-0137-4ed4-bb54-e1ed13a743e9,ACCEPTED,2025-02-21T18:03:00,2025-02-21T18:08:00,2025-02-21T18:08:00,,2025-02-21T18:03:00
ffa589b6-b3ef-42dd-8047-4bb96c60388b,28c9eea7-0119-4d3e-aeb7-375f7f83ab15,88dfaec5-4862-48de-a187-81674968acbd,ACCEPTED,2025-02-21T18:10:00,2025-02-21T18:12:00,2025-02-21T18:12:00,,2025-02-21T18:10:00
224a8593-028f-4540-b1b3-173c01ded5de,28c9eea7-0119-4d3e-aeb7-375f7f83ab15,86982baf-89fb-453b-bd13-a6cfe928ea51,COMPLETED,2025-02-21T18:10:00,2025-02-21T18:19:00,2025-02-21T18:19:00,2025-02-21T19:10:00,2025-02-21T18:10:00
cf271129-3e4e-4c37-ad35-d22ffabaf1af,28c9eea7-0119-4d3e-aeb7-375f7f83ab15,6c25e2ff-8bc0-4abc-a978-052ba5e4650a,ACCEPTED,2025-02-21T18:13:00,2025-02-21T18:19:00,2025-02-21T18:19:00,,2025-02-21T18:13:00
bf80412a-cc51-4ae4-a3ae-c63d4d2e7a47,43c2880d-9b09-41c3-99df-686b308c9429,1b195c08-15b1-40fe-af14-43f69a65bef9,ACCEPTED,2025-02-21T20:24:00,2025-02-21T20:29:00,2025-02-21T20:29:00,,2025-02-21T20:24:00
6d4b97a8-11b5-4020-a75e-726a5e93afe3,43c2880d-9b09-41c3-99df-686b308c9429,030d9e23-9b13-43d8-8711-c5c4d8470363,ACCEPTED,2025-02-21T20:24:00,2025-02-21T20:36:00,2025-02-21T20:36:00,,2025-02-21T20:24:00
f791e6c7-e62b-47ee-b89f-d36a77446f3f,43c2880d-9b09-41c3-99df-686b308c9429,dc3945d5-6321-4ff3-a949-9cc365303d45,DECLINED,2025-02-21T20:27:00,2025-02-21T20:40:00,,,2025-02-21T20:27:00
e2bb477c-4e82-4c5e-bbb1-bc4cfa38a465,7d831e39-7b46-411f-96d0-419a38844105,a88bf6b5-168a-42ee-bea7-b40defa21e24,COMPLETED,2025-02-22T06:49:00,2025-02-22T07:00:00,2025-02-22T07:00:00,2025-02-22T09:49:00,2025-02-22T06:49:00
9d16c448-4395-404a-8aee-d6a4a38b2c7b,7d831e39-7b46-411f-96d0-419a38844105,d2112070-a709-4a6f-a1fe-b83a282d0da2,ACCEPTED,2025-02-22T06:50:00,2025-02-22T07:04:00,2025-02-22T07:04:00,,2025-02-22T06:50:00
6e7c5662-3e0b-47e7-a25b-016ed79870af,7d831e39-7b46-411f-96d0-419a38844105,02e664d4-0b6a-4921-9a18-18529c0b46fb,ACCEPTED,2025-02-22T06:53:00,2025-02-22T07:00:00,2025-02-22T07:00:00,,2025-02-22T06:53:00
fbfa9284-06f3-4ffa-b5ab-cc5a09347cc2,7d831e39-7b46-411f-96d0-419a38844105,ed3b9800-2f5e-489d-92bb-8bb1332538be,COMPLETED,2025-02-22T06:54:00,2025-02-22T06:58:00,2025-02-22T06:58:00,2025-02-22T08:54:00,2025-02-22T06:54:00
14e64899-9f0c-465e-baec-41eb36219333,92fdaf1c-d367-42bd-8c79-60f52b743c2f,0f0a17e5-ee39-4b55-89bf-da47d9347eab,ACCEPTED,2025-02-22T07:19:00,2025-02-22T07:29:00,2025-02-22T07:29:00,,2025-02-22T07:19:00
b85421f0-7614-494f-9db0-174156af28df,92fdaf1c-d367-42bd-8c79-60f52b743c2f,887c04b7-3558-4cd6-b634-cf5a4cd93877,ACCEPTED,2025-02-22T07:21:00,2025-02-22T07:23:00,2025-02-22T07:23:00,,2025-02-22T07:21:00
376a7032-4e80-4111-8e0d-4f86a33df77e,92fdaf1c-d367-42bd-8c79-60f52b743c2f,6b1ba131-fea8-4018-9f7b-bb75d5846414,COMPLETED,2025-02-22T07:29:00,2025-02-22T07:41:00,2025-02-22T07:41:00,2025-02-22T09:29:00,2025-02-22T07:29:00
dc771415-7f43-489e-afab-fbaa08ff1c14,539ea97d-c667-44d9-b835-b133728bcb28,4a804056-cd59-4216-97bd-e4bb6eaee651,COMPLETED,2025-02-22T11:42:00,2025-02-22T11:44:00,2025-02-22T11:44:00,2025-02-22T14:42:00,2025-02-22T11:42:00
1612fea3-9582-4852-8d5c-c6ee68e68186,539ea97d-c667-44d9-b835-b133728bcb28,d6f6800e-5c63-432b-93d2-8d7c32142867,ACCEPTED,2025-02-22T11:43:00,2025-02-22T11:56:00,2025-02-22T11:56:00,,2025-02-22T11:43:00
8ca804cd-b067-471c-ae8f-87951adf3852,539ea97d-c667-44d9-b835-b133728bcb28,57d21420-eb05-457e-8d19-6289775c7ce5,ACCEPTED,2025-02-22T11:44:00,2025-02-22T11:54:00,2025-02-22T11:54:00,,2025-02-22T11:44:00
0c32ce92-3c63-45ca-a55e-8bf03b6cd91e,539ea97d-c667-44d9-b835-b133728bcb28,9b2d4384-c4a9-4135-8458-c0c14e077dce,COMPLETED,2025-02-22T11:45:00,2025-02-22T11:54:00,2025-02-22T11:54:00,2025-02-22T13:45:00,2025-02-22T11:45:00
93741a64-735c-4e2c-9b33-f3d830b2ed6d,539ea97d-c667-44d9-b835-b133728bcb28,a1aa727a-9750-4916-9300-dd333ae653cc,COMPLETED,2025-02-22T11:45:00,2025-02-22T11:52:00,2025-02-22T11:52:00,2025-02-22T14:45:00,2025-02-22T11:45:00
f48be4e1-dd97-4492-8fc8-924fb2095f83,539ea97d-c667-44d9-b835-b133728bcb28,15e8b88b-3071-48e6-b989-88d3d4c35e68,COMPLETED,2025-02-22T11:48:00,2025-02-22T11:56:00,2025-02-22T11:56:00,2025-02-22T12:48:00,2025-02-22T11:48:00
22574617-e35a-4600-91db-d9f8c87c8c12,cc9aae8f-9847-4205-b700-ad6e6323230b,68cf86cf-66aa-443c-ae5b-e601c8cc76c7,NO_RESPONSE,2025-02-23T01:47:00,,,,2025-02-23T01:47:00
edf7a4da-6396-49d0-8eab-c920c3db6a6d,cc9aae8f-9847-4205-b700-ad6e6323230b,eb58213e-ba40-46c3-9d6b-38ab2414fb43,EXPIRED,2025-02-23T01:49:00,,,,2025-02-23T01:49:00
de4b4646-d142-410c-b103-77c13c8a5501,cc9aae8f-9847-4205-b700-ad6e6323230b,e407e92f-fbeb-4577-975a-db39c26f5872,ACCEPTED,2025-02-23T01:50:00,2025-02-23T01:54:00,2025-02-23T01:54:00,,2025-02-23T01:50:00
562a3005-49ff-4517-9496-d5041dae3b5b,cc9aae8f-9847-4205-b700-ad6e6323230b,ac84e25a-f305-4698-9545-957806397804,COMPLETED,2025-02-23T01:54:00,2025-02-23T01:55:00,2025-02-23T01:55:00,2025-02-23T03:54:00,2025-02-23T01:54:00
d1a30ca0-8a98-4929-bab5-a9abde89da3e,cc9aae8f-9847-4205-b700-ad6e6323230b,18425d44-6ba9-45d1-a297-f3778d4b10e7,ACCEPTED,2025-02-23T01:58:00,2025-02-23T02:05:00,2025-02-23T02:05:00,,2025-02-23T01:58:00
46650495-96b4-447e-a5e9-8c21e878a257,cc9aae8f-9847-4205-b700-ad6e6323230b,35a960a1-e1aa-45db-8043-5650f7e73b8c,NO_RESPONSE,2025-02-23T01:59:00,,,,2025-02-23T01:59:00
1a2e50c5-7b0c-435c-ac0d-1b4c8f9c4f89,24d4cd7f-338d-4c96-98db-657b3788a605,6c42715a-7792-4ae5-bd27-72ddeffdf209,ACCEPTED,2025-02-23T02:10:00,2025-02-23T02:11:00,2025-02-23T02:11:00,,2025-02-23T02:10:00
cee39448-406d-4dd2-8c5c-fac4f09f7ab2,24d4cd7f-338d-4c96-98db-657b3788a605,4eee87b4-abdd-4100-ad14-aaafa8fd5f81,ACCEPTED,2025-02-23T02:12:00,2025-02-23T02:20:00,2025-02-23T02:20:00,,2025-02-23T02:12:00
0b8c0cbb-04f7-43bd-a7dd-e1d70ef1d1d4,24d4cd7f-338d-4c96-98db-657b3788a605,29863a10-f78d-4e41-9aa9-3e446b4fe73f,ACCEPTED,2025-02-23T02:12:00,2025-02-23T02:26:00,2025-02-23T02:26:00,,2025-02-23T02:12:00
04eec915-cda3-40ac-a4f2-64a9486f2c52,24d4cd7f-338d-4c96-98db-657b3788a605,2bc00f4d-1415-492e-ab45-855a39d62175,ACCEPTED,2025-02-23T02:13:00,2025-02-23T02:19:00,2025-02-23T02:19:00,,2025-02-23T02:13:00
d4867e3b-ffd8-4d99-9959-463222f69075,24d4cd7f-338d-4c96-98db-657b3788a605,34dc13fa-a9a1-4b88-8692-d63511225a68,COMPLETED,2025-02-23T02:18:00,2025-02-23T02:25:00,2025-02-23T02:25:00,2025-02-23T03:18:00,2025-02-23T02:18:00
184229a9-3961-4726-a8b2-1eb5e306be53,c3195304-432b-4ab0-a114-2f73b5f8a42d,6a9c2430-d23f-4e3a-9d23-36289b5ec791,COMPLETED,2025-02-23T07:33:00,2025-02-23T07:41:00,2025-02-23T07:41:00,2025-02-23T10:33:00,2025-02-23T07:33:00
1d3ba250-927a-4bc7-81d5-13860d64f0e3,c3195304-432b-4ab0-a114-2f73b5f8a42d,443aebc7-b493-44c6-bde3-762b445ca7e3,ACCEPTED,2025-02-23T07:33:00,2025-02-23T07:37:00,2025-02-23T07:37:00,,2025-02-23T07:33:00
beb9d231-fa2a-4560-8a18-eda6873cbb06,c3195304-432b-4ab0-a114-2f73b5f8a42d,c5f535ca-0ce9-4d6a-9653-50c63468cb62,COMPLETED,2025-02-23T07:34:00,2025-02-23T07:43:00,2025-02-23T07:43:00,2025-02-23T08:34:00,2025-02-23T07:34:00
84d69b1f-7808-4a5d-b84d-e96f76317e82,c3195304-432b-4ab0-a114-2f73b5f8a42d,238bf442-7dd1-4625-97b1-0fd3299287dc,COMPLETED,2025-02-23T07:36:00,2025-02-23T07:39:00,2025-02-23T07:39:00,2025-02-23T08:36:00,2025-02-23T07:36:00
29b8d880-01be-43ae-a32a-73191f23e328,eeeb5c4e-37a3-497c-bec1-29511e5b9169,ed86563a-268b-43b8-851a-f22f9296edc5,DECLINED,2025-02-23T08:44:00,2025-02-23T08:51:00,,,2025-02-23T08:44:00
37a225d3-26be-4704-b9a0-571652d102db,eeeb5c4e-37a3-497c-bec1-29511e5b9169,5e1e8005-4458-440a-9d56-64d0e7c3e96b,COMPLETED,2025-02-23T08:48:00,2025-02-23T08:55:00,2025-02-23T08:55:00,2025-02-23T10:48:00,2025-02-23T08:48:00
8e4147b7-8e13-4e1f-9c3d-e42cbf2606a1,eeeb5c4e-37a3-497c-bec1-29511e5b9169,5d69d39a-573c-4fc2-b61f-084eeb974f10,NO_RESPONSE,2025-02-23T08:50:00,,,,2025-02-23T08:50:00
6b30c7c8-80e9-477c-9333-e73db523ca92,eeeb5c4e-37a3-497c-bec1-29511e5b9169,74de697e-ecd0-4975-8057-f21088a888b4,COMPLETED,2025-02-23T08:52:00,2025-02-23T09:06:00,2025-02-23T09:06:00,2025-02-23T10:52:00,2025-02-23T08:52:00
69451fb2-6e41-4ccd-a7df-b36293a439d4,eeeb5c4e-37a3-497c-bec1-29511e5b9169,cd36ff59-5ea4-42e6-93c5-5e86da3a1bf9,ACCEPTED,2025-02-23T08:55:00,2025-02-23T09:03:00,2025-02-23T09:03:00,,2025-02-23T08:55:00
b8a0ee02-2599-4d9b-9457-12b520009790,4c68081d-6920-46d9-bde4-edfd39bf1b0f,c26464e8-28b6-4923-b2ea-5e7dbf4e5c58,ACCEPTED,2025-02-23T10:38:00,2025-02-23T10:48:00,2025-02-23T10:48:00,,2025-02-23T10:38:00
490898f6-df4c-4c9a-b2bb-b8eeed5699a6,4c68081d-6920-46d9-bde4-edfd39bf1b0f,0ad41086-120a-480a-a25e-68be9c95144c,COMPLETED,2025-02-23T10:43:00,2025-02-23T10:45:00,2025-02-23T10:45:00,2025-02-23T12:43:00,2025-02-23T10:43:00
4f37dd2f-f80c-485a-b1d3-2e575e47897d,4c68081d-6920-46d9-bde4-edfd39bf1b0f,7ce3dda1-de53-4002-8f7b-0cd22da8ea06,ACCEPTED,2025-02-23T10:44:00,2025-02-23T10:53:00,2025-02-23T10:53:00,,2025-02-23T10:44:00
da89423e-e647-49b0-bcb7-b2a1bf86727e,4c68081d-6920-46d9-bde4-edfd39bf1b0f,42ea4e92-f7aa-4bae-ab07-f79963ba71a1,COMPLETED,2025-02-23T10:47:00,2025-02-23T10:57:00,2025-02-23T10:57:00,2025-02-23T13:47:00,2025-02-23T10:47:00
e534aca3-8424-46d4-b4c1-d954c064f446,4c68081d-6920-46d9-bde4-edfd39bf1b0f,75455c5a-fc28-4e12-ab1d-c5bf91975e07,ACCEPTED,2025-02-23T10:49:00,2025-02-23T10:58:00,2025-02-23T10:58:00,,2025-02-23T10:49:00
22345e4b-2023-4bf3-8a82-231ea6baf85c,4c68081d-6920-46d9-bde4-edfd39bf1b0f,7874fffd-6a3d-4885-92ad-f115c4f7779f,ACCEPTED,2025-02-23T10:51:00,2025-02-23T10:55:00,2025-02-23T10:55:00,,2025-02-23T10:51:00
9475d8e3-ebb9-4cec-bc77-9ae410f26e24,c8445ded-4d19-480b-a6de-e14500d09ca7,3e6e3033-9a9c-4988-9e45-362e43ee98e6,EXPIRED,2025-02-23T15:44:00,,,,2025-02-23T15:44:00
e0819971-8b27-46e4-9ee1-6836b34b1339,c8445ded-4d19-480b-a6de-e14500d09ca7,b822f3f2-bc12-474d-9f5a-b3cef19341f0,ACCEPTED,2025-02-23T15:45:00,2025-02-23T15:47:00,2025-02-23T15:47:00,,2025-02-23T15:45:00
4126bd43-3f04-4896-b7e5-eaade03a7e66,c8445ded-4d19-480b-a6de-e14500d09ca7,f63c50b9-9712-4146-b62f-580951ca12c3,MISSED,2025-02-23T15:45:00,,,,2025-02-23T15:45:00
83b4fc3e-6a58-4b8a-a8d1-83768e4685a2,c8445ded-4d19-480b-a6de-e14500d09ca7,8472b4dc-b0f7-4b8e-aeb1-10bfb842eb2f,COMPLETED,2025-02-23T15:46:00,2025-02-23T15:57:00,2025-02-23T15:57:00,2025-02-23T18:46:00,2025-02-23T15:46:00
dba44e63-5779-4093-a1b9-c6210fd80421,c8445ded-4d19-480b-a6de-e14500d09ca7,ba816062-c1ac-43da-97de-4c1216324bb5,NO_RESPONSE,2025-02-23T15:52:00,,,,2025-02-23T15:52:00
a2e0814a-f2b5-42ee-8b67-08c492ea707a,a3a2e90a-cf23-4bf4-8879-b0d7abec8701,0db56994-7b77-4dee-bd9c-894ba39fcd46,EXPIRED,2025-02-23T16:18:00,,,,2025-02-23T16:18:00
2e6577df-4342-4d71-9aa4-2740b41963c0,a3a2e90a-cf23-4bf4-8879-b0d7abec8701,b649daf0-45a0-4879-bceb-08f29bf19ce2,ACCEPTED,2025-02-23T16:20:00,2025-02-23T16:21:00,2025-02-23T16:21:00,,2025-02-23T16:20:00
c767d38c-8721-4695-b4c2-2bcb321bdbf3,a3a2e90a-cf23-4bf4-8879-b0d7abec8701,05088ba7-5428-4853-8cc9-e76f460fddd4,NO_RESPONSE,2025-02-23T16:24:00,,,,2025-02-23T16:24:00
f6a688e1-d694-484e-bc8a-f752a2355d62,a3a2e90a-cf23-4bf4-8879-b0d7abec8701,030d9e23-9b13-43d8-8711-c5c4d8470363,COMPLETED,2025-02-23T16:25:00,2025-02-23T16:29:00,2025-02-23T16:29:00,2025-02-23T17:25:00,2025-02-23T16:25:00
bda47bd5-70f2-42c6-b334-4a797e343d6c,a3a2e90a-cf23-4bf4-8879-b0d7abec8701,d34c976e-433f-4254-8ff9-9f722de3d7df,ACCEPTED,2025-02-23T16:25:00,2025-02-23T16:31:00,2025-02-23T16:31:00,,2025-02-23T16:25:00
54d541c7-a897-42b6-8b71-53a7d174a47b,a3a2e90a-cf23-4bf4-8879-b0d7abec8701,4be00de0-ff5a-454f-aca8-e915814cf135,ACCEPTED,2025-02-23T16:31:00,2025-02-23T16:37:00,2025-02-23T16:37:00,,2025-02-23T16:31:00
867986de-ca12-4998-a2bb-d0acbaf68884,84a78eaf-17d9-4871-a6be-e61fc1c8db5b,f7f1655c-f8c2-4296-91c4-9f8f570ad765,COMPLETED,2025-02-23T20:15:00,2025-02-23T20:23:00,2025-02-23T20:23:00,2025-02-23T23:15:00,2025-02-23T20:15:00
be3d1f5e-1746-43ea-a606-b645f6140c1c,84a78eaf-17d9-4871-a6be-e61fc1c8db5b,7874fffd-6a3d-4885-92ad-f115c4f7779f,COMPLETED,2025-02-23T20:15:00,2025-02-23T20:25:00,2025-02-23T20:25:00,2025-02-23T23:15:00,2025-02-23T20:15:00
cd9f9c11-7346-49c4-bec4-111a773d5555,84a78eaf-17d9-4871-a6be-e61fc1c8db5b,18425d44-6ba9-45d1-a297-f3778d4b10e7,ACCEPTED,2025-02-23T20:18:00,2025-02-23T20:30:00,2025-02-23T20:30:00,,2025-02-23T20:18:00
8c316fd3-68b9-460a-8349-0d0bad99d4da,84a78eaf-17d9-4871-a6be-e61fc1c8db5b,29e49c87-bf5c-4e0a-844a-7ce3f4f2d13d,ACCEPTED,2025-02-23T20:21:00,2025-02-23T20:33:00,2025-02-23T20:33:00,,2025-02-23T20:21:00
301a85dc-358d-40a4-adbf-27f054c4c9a0,84a78eaf-17d9-4871-a6be-e61fc1c8db5b,bd48baab-9e75-48be-85b5-d5b192d7bba9,ACCEPTED,2025-02-23T20:22:00,2025-02-23T20:24:00,2025-02-23T20:24:00,,2025-02-23T20:22:00
7ca22a6d-92e3-4d5b-9d74-840d7ed642fd,2d0a5ddb-b1ff-499f-ac0d-8e62145fe653,d86275ba-b1a0-4e6e-a363-d11e975f6df6,NO_RESPONSE,2025-02-23T22:18:00,,,,2025-02-23T22:18:00
e25b83d5-c047-456d-bd32-b35fc1ba6376,2d0a5ddb-b1ff-499f-ac0d-8e62145fe653,1f07a96f-aedb-4b8a-b298-4bb359530928,ACCEPTED,2025-02-23T22:20:00,2025-02-23T22:30:00,2025-02-23T22:30:00,,2025-02-23T22:20:00
8750ba31-8ec2-4fab-bccc-36b173ac55d8,afe80d28-56fc-412a-bf63-69f8956fb4b0,6fe6108b-0137-4ed4-bb54-e1ed13a743e9,COMPLETED,2025-02-24T08:12:00,2025-02-24T08:17:00,2025-02-24T08:17:00,2025-02-24T09:12:00,2025-02-24T08:12:00
3f7d8e92-460e-429b-bbdb-7e95246697b7,afe80d28-56fc-412a-bf63-69f8956fb4b0,614d0845-b187-40ca-a14f-5c975fccd81c,COMPLETED,2025-02-24T08:13:00,2025-02-24T08:15:00,2025-02-24T08:15:00,2025-02-24T10:13:00,2025-02-24T08:13:00
6088c6a5-835d-4d8c-9867-ac5160ddbbe8,afe80d28-56fc-412a-bf63-69f8956fb4b0,02e664d4-0b6a-4921-9a18-18529c0b46fb,ACCEPTED,2025-02-24T08:15:00,2025-02-24T08:16:00,2025-02-24T08:16:00,,2025-02-24T08:15:00
26137c58-dda8-4b4e-b276-2d03fcada401,afe80d28-56fc-412a-bf63-69f8956fb4b0,9b2d4384-c4a9-4135-8458-c0c14e077dce,COMPLETED,2025-02-24T08:15:00,2025-02-24T08:27:00,2025-02-24T08:27:00,2025-02-24T11:15:00,2025-02-24T08:15:00
ca417fab-8aff-4c9a-995c-8d6b78c43a28,afe80d28-56fc-412a-bf63-69f8956fb4b0,e5932f7a-3ade-43d3-b57c-3dd00eae2d48,MISSED,2025-02-24T08:18:00,,,,2025-02-24T08:18:00
ceecf4c1-c98c-425d-bf77-13204a2e28c3,afe80d28-56fc-412a-bf63-69f8956fb4b0,6b1ba131-fea8-4018-9f7b-bb75d5846414,ACCEPTED,2025-02-24T08:22:00,2025-02-24T08:24:00,2025-02-24T08:24:00,,2025-02-24T08:22:00
f7fc7b09-1cac-4f51-9bea-78ced70cee89,9ad14890-f269-4eed-962b-305a583459ad,e116edc5-9b26-4e7c-88d9-765a7676524f,ACCEPTED,2025-02-24T09:46:00,2025-02-24T09:54:00,2025-02-24T09:54:00,,2025-02-24T09:46:00
2f5a6d76-33cd-4845-8b80-f53348659043,9ad14890-f269-4eed-962b-305a583459ad,a5412686-ad1b-4800-b166-5b72f3faa02d,COMPLETED,2025-02-24T09:55:00,2025-02-24T10:04:00,2025-02-24T10:04:00,2025-02-24T12:55:00,2025-02-24T09:55:00
b1fd9f36-10d1-4b3c-8d29-be08dc2e17f1,9ad14890-f269-4eed-962b-305a583459ad,d00a6ed9-0c78-4d11-8599-3f98cf750bc5,ACCEPTED,2025-02-24T09:58:00,2025-02-24T10:12:00,2025-02-24T10:12:00,,2025-02-24T09:58:00
05bea7e9-8dc9-4381-b67c-ca8a62d54212,9ad14890-f269-4eed-962b-305a583459ad,bfe8f73a-9210-4c1c-b628-3cea7b8977ae,COMPLETED,2025-02-24T09:59:00,2025-02-24T10:00:00,2025-02-24T10:00:00,2025-02-24T11:59:00,2025-02-24T09:59:00
68902fe6-530e-4ed9-8618-4478c78cd38b,9ad14890-f269-4eed-962b-305a583459ad,ad32e776-9492-4189-a4eb-d73ed256a7ea,COMPLETED,2025-02-24T09:59:00,2025-02-24T10:12:00,2025-02-24T10:12:00,2025-02-24T10:59:00,2025-02-24T09:59:00
b87a6cca-89cb-4f02-8147-efad0d3fdb07,cdc0a9b1-b9bc-4cee-95e0-06a85a28a65e,5a9cd770-f74a-4cdd-87d0-646aa0e13b89,NO_RESPONSE,2025-02-24T10:02:00,,,,2025-02-24T10:02:00
a7fcf36e-ffa2-47a8-9550-682211367a74,cdc0a9b1-b9bc-4cee-95e0-06a85a28a65e,238bf442-7dd1-4625-97b1-0fd3299287dc,EXPIRED,2025-02-24T10:06:00,,,,2025-02-24T10:06:00
1d137986-3a38-4711-b06f-7392584c0e15,cdc0a9b1-b9bc-4cee-95e0-06a85a28a65e,1b81506a-481d-42f6-b01c-dbb52717cc9e,ACCEPTED,2025-02-24T10:11:00,2025-02-24T10:21:00,2025-02-24T10:21:00,,2025-02-24T10:11:00
1dff3bc8-703e-4c6a-b54d-d499e535fc9f,3e0b363a-6f06-42dc-a1fc-7380d44e6f84,866f151d-9b2b-4c13-9341-f46f866efb61,COMPLETED,2025-02-24T11:18:00,2025-02-24T11:19:00,2025-02-24T11:19:00,2025-02-24T14:18:00,2025-02-24T11:18:00
2eaa1d10-7d0b-4fdb-837d-311cc1687892,3e0b363a-6f06-42dc-a1fc-7380d44e6f84,6ea9a5eb-fa10-4a3a-b0ff-8ec7b4d27eff,DECLINED,2025-02-24T11:23:00,2025-02-24T11:40:00,,,2025-02-24T11:23:00
e5560b0e-4019-460d-838c-5cec5bff3be2,3e0b363a-6f06-42dc-a1fc-7380d44e6f84,94906dc6-84f5-4e83-97bc-c3f5fdc665d5,EXPIRED,2025-02-24T11:24:00,,,,2025-02-24T11:24:00
da22a777-ce76-48af-a4cf-24a9ca4661a9,3e0b363a-6f06-42dc-a1fc-7380d44e6f84,fe02ea3a-03d9-4d57-94a7-47e4a11e404f,ACCEPTED,2025-02-24T11:25:00,2025-02-24T11:36:00,2025-02-24T11:36:00,,2025-02-24T11:25:00
3f2f7108-21df-4463-a069-d34e1c355ef5,3e0b363a-6f06-42dc-a1fc-7380d44e6f84,4ac85ad1-81f9-4db3-a7c9-2bd4d3df0e31,ACCEPTED,2025-02-24T11:26:00,2025-02-24T11:37:00,2025-02-24T11:37:00,,2025-02-24T11:26:00
3908f04a-b741-4a76-9bb9-c800c1f1c0ab,3e0b363a-6f06-42dc-a1fc-7380d44e6f84,ef2b35e1-aedc-4a84-a9b0-5f90c4eca927,EXPIRED,2025-02-24T11:28:00,,,,2025-02-24T11:28:00
68ca8961-a65d-4ad0-93e1-680f8fd00e70,90de5893-f30d-47af-9854-08cc223fc62f,28be837f-36ab-4fc3-b1d9-db1a3b881b02,ACCEPTED,2025-02-24T11:53:00,2025-02-24T11:57:00,2025-02-24T11:57:00,,2025-02-24T11:53:00
91831280-7c97-457f-8624-c945ec112d45,90de5893-f30d-47af-9854-08cc223fc62f,4b0c223e-3977-4c3a-96bc-a4febeb624c3,COMPLETED,2025-02-24T11:58:00,2025-02-24T11:59:00,2025-02-24T11:59:00,2025-02-24T13:58:00,2025-02-24T11:58:00
ea18f23e-acc5-46c6-9949-f25aacc0a176,90de5893-f30d-47af-9854-08cc223fc62f,5a1a919b-115a-40fc-ad8a-b6ffd35a23eb,ACCEPTED,2025-02-24T12:01:00,2025-02-24T12:02:00,2025-02-24T12:02:00,,2025-02-24T12:01:00
33dfb681-2418-4a9e-961f-a965e3905fb5,3ca55773-3182-40b3-bbf0-154ebd756d42,c5df4563-5594-46ee-912f-a3c37bc8f200,COMPLETED,2025-02-24T13:46:00,2025-02-24T13:50:00,2025-02-24T13:50:00,2025-02-24T16:46:00,2025-02-24T13:46:00
52163d37-500a-4787-bf3c-614b35a19116,3ca55773-3182-40b3-bbf0-154ebd756d42,6505256d-ee75-49c0-889a-900cd074daa4,ACCEPTED,2025-02-24T13:48:00,2025-02-24T13:53:00,2025-02-24T13:53:00,,2025-02-24T13:48:00
b57df24c-2a5a-44cc-b7b3-74747d9add5f,3ca55773-3182-40b3-bbf0-154ebd756d42,53ed2f86-5a3a-4240-86cc-9f9f609bdea0,ACCEPTED,2025-02-24T13:55:00,2025-02-24T14:10:00,2025-02-24T14:10:00,,2025-02-24T13:55:00
38f09604-f427-47fd-bb3b-6d224490df85,3ca55773-3182-40b3-bbf0-154ebd756d42,1b1c6a4c-9521-43d0-af56-40e628a2cb1d,COMPLETED,2025-02-24T13:55:00,2025-02-24T14:04:00,2025-02-24T14:04:00,2025-02-24T15:55:00,2025-02-24T13:55:00
433cb706-93f8-42d0-86dc-29d5d0975975,3ca55773-3182-40b3-bbf0-154ebd756d42,4b4303f9-d680-4320-80ac-0fc7377998df,COMPLETED,2025-02-24T13:56:00,2025-02-24T14:04:00,2025-02-24T14:04:00,2025-02-24T16:56:00,2025-02-24T13:56:00
889557e6-5f4d-4cd0-b1aa-9809248ed0ab,1a79543e-5f3a-4e82-94bb-3a6ad848fcfb,93125440-01af-4643-ac94-7c4da12295ea,ACCEPTED,2025-02-24T17:19:00,2025-02-24T17:29:00,2025-02-24T17:29:00,,2025-02-24T17:19:00
6b60fe14-745d-4e25-9c13-1dd501515130,1a79543e-5f3a-4e82-94bb-3a6ad848fcfb,950e5213-a1b0-4cdc-9127-044adb973cb5,EXPIRED,2025-02-24T17:23:00,,,,2025-02-24T17:23:00
0c5dbf8c-22d1-4cb0-aa70-ebe79ebe5362,1a79543e-5f3a-4e82-94bb-3a6ad848fcfb,1ee3aa44-6749-4c32-9bfe-c3306275fe48,ACCEPTED,2025-02-24T17:23:00,2025-02-24T17:27:00,2025-02-24T17:27:00,,2025-02-24T17:23:00
4c55065f-e45d-480b-abbc-5f3f71ce3416,1a79543e-5f3a-4e82-94bb-3a6ad848fcfb,18663a26-c010-4e4e-8471-6194347da84d,ACCEPTED,2025-02-24T17:30:00,2025-02-24T17:32:00,2025-02-24T17:32:00,,2025-02-24T17:30:00
487a9b4f-db92-4a0d-b87f-3ffbb25440da,ef23021c-2d58-4b76-a155-7026db2fb8c0,12fc0202-67a8-417a-a936-b348c6432014,ACCEPTED,2025-02-24T23:03:00,2025-02-24T23:05:00,2025-02-24T23:05:00,,2025-02-24T23:03:00
24effcce-e8ff-4c8d-8885-81280445bda5,ef23021c-2d58-4b76-a155-7026db2fb8c0,0bd74d79-c6ed-4e86-a612-e698b486ec29,COMPLETED,2025-02-24T23:03:00,2025-02-24T23:10:00,2025-02-24T23:10:00,2025-02-25T02:03:00,2025-02-24T23:03:00
51023f92-538b-476e-a809-bb6f95b0ae1b,ef23021c-2d58-4b76-a155-7026db2fb8c0,eca2c7b8-3bf7-4912-8e53-7666a464dbfc,COMPLETED,2025-02-24T23:06:00,2025-02-24T23:07:00,2025-02-24T23:07:00,2025-02-25T02:06:00,2025-02-24T23:06:00
7bfb4cbf-ab98-4378-a2e7-e910cd73bf95,548fa2f4-aacf-418c-8b84-fc07f446884b,6bb36c9a-793f-4f90-bf6f-df150cb1f85a,DECLINED,2025-02-24T23:47:00,2025-02-24T23:57:00,,,2025-02-24T23:47:00
f2f882ef-1670-4471-85dd-2779901f0a04,548fa2f4-aacf-418c-8b84-fc07f446884b,4408ab43-7f7a-4a44-b781-4dd2edca4a74,COMPLETED,2025-02-24T23:50:00,2025-02-25T00:00:00,2025-02-25T00:00:00,2025-02-25T00:50:00,2025-02-24T23:50:00
f26f7a04-a700-4131-b3a9-d6e3c0edd0b8,9a762cb5-f046-4a25-b373-462948d3cafe,1711dff0-5b73-4336-ae3e-5003955b231a,COMPLETED,2025-02-25T03:58:00,2025-02-25T04:04:00,2025-02-25T04:04:00,2025-02-25T04:58:00,2025-02-25T03:58:00
fd0c71f2-31a7-4f2d-ba55-fd60b58bfac8,9a762cb5-f046-4a25-b373-462948d3cafe,0f830c26-3d4f-4cf5-81cf-08041535d161,COMPLETED,2025-02-25T03:59:00,2025-02-25T04:07:00,2025-02-25T04:07:00,2025-02-25T04:59:00,2025-02-25T03:59:00
a6a75bf7-83b5-4d21-8d92-f40122e85673,9a762cb5-f046-4a25-b373-462948d3cafe,80faa51d-a2ac-468a-a4b0-b1c148fd10fe,ACCEPTED,2025-02-25T04:01:00,2025-02-25T04:02:00,2025-02-25T04:02:00,,2025-02-25T04:01:00
ce79c3f6-f8a2-493c-bb28-e647336a5b4f,9a762cb5-f046-4a25-b373-462948d3cafe,bbaea4a2-227b-4e8f-9f8b-61615adfff9f,ACCEPTED,2025-02-25T04:01:00,2025-02-25T04:05:00,2025-02-25T04:05:00,,2025-02-25T04:01:00
4df953d6-4c8e-4880-98a0-7a6948dd92b4,9a762cb5-f046-4a25-b373-462948d3cafe,4ca593a6-6883-4ff4-b14b-a47593e71ecc,ACCEPTED,2025-02-25T04:09:00,2025-02-25T04:12:00,2025-02-25T04:12:00,,2025-02-25T04:09:00
3617000e-aa19-496a-8976-a92d6696706f,9a762cb5-f046-4a25-b373-462948d3cafe,11e977ea-77b0-4be7-a600-4b4895750d3e,COMPLETED,2025-02-25T04:09:00,2025-02-25T04:16:00,2025-02-25T04:16:00,2025-02-25T05:09:00,2025-02-25T04:09:00
2a478e2a-1c1f-4b9e-ba56-20e8f3f4cc9f,cd7f08b8-de29-4d52-8a97-0ba86e5b6721,979b5d05-d629-42eb-925c-ca3d093ceaca,COMPLETED,2025-02-25T06:06:00,2025-02-25T06:08:00,2025-02-25T06:08:00,2025-02-25T08:06:00,2025-02-25T06:06:00
80ef151b-87d2-40c3-a53d-fb8a46b96e6c,cd7f08b8-de29-4d52-8a97-0ba86e5b6721,543b149c-d59c-49f5-bb4f-e6ac6bd72dd3,MISSED,2025-02-25T06:12:00,,,,2025-02-25T06:12:00
90d13bbc-2227-4bce-b124-5b18d65d6743,c627861a-eb50-4bef-aaf4-1b09cd52287e,a92ac821-12c7-40b8-bbb8-e287da0564eb,EXPIRED,2025-02-25T08:51:00,,,,2025-02-25T08:51:00
bca6d975-9495-4cb1-a333-fd0020a00cc3,c627861a-eb50-4bef-aaf4-1b09cd52287e,3a844307-c065-40ea-b773-262c476a0e2a,ACCEPTED,2025-02-25T08:52:00,2025-02-25T09:04:00,2025-02-25T09:04:00,,2025-02-25T08:52:00
d5412376-d1f9-4188-8272-f62f6d4ac16c,c627861a-eb50-4bef-aaf4-1b09cd52287e,003d6f49-5fb1-4dd6-a54d-b1bc078eb57e,EXPIRED,2025-02-25T08:53:00,,,,2025-02-25T08:53:00
431d9522-ad9a-4044-92d4-84fc7de9d0f6,c627861a-eb50-4bef-aaf4-1b09cd52287e,836f20e8-ac46-4599-a783-92f86ea182c4,ACCEPTED,2025-02-25T08:53:00,2025-02-25T08:56:00,2025-02-25T08:56:00,,2025-02-25T08:53:00
3da821d1-ee74-491d-b338-b2f7485229d0,c627861a-eb50-4bef-aaf4-1b09cd52287e,0648f122-df82-42c1-b7a4-513681226246,ACCEPTED,2025-02-25T08:56:00,2025-02-25T08:59:00,2025-02-25T08:59:00,,2025-02-25T08:56:00
ca25c0b9-3734-4077-8ad4-f2e53428b46a,c627861a-eb50-4bef-aaf4-1b09cd52287e,89351c19-fb07-4021-8981-38f3a660e1f1,ACCEPTED,2025-02-25T08:59:00,2025-02-25T09:14:00,2025-02-25T09:14:00,,2025-02-25T08:59:00
6e0064d7-0f98-4491-b71b-2f56de7a05ff,c5683156-bda3-4773-a4d0-de0ab726a5cf,6bb36c9a-793f-4f90-bf6f-df150cb1f85a,ACCEPTED,2025-02-25T10:12:00,2025-02-25T10:18:00,2025-02-25T10:18:00,,2025-02-25T10:12:00
22836b06-a063-428b-97da-0590a6ea9005,c5683156-bda3-4773-a4d0-de0ab726a5cf,6b1ba131-fea8-4018-9f7b-bb75d5846414,ACCEPTED,2025-02-25T10:14:00,2025-02-25T10:28:00,2025-02-25T10:28:00,,2025-02-25T10:14:00
86697ec4-ff7b-4bed-bab0-e1a1b1b825e6,c5683156-bda3-4773-a4d0-de0ab726a5cf,a8a1af91-93b6-4f04-8e14-d38aa8302607,ACCEPTED,2025-02-25T10:15:00,2025-02-25T10:24:00,2025-02-25T10:24:00,,2025-02-25T10:15:00
e2f8dbee-24c4-4927-b99a-d27a9e41aa8f,c5683156-bda3-4773-a4d0-de0ab726a5cf,238bf442-7dd1-4625-97b1-0fd3299287dc,ACCEPTED,2025-02-25T10:16:00,2025-02-25T10:27:00,2025-02-25T10:27:00,,2025-02-25T10:16:00
942c57b4-83ea-442b-b201-38b8025a6afa,c5683156-bda3-4773-a4d0-de0ab726a5cf,1711dff0-5b73-4336-ae3e-5003955b231a,COMPLETED,2025-02-25T10:25:00,2025-02-25T10:26:00,2025-02-25T10:26:00,2025-02-25T11:25:00,2025-02-25T10:25:00
f8836095-5905-4eed-8e6f-81bb1adfbc85,0e6858e1-8cee-4e61-a2d0-2009038041bd,5e1e8005-4458-440a-9d56-64d0e7c3e96b,MISSED,2025-02-25T11:45:00,,,,2025-02-25T11:45:00
52e29f7c-f86d-45f1-89e4-ce59ab642cd2,0e6858e1-8cee-4e61-a2d0-2009038041bd,5d834b3d-0d58-4d16-bdc4-32869531ea10,COMPLETED,2025-02-25T11:48:00,2025-02-25T11:53:00,2025-02-25T11:53:00,2025-02-25T13:48:00,2025-02-25T11:48:00
0f6b795a-2009-42af-b62f-b29f0ce236b7,0e6858e1-8cee-4e61-a2d0-2009038041bd,e116edc5-9b26-4e7c-88d9-765a7676524f,ACCEPTED,2025-02-25T11:50:00,2025-02-25T12:00:00,2025-02-25T12:00:00,,2025-02-25T11:50:00
eea46e6e-ff26-4df7-88a2-5fa1fdbc742a,0e6858e1-8cee-4e61-a2d0-2009038041bd,643a2cfd-c940-4060-89e8-05b38ecebd84,COMPLETED,2025-02-25T11:53:00,2025-02-25T12:08:00,2025-02-25T12:08:00,2025-02-25T14:53:00,2025-02-25T11:53:00
6b084851-ebc7-46e9-b6da-495fa75cc41d,0e6858e1-8cee-4e61-a2d0-2009038041bd,03e883fa-634d-4ebc-8db3-ff97e5ec7eb2,NO_RESPONSE,2025-02-25T11:54:00,,,,2025-02-25T11:54:00
53288e15-c59c-48d7-af0a-9efe800acc84,0e6858e1-8cee-4e61-a2d0-2009038041bd,0f0a17e5-ee39-4b55-89bf-da47d9347eab,COMPLETED,2025-02-25T11:56:00,2025-02-25T12:05:00,2025-02-25T12:05:00,2025-02-25T13:56:00,2025-02-25T11:56:00
2605d852-ebe6-40f4-af78-0a38e245257e,9cb3de67-f10f-4333-8fd8-c061e90b1064,03e883fa-634d-4ebc-8db3-ff97e5ec7eb2,EXPIRED,2025-02-25T18:50:00,,,,2025-02-25T18:50:00
8ef037a2-04dd-47fa-8cf8-9edafd311b0d,9cb3de67-f10f-4333-8fd8-c061e90b1064,5b144804-32b7-4e82-9f3c-1b20f6f52721,COMPLETED,2025-02-25T18:53:00,2025-02-25T18:54:00,2025-02-25T18:54:00,2025-02-25T20:53:00,2025-02-25T18:53:00
0a94dd5b-5eb6-4db2-a86e-928f378a5252,9cb3de67-f10f-4333-8fd8-c061e90b1064,258c585a-0983-4f1a-9632-3c358d253411,COMPLETED,2025-02-25T18:56:00,2025-02-25T19:08:00,2025-02-25T19:08:00,2025-02-25T21:56:00,2025-02-25T18:56:00
14776903-56e7-4d5f-b3df-d687b03235ae,9cb3de67-f10f-4333-8fd8-c061e90b1064,dd1ab9ef-a26d-487b-9f4e-071ae247a999,ACCEPTED,2025-02-25T18:58:00,2025-02-25T19:02:00,2025-02-25T19:02:00,,2025-02-25T18:58:00
235912aa-120a-4fad-900c-eea655c14346,9cb3de67-f10f-4333-8fd8-c061e90b1064,3eeabab8-191e-4745-993a-32c183d79d3c,ACCEPTED,2025-02-25T18:59:00,2025-02-25T19:10:00,2025-02-25T19:10:00,,2025-02-25T18:59:00
b80bf291-538f-4a92-870a-9a9f675403b8,9cb3de67-f10f-4333-8fd8-c061e90b1064,6982ca50-e7c0-467d-8a70-8533e3077bd9,COMPLETED,2025-02-25T18:59:00,2025-02-25T19:12:00,2025-02-25T19:12:00,2025-02-25T21:59:00,2025-02-25T18:59:00
8eed0d47-f5a3-48a5-89c8-110d189fb81a,0d49950b-d870-448c-8fa8-09b900229d79,c5f535ca-0ce9-4d6a-9653-50c63468cb62,ACCEPTED,2025-02-26T00:01:00,2025-02-26T00:10:00,2025-02-26T00:10:00,,2025-02-26T00:01:00
af791896-0943-4a26-8a24-75eafc4f8216,4d6c6be2-ed08-4dcf-868a-a02ede3a7c26,a0b1bd76-723b-4abd-bf35-77c31a4185e5,ACCEPTED,2025-02-26T00:04:00,2025-02-26T00:11:00,2025-02-26T00:11:00,,2025-02-26T00:04:00
34d55623-7e81-49d0-8e7f-717894e7bd52,4d6c6be2-ed08-4dcf-868a-a02ede3a7c26,d81e4f34-385a-4f91-a183-890ca677d88c,ACCEPTED,2025-02-26T00:06:00,2025-02-26T00:12:00,2025-02-26T00:12:00,,2025-02-26T00:06:00
ebf5a1bb-28d8-42df-98ba-91fcc70dff6f,0d49950b-d870-448c-8fa8-09b900229d79,67e602e6-39ad-4901-acb6-b01a84f70f34,ACCEPTED,2025-02-26T00:12:00,2025-02-26T00:23:00,2025-02-26T00:23:00,,2025-02-26T00:12:00
f0dcd074-e9b9-408c-800a-9cf519d26881,0d49950b-d870-448c-8fa8-09b900229d79,dbebf1a3-387d-417a-abcb-ebdd3d136562,ACCEPTED,2025-02-26T00:13:00,2025-02-26T00:15:00,2025-02-26T00:15:00,,2025-02-26T00:13:00
313a3437-01bb-4240-b588-29b5745f6bd7,0d49950b-d870-448c-8fa8-09b900229d79,ad71dc4d-d139-444d-a8ee-c755441c0f54,ACCEPTED,2025-02-26T00:13:00,2025-02-26T00:26:00,2025-02-26T00:26:00,,2025-02-26T00:13:00
d211d4a6-2db9-4858-b9c0-1852db2bb939,89cb65c0-554c-435e-9de7-28c77f44f219,46c4620d-f466-43aa-86c4-b6bea05d529d,ACCEPTED,2025-02-26T01:55:00,2025-02-26T01:58:00,2025-02-26T01:58:00,,2025-02-26T01:55:00
423debd0-ea15-4492-91fb-195ee6c75134,89cb65c0-554c-435e-9de7-28c77f44f219,e00b0ffc-7f24-4a41-8150-e710ef1d3730,NO_RESPONSE,2025-02-26T02:00:00,,,,2025-02-26T02:00:00
7fcc69ff-eb3d-4ffd-9eba-6cc10a3bda0a,68565d08-0f30-4b1e-a6cd-0619c5f4a1f7,e154750f-17df-43f5-8c04-401ee73830f6,COMPLETED,2025-02-26T06:28:00,2025-02-26T06:32:00,2025-02-26T06:32:00,2025-02-26T08:28:00,2025-02-26T06:28:00
c70a4f6b-9980-4f99-aace-98a46b1b470b,68565d08-0f30-4b1e-a6cd-0619c5f4a1f7,a5412686-ad1b-4800-b166-5b72f3faa02d,ACCEPTED,2025-02-26T06:28:00,2025-02-26T06:32:00,2025-02-26T06:32:00,,2025-02-26T06:28:00
859b2179-a04f-4b10-8103-85ecd2ccace1,e9f5bc96-644c-4885-b036-70d52a00a4fd,64037712-470c-40c3-b34b-66128b93e18d,ACCEPTED,2025-02-26T06:29:00,2025-02-26T06:31:00,2025-02-26T06:31:00,,2025-02-26T06:29:00
b75fc36a-ba4f-47f9-833f-7e6c4bed0f8a,68565d08-0f30-4b1e-a6cd-0619c5f4a1f7,a77bcc83-4a3d-492d-bcd8-592aba88fc9d,ACCEPTED,2025-02-26T06:29:00,2025-02-26T06:42:00,2025-02-26T06:42:00,,2025-02-26T06:29:00
a62c5b88-0ee1-4030-9f46-0c33c3fc3f87,e9f5bc96-644c-4885-b036-70d52a00a4fd,992a9f5e-edc4-40f0-b76a-3f29c20d5618,NO_RESPONSE,2025-02-26T06:30:00,,,,2025-02-26T06:30:00
fb7e5200-c4dd-45f9-b64a-d5f561588a80,e9f5bc96-644c-4885-b036-70d52a00a4fd,1b1c6a4c-9521-43d0-af56-40e628a2cb1d,MISSED,2025-02-26T06:30:00,,,,2025-02-26T06:30:00
1806a1b1-13d0-4a7b-94b2-c8eebdf0755b,68565d08-0f30-4b1e-a6cd-0619c5f4a1f7,cd532bc0-2367-446e-8e57-68c7cd6101f6,NO_RESPONSE,2025-02-26T06:30:00,,,,2025-02-26T06:30:00
718acd1a-dd66-460f-b688-471a977b6bff,68565d08-0f30-4b1e-a6cd-0619c5f4a1f7,346ece9f-9eed-4c58-95d7-1c3e38d7cceb,ACCEPTED,2025-02-26T06:31:00,2025-02-26T06:36:00,2025-02-26T06:36:00,,2025-02-26T06:31:00
85d1a113-ce8a-4c8e-9436-7a6670e4940a,e9f5bc96-644c-4885-b036-70d52a00a4fd,feca2cc5-9c28-40c7-8543-ca69b34076e3,EXPIRED,2025-02-26T06:35:00,,,,2025-02-26T06:35:00
fdd26f29-2f2f-442a-9bbc-d8add5d444b6,e9f5bc96-644c-4885-b036-70d52a00a4fd,d6f6800e-5c63-432b-93d2-8d7c32142867,ACCEPTED,2025-02-26T06:38:00,2025-02-26T06:50:00,2025-02-26T06:50:00,,2025-02-26T06:38:00
892f8a94-11f6-44f0-a076-14d642e4b5c1,e9f5bc96-644c-4885-b036-70d52a00a4fd,dc3945d5-6321-4ff3-a949-9cc365303d45,DECLINED,2025-02-26T06:39:00,2025-02-26T06:47:00,,,2025-02-26T06:39:00
17820e85-4173-4b11-8df7-a4bab932a9b5,a2080132-bbc3-40a5-b5b6-a0488f39a233,d869910e-02c0-4d29-a1fd-9bdef530d653,ACCEPTED,2025-02-26T08:46:00,2025-02-26T08:59:00,2025-02-26T08:59:00,,2025-02-26T08:46:00
9b0819d1-ca9b-4b9a-92d2-d399f16eb634,a2080132-bbc3-40a5-b5b6-a0488f39a233,003d6f49-5fb1-4dd6-a54d-b1bc078eb57e,ACCEPTED,2025-02-26T08:47:00,2025-02-26T08:53:00,2025-02-26T08:53:00,,2025-02-26T08:47:00
a332aad8-5ede-41ba-a342-667c672e8ca6,a2080132-bbc3-40a5-b5b6-a0488f39a233,b34b9ff4-c6a5-4e42-9619-75d5b29e68d4,ACCEPTED,2025-02-26T08:49:00,2025-02-26T09:03:00,2025-02-26T09:03:00,,2025-02-26T08:49:00
84648e02-8e46-4460-b7d7-7cb4f1b8fe0c,8044f0e4-d62c-4a76-a023-a4fb90d05a8e,0c006a63-150c-4896-a935-e4015ce402d4,ACCEPTED,2025-02-26T08:54:00,2025-02-26T09:00:00,2025-02-26T09:00:00,,2025-02-26T08:54:00
5829f71c-26bc-4665-bc1d-96b77f3003b5,8044f0e4-d62c-4a76-a023-a4fb90d05a8e,b16f7848-a2a4-4c2c-8a3b-0bf76ecdf857,COMPLETED,2025-02-26T08:54:00,2025-02-26T09:08:00,2025-02-26T09:08:00,2025-02-26T11:54:00,2025-02-26T08:54:00
a0e12969-f7fc-4509-8b0b-336d0355a299,322729a8-4f58-4ae7-b8e8-833812795ef6,88dfaec5-4862-48de-a187-81674968acbd,ACCEPTED,2025-02-26T11:40:00,2025-02-26T11:46:00,2025-02-26T11:46:00,,2025-02-26T11:40:00
8f863d67-c25a-4bea-a74c-56f2dc653e01,322729a8-4f58-4ae7-b8e8-833812795ef6,bf160ba0-ac86-4d11-b5e7-904beff9cc2d,NO_RESPONSE,2025-02-26T11:43:00,,,,2025-02-26T11:43:00
ff284379-3840-4ffb-9ff3-5dc1487da2e1,322729a8-4f58-4ae7-b8e8-833812795ef6,a2c7df0e-ef10-4dcc-aaed-b693b2b5db03,COMPLETED,2025-02-26T11:44:00,2025-02-26T11:57:00,2025-02-26T11:57:00,2025-02-26T14:44:00,2025-02-26T11:44:00
f8848db4-6a97-4703-bd00-f41f04a0ddf5,9444b94b-4fa8-401b-a744-36e36ccba07b,909e8f9d-0127-4f44-9f4c-24a2e2b45782,ACCEPTED,2025-02-26T16:01:00,2025-02-26T16:09:00,2025-02-26T16:09:00,,2025-02-26T16:01:00
b41a68da-effc-40a6-a860-90ffeda224b4,9444b94b-4fa8-401b-a744-36e36ccba07b,3f72d86e-c11c-497f-b6d0-5f2e08b013cd,COMPLETED,2025-02-26T16:03:00,2025-02-26T16:08:00,2025-02-26T16:08:00,2025-02-26T19:03:00,2025-02-26T16:03:00
e73f9170-3fe8-4269-9a6e-8bf3ba127729,9444b94b-4fa8-401b-a744-36e36ccba07b,985ab403-ddfd-47f6-9b98-9ce2f7dcd16e,ACCEPTED,2025-02-26T16:07:00,2025-02-26T16:09:00,2025-02-26T16:09:00,,2025-02-26T16:07:00
1596f7de-48bb-40b8-8a45-f4f40bcb251a,6df4b08d-39d0-40a3-a286-5ac238b6f4b3,003d6f49-5fb1-4dd6-a54d-b1bc078eb57e,COMPLETED,2025-02-26T20:55:00,2025-02-26T21:00:00,2025-02-26T21:00:00,2025-02-26T23:55:00,2025-02-26T20:55:00
99aed178-13a9-4089-9b35-e2fd6e96265b,6df4b08d-39d0-40a3-a286-5ac238b6f4b3,28309fde-6955-4852-ae11-f09951df357a,MISSED,2025-02-26T20:57:00,,,,2025-02-26T20:57:00
19b062c1-3a58-4781-97ba-712bbe9f01a2,6df4b08d-39d0-40a3-a286-5ac238b6f4b3,8465564b-f0a3-4480-b044-c0a4cf6d01a0,ACCEPTED,2025-02-26T20:59:00,2025-02-26T21:01:00,2025-02-26T21:01:00,,2025-02-26T20:59:00
dbf305da-5cf3-445e-b638-d8a02c141b6b,6df4b08d-39d0-40a3-a286-5ac238b6f4b3,16199d23-baa8-4292-b1d9-9b27b201daa1,ACCEPTED,2025-02-26T21:01:00,2025-02-26T21:14:00,2025-02-26T21:14:00,,2025-02-26T21:01:00
ceaa3662-c94e-4507-be1d-0b39043fff5b,ef4be64c-e6d8-4a5c-86dd-1406e4bbc149,af32b242-6347-4914-8703-8bc3222ac8c4,COMPLETED,2025-02-26T22:24:00,2025-02-26T22:30:00,2025-02-26T22:30:00,2025-02-27T01:24:00,2025-02-26T22:24:00
e8b1bad5-8fb3-471f-be8f-69062ef4c52b,ef4be64c-e6d8-4a5c-86dd-1406e4bbc149,85b594e8-d460-4e0d-bd65-07df78f69665,ACCEPTED,2025-02-26T22:24:00,2025-02-26T22:26:00,2025-02-26T22:26:00,,2025-02-26T22:24:00
5e34fc3e-399b-4a9d-b144-1adec38c720f,ef4be64c-e6d8-4a5c-86dd-1406e4bbc149,90226cb0-70e6-4d51-8a71-165165d84910,COMPLETED,2025-02-26T22:27:00,2025-02-26T22:42:00,2025-02-26T22:42:00,2025-02-27T00:27:00,2025-02-26T22:27:00
9e045865-b467-4aad-8f6e-b72713473ae4,ef4be64c-e6d8-4a5c-86dd-1406e4bbc149,83d13c8e-fd29-4343-bf35-4497b673a39d,EXPIRED,2025-02-26T22:28:00,,,,2025-02-26T22:28:00
bf596ce1-feac-4312-8449-8df98f73a927,ef4be64c-e6d8-4a5c-86dd-1406e4bbc149,c16201b1-943e-4c96-8b98-654faa1c4f67,ACCEPTED,2025-02-26T22:28:00,2025-02-26T22:32:00,2025-02-26T22:32:00,,2025-02-26T22:28:00
eb267c28-9f2e-475e-8935-76424e2381cf,3de912d6-18f6-4846-85da-99626970b40b,3d9f3b15-c774-4537-9706-6a9c0ce3bcd0,ACCEPTED,2025-02-27T07:27:00,2025-02-27T07:34:00,2025-02-27T07:34:00,,2025-02-27T07:27:00
6876561f-3c40-4d20-8ce0-80d2798bea40,3de912d6-18f6-4846-85da-99626970b40b,e0e3fb99-db30-4123-b346-7f11de4197c6,ACCEPTED,2025-02-27T07:28:00,2025-02-27T07:32:00,2025-02-27T07:32:00,,2025-02-27T07:28:00
d322766a-c177-4dab-bb3e-be5a8e42a4c2,3de912d6-18f6-4846-85da-99626970b40b,68cf86cf-66aa-443c-ae5b-e601c8cc76c7,COMPLETED,2025-02-27T07:29:00,2025-02-27T07:39:00,2025-02-27T07:39:00,2025-02-27T08:29:00,2025-02-27T07:29:00
c989e469-7733-4cd8-84cb-c56729f395ac,3de912d6-18f6-4846-85da-99626970b40b,6a793798-198b-46b9-85cd-0ec03d79cc88,ACCEPTED,2025-02-27T07:30:00,2025-02-27T07:36:00,2025-02-27T07:36:00,,2025-02-27T07:30:00
eac1ee0a-d6c5-4461-8ae8-c898d23b1627,3de912d6-18f6-4846-85da-99626970b40b,97dbbf0c-d2b5-452c-b22a-e11e30701e99,ACCEPTED,2025-02-27T07:34:00,2025-02-27T07:42:00,2025-02-27T07:42:00,,2025-02-27T07:34:00
d4b3171e-a9cb-4e1e-976a-b421b3a67863,3de912d6-18f6-4846-85da-99626970b40b,cd532bc0-2367-446e-8e57-68c7cd6101f6,COMPLETED,2025-02-27T07:35:00,2025-02-27T07:42:00,2025-02-27T07:42:00,2025-02-27T09:35:00,2025-02-27T07:35:00
dbee12fa-b48c-49d2-b6b8-7a31da31a26f,e7fe10b0-7b1f-464e-bdf3-da9f792b1720,1ee3aa44-6749-4c32-9bfe-c3306275fe48,NO_RESPONSE,2025-02-27T12:00:00,,,,2025-02-27T12:00:00
3eff1490-5fde-4712-85d3-7ba68046b046,e7fe10b0-7b1f-464e-bdf3-da9f792b1720,8465564b-f0a3-4480-b044-c0a4cf6d01a0,ACCEPTED,2025-02-27T12:04:00,2025-02-27T12:09:00,2025-02-27T12:09:00,,2025-02-27T12:04:00
1c766be0-7977-4e43-a8ca-198181779e06,e7fe10b0-7b1f-464e-bdf3-da9f792b1720,a9048c9b-4ff2-49a2-8387-544ccfc02e0e,ACCEPTED,2025-02-27T12:04:00,2025-02-27T12:14:00,2025-02-27T12:14:00,,2025-02-27T12:04:00
6b027361-a0e4-4fb6-9ad6-b5983074908e,a0b3da67-adfd-4465-99ca-247191a5ffac,6a793798-198b-46b9-85cd-0ec03d79cc88,ACCEPTED,2025-02-27T12:54:00,2025-02-27T13:06:00,2025-02-27T13:06:00,,2025-02-27T12:54:00
5f04e9e0-f597-4a0a-89f9-ba7dc2573a6a,a0b3da67-adfd-4465-99ca-247191a5ffac,7dce07a7-bf0e-49d0-8e10-0fae45654bf0,ACCEPTED,2025-02-27T12:56:00,2025-02-27T13:10:00,2025-02-27T13:10:00,,2025-02-27T12:56:00
5debccc9-cc52-4ad7-b1aa-299e67d86427,a0b3da67-adfd-4465-99ca-247191a5ffac,5578cdc0-e19a-4fb1-909f-349d3abc4652,MISSED,2025-02-27T12:58:00,,,,2025-02-27T12:58:00
213e3708-07ef-406d-ab98-00053feb66f7,a0b3da67-adfd-4465-99ca-247191a5ffac,7724d47c-dcf0-4aba-a2e1-ec51d9d4eef2,ACCEPTED,2025-02-27T13:02:00,2025-02-27T13:08:00,2025-02-27T13:08:00,,2025-02-27T13:02:00
6a7c5f27-68c5-45dc-9b94-adfa0880f8a3,a0b3da67-adfd-4465-99ca-247191a5ffac,fda5fef4-939c-4a0d-864d-c6a11b14bd2a,ACCEPTED,2025-02-27T13:03:00,2025-02-27T13:11:00,2025-02-27T13:11:00,,2025-02-27T13:03:00
49df6636-da0b-4c28-bdbf-ba9ed1a52b06,a0b3da67-adfd-4465-99ca-247191a5ffac,e116edc5-9b26-4e7c-88d9-765a7676524f,ACCEPTED,2025-02-27T13:04:00,2025-02-27T13:16:00,2025-02-27T13:16:00,,2025-02-27T13:04:00
26c29b71-6c8e-4db0-aace-0b92eb8b7e27,12158f72-3296-44d3-9773-dc190f2b97ce,273ddb7f-7af3-44a5-b945-f6705e9f338f,DECLINED,2025-02-27T20:20:00,2025-02-27T20:38:00,,,2025-02-27T20:20:00
6257d53a-151f-43c4-864b-9240d6efbd1d,12158f72-3296-44d3-9773-dc190f2b97ce,1b1c6a4c-9521-43d0-af56-40e628a2cb1d,COMPLETED,2025-02-27T20:21:00,2025-02-27T20:34:00,2025-02-27T20:34:00,2025-02-27T23:21:00,2025-02-27T20:21:00
944ac58c-852a-495a-9127-f5ccee0d1ef5,12158f72-3296-44d3-9773-dc190f2b97ce,dd3c9c80-9a9d-4efd-a8fc-06ac9e8600c4,ACCEPTED,2025-02-27T20:23:00,2025-02-27T20:26:00,2025-02-27T20:26:00,,2025-02-27T20:23:00
0dc9a38e-e864-41c3-945c-0fdecbf8181b,12158f72-3296-44d3-9773-dc190f2b97ce,96b33493-7f4b-4752-a880-e07a1deccfc8,COMPLETED,2025-02-27T20:26:00,2025-02-27T20:35:00,2025-02-27T20:35:00,2025-02-27T23:26:00,2025-02-27T20:26:00
098e5f5d-f428-474a-9dd9-a1a78816c601,12158f72-3296-44d3-9773-dc190f2b97ce,d2112070-a709-4a6f-a1fe-b83a282d0da2,COMPLETED,2025-02-27T20:26:00,2025-02-27T20:28:00,2025-02-27T20:28:00,2025-02-27T21:26:00,2025-02-27T20:26:00
2aedd06e-48bd-4329-8bd6-79033622cd94,12158f72-3296-44d3-9773-dc190f2b97ce,4d0e1b54-5e79-4df5-b9bd-bd996b9c9642,EXPIRED,2025-02-27T20:26:00,,,,2025-02-27T20:26:00
eabc3529-5dc9-4f53-a3a0-c47113b6dfd7,0483728e-ce08-4e11-a7cc-f6f410ab94f6,e116edc5-9b26-4e7c-88d9-765a7676524f,EXPIRED,2025-02-27T22:18:00,,,,2025-02-27T22:18:00
c714a20a-5345-476a-9f3e-c0dad5976d38,0483728e-ce08-4e11-a7cc-f6f410ab94f6,238bf442-7dd1-4625-97b1-0fd3299287dc,ACCEPTED,2025-02-27T22:18:00,2025-02-27T22:25:00,2025-02-27T22:25:00,,2025-02-27T22:18:00
0b6f8381-a891-4f3b-a802-bfb8b90f5dab,0483728e-ce08-4e11-a7cc-f6f410ab94f6,11e977ea-77b0-4be7-a600-4b4895750d3e,NO_RESPONSE,2025-02-27T22:21:00,,,,2025-02-27T22:21:00
cdfaa266-bc8c-40e6-87c6-1e250d636475,0483728e-ce08-4e11-a7cc-f6f410ab94f6,a1aa727a-9750-4916-9300-dd333ae653cc,NO_RESPONSE,2025-02-27T22:22:00,,,,2025-02-27T22:22:00
87cb528a-c5af-4344-9cc9-b61684be8764,0efb4d92-68b2-4452-8bad-9ee7074764d9,c0eaa600-b15c-463a-b278-86b3ca57fd5c,ACCEPTED,2025-02-27T23:26:00,2025-02-27T23:35:00,2025-02-27T23:35:00,,2025-02-27T23:26:00
be348708-57f3-42da-9248-60d7939d53be,0efb4d92-68b2-4452-8bad-9ee7074764d9,5ce51cd2-5e42-4c02-8828-aafbaf8181c6,COMPLETED,2025-02-27T23:35:00,2025-02-27T23:48:00,2025-02-27T23:48:00,2025-02-28T00:35:00,2025-02-27T23:35:00
74f29e0b-bf84-40ad-8748-eb5ad7e9cb41,0efb4d92-68b2-4452-8bad-9ee7074764d9,7724d47c-dcf0-4aba-a2e1-ec51d9d4eef2,NO_RESPONSE,2025-02-27T23:36:00,,,,2025-02-27T23:36:00
623d8a92-10b2-4f05-9fe8-2e51e08e4cb8,0efb4d92-68b2-4452-8bad-9ee7074764d9,12fc0202-67a8-417a-a936-b348c6432014,COMPLETED,2025-02-27T23:37:00,2025-02-27T23:48:00,2025-02-27T23:48:00,2025-02-28T01:37:00,2025-02-27T23:37:00
8fcaa775-c6ba-44d9-a90b-111bbde20498,1cc5d0c4-045d-4581-9a6c-8a3a10eb2f90,86adaeeb-d381-4c0f-87c8-ba59ce1cad28,COMPLETED,2025-02-28T01:04:00,2025-02-28T01:13:00,2025-02-28T01:13:00,2025-02-28T02:04:00,2025-02-28T01:04:00
1938001e-daec-489e-9aff-6b9562df373e,1cc5d0c4-045d-4581-9a6c-8a3a10eb2f90,5d69d39a-573c-4fc2-b61f-084eeb974f10,ACCEPTED,2025-02-28T01:06:00,2025-02-28T01:19:00,2025-02-28T01:19:00,,2025-02-28T01:06:00
bf4dab9a-3157-4140-943c-cce297de5773,1cc5d0c4-045d-4581-9a6c-8a3a10eb2f90,27f63174-92e0-4ec5-a8d6-df307aa20f3b,EXPIRED,2025-02-28T01:07:00,,,,2025-02-28T01:07:00
d6266822-3a47-418f-b5f4-1a0f4c24df00,1cc5d0c4-045d-4581-9a6c-8a3a10eb2f90,e00b0ffc-7f24-4a41-8150-e710ef1d3730,ACCEPTED,2025-02-28T01:11:00,2025-02-28T01:25:00,2025-02-28T01:25:00,,2025-02-28T01:11:00
8384bfbe-1971-4df2-a8e3-fd5ead91e9f3,1cc5d0c4-045d-4581-9a6c-8a3a10eb2f90,ed86563a-268b-43b8-851a-f22f9296edc5,ACCEPTED,2025-02-28T01:12:00,2025-02-28T01:22:00,2025-02-28T01:22:00,,2025-02-28T01:12:00
7b27ccd1-fca2-4aee-8404-5c11f8f2d1a9,1cc5d0c4-045d-4581-9a6c-8a3a10eb2f90,bc7ffdff-d62a-437c-9957-5c8739b97d73,ACCEPTED,2025-02-28T01:12:00,2025-02-28T01:18:00,2025-02-28T01:18:00,,2025-02-28T01:12:00
bfecafd8-08fc-4c9f-9815-d1711eee14c9,c9a77834-c436-4278-8d50-43a5354f443c,00fe7012-13c0-4486-9a33-e56253f1a860,ACCEPTED,2025-02-28T02:19:00,2025-02-28T02:26:00,2025-02-28T02:26:00,,2025-02-28T02:19:00
afca0b89-f778-4dfd-b5a8-4da39820573a,c9a77834-c436-4278-8d50-43a5354f443c,a927ec13-1431-4870-8c63-e98dc7bad4b8,COMPLETED,2025-02-28T02:22:00,2025-02-28T02:33:00,2025-02-28T02:33:00,2025-02-28T05:22:00,2025-02-28T02:22:00
088b3e32-5e9d-4d14-b638-124059a4b30c,c9a77834-c436-4278-8d50-43a5354f443c,ba816062-c1ac-43da-97de-4c1216324bb5,ACCEPTED,2025-02-28T02:27:00,2025-02-28T02:37:00,2025-02-28T02:37:00,,2025-02-28T02:27:00
4058347a-943c-48ba-8efc-dd69ec051496,c9a77834-c436-4278-8d50-43a5354f443c,d2fbf799-2a03-4408-8c26-4fc239c5d4fc,ACCEPTED,2025-02-28T02:29:00,2025-02-28T02:40:00,2025-02-28T02:40:00,,2025-02-28T02:29:00
bf9359bc-f64b-46ac-9064-94408693c80f,c9a77834-c436-4278-8d50-43a5354f443c,63e1e7de-8090-46e0-a921-6add4ddcfef9,NO_RESPONSE,2025-02-28T02:30:00,,,,2025-02-28T02:30:00
0006a574-e97d-4d1e-a8d4-eabc92f5a7d9,0ae03bdf-c9f2-4842-93ba-9cdfa1660066,0b51ced4-84e3-45ad-a67a-de86af260d64,ACCEPTED,2025-02-28T10:37:00,2025-02-28T10:47:00,2025-02-28T10:47:00,,2025-02-28T10:37:00
2c0f59b4-92c7-444d-b78f-b82ab8eee658,0ae03bdf-c9f2-4842-93ba-9cdfa1660066,19e65af6-da1e-4052-bf71-1659737f5cc7,ACCEPTED,2025-02-28T10:40:00,2025-02-28T10:41:00,2025-02-28T10:41:00,,2025-02-28T10:40:00
308f9a54-5a12-4d01-abd8-b3d0f01c1a4d,0ae03bdf-c9f2-4842-93ba-9cdfa1660066,4ac85ad1-81f9-4db3-a7c9-2bd4d3df0e31,ACCEPTED,2025-02-28T10:42:00,2025-02-28T10:57:00,2025-02-28T10:57:00,,2025-02-28T10:42:00
c55e8782-2b4c-4a55-96ec-016fdc79c83f,3cc2c7f1-cff4-4173-8ffa-82580fa275e0,86adaeeb-d381-4c0f-87c8-ba59ce1cad28,ACCEPTED,2025-02-28T19:16:00,2025-02-28T19:26:00,2025-02-28T19:26:00,,2025-02-28T19:16:00
05163d5a-732a-43f0-8526-2642f4d0f36f,3cc2c7f1-cff4-4173-8ffa-82580fa275e0,b0102217-6663-410d-8e4b-e802cddf4baa,COMPLETED,2025-02-28T19:17:00,2025-02-28T19:26:00,2025-02-28T19:26:00,2025-02-28T21:17:00,2025-02-28T19:17:00
55e5a13f-3744-4740-96e7-2f70502ec711,3cc2c7f1-cff4-4173-8ffa-82580fa275e0,6c5114ec-b8e2-4c74-8e20-93ded422c3b1,COMPLETED,2025-02-28T19:18:00,2025-02-28T19:32:00,2025-02-28T19:32:00,2025-02-28T20:18:00,2025-02-28T19:18:00
33ada8db-f508-4ac9-b1bb-507dc3d07951,c7294329-2d81-48c5-b320-4682ab805d67,445beb91-c8f4-47ed-b5c7-e8a70759c76b,ACCEPTED,2025-02-28T20:28:00,2025-02-28T20:39:00,2025-02-28T20:39:00,,2025-02-28T20:28:00
f91c4d75-f13a-433c-b834-2462fd997340,c7294329-2d81-48c5-b320-4682ab805d67,bb55dc49-18c5-486f-aa1d-2aa9a6fac646,ACCEPTED,2025-02-28T20:30:00,2025-02-28T20:43:00,2025-02-28T20:43:00,,2025-02-28T20:30:00
f1519ae5-434a-412e-b5b1-b54f3c366023,1b5838c1-1cb4-4e5d-b0e7-1e5044a10c75,3cad9af4-3e76-49e7-a472-17fbf3b30322,COMPLETED,2025-02-28T21:27:00,2025-02-28T21:28:00,2025-02-28T21:28:00,2025-02-28T23:27:00,2025-02-28T21:27:00
94e6fba0-c03d-4912-824f-86e86c497a6f,1b5838c1-1cb4-4e5d-b0e7-1e5044a10c75,e0e3fb99-db30-4123-b346-7f11de4197c6,ACCEPTED,2025-02-28T21:32:00,2025-02-28T21:43:00,2025-02-28T21:43:00,,2025-02-28T21:32:00
47d07f2b-b231-49aa-923b-28ff6bef94d8,1b5838c1-1cb4-4e5d-b0e7-1e5044a10c75,ba654c1d-96a2-4ce2-96bf-a37bb05c6b58,COMPLETED,2025-02-28T21:35:00,2025-02-28T21:42:00,2025-02-28T21:42:00,2025-02-28T22:35:00,2025-02-28T21:35:00
386fb6cb-4d0d-4096-b275-dfd599bbe11d,a6b705bd-6a0d-4926-9934-012103a4e180,846be435-a2e1-4850-bad5-07de99099078,ACCEPTED,2025-02-28T21:54:00,2025-02-28T21:56:00,2025-02-28T21:56:00,,2025-02-28T21:54:00
08e2f17b-e2d5-414d-93be-df3c01c67872,a6b705bd-6a0d-4926-9934-012103a4e180,64333604-4c8c-43e1-a6e9-7c4582414c02,COMPLETED,2025-02-28T21:57:00,2025-02-28T22:10:00,2025-02-28T22:10:00,2025-03-01T00:57:00,2025-02-28T21:57:00
ee00e193-8858-4398-9bbd-52456c3df1f9,a6b705bd-6a0d-4926-9934-012103a4e180,3b128aa7-53a1-48cc-ba33-cd0df14eac90,ACCEPTED,2025-02-28T22:00:00,2025-02-28T22:04:00,2025-02-28T22:04:00,,2025-02-28T22:00:00
8871fc3a-708e-4d6b-811c-20e8e2a4c6ef,a6b705bd-6a0d-4926-9934-012103a4e180,c4407f72-aaa4-45db-935c-f0c2d2f7c518,ACCEPTED,2025-02-28T22:00:00,2025-02-28T22:13:00,2025-02-28T22:13:00,,2025-02-28T22:00:00
9b163cd6-876f-4be3-b8d0-74833e01029d,43984f42-955b-43e5-bbfa-0a6a722ccf36,ba654c1d-96a2-4ce2-96bf-a37bb05c6b58,NO_RESPONSE,2025-03-01T01:11:00,,,,2025-03-01T01:11:00
7e4dc433-0a10-42a2-b243-a66d7e752f0b,43984f42-955b-43e5-bbfa-0a6a722ccf36,0648f122-df82-42c1-b7a4-513681226246,NO_RESPONSE,2025-03-01T01:17:00,,,,2025-03-01T01:17:00
91f679d5-da13-4024-a75f-8ba10c678276,43984f42-955b-43e5-bbfa-0a6a722ccf36,f6612e9b-17e3-4407-bad5-87d18f75c172,NO_RESPONSE,2025-03-01T01:19:00,,,,2025-03-01T01:19:00
3a6df59c-8775-4282-b828-313bb1cd040d,43984f42-955b-43e5-bbfa-0a6a722ccf36,c5f535ca-0ce9-4d6a-9653-50c63468cb62,DECLINED,2025-03-01T01:22:00,2025-03-01T01:38:00,,,2025-03-01T01:22:00
7178f9c6-1cb1-4156-babc-85f906170277,43984f42-955b-43e5-bbfa-0a6a722ccf36,19cad05e-ae8b-4d86-b026-69fbb73b2e76,ACCEPTED,2025-03-01T01:23:00,2025-03-01T01:35:00,2025-03-01T01:35:00,,2025-03-01T01:23:00
eb5f3e7a-3182-4a01-b4ab-a25789bec700,bd6bd645-ab06-4e86-837b-03c064480b13,5d69d39a-573c-4fc2-b61f-084eeb974f10,DECLINED,2025-03-01T06:46:00,2025-03-01T06:54:00,,,2025-03-01T06:46:00
1f545f3d-8e7d-466c-bd17-ceec880f3b1c,bd6bd645-ab06-4e86-837b-03c064480b13,93125440-01af-4643-ac94-7c4da12295ea,ACCEPTED,2025-03-01T06:47:00,2025-03-01T06:57:00,2025-03-01T06:57:00,,2025-03-01T06:47:00
b5c11778-9031-4f7d-8737-484738eee74c,bd6bd645-ab06-4e86-837b-03c064480b13,ffd6e179-bce4-414a-9aef-db47a3caea86,ACCEPTED,2025-03-01T06:48:00,2025-03-01T06:53:00,2025-03-01T06:53:00,,2025-03-01T06:48:00
1bcb2de2-d2be-4857-b4a4-f0c963554de9,59c4dfb0-d19e-442f-956a-c5af650bb41b,82f273c1-a6d9-473e-b339-93f7a0379a64,ACCEPTED,2025-03-01T12:38:00,2025-03-01T12:48:00,2025-03-01T12:48:00,,2025-03-01T12:38:00
bd7f024d-adfc-4bb3-9629-8e82deabeaa9,59c4dfb0-d19e-442f-956a-c5af650bb41b,fe02ea3a-03d9-4d57-94a7-47e4a11e404f,DECLINED,2025-03-01T12:46:00,2025-03-01T12:59:00,,,2025-03-01T12:46:00
312e308a-6947-4b27-a452-cd5b21ebbf98,1e2869e5-804b-4130-a85e-67bd28f808a3,5b144804-32b7-4e82-9f3c-1b20f6f52721,ACCEPTED,2025-03-01T16:22:00,2025-03-01T16:32:00,2025-03-01T16:32:00,,2025-03-01T16:22:00
bb320f9e-e6e5-498a-9403-ca19a0781083,1e2869e5-804b-4130-a85e-67bd28f808a3,7dce07a7-bf0e-49d0-8e10-0fae45654bf0,COMPLETED,2025-03-01T16:26:00,2025-03-01T16:30:00,2025-03-01T16:30:00,2025-03-01T17:26:00,2025-03-01T16:26:00
45a58cd9-4bb1-4f27-8ca1-24a1e2be209f,fa322a7a-8ba3-4024-9f27-617a490a85db,2e3af94c-8ff5-4a35-ac8a-571d4fa070d4,ACCEPTED,2025-03-01T19:04:00,2025-03-01T19:15:00,2025-03-01T19:15:00,,2025-03-01T19:04:00
142e430b-14ab-4927-a7d9-25e9564bd36d,fa322a7a-8ba3-4024-9f27-617a490a85db,d3edbff9-b137-4f59-9b59-c049d8cda101,ACCEPTED,2025-03-01T19:08:00,2025-03-01T19:19:00,2025-03-01T19:19:00,,2025-03-01T19:08:00
86c43460-0998-4ef7-9c89-04d8efa177df,fa322a7a-8ba3-4024-9f27-617a490a85db,909e8f9d-0127-4f44-9f4c-24a2e2b45782,ACCEPTED,2025-03-01T19:09:00,2025-03-01T19:21:00,2025-03-01T19:21:00,,2025-03-01T19:09:00
f322d852-343e-4246-a4a2-be05ac51e25b,30ea10fa-9a39-4328-8407-08007a5fe623,3f72d86e-c11c-497f-b6d0-5f2e08b013cd,ACCEPTED,2025-03-01T22:52:00,2025-03-01T22:53:00,2025-03-01T22:53:00,,2025-03-01T22:52:00
72172633-f5ad-4d33-bf25-933b4f9e2589,30ea10fa-9a39-4328-8407-08007a5fe623,f53bf753-a0a3-4d28-99f6-434168f98cb2,MISSED,2025-03-01T22:53:00,,,,2025-03-01T22:53:00
6140c32e-b6ae-4f04-840d-c1982f6efa6b,30ea10fa-9a39-4328-8407-08007a5fe623,8ffc4077-593e-43ff-990a-16a84fd422b4,ACCEPTED,2025-03-01T22:56:00,2025-03-01T23:03:00,2025-03-01T23:03:00,,2025-03-01T22:56:00
bc7522fb-c3e0-4e17-874e-98608078d3e0,30ea10fa-9a39-4328-8407-08007a5fe623,415a8ed8-6bf8-47ec-9265-7eacc19a825f,EXPIRED,2025-03-01T22:56:00,,,,2025-03-01T22:56:00
50891b42-2095-421c-9d89-8d9eef85d7e5,30ea10fa-9a39-4328-8407-08007a5fe623,5d69d39a-573c-4fc2-b61f-084eeb974f10,NO_RESPONSE,2025-03-01T22:59:00,,,,2025-03-01T22:59:00
a6083b82-0787-4894-b149-ecffdde3fd2a,30ea10fa-9a39-4328-8407-08007a5fe623,6f397cf4-9959-4fad-93f5-e6397f2f273d,ACCEPTED,2025-03-01T23:00:00,2025-03-01T23:15:00,2025-03-01T23:15:00,,2025-03-01T23:00:00
901816a9-5e89-40c7-b69d-f58aab369c44,de09c1a5-d877-49f1-8f59-ab0f28c32537,4e738475-88e6-4df8-90b2-45dacfb7c6e2,COMPLETED,2025-03-02T00:22:00,2025-03-02T00:33:00,2025-03-02T00:33:00,2025-03-02T01:22:00,2025-03-02T00:22:00
f2b49340-91ad-491a-b736-ca837de42c37,de09c1a5-d877-49f1-8f59-ab0f28c32537,76c87fab-4634-487d-a03f-d4c7ee94749e,MISSED,2025-03-02T00:22:00,,,,2025-03-02T00:22:00
a59f7a82-cc16-4a45-aed9-4196288e79dc,de09c1a5-d877-49f1-8f59-ab0f28c32537,c52b0995-269e-4253-8965-8f14d5fd2b13,NO_RESPONSE,2025-03-02T00:23:00,,,,2025-03-02T00:23:00
59fcdb99-9c56-43ba-a38c-ad2e9ba7e785,de09c1a5-d877-49f1-8f59-ab0f28c32537,aa88c4dd-4d72-4fc4-81fb-864525abed74,NO_RESPONSE,2025-03-02T00:30:00,,,,2025-03-02T00:30:00
699194b3-258d-44c1-a875-a628f0455801,de09c1a5-d877-49f1-8f59-ab0f28c32537,54d5caa7-5a58-4175-a139-ece2d4e285d1,COMPLETED,2025-03-02T00:33:00,2025-03-02T00:34:00,2025-03-02T00:34:00,2025-03-02T02:33:00,2025-03-02T00:33:00
55ab6c80-95ab-4702-ae21-5928b869bc94,5401b724-e7c9-4301-b250-684bc63f52be,e07bda41-053d-4aac-9836-2124ef24f237,ACCEPTED,2025-03-02T05:08:00,2025-03-02T05:20:00,2025-03-02T05:20:00,,2025-03-02T05:08:00
17c24621-8080-44b1-b61a-cb8fb7bbd623,5401b724-e7c9-4301-b250-684bc63f52be,2ae377b5-178c-428d-8503-302dc4d6f806,NO_RESPONSE,2025-03-02T05:10:00,,,,2025-03-02T05:10:00
cfd1bcaa-6167-48d3-afd6-e990006a8910,5da1fdcf-4209-412a-b74e-2bd8e818021c,d37d167a-e253-4bf1-bf50-bfa4c95a4260,ACCEPTED,2025-03-02T09:03:00,2025-03-02T09:13:00,2025-03-02T09:13:00,,2025-03-02T09:03:00
aea9d53c-db83-494c-a694-52eb24d990d4,5da1fdcf-4209-412a-b74e-2bd8e818021c,8342ece1-dc13-431d-b735-f045953e170d,DECLINED,2025-03-02T09:08:00,2025-03-02T09:28:00,,,2025-03-02T09:08:00
cdc71c49-925d-4a27-9026-2fe21dc48e64,1a5545f6-abf2-4ebe-9842-152b11ca2c94,cc823700-76b8-4614-9bae-555be744cc6e,ACCEPTED,2025-03-02T13:53:00,2025-03-02T14:08:00,2025-03-02T14:08:00,,2025-03-02T13:53:00
514640f2-e7a1-4865-a528-37f14ab2364c,1a5545f6-abf2-4ebe-9842-152b11ca2c94,2b53fe55-2a72-4432-a6b9-13c5a851be2a,COMPLETED,2025-03-02T13:53:00,2025-03-02T13:54:00,2025-03-02T13:54:00,2025-03-02T16:53:00,2025-03-02T13:53:00
ee994af9-301f-4a0e-8711-c6d98cafbb81,1a5545f6-abf2-4ebe-9842-152b11ca2c94,e407e92f-fbeb-4577-975a-db39c26f5872,COMPLETED,2025-03-02T13:53:00,2025-03-02T13:55:00,2025-03-02T13:55:00,2025-03-02T15:53:00,2025-03-02T13:53:00
d03d0acf-f0ac-42b0-89a6-fa3348998dad,1a5545f6-abf2-4ebe-9842-152b11ca2c94,8ffc4077-593e-43ff-990a-16a84fd422b4,COMPLETED,2025-03-02T13:54:00,2025-03-02T14:08:00,2025-03-02T14:08:00,2025-03-02T14:54:00,2025-03-02T13:54:00
f7c80ec7-a5c6-4b34-9b41-48dcbdfd498a,1a5545f6-abf2-4ebe-9842-152b11ca2c94,aa77487c-31e8-47c0-83d6-5c4fb9f9dc95,EXPIRED,2025-03-02T14:01:00,,,,2025-03-02T14:01:00
d5a53430-5c07-4fe4-b215-1887808023c1,1a5545f6-abf2-4ebe-9842-152b11ca2c94,a927ec13-1431-4870-8c63-e98dc7bad4b8,ACCEPTED,2025-03-02T14:03:00,2025-03-02T14:16:00,2025-03-02T14:16:00,,2025-03-02T14:03:00
da167898-86a3-4083-a524-76f77918c683,10247234-f538-4e24-923f-27098ce88777,b31f3223-35d1-446c-9991-79665d0b1ef3,ACCEPTED,2025-03-02T22:58:00,2025-03-02T23:06:00,2025-03-02T23:06:00,,2025-03-02T22:58:00
464bb456-4867-4422-9983-03e01e37949e,10247234-f538-4e24-923f-27098ce88777,58d8deb5-5531-43c5-81ae-7352d2d2b8c9,DECLINED,2025-03-02T22:59:00,2025-03-02T23:04:00,,,2025-03-02T22:59:00
657496f5-6142-49d8-be47-f607c2b96ad1,10247234-f538-4e24-923f-27098ce88777,40e2e31f-1e2d-4f70-9de8-91ad096fe41a,NO_RESPONSE,2025-03-02T23:05:00,,,,2025-03-02T23:05:00
45c3e837-44c8-4aa5-b6f9-812a64f4dcdb,10247234-f538-4e24-923f-27098ce88777,cc823700-76b8-4614-9bae-555be744cc6e,ACCEPTED,2025-03-02T23:06:00,2025-03-02T23:09:00,2025-03-02T23:09:00,,2025-03-02T23:06:00
b287a966-1fcd-4d0d-a3f1-fe5d12d13709,10247234-f538-4e24-923f-27098ce88777,dbebf1a3-387d-417a-abcb-ebdd3d136562,COMPLETED,2025-03-02T23:07:00,2025-03-02T23:14:00,2025-03-02T23:14:00,2025-03-03T00:07:00,2025-03-02T23:07:00
9e024530-5af7-4829-a782-7793481f0bd9,7d635cbd-57ac-45c0-85aa-4a3bd58f6b05,ae85aaf6-cc9f-4c74-a816-5214f35ad158,ACCEPTED,2025-03-03T05:15:00,2025-03-03T05:18:00,2025-03-03T05:18:00,,2025-03-03T05:15:00
d98190c6-480a-440b-896d-26f205930457,7d635cbd-57ac-45c0-85aa-4a3bd58f6b05,977055e7-58dc-4d79-b576-2feb17172418,ACCEPTED,2025-03-03T05:16:00,2025-03-03T05:30:00,2025-03-03T05:30:00,,2025-03-03T05:16:00
2ade810b-3f1f-4614-8637-1f5292871400,e91603c1-d454-4bfa-b259-e4c81f0e733e,1f07a96f-aedb-4b8a-b298-4bb359530928,ACCEPTED,2025-03-03T14:13:00,2025-03-03T14:25:00,2025-03-03T14:25:00,,2025-03-03T14:13:00
0e623055-ef4e-4a6d-b9d8-84bba55493fd,e91603c1-d454-4bfa-b259-e4c81f0e733e,c0eaa600-b15c-463a-b278-86b3ca57fd5c,COMPLETED,2025-03-03T14:16:00,2025-03-03T14:28:00,2025-03-03T14:28:00,2025-03-03T17:16:00,2025-03-03T14:16:00
d922e941-10e7-465b-99f5-47981df98b5e,e91603c1-d454-4bfa-b259-e4c81f0e733e,6f397cf4-9959-4fad-93f5-e6397f2f273d,ACCEPTED,2025-03-03T14:17:00,2025-03-03T14:27:00,2025-03-03T14:27:00,,2025-03-03T14:17:00
90b3e9a0-af1a-4345-8f8c-eceebbd32842,e91603c1-d454-4bfa-b259-e4c81f0e733e,e10f8499-9444-4031-828d-33425d7476a6,ACCEPTED,2025-03-03T14:23:00,2025-03-03T14:36:00,2025-03-03T14:36:00,,2025-03-03T14:23:00
260b7ceb-3063-470b-a333-93bd53ff1c7a,e91603c1-d454-4bfa-b259-e4c81f0e733e,6c841b96-0d6c-4d4f-a647-602aca520949,ACCEPTED,2025-03-03T14:26:00,2025-03-03T14:40:00,2025-03-03T14:40:00,,2025-03-03T14:26:00
f88844a7-91ef-4307-8404-89a65b09b8fc,da21cbdb-4062-49c4-9ee7-38edeff297a9,2d67b8f1-6839-41a5-a4f9-ed87959a5394,ACCEPTED,2025-03-03T16:36:00,2025-03-03T16:40:00,2025-03-03T16:40:00,,2025-03-03T16:36:00
8c3152de-6fdc-4df3-923c-71f231e81e90,da21cbdb-4062-49c4-9ee7-38edeff297a9,a77bcc83-4a3d-492d-bcd8-592aba88fc9d,ACCEPTED,2025-03-03T16:36:00,2025-03-03T16:39:00,2025-03-03T16:39:00,,2025-03-03T16:36:00
78f582a8-9b54-48fd-a7c1-a0b75f4f8154,da21cbdb-4062-49c4-9ee7-38edeff297a9,4b4303f9-d680-4320-80ac-0fc7377998df,COMPLETED,2025-03-03T16:37:00,2025-03-03T16:48:00,2025-03-03T16:48:00,2025-03-03T18:37:00,2025-03-03T16:37:00
7ddc0e89-ce54-4f0f-9700-f23463fb87f7,da21cbdb-4062-49c4-9ee7-38edeff297a9,cde8f468-ab23-43e9-8462-c07f508baa7f,ACCEPTED,2025-03-03T16:39:00,2025-03-03T16:54:00,2025-03-03T16:54:00,,2025-03-03T16:39:00
5e38afaa-f64a-48b5-964c-14c6b5bd2720,da21cbdb-4062-49c4-9ee7-38edeff297a9,27f63174-92e0-4ec5-a8d6-df307aa20f3b,DECLINED,2025-03-03T16:41:00,2025-03-03T16:58:00,,,2025-03-03T16:41:00
79085df7-eb52-4917-9363-dd83a07daab4,da21cbdb-4062-49c4-9ee7-38edeff297a9,5d69d39a-573c-4fc2-b61f-084eeb974f10,MISSED,2025-03-03T16:45:00,,,,2025-03-03T16:45:00
06dc8ec4-a3b7-4934-bbbb-a5df573f88da,72a65a88-4b89-423d-8916-e8f48ab48487,6808b218-ad45-4d5a-8374-ac96bd2f9e51,MISSED,2025-03-03T18:07:00,,,,2025-03-03T18:07:00
54ec65d7-c720-472f-ac49-5bc5d463f9cf,72a65a88-4b89-423d-8916-e8f48ab48487,74de697e-ecd0-4975-8057-f21088a888b4,EXPIRED,2025-03-03T18:15:00,,,,2025-03-03T18:15:00
135f3a6f-bd83-4f1d-b516-6c8879b24c35,72a65a88-4b89-423d-8916-e8f48ab48487,c1a1cac9-8c8d-4709-b171-00b08bdbc45b,ACCEPTED,2025-03-03T18:17:00,2025-03-03T18:29:00,2025-03-03T18:29:00,,2025-03-03T18:17:00
5d03d206-8256-490e-b61f-fef72716d313,1e6715c8-c7c8-4751-8663-4a2713fd59b0,1711dff0-5b73-4336-ae3e-5003955b231a,ACCEPTED,2025-03-03T18:34:00,2025-03-03T18:37:00,2025-03-03T18:37:00,,2025-03-03T18:34:00
7cf0003c-6e03-45bb-a332-1edf970263ba,1e6715c8-c7c8-4751-8663-4a2713fd59b0,6b1ba131-fea8-4018-9f7b-bb75d5846414,ACCEPTED,2025-03-03T18:38:00,2025-03-03T18:49:00,2025-03-03T18:49:00,,2025-03-03T18:38:00
5135a7a0-ea91-455d-8b38-b15b3a7571eb,1e6715c8-c7c8-4751-8663-4a2713fd59b0,543b149c-d59c-49f5-bb4f-e6ac6bd72dd3,ACCEPTED,2025-03-03T18:40:00,2025-03-03T18:48:00,2025-03-03T18:48:00,,2025-03-03T18:40:00
e9f97933-4fef-4bd2-a253-3813f8b7a4ae,1e6715c8-c7c8-4751-8663-4a2713fd59b0,f2f92179-5d28-4944-970e-4735cb6d6a92,COMPLETED,2025-03-03T18:44:00,2025-03-03T18:59:00,2025-03-03T18:59:00,2025-03-03T20:44:00,2025-03-03T18:44:00
ff2b955b-53a3-4454-bab4-02a9ee3a1223,1e6715c8-c7c8-4751-8663-4a2713fd59b0,7689a61a-5823-4dd9-8e3c-29c2d4415219,NO_RESPONSE,2025-03-03T18:45:00,,,,2025-03-03T18:45:00
a987153f-dba7-4070-9266-765897d0bc7d,1e6715c8-c7c8-4751-8663-4a2713fd59b0,91080d43-a198-4089-b53a-109a95c5e635,COMPLETED,2025-03-03T18:47:00,2025-03-03T18:55:00,2025-03-03T18:55:00,2025-03-03T19:47:00,2025-03-03T18:47:00
1348c8bf-4ffc-47f4-bcc8-e4488acaf3af,25c31e1b-8355-404a-83c9-78ca8b128d13,cbfa701d-d50d-4cb5-a221-792b267c1d82,NO_RESPONSE,2025-03-03T19:44:00,,,,2025-03-03T19:44:00
7440494e-646b-48e1-8820-f8b0eeb68272,25c31e1b-8355-404a-83c9-78ca8b128d13,3fe93771-22fd-4ee6-a769-9f85123cf7bb,COMPLETED,2025-03-03T19:54:00,2025-03-03T19:55:00,2025-03-03T19:55:00,2025-03-03T21:54:00,2025-03-03T19:54:00
99bf650c-5350-40ff-83b6-8a00c831a5f4,74e6a306-c735-414f-8b86-941b80830e8c,866f151d-9b2b-4c13-9341-f46f866efb61,COMPLETED,2025-03-04T02:28:00,2025-03-04T02:29:00,2025-03-04T02:29:00,2025-03-04T05:28:00,2025-03-04T02:28:00
8b7ac977-0921-48a5-835a-e6be95dd1569,74e6a306-c735-414f-8b86-941b80830e8c,45b7f813-0851-4a27-a617-8d51f11199e0,COMPLETED,2025-03-04T02:35:00,2025-03-04T02:45:00,2025-03-04T02:45:00,2025-03-04T04:35:00,2025-03-04T02:35:00
e0ec9157-56af-4d19-83d4-d31032f53999,74e6a306-c735-414f-8b86-941b80830e8c,ed3b9800-2f5e-489d-92bb-8bb1332538be,COMPLETED,2025-03-04T02:35:00,2025-03-04T02:50:00,2025-03-04T02:50:00,2025-03-04T04:35:00,2025-03-04T02:35:00
05f8e560-9d06-43ec-be98-d4daad9edfbc,74e6a306-c735-414f-8b86-941b80830e8c,1693939d-11cb-4a60-bfb6-8f2fec00eb4f,NO_RESPONSE,2025-03-04T02:36:00,,,,2025-03-04T02:36:00
3b610e53-1881-4e2a-8470-9cdfc5a54aab,22e8d47a-bd70-4676-85aa-1d6504952cc3,985ab403-ddfd-47f6-9b98-9ce2f7dcd16e,ACCEPTED,2025-03-04T06:53:00,2025-03-04T06:56:00,2025-03-04T06:56:00,,2025-03-04T06:53:00
4e262308-01b1-40e0-bd15-52a5fd642d42,22e8d47a-bd70-4676-85aa-1d6504952cc3,468555a1-384e-4985-9c39-f4333176e51f,COMPLETED,2025-03-04T06:54:00,2025-03-04T06:57:00,2025-03-04T06:57:00,2025-03-04T08:54:00,2025-03-04T06:54:00
8806248c-5986-466d-9242-bb244cb90812,22e8d47a-bd70-4676-85aa-1d6504952cc3,664b1167-88df-4fdd-afcb-3e9296fb4ad6,COMPLETED,2025-03-04T06:54:00,2025-03-04T06:55:00,2025-03-04T06:55:00,2025-03-04T09:54:00,2025-03-04T06:54:00
0270855d-c049-49aa-88a7-a4a0b693620d,22e8d47a-bd70-4676-85aa-1d6504952cc3,77328cba-6ede-4bbd-b0b3-4810c8e8f09e,ACCEPTED,2025-03-04T06:56:00,2025-03-04T07:05:00,2025-03-04T07:05:00,,2025-03-04T06:56:00
ffa36625-203b-4ce2-8a71-9953bac652aa,22e8d47a-bd70-4676-85aa-1d6504952cc3,6f397cf4-9959-4fad-93f5-e6397f2f273d,ACCEPTED,2025-03-04T07:01:00,2025-03-04T07:08:00,2025-03-04T07:08:00,,2025-03-04T07:01:00
d1f61fb8-7eb7-46b3-acce-ae236e71dd4b,9f4e9c94-7296-47f3-9d70-9ad0c2d15e2c,03dd11aa-3bce-44bb-af81-d893187d3f9b,ACCEPTED,2025-03-04T10:08:00,2025-03-04T10:18:00,2025-03-04T10:18:00,,2025-03-04T10:08:00
47e1c606-4c1f-4545-85d8-abfe409ed1cf,9f4e9c94-7296-47f3-9d70-9ad0c2d15e2c,003d6f49-5fb1-4dd6-a54d-b1bc078eb57e,ACCEPTED,2025-03-04T10:17:00,2025-03-04T10:27:00,2025-03-04T10:27:00,,2025-03-04T10:17:00
77850017-0f1d-4f78-9e41-e483442b7aa4,95624fd2-2b5c-40f6-90d4-65f631741261,cb3c9262-005e-4dcb-a8e5-a2c3920ffe15,ACCEPTED,2025-03-04T12:26:00,2025-03-04T12:37:00,2025-03-04T12:37:00,,2025-03-04T12:26:00
ab3f9ba8-df55-4e41-a015-cfd3ea784d7e,95624fd2-2b5c-40f6-90d4-65f631741261,a77bcc83-4a3d-492d-bcd8-592aba88fc9d,NO_RESPONSE,2025-03-04T12:27:00,,,,2025-03-04T12:27:00
f5a8874b-4573-4367-a217-dbf0efd1ce2c,95624fd2-2b5c-40f6-90d4-65f631741261,606e67ca-9ccf-47a9-951e-95c0bc77f20d,ACCEPTED,2025-03-04T12:38:00,2025-03-04T12:41:00,2025-03-04T12:41:00,,2025-03-04T12:38:00
5a70f9db-fb91-45a8-84f8-826abad8106b,b744e486-8080-4d72-ac5e-29594f5c9039,12fc0202-67a8-417a-a936-b348c6432014,ACCEPTED,2025-03-04T17:12:00,2025-03-04T17:22:00,2025-03-04T17:22:00,,2025-03-04T17:12:00
95ae576f-f0af-4382-b962-f37ca974072e,b744e486-8080-4d72-ac5e-29594f5c9039,b822f3f2-bc12-474d-9f5a-b3cef19341f0,COMPLETED,2025-03-04T17:14:00,2025-03-04T17:19:00,2025-03-04T17:19:00,2025-03-04T18:14:00,2025-03-04T17:14:00
34cb00ce-3f5f-426f-bbac-c78b0db94756,b744e486-8080-4d72-ac5e-29594f5c9039,dd3c9c80-9a9d-4efd-a8fc-06ac9e8600c4,ACCEPTED,2025-03-04T17:15:00,2025-03-04T17:26:00,2025-03-04T17:26:00,,2025-03-04T17:15:00
a86c4c54-9980-4815-82a2-3fb93a81e7a4,b744e486-8080-4d72-ac5e-29594f5c9039,dbebf1a3-387d-417a-abcb-ebdd3d136562,ACCEPTED,2025-03-04T17:19:00,2025-03-04T17:26:00,2025-03-04T17:26:00,,2025-03-04T17:19:00
9fb03f38-b577-404f-9bcd-534c7badedbf,b744e486-8080-4d72-ac5e-29594f5c9039,468555a1-384e-4985-9c39-f4333176e51f,COMPLETED,2025-03-04T17:22:00,2025-03-04T17:36:00,2025-03-04T17:36:00,2025-03-04T18:22:00,2025-03-04T17:22:00
58ef606a-b0e3-4d80-b00c-a0580db3731c,f23262d8-dbef-408b-a9a0-554ed7ac870b,8465564b-f0a3-4480-b044-c0a4cf6d01a0,ACCEPTED,2025-03-04T17:50:00,2025-03-04T17:57:00,2025-03-04T17:57:00,,2025-03-04T17:50:00
f309409b-1b5f-440a-9428-fa38dc577468,f23262d8-dbef-408b-a9a0-554ed7ac870b,7689a61a-5823-4dd9-8e3c-29c2d4415219,ACCEPTED,2025-03-04T17:53:00,2025-03-04T18:01:00,2025-03-04T18:01:00,,2025-03-04T17:53:00
7207464b-aa6a-40f4-8167-df2d52f2b7a3,acf46f74-1320-4f09-998e-6a4fb8b1878e,d2d58d90-c3b6-419c-80fc-cd468552f315,COMPLETED,2025-03-04T22:14:00,2025-03-04T22:29:00,2025-03-04T22:29:00,2025-03-05T00:14:00,2025-03-04T22:14:00
d934838e-aad0-4f7d-873e-03f42da9b617,acf46f74-1320-4f09-998e-6a4fb8b1878e,ba654c1d-96a2-4ce2-96bf-a37bb05c6b58,DECLINED,2025-03-04T22:14:00,2025-03-04T22:19:00,,,2025-03-04T22:14:00
506ab615-abb2-4b95-bc50-5d203b7ae291,cd68741f-d730-4557-af96-3e73f484dc42,a2c7df0e-ef10-4dcc-aaed-b693b2b5db03,DECLINED,2025-03-04T23:34:00,2025-03-04T23:51:00,,,2025-03-04T23:34:00
dcf93f73-ce2b-460d-bbe3-5c86ffc58b05,cd68741f-d730-4557-af96-3e73f484dc42,439e88c8-d95f-4954-bd8f-aec912f08cc1,EXPIRED,2025-03-04T23:35:00,,,,2025-03-04T23:35:00
75355a56-a397-46da-8716-887a07c4c660,cd68741f-d730-4557-af96-3e73f484dc42,804fa05c-3d11-4c0b-acfe-70a082a82e75,ACCEPTED,2025-03-04T23:36:00,2025-03-04T23:45:00,2025-03-04T23:45:00,,2025-03-04T23:36:00
16310c38-da2d-494a-a1db-2ecc51548493,cd68741f-d730-4557-af96-3e73f484dc42,b2bf9e98-85b8-494e-b4cc-bd65231bcd14,ACCEPTED,2025-03-04T23:37:00,2025-03-04T23:43:00,2025-03-04T23:43:00,,2025-03-04T23:37:00
34ee666d-34d1-4d42-bcf1-5f5080ed0315,cd68741f-d730-4557-af96-3e73f484dc42,c6725451-3108-4aec-a1da-c4cd931af67d,MISSED,2025-03-04T23:45:00,,,,2025-03-04T23:45:00
ab772f4e-ce87-42ed-b96f-707aa3d3d219,cd68741f-d730-4557-af96-3e73f484dc42,cd532bc0-2367-446e-8e57-68c7cd6101f6,ACCEPTED,2025-03-04T23:45:00,2025-03-04T23:59:00,2025-03-04T23:59:00,,2025-03-04T23:45:00
fe5870cb-5ca0-4356-9aea-4bcc61f0bb03,2c4f5002-8121-475d-a4a7-186886e4aae5,346ece9f-9eed-4c58-95d7-1c3e38d7cceb,ACCEPTED,2025-03-05T07:08:00,2025-03-05T07:17:00,2025-03-05T07:17:00,,2025-03-05T07:08:00
2d4dd202-2a77-4d76-812c-c6516a199f6c,2c4f5002-8121-475d-a4a7-186886e4aae5,c541fa0d-e389-41e3-8fbc-f794813f5148,ACCEPTED,2025-03-05T07:08:00,2025-03-05T07:17:00,2025-03-05T07:17:00,,2025-03-05T07:08:00
121a0b1d-539e-40c7-abcd-47d854d58097,043dd752-387a-4235-a01d-beb54e61252a,346ece9f-9eed-4c58-95d7-1c3e38d7cceb,NO_RESPONSE,2025-03-05T07:25:00,,,,2025-03-05T07:25:00
bd77530d-0439-4ea5-ad78-69d1aa5e74d9,043dd752-387a-4235-a01d-beb54e61252a,cbfa701d-d50d-4cb5-a221-792b267c1d82,ACCEPTED,2025-03-05T07:26:00,2025-03-05T07:39:00,2025-03-05T07:39:00,,2025-03-05T07:26:00
517ae651-2e87-4aed-ba58-c01f84075560,043dd752-387a-4235-a01d-beb54e61252a,dd1ab9ef-a26d-487b-9f4e-071ae247a999,COMPLETED,2025-03-05T07:33:00,2025-03-05T07:48:00,2025-03-05T07:48:00,2025-03-05T10:33:00,2025-03-05T07:33:00
9b0ae67b-b108-4bc3-a216-ea9c8e9154d7,043dd752-387a-4235-a01d-beb54e61252a,7b16f6d6-0f6b-446d-89fe-87723b0ad83c,ACCEPTED,2025-03-05T07:38:00,2025-03-05T07:41:00,2025-03-05T07:41:00,,2025-03-05T07:38:00
cdcb1985-ee57-4e84-b313-063c9391c766,6dcf1451-4a8e-40cb-bd6a-05d1ae883a2d,1dc62eea-d501-4cc2-8b28-21af417cd2bd,COMPLETED,2025-03-05T07:45:00,2025-03-05T07:56:00,2025-03-05T07:56:00,2025-03-05T10:45:00,2025-03-05T07:45:00
5f9415aa-16df-4237-849d-071b7ef5e2fb,6dcf1451-4a8e-40cb-bd6a-05d1ae883a2d,6c25e2ff-8bc0-4abc-a978-052ba5e4650a,ACCEPTED,2025-03-05T07:48:00,2025-03-05T08:00:00,2025-03-05T08:00:00,,2025-03-05T07:48:00
082b1783-4a78-4bca-8750-a2155a6edc92,db4ef39e-7d79-46d8-9a73-85d59eb62bc3,d25bbe98-216b-4faf-8f76-0d3dd2269a66,ACCEPTED,2025-03-05T08:44:00,2025-03-05T08:56:00,2025-03-05T08:56:00,,2025-03-05T08:44:00
fb5a246b-1401-4466-aa7e-cebd4b0fa5fe,db4ef39e-7d79-46d8-9a73-85d59eb62bc3,3d9f3b15-c774-4537-9706-6a9c0ce3bcd0,NO_RESPONSE,2025-03-05T08:50:00,,,,2025-03-05T08:50:00
3fb60ca7-11c4-49cd-8139-150085bba57a,6f7d1bec-4436-42ee-ba06-0551bac0f905,dd3c9c80-9a9d-4efd-a8fc-06ac9e8600c4,ACCEPTED,2025-03-05T14:53:00,2025-03-05T15:04:00,2025-03-05T15:04:00,,2025-03-05T14:53:00
1638083a-fcfd-4273-bb0f-c2cba90a2b84,6f7d1bec-4436-42ee-ba06-0551bac0f905,27f63174-92e0-4ec5-a8d6-df307aa20f3b,ACCEPTED,2025-03-05T15:01:00,2025-03-05T15:06:00,2025-03-05T15:06:00,,2025-03-05T15:01:00
6806fcdb-d964-4de2-8bf5-de04bcd49285,6f7d1bec-4436-42ee-ba06-0551bac0f905,bfe8f73a-9210-4c1c-b628-3cea7b8977ae,ACCEPTED,2025-03-05T15:06:00,2025-03-05T15:16:00,2025-03-05T15:16:00,,2025-03-05T15:06:00
6cf0ce0d-de50-4701-8b07-d4853c2e243c,c1d032b8-c93e-4035-a7e6-b00b5ca6c42e,f7f1655c-f8c2-4296-91c4-9f8f570ad765,ACCEPTED,2025-03-05T16:52:00,2025-03-05T16:53:00,2025-03-05T16:53:00,,2025-03-05T16:52:00
43fa507e-3517-4011-b5a8-e6d4dfc76b87,c1d032b8-c93e-4035-a7e6-b00b5ca6c42e,2e3af94c-8ff5-4a35-ac8a-571d4fa070d4,COMPLETED,2025-03-05T16:54:00,2025-03-05T17:02:00,2025-03-05T17:02:00,2025-03-05T17:54:00,2025-03-05T16:54:00
139c727f-b5b5-4fff-b09e-cb53b7d27638,c1d032b8-c93e-4035-a7e6-b00b5ca6c42e,3f562206-66c9-45c7-94e1-a9dfde284d1b,ACCEPTED,2025-03-05T16:54:00,2025-03-05T17:08:00,2025-03-05T17:08:00,,2025-03-05T16:54:00
528b1963-0f68-444c-b6c8-afe9dc2c6401,c1d032b8-c93e-4035-a7e6-b00b5ca6c42e,a88bf6b5-168a-42ee-bea7-b40defa21e24,ACCEPTED,2025-03-05T16:56:00,2025-03-05T17:01:00,2025-03-05T17:01:00,,2025-03-05T16:56:00
73b66590-d308-4e7a-89a9-b8ceeb98ac8e,c1d032b8-c93e-4035-a7e6-b00b5ca6c42e,a0b1bd76-723b-4abd-bf35-77c31a4185e5,NO_RESPONSE,2025-03-05T16:56:00,,,,2025-03-05T16:56:00
6d1aec1b-04ab-4429-94e8-ea7504d31552,c1d032b8-c93e-4035-a7e6-b00b5ca6c42e,28309fde-6955-4852-ae11-f09951df357a,COMPLETED,2025-03-05T16:57:00,2025-03-05T17:07:00,2025-03-05T17:07:00,2025-03-05T18:57:00,2025-03-05T16:57:00
d781df3e-8889-4d1f-a083-bae151b1943e,065f8c31-e121-4bc9-a3aa-87591821c585,1693939d-11cb-4a60-bfb6-8f2fec00eb4f,COMPLETED,2025-03-05T21:18:00,2025-03-05T21:27:00,2025-03-05T21:27:00,2025-03-06T00:18:00,2025-03-05T21:18:00
580523d4-80dc-4fdd-be56-276a144f5d8d,065f8c31-e121-4bc9-a3aa-87591821c585,20973b43-2cf6-456f-b7bc-c097d6343c32,EXPIRED,2025-03-05T21:19:00,,,,2025-03-05T21:19:00
5ec434c9-908e-426f-8729-6dad94421400,ea909c50-6ba6-426c-b6c4-8b3ad87ad188,a9192324-9347-4f6f-998a-20066ce0209e,COMPLETED,2025-03-05T23:17:00,2025-03-05T23:20:00,2025-03-05T23:20:00,2025-03-06T02:17:00,2025-03-05T23:17:00
8880c320-c2c5-4bfd-845d-9739738f359b,ea909c50-6ba6-426c-b6c4-8b3ad87ad188,d6b5ae43-d86a-4b5f-abd6-b4e06091ee44,ACCEPTED,2025-03-05T23:19:00,2025-03-05T23:20:00,2025-03-05T23:20:00,,2025-03-05T23:19:00
72229738-0165-498a-a59a-17ac1cc7e464,ea909c50-6ba6-426c-b6c4-8b3ad87ad188,075750fe-b6ad-4c6a-a4e3-91e723ad0bdf,ACCEPTED,2025-03-05T23:21:00,2025-03-05T23:32:00,2025-03-05T23:32:00,,2025-03-05T23:21:00
748c6da0-6b93-4c1a-94c9-3fa1dc7fb93d,ea909c50-6ba6-426c-b6c4-8b3ad87ad188,02ab37f8-95ba-4069-b113-066bd5d1f267,ACCEPTED,2025-03-05T23:22:00,2025-03-05T23:23:00,2025-03-05T23:23:00,,2025-03-05T23:22:00
8ab316fd-27e0-4180-9a53-bd55ddd9095c,ea909c50-6ba6-426c-b6c4-8b3ad87ad188,0f830c26-3d4f-4cf5-81cf-08041535d161,DECLINED,2025-03-05T23:26:00,2025-03-05T23:35:00,,,2025-03-05T23:26:00
deca3ee5-764b-4c48-8c03-cac38342a64d,7836523c-3def-483e-82b4-f40f7e766497,d2fbf799-2a03-4408-8c26-4fc239c5d4fc,COMPLETED,2025-03-06T02:10:00,2025-03-06T02:12:00,2025-03-06T02:12:00,2025-03-06T04:10:00,2025-03-06T02:10:00
bad2f1a4-81f2-46cd-ae58-0b6a09630c5f,7836523c-3def-483e-82b4-f40f7e766497,ba816062-c1ac-43da-97de-4c1216324bb5,EXPIRED,2025-03-06T02:12:00,,,,2025-03-06T02:12:00
ea0fe57f-d454-44cd-a747-db3691723a51,7836523c-3def-483e-82b4-f40f7e766497,d0541b7a-d91a-4f60-a3c9-55e8ae5577b7,ACCEPTED,2025-03-06T02:12:00,2025-03-06T02:23:00,2025-03-06T02:23:00,,2025-03-06T02:12:00
833bdc80-9188-47f9-875d-d73ab595edb8,7836523c-3def-483e-82b4-f40f7e766497,4cad0555-38c1-454b-8686-939facccb986,ACCEPTED,2025-03-06T02:13:00,2025-03-06T02:14:00,2025-03-06T02:14:00,,2025-03-06T02:13:00
f19046a8-e827-4cba-ac82-09eaa734b037,7836523c-3def-483e-82b4-f40f7e766497,89b16628-7a7b-4967-800e-f441e05d2779,ACCEPTED,2025-03-06T02:13:00,2025-03-06T02:23:00,2025-03-06T02:23:00,,2025-03-06T02:13:00
94cb11b1-411f-421c-b331-dadf20a16be0,32a50a77-71fe-4fd6-9fed-018f4bd0fcae,d6f6800e-5c63-432b-93d2-8d7c32142867,ACCEPTED,2025-03-06T05:16:00,2025-03-06T05:20:00,2025-03-06T05:20:00,,2025-03-06T05:16:00
a8e8ffd6-2e97-402e-b31b-6cc14c97d476,32a50a77-71fe-4fd6-9fed-018f4bd0fcae,1f112d30-78c2-428c-a403-aea38638cdce,ACCEPTED,2025-03-06T05:17:00,2025-03-06T05:23:00,2025-03-06T05:23:00,,2025-03-06T05:17:00
d4429a3b-eec1-454a-ad0b-5af8a132a603,32a50a77-71fe-4fd6-9fed-018f4bd0fcae,aa77487c-31e8-47c0-83d6-5c4fb9f9dc95,ACCEPTED,2025-03-06T05:18:00,2025-03-06T05:33:00,2025-03-06T05:33:00,,2025-03-06T05:18:00
ab3afcd1-4379-4543-870b-a3a29ce30b1b,2e429260-49c2-4d92-8ad3-82356f3328fe,05088ba7-5428-4853-8cc9-e76f460fddd4,NO_RESPONSE,2025-03-06T06:44:00,,,,2025-03-06T06:44:00
6651a577-b1e7-45c7-a2a3-b6da4e89e753,2e429260-49c2-4d92-8ad3-82356f3328fe,02ab37f8-95ba-4069-b113-066bd5d1f267,COMPLETED,2025-03-06T06:46:00,2025-03-06T06:54:00,2025-03-06T06:54:00,2025-03-06T09:46:00,2025-03-06T06:46:00
7789dfe9-5af4-479c-bb52-bbfc6b640aaf,2e429260-49c2-4d92-8ad3-82356f3328fe,643a2cfd-c940-4060-89e8-05b38ecebd84,ACCEPTED,2025-03-06T06:54:00,2025-03-06T07:04:00,2025-03-06T07:04:00,,2025-03-06T06:54:00
2a3a27ab-d5dc-4c7c-ad5c-6fcb6209dd14,709d28e1-8348-43d4-871d-62d991873b7e,2c3db408-b5ed-488b-889b-94d27474e75e,ACCEPTED,2025-03-06T08:46:00,2025-03-06T08:55:00,2025-03-06T08:55:00,,2025-03-06T08:46:00
d62ecf46-8689-48e2-9094-38554402fc50,709d28e1-8348-43d4-871d-62d991873b7e,8a40fb38-7cf4-468d-954f-bebd5270f111,COMPLETED,2025-03-06T08:46:00,2025-03-06T09:01:00,2025-03-06T09:01:00,2025-03-06T09:46:00,2025-03-06T08:46:00
6068be63-f171-4e8e-9288-b7ab8be50ca7,709d28e1-8348-43d4-871d-62d991873b7e,93125440-01af-4643-ac94-7c4da12295ea,NO_RESPONSE,2025-03-06T08:48:00,,,,2025-03-06T08:48:00
bf4550f7-a3cc-4c28-97ef-f9ea8ec23160,709d28e1-8348-43d4-871d-62d991873b7e,29863a10-f78d-4e41-9aa9-3e446b4fe73f,ACCEPTED,2025-03-06T08:49:00,2025-03-06T08:53:00,2025-03-06T08:53:00,,2025-03-06T08:49:00
4394d907-ca28-4532-b8c1-dbb06c72e288,709d28e1-8348-43d4-871d-62d991873b7e,5578cdc0-e19a-4fb1-909f-349d3abc4652,DECLINED,2025-03-06T08:50:00,2025-03-06T08:58:00,,,2025-03-06T08:50:00
d0a47e36-979a-4833-80af-ff8815a68422,709d28e1-8348-43d4-871d-62d991873b7e,5805c9e4-e8a0-4c33-9ca3-70004d94c948,COMPLETED,2025-03-06T08:54:00,2025-03-06T09:02:00,2025-03-06T09:02:00,2025-03-06T10:54:00,2025-03-06T08:54:00
788055cc-dfd9-4af8-b41a-78a55d248e55,1fc27add-58c2-449d-b4de-260f1a1b444a,0f7ef1f5-00e2-4bab-b4de-83cd6652f636,ACCEPTED,2025-03-06T16:22:00,2025-03-06T16:31:00,2025-03-06T16:31:00,,2025-03-06T16:22:00
f08ab0d6-765a-46bd-87df-97b58e43efe3,537ccf62-bf0d-447b-9190-3b3b7caff389,6a9c2430-d23f-4e3a-9d23-36289b5ec791,COMPLETED,2025-03-06T16:23:00,2025-03-06T16:35:00,2025-03-06T16:35:00,2025-03-06T17:23:00,2025-03-06T16:23:00
eea65711-5b18-4f86-a042-f326ce7f4a00,58f813f2-2e70-41f8-95c5-813e9a1ce849,86adaeeb-d381-4c0f-87c8-ba59ce1cad28,ACCEPTED,2025-03-06T16:24:00,2025-03-06T16:28:00,2025-03-06T16:28:00,,2025-03-06T16:24:00
f9c15135-463b-4e87-af2e-abad268dbd30,58f813f2-2e70-41f8-95c5-813e9a1ce849,78548b9a-a9e8-46f5-9d4b-45f2377b352b,MISSED,2025-03-06T16:26:00,,,,2025-03-06T16:26:00
2d32b519-0dd3-44a3-90fa-d39cc2eab8fa,537ccf62-bf0d-447b-9190-3b3b7caff389,b649daf0-45a0-4879-bceb-08f29bf19ce2,ACCEPTED,2025-03-06T16:26:00,2025-03-06T16:37:00,2025-03-06T16:37:00,,2025-03-06T16:26:00
1f99c391-9380-4ac4-859e-12ca8b715fc8,537ccf62-bf0d-447b-9190-3b3b7caff389,42ea4e92-f7aa-4bae-ab07-f79963ba71a1,COMPLETED,2025-03-06T16:26:00,2025-03-06T16:41:00,2025-03-06T16:41:00,2025-03-06T18:26:00,2025-03-06T16:26:00
f979b23c-3cd3-45c4-8dff-b7b08089170e,58f813f2-2e70-41f8-95c5-813e9a1ce849,ef2b35e1-aedc-4a84-a9b0-5f90c4eca927,COMPLETED,2025-03-06T16:28:00,2025-03-06T16:34:00,2025-03-06T16:34:00,2025-03-06T18:28:00,2025-03-06T16:28:00
ebd61282-80e8-42dc-b11b-bddf04066ddd,537ccf62-bf0d-447b-9190-3b3b7caff389,f7f1655c-f8c2-4296-91c4-9f8f570ad765,ACCEPTED,2025-03-06T16:28:00,2025-03-06T16:43:00,2025-03-06T16:43:00,,2025-03-06T16:28:00
28b85025-4292-4443-89aa-6e18511b08cc,537ccf62-bf0d-447b-9190-3b3b7caff389,73461d9a-b17a-4f20-a132-39ca2f8c91ed,EXPIRED,2025-03-06T16:28:00,,,,2025-03-06T16:28:00
8a859c31-6a92-493a-89b1-9e1b768c2d85,58f813f2-2e70-41f8-95c5-813e9a1ce849,977055e7-58dc-4d79-b576-2feb17172418,COMPLETED,2025-03-06T16:32:00,2025-03-06T16:36:00,2025-03-06T16:36:00,2025-03-06T19:32:00,2025-03-06T16:32:00
cda4f1a4-1a45-43f1-bc13-2205d51d6eb2,1fc27add-58c2-449d-b4de-260f1a1b444a,1f112d30-78c2-428c-a403-aea38638cdce,DECLINED,2025-03-06T16:32:00,2025-03-06T16:41:00,,,2025-03-06T16:32:00
f455e177-185f-4be8-9459-7aceff7e9dc4,58f813f2-2e70-41f8-95c5-813e9a1ce849,885c50e2-3162-47fa-90f5-23d9287648cc,COMPLETED,2025-03-06T16:34:00,2025-03-06T16:47:00,2025-03-06T16:47:00,2025-03-06T17:34:00,2025-03-06T16:34:00
17672469-876c-40af-b6eb-5de8ed9473ad,a13d879c-cc09-4419-ba51-3ca9ea1672de,bf160ba0-ac86-4d11-b5e7-904beff9cc2d,ACCEPTED,2025-03-06T20:06:00,2025-03-06T20:21:00,2025-03-06T20:21:00,,2025-03-06T20:06:00
b5440557-9303-4134-b518-1af5d68400b1,a13d879c-cc09-4419-ba51-3ca9ea1672de,d2d58d90-c3b6-419c-80fc-cd468552f315,ACCEPTED,2025-03-06T20:07:00,2025-03-06T20:09:00,2025-03-06T20:09:00,,2025-03-06T20:07:00
599f86a1-eacb-4c9e-a96a-f97bae7a831f,a13d879c-cc09-4419-ba51-3ca9ea1672de,b31f3223-35d1-446c-9991-79665d0b1ef3,NO_RESPONSE,2025-03-06T20:08:00,,,,2025-03-06T20:08:00
6579f484-64b6-467e-891d-f05eac981822,7b8b4e21-a437-4580-b05c-c1319a1c3fc8,3e9272f3-ed0f-4e1e-9e75-ffeefc9ff8be,COMPLETED,2025-03-06T20:22:00,2025-03-06T20:32:00,2025-03-06T20:32:00,2025-03-06T22:22:00,2025-03-06T20:22:00
a99c0d1e-a26e-48ac-9745-ed8e98a07003,7b8b4e21-a437-4580-b05c-c1319a1c3fc8,4f49c613-b4ef-4840-9fd7-f80f9f0d844d,COMPLETED,2025-03-06T20:31:00,2025-03-06T20:41:00,2025-03-06T20:41:00,2025-03-06T21:31:00,2025-03-06T20:31:00
43896930-e69a-4b3a-9bb4-5a86c429c816,7b8b4e21-a437-4580-b05c-c1319a1c3fc8,1b1c6a4c-9521-43d0-af56-40e628a2cb1d,ACCEPTED,2025-03-06T20:31:00,2025-03-06T20:35:00,2025-03-06T20:35:00,,2025-03-06T20:31:00
c472eecc-3f4f-49db-9aff-0fbca70ce278,d5a26fce-d64d-4e82-a28d-0cf9f97b3c69,1f112d30-78c2-428c-a403-aea38638cdce,NO_RESPONSE,2025-03-06T21:37:00,,,,2025-03-06T21:37:00
6f8015d6-4600-4fa7-bb2b-c072c0581b63,d5a26fce-d64d-4e82-a28d-0cf9f97b3c69,b7e02dd5-bc57-4ce1-89ca-6341da919a60,COMPLETED,2025-03-06T21:40:00,2025-03-06T21:54:00,2025-03-06T21:54:00,2025-03-07T00:40:00,2025-03-06T21:40:00
934745b1-e0bf-45cc-ae4a-075a576a6134,d5a26fce-d64d-4e82-a28d-0cf9f97b3c69,273ddb7f-7af3-44a5-b945-f6705e9f338f,MISSED,2025-03-06T21:41:00,,,,2025-03-06T21:41:00
9d55d486-2ccb-4019-84e6-785c5b2ac80f,d5a26fce-d64d-4e82-a28d-0cf9f97b3c69,5e1e8005-4458-440a-9d56-64d0e7c3e96b,COMPLETED,2025-03-06T21:47:00,2025-03-06T21:59:00,2025-03-06T21:59:00,2025-03-06T23:47:00,2025-03-06T21:47:00
03b0b632-efb4-49bf-9493-3ac4b2679497,d5a26fce-d64d-4e82-a28d-0cf9f97b3c69,28309fde-6955-4852-ae11-f09951df357a,NO_RESPONSE,2025-03-06T21:48:00,,,,2025-03-06T21:48:00
4c5fafe1-6c01-476f-9702-16baa57b0acb,52382a0c-93f3-4c4c-8913-01aaf91bf1d9,a8a1af91-93b6-4f04-8e14-d38aa8302607,ACCEPTED,2025-03-06T22:31:00,2025-03-06T22:37:00,2025-03-06T22:37:00,,2025-03-06T22:31:00
5db28ee0-288e-46a7-b5d8-4a82ab1eb4e6,2efcd69b-65c6-491e-9690-951b9062c9b8,4076050c-ef30-4ae6-9a40-cdcec3cb6dd8,ACCEPTED,2025-03-06T22:35:00,2025-03-06T22:39:00,2025-03-06T22:39:00,,2025-03-06T22:35:00
9d54ff01-82d8-4a64-855c-da97e644d39e,52382a0c-93f3-4c4c-8913-01aaf91bf1d9,b1b36f5b-7867-499a-abe3-c46756bb926a,ACCEPTED,2025-03-06T22:37:00,2025-03-06T22:43:00,2025-03-06T22:43:00,,2025-03-06T22:37:00
d4064005-1283-4926-9511-e536369f3929,52382a0c-93f3-4c4c-8913-01aaf91bf1d9,003d6f49-5fb1-4dd6-a54d-b1bc078eb57e,COMPLETED,2025-03-06T22:39:00,2025-03-06T22:44:00,2025-03-06T22:44:00,2025-03-07T01:39:00,2025-03-06T22:39:00
9e35cb84-fd60-4996-9c79-e6f5116aa758,2efcd69b-65c6-491e-9690-951b9062c9b8,7874fffd-6a3d-4885-92ad-f115c4f7779f,MISSED,2025-03-06T22:43:00,,,,2025-03-06T22:43:00
b6f0b1dc-34a1-4cce-9e9f-7363aaa429d9,24b2ed57-a7ae-4796-b665-8cf650355519,4cad0555-38c1-454b-8686-939facccb986,COMPLETED,2025-03-06T23:31:00,2025-03-06T23:38:00,2025-03-06T23:38:00,2025-03-07T02:31:00,2025-03-06T23:31:00
fd688894-35c1-4e8f-975c-6e95d82fff25,24b2ed57-a7ae-4796-b665-8cf650355519,3e9272f3-ed0f-4e1e-9e75-ffeefc9ff8be,COMPLETED,2025-03-06T23:36:00,2025-03-06T23:44:00,2025-03-06T23:44:00,2025-03-07T02:36:00,2025-03-06T23:36:00
2eb09b6c-ab2b-4e13-b036-b9257f2db687,24b2ed57-a7ae-4796-b665-8cf650355519,facc5b5b-c0fa-45e8-8b9d-e13559d60097,MISSED,2025-03-06T23:40:00,,,,2025-03-06T23:40:00
4db6ba1b-c8a9-4741-aef4-39482cadc4cb,24b2ed57-a7ae-4796-b665-8cf650355519,3e19e0d8-1f00-40bc-8358-1472a358eb9a,ACCEPTED,2025-03-06T23:42:00,2025-03-06T23:46:00,2025-03-06T23:46:00,,2025-03-06T23:42:00
44684a0f-6ba8-4d73-9320-943a6a036008,194ebd9b-34a7-4f01-a5bd-44581f962fa8,797a96d3-916e-44ca-9537-0bd455606d82,MISSED,2025-03-07T00:45:00,,,,2025-03-07T00:45:00
c020ef74-ae3c-458b-83fe-de1fd9a3a538,194ebd9b-34a7-4f01-a5bd-44581f962fa8,d0541b7a-d91a-4f60-a3c9-55e8ae5577b7,ACCEPTED,2025-03-07T00:46:00,2025-03-07T00:55:00,2025-03-07T00:55:00,,2025-03-07T00:46:00
189b165f-4332-4f64-99b0-d01f37620021,d0ab7433-b799-4bb6-88a4-a615ac0e6ad6,4cad0555-38c1-454b-8686-939facccb986,ACCEPTED,2025-03-07T08:21:00,2025-03-07T08:25:00,2025-03-07T08:25:00,,2025-03-07T08:21:00
60656a41-c3c9-4a1a-aecf-092f8be16248,d0ab7433-b799-4bb6-88a4-a615ac0e6ad6,878b86c2-438d-4767-ad44-f8c58de74bd2,ACCEPTED,2025-03-07T08:21:00,2025-03-07T08:31:00,2025-03-07T08:31:00,,2025-03-07T08:21:00
dceaf58b-2632-4899-a558-99afd36d34c9,d0ab7433-b799-4bb6-88a4-a615ac0e6ad6,d34c976e-433f-4254-8ff9-9f722de3d7df,COMPLETED,2025-03-07T08:26:00,2025-03-07T08:28:00,2025-03-07T08:28:00,2025-03-07T09:26:00,2025-03-07T08:26:00
e3533118-dad8-4b17-9142-909201c947de,d0ab7433-b799-4bb6-88a4-a615ac0e6ad6,0f7ef1f5-00e2-4bab-b4de-83cd6652f636,ACCEPTED,2025-03-07T08:26:00,2025-03-07T08:33:00,2025-03-07T08:33:00,,2025-03-07T08:26:00
aeece5f2-4f03-415c-bef0-5941aeb8c559,d0ab7433-b799-4bb6-88a4-a615ac0e6ad6,1ddad590-150e-4d2c-be85-cbcda276cb70,ACCEPTED,2025-03-07T08:26:00,2025-03-07T08:39:00,2025-03-07T08:39:00,,2025-03-07T08:26:00
cb65c9f5-1207-4e73-bc6a-9c89db3528df,d0ab7433-b799-4bb6-88a4-a615ac0e6ad6,18425d44-6ba9-45d1-a297-f3778d4b10e7,ACCEPTED,2025-03-07T08:28:00,2025-03-07T08:34:00,2025-03-07T08:34:00,,2025-03-07T08:28:00
411d5791-7ddb-4bc4-b5be-a1ee47771e29,76a47475-9122-4c79-864d-0e4700e97a72,7df3d0f3-a755-40a4-a102-6e1158275be1,NO_RESPONSE,2025-03-07T14:39:00,,,,2025-03-07T14:39:00
229764d5-3bce-47a0-8716-b90ada8ee998,76a47475-9122-4c79-864d-0e4700e97a72,103eb3c6-8619-4c37-b55b-6a3438e71b7a,NO_RESPONSE,2025-03-07T14:43:00,,,,2025-03-07T14:43:00
6ac08785-ea5a-44bb-9e98-cd4e20708b37,36666ee5-4869-40e2-bc14-41dee23fad98,cf15cd3c-d017-49b8-af4a-bd4471976dd4,ACCEPTED,2025-03-07T21:51:00,2025-03-07T21:52:00,2025-03-07T21:52:00,,2025-03-07T21:51:00
0e505ef7-5ed5-46d1-b68e-287a7f1048c7,36666ee5-4869-40e2-bc14-41dee23fad98,3b128aa7-53a1-48cc-ba33-cd0df14eac90,ACCEPTED,2025-03-07T21:56:00,2025-03-07T22:01:00,2025-03-07T22:01:00,,2025-03-07T21:56:00
5f323a7e-ce52-45bb-82a9-8dae0c3dd004,36391d36-ca47-4959-b5cd-0be78261b22f,40e2e31f-1e2d-4f70-9de8-91ad096fe41a,ACCEPTED,2025-03-07T22:34:00,2025-03-07T22:45:00,2025-03-07T22:45:00,,2025-03-07T22:34:00
c1a354b0-3d3c-403b-a17a-da693c8b1e37,36391d36-ca47-4959-b5cd-0be78261b22f,2fc6a399-7cab-4c0f-b2eb-9ae8bc2e8ef3,DECLINED,2025-03-07T22:34:00,2025-03-07T22:51:00,,,2025-03-07T22:34:00
0e04ebd5-3d8a-492f-871d-f075fcea9a60,36391d36-ca47-4959-b5cd-0be78261b22f,c26464e8-28b6-4923-b2ea-5e7dbf4e5c58,ACCEPTED,2025-03-07T22:35:00,2025-03-07T22:47:00,2025-03-07T22:47:00,,2025-03-07T22:35:00
a4b04505-c767-4935-acb8-4c2977f93cbc,36391d36-ca47-4959-b5cd-0be78261b22f,4f49c613-b4ef-4840-9fd7-f80f9f0d844d,EXPIRED,2025-03-07T22:42:00,,,,2025-03-07T22:42:00
e9261370-f9d0-4261-8a1e-847df7aba84f,a84026be-1ca4-48d3-8e6e-6c09cd7d40ff,77328cba-6ede-4bbd-b0b3-4810c8e8f09e,NO_RESPONSE,2025-03-08T00:33:00,,,,2025-03-08T00:33:00
78cd1731-a562-4f90-8b2c-f61bc3e5fe88,a84026be-1ca4-48d3-8e6e-6c09cd7d40ff,6505256d-ee75-49c0-889a-900cd074daa4,ACCEPTED,2025-03-08T00:34:00,2025-03-08T00:48:00,2025-03-08T00:48:00,,2025-03-08T00:34:00
f699b731-4996-4dc7-abc4-55a08a485c80,a84026be-1ca4-48d3-8e6e-6c09cd7d40ff,a8a1af91-93b6-4f04-8e14-d38aa8302607,ACCEPTED,2025-03-08T00:36:00,2025-03-08T00:37:00,2025-03-08T00:37:00,,2025-03-08T00:36:00
d036e754-0dae-4e82-a0fb-5d835f4b65d8,a84026be-1ca4-48d3-8e6e-6c09cd7d40ff,fe02ea3a-03d9-4d57-94a7-47e4a11e404f,MISSED,2025-03-08T00:38:00,,,,2025-03-08T00:38:00
9d021490-cc13-42c2-9e90-fb7768475432,b4c45a7b-3bf1-4e79-b136-2760e1712184,977055e7-58dc-4d79-b576-2feb17172418,NO_RESPONSE,2025-03-08T02:01:00,,,,2025-03-08T02:01:00
ef3e79d8-73d2-47d1-b19a-cced9f6d59b3,b4c45a7b-3bf1-4e79-b136-2760e1712184,885c50e2-3162-47fa-90f5-23d9287648cc,NO_RESPONSE,2025-03-08T02:05:00,,,,2025-03-08T02:05:00
67ae5285-f548-4d4e-9044-f831ef0c4f6c,b4c45a7b-3bf1-4e79-b136-2760e1712184,a12f0067-a0a7-4294-ae23-d9759cd6beb6,MISSED,2025-03-08T02:05:00,,,,2025-03-08T02:05:00
55962ac0-c77e-4440-acad-37dd21f6043d,b4c45a7b-3bf1-4e79-b136-2760e1712184,b31f3223-35d1-446c-9991-79665d0b1ef3,COMPLETED,2025-03-08T02:06:00,2025-03-08T02:07:00,2025-03-08T02:07:00,2025-03-08T04:06:00,2025-03-08T02:06:00
53de15a4-6a40-4bfe-b918-daf6ce9170d6,7562c86f-0d63-4be6-a328-d9bf37a20cff,1f639402-8dc8-4776-97e8-d35510b12cd1,MISSED,2025-03-08T02:34:00,,,,2025-03-08T02:34:00
95bf1fdf-65dd-4a7f-9ff7-51b3c409ebc4,7562c86f-0d63-4be6-a328-d9bf37a20cff,b31f3223-35d1-446c-9991-79665d0b1ef3,COMPLETED,2025-03-08T02:38:00,2025-03-08T02:39:00,2025-03-08T02:39:00,2025-03-08T04:38:00,2025-03-08T02:38:00
2e485986-7666-4091-9dac-fa7b1cb6ff11,7385741d-0514-48fa-a1c6-a843d1daabad,877380d4-dd5d-4104-83fc-bdf86e194c54,ACCEPTED,2025-03-09T01:37:00,2025-03-09T01:50:00,2025-03-09T01:50:00,,2025-03-09T01:37:00
2041097d-4574-46b1-b816-71208e8f6f2c,7385741d-0514-48fa-a1c6-a843d1daabad,0f830c26-3d4f-4cf5-81cf-08041535d161,ACCEPTED,2025-03-09T01:38:00,2025-03-09T01:49:00,2025-03-09T01:49:00,,2025-03-09T01:38:00
db193150-8a6a-4eda-9e85-31be50eff19d,7385741d-0514-48fa-a1c6-a843d1daabad,1fac9453-e829-479d-ae5f-008babfc456d,ACCEPTED,2025-03-09T01:38:00,2025-03-09T01:45:00,2025-03-09T01:45:00,,2025-03-09T01:38:00
a149faaf-c70d-4726-ba8b-3da0da30a975,7385741d-0514-48fa-a1c6-a843d1daabad,bc7ffdff-d62a-437c-9957-5c8739b97d73,ACCEPTED,2025-03-09T01:40:00,2025-03-09T01:48:00,2025-03-09T01:48:00,,2025-03-09T01:40:00
719a003e-dd7c-44e8-9c19-1932d72b812c,7385741d-0514-48fa-a1c6-a843d1daabad,f7f1655c-f8c2-4296-91c4-9f8f570ad765,ACCEPTED,2025-03-09T01:41:00,2025-03-09T01:53:00,2025-03-09T01:53:00,,2025-03-09T01:41:00
af4995c7-6622-4891-96de-ee9a5ce25682,7385741d-0514-48fa-a1c6-a843d1daabad,ad32e776-9492-4189-a4eb-d73ed256a7ea,COMPLETED,2025-03-09T01:43:00,2025-03-09T01:50:00,2025-03-09T01:50:00,2025-03-09T04:43:00,2025-03-09T01:43:00
02f57019-9229-4036-abcc-a63148d82e79,a4eb0728-892d-42ea-924f-1c84003f0766,3e19e0d8-1f00-40bc-8358-1472a358eb9a,ACCEPTED,2025-03-09T02:35:00,2025-03-09T02:41:00,2025-03-09T02:41:00,,2025-03-09T02:35:00
a54318a3-0daa-4555-902c-baa32b1c0ded,a4eb0728-892d-42ea-924f-1c84003f0766,bb55dc49-18c5-486f-aa1d-2aa9a6fac646,ACCEPTED,2025-03-09T02:36:00,2025-03-09T02:37:00,2025-03-09T02:37:00,,2025-03-09T02:36:00
5b57edc8-76e7-4f55-b7e8-441c8c0ee867,a4eb0728-892d-42ea-924f-1c84003f0766,992a9f5e-edc4-40f0-b76a-3f29c20d5618,EXPIRED,2025-03-09T02:36:00,,,,2025-03-09T02:36:00
d472bf73-fcb1-4007-bcbf-295ce3c80737,a4eb0728-892d-42ea-924f-1c84003f0766,ca2995db-95cb-4226-8f04-6f57902f8cf4,COMPLETED,2025-03-09T02:44:00,2025-03-09T02:58:00,2025-03-09T02:58:00,2025-03-09T03:44:00,2025-03-09T02:44:00
4b4e6eaf-6f80-416c-a988-2d4f2871eb54,cb6960ad-67b7-4db1-88df-526c66ace4d4,4f49c613-b4ef-4840-9fd7-f80f9f0d844d,ACCEPTED,2025-03-09T13:20:00,2025-03-09T13:25:00,2025-03-09T13:25:00,,2025-03-09T13:20:00
4521f925-6208-4bde-82a5-0aed8611d728,cb6960ad-67b7-4db1-88df-526c66ace4d4,979e4feb-883b-4b84-a316-add5625c20c0,COMPLETED,2025-03-09T13:21:00,2025-03-09T13:26:00,2025-03-09T13:26:00,2025-03-09T15:21:00,2025-03-09T13:21:00
cbbfac1d-e5d9-4c94-9b19-d7ad1f72561c,cb6960ad-67b7-4db1-88df-526c66ace4d4,415a8ed8-6bf8-47ec-9265-7eacc19a825f,ACCEPTED,2025-03-09T13:25:00,2025-03-09T13:37:00,2025-03-09T13:37:00,,2025-03-09T13:25:00
577f30c9-72b7-4311-9f9e-b09376bfc51c,cb6960ad-67b7-4db1-88df-526c66ace4d4,96b33493-7f4b-4752-a880-e07a1deccfc8,ACCEPTED,2025-03-09T13:26:00,2025-03-09T13:30:00,2025-03-09T13:30:00,,2025-03-09T13:26:00
909a1150-be6c-4bba-9dc0-dabdec9e4bd5,cb6960ad-67b7-4db1-88df-526c66ace4d4,2c4d68b2-c9d6-4244-9ac3-ce7b208c9147,COMPLETED,2025-03-09T13:29:00,2025-03-09T13:41:00,2025-03-09T13:41:00,2025-03-09T15:29:00,2025-03-09T13:29:00
35c324a2-5498-404f-bc3d-3e5f92935649,cb6960ad-67b7-4db1-88df-526c66ace4d4,a1bc2676-aad3-49f3-9131-e812c904d689,NO_RESPONSE,2025-03-09T13:29:00,,,,2025-03-09T13:29:00
bf31a446-4a44-463c-b7b4-f075f3fcf5d7,db7067d3-1d2d-434f-a136-ee58ed902ce2,5a1a919b-115a-40fc-ad8a-b6ffd35a23eb,COMPLETED,2025-03-09T15:44:00,2025-03-09T15:48:00,2025-03-09T15:48:00,2025-03-09T17:44:00,2025-03-09T15:44:00
899aa416-baf7-4cc1-9d5d-5c682163baad,db7067d3-1d2d-434f-a136-ee58ed902ce2,5af7e665-37a6-4d00-a895-44a3a239f4cf,COMPLETED,2025-03-09T15:44:00,2025-03-09T15:55:00,2025-03-09T15:55:00,2025-03-09T18:44:00,2025-03-09T15:44:00
5e9ed247-8b69-4a76-80fe-af1e2257132a,db7067d3-1d2d-434f-a136-ee58ed902ce2,c2a90a3b-30e9-4457-987f-0a655b5556d2,ACCEPTED,2025-03-09T15:45:00,2025-03-09T15:59:00,2025-03-09T15:59:00,,2025-03-09T15:45:00
35e2f0d6-8ed2-4734-98cd-01c7c6ac30d3,ece7c787-5e14-43ad-a6f4-121d4cda86b8,0bd74d79-c6ed-4e86-a612-e698b486ec29,COMPLETED,2025-03-09T16:53:00,2025-03-09T16:54:00,2025-03-09T16:54:00,2025-03-09T19:53:00,2025-03-09T16:53:00
3d78c114-0258-48da-baa6-71120282f530,ece7c787-5e14-43ad-a6f4-121d4cda86b8,ffd6e179-bce4-414a-9aef-db47a3caea86,COMPLETED,2025-03-09T16:56:00,2025-03-09T17:09:00,2025-03-09T17:09:00,2025-03-09T19:56:00,2025-03-09T16:56:00
60884517-52c4-4fde-8307-46146bc4dd07,ece7c787-5e14-43ad-a6f4-121d4cda86b8,8d54dd37-108d-4ec9-87e8-552d73629a00,COMPLETED,2025-03-09T16:57:00,2025-03-09T17:00:00,2025-03-09T17:00:00,2025-03-09T17:57:00,2025-03-09T16:57:00
fc68f368-c9b1-427e-b480-f9763741eeda,71ca6f94-d659-41be-a244-f95e49096965,eca2c7b8-3bf7-4912-8e53-7666a464dbfc,COMPLETED,2025-03-09T19:56:00,2025-03-09T19:57:00,2025-03-09T19:57:00,2025-03-09T20:56:00,2025-03-09T19:56:00
eb2fa301-eab5-48ae-9ac5-5bae480d24cc,71ca6f94-d659-41be-a244-f95e49096965,fb360121-72e2-40f7-bcc1-c7c613c988c0,ACCEPTED,2025-03-09T19:56:00,2025-03-09T19:58:00,2025-03-09T19:58:00,,2025-03-09T19:56:00
dd935e4f-75c3-4060-ac74-414fb8e55620,71ca6f94-d659-41be-a244-f95e49096965,00fe7012-13c0-4486-9a33-e56253f1a860,NO_RESPONSE,2025-03-09T20:00:00,,,,2025-03-09T20:00:00
32762a04-951d-4548-a38b-46a4e140f55e,71ca6f94-d659-41be-a244-f95e49096965,797a96d3-916e-44ca-9537-0bd455606d82,ACCEPTED,2025-03-09T20:03:00,2025-03-09T20:07:00,2025-03-09T20:07:00,,2025-03-09T20:03:00
eaa7144c-91ea-4200-b1b0-def7264ebc05,71ca6f94-d659-41be-a244-f95e49096965,c1a1cac9-8c8d-4709-b171-00b08bdbc45b,ACCEPTED,2025-03-09T20:04:00,2025-03-09T20:15:00,2025-03-09T20:15:00,,2025-03-09T20:04:00
2c93d048-ebed-480d-bb56-aef15c7d2edf,71ca6f94-d659-41be-a244-f95e49096965,c0eaa600-b15c-463a-b278-86b3ca57fd5c,NO_RESPONSE,2025-03-09T20:07:00,,,,2025-03-09T20:07:00
d839a5f9-1338-47b7-a295-635c79691272,5a6d8c30-0bd5-41cb-9282-efa0257509c5,fe22cac5-c785-4cc2-a706-9b3cbd277ddf,ACCEPTED,2025-03-09T22:48:00,2025-03-09T22:54:00,2025-03-09T22:54:00,,2025-03-09T22:48:00
faa477fd-ea2c-4a21-a1e7-f65944d162cf,5a6d8c30-0bd5-41cb-9282-efa0257509c5,b0102217-6663-410d-8e4b-e802cddf4baa,ACCEPTED,2025-03-09T22:49:00,2025-03-09T22:53:00,2025-03-09T22:53:00,,2025-03-09T22:49:00
7dfb20fd-afd3-4555-871d-bd6a49001636,5a6d8c30-0bd5-41cb-9282-efa0257509c5,6c841b96-0d6c-4d4f-a647-602aca520949,ACCEPTED,2025-03-09T22:58:00,2025-03-09T23:06:00,2025-03-09T23:06:00,,2025-03-09T22:58:00
ac5fd8dc-6bea-4e4f-ac6f-e983e67b4b98,0a6e7202-b29a-4eb6-9fbc-37d5349938bb,dc070752-162d-4ca3-ae3a-25c40e32397b,COMPLETED,2025-03-10T01:11:00,2025-03-10T01:19:00,2025-03-10T01:19:00,2025-03-10T04:11:00,2025-03-10T01:11:00
4097aac0-f6cc-42ce-9cc6-7facaa07e098,0a6e7202-b29a-4eb6-9fbc-37d5349938bb,c3fb4684-c1e0-4da0-a54b-9e8f789026c2,ACCEPTED,2025-03-10T01:16:00,2025-03-10T01:22:00,2025-03-10T01:22:00,,2025-03-10T01:16:00
3776d3e3-e74d-4b1e-b58a-e810c375c43c,0a6e7202-b29a-4eb6-9fbc-37d5349938bb,6020fc90-bb4f-4cf6-939b-6d7429d5d3a1,MISSED,2025-03-10T01:17:00,,,,2025-03-10T01:17:00
af073184-82c7-4910-94b0-fdeb741e4967,0a6e7202-b29a-4eb6-9fbc-37d5349938bb,28309fde-6955-4852-ae11-f09951df357a,EXPIRED,2025-03-10T01:23:00,,,,2025-03-10T01:23:00
32ca8e6c-347e-4be2-8818-d746660a5f73,c10f1775-08d4-4482-8b13-8f67d04f569d,d25bbe98-216b-4faf-8f76-0d3dd2269a66,ACCEPTED,2025-03-10T04:17:00,2025-03-10T04:20:00,2025-03-10T04:20:00,,2025-03-10T04:17:00
daa46370-4ff3-4649-87f8-0ca0d5535ca1,c10f1775-08d4-4482-8b13-8f67d04f569d,0f0a17e5-ee39-4b55-89bf-da47d9347eab,ACCEPTED,2025-03-10T04:20:00,2025-03-10T04:29:00,2025-03-10T04:29:00,,2025-03-10T04:20:00
f819a8d0-d817-4f64-ba4c-bcc1f7f35e6a,c10f1775-08d4-4482-8b13-8f67d04f569d,ed86563a-268b-43b8-851a-f22f9296edc5,MISSED,2025-03-10T04:23:00,,,,2025-03-10T04:23:00
45d81ecb-0fb0-4df6-8046-808385773b17,c10f1775-08d4-4482-8b13-8f67d04f569d,0239e706-289d-4498-9947-7818e4011dc0,MISSED,2025-03-10T04:25:00,,,,2025-03-10T04:25:00
e2c37fab-fd1e-443f-b17c-7fd9c36f613d,c10f1775-08d4-4482-8b13-8f67d04f569d,2bc00f4d-1415-492e-ab45-855a39d62175,DECLINED,2025-03-10T04:26:00,2025-03-10T04:39:00,,,2025-03-10T04:26:00
d4ef27bc-aec7-45a3-bf36-50d2c095ac39,c10f1775-08d4-4482-8b13-8f67d04f569d,dc3945d5-6321-4ff3-a949-9cc365303d45,MISSED,2025-03-10T04:30:00,,,,2025-03-10T04:30:00
b7ac71ee-1514-4273-ac09-b52c58943a13,29a31e1a-99f0-455e-b3d3-d2c3bc476f22,86982baf-89fb-453b-bd13-a6cfe928ea51,COMPLETED,2025-03-10T08:08:00,2025-03-10T08:12:00,2025-03-10T08:12:00,2025-03-10T09:08:00,2025-03-10T08:08:00
cde68d5d-8f04-460f-afaf-4c6461c4f80b,29a31e1a-99f0-455e-b3d3-d2c3bc476f22,30c6a854-5681-4fda-b9bc-b5f82a1567dc,EXPIRED,2025-03-10T08:09:00,,,,2025-03-10T08:09:00
faef3ab0-926d-46ae-8037-88e6f273d96b,29a31e1a-99f0-455e-b3d3-d2c3bc476f22,16199d23-baa8-4292-b1d9-9b27b201daa1,ACCEPTED,2025-03-10T08:13:00,2025-03-10T08:25:00,2025-03-10T08:25:00,,2025-03-10T08:13:00
63629ce1-4206-4b14-8a6f-ce0912e400ea,8080a8ba-40ba-4bfb-953e-a45d4831eedd,94f4bd27-c237-4bb0-b104-cb7bb01c0fdc,COMPLETED,2025-03-10T08:57:00,2025-03-10T09:02:00,2025-03-10T09:02:00,2025-03-10T10:57:00,2025-03-10T08:57:00
7fe4ee03-da28-4170-9bdb-58f0808ecec9,8080a8ba-40ba-4bfb-953e-a45d4831eedd,97b426ef-09b1-4692-8010-6897b909efc6,NO_RESPONSE,2025-03-10T08:58:00,,,,2025-03-10T08:58:00
21cdc7de-04e4-4a37-9c30-4f4c9820fedf,8080a8ba-40ba-4bfb-953e-a45d4831eedd,35c97ba1-3b93-4844-a896-f8caf863e1ad,ACCEPTED,2025-03-10T09:04:00,2025-03-10T09:07:00,2025-03-10T09:07:00,,2025-03-10T09:04:00
8fe68532-b315-4b8a-a861-43e216b5c98c,004dac61-afb0-473b-8f22-4959cfdf0db8,56788efb-19f3-4d23-8b92-d96dc8d14718,COMPLETED,2025-03-10T09:38:00,2025-03-10T09:40:00,2025-03-10T09:40:00,2025-03-10T11:38:00,2025-03-10T09:38:00
1ace179c-a2d3-48c6-a5e1-c436f8845ae1,004dac61-afb0-473b-8f22-4959cfdf0db8,ed86563a-268b-43b8-851a-f22f9296edc5,ACCEPTED,2025-03-10T09:41:00,2025-03-10T09:52:00,2025-03-10T09:52:00,,2025-03-10T09:41:00
b5ab6ddf-ac50-44f3-8780-18821eb44790,004dac61-afb0-473b-8f22-4959cfdf0db8,35c97ba1-3b93-4844-a896-f8caf863e1ad,DECLINED,2025-03-10T09:42:00,2025-03-10T09:46:00,,,2025-03-10T09:42:00
4bc0da70-a46d-4776-a391-eef89e76b59d,004dac61-afb0-473b-8f22-4959cfdf0db8,ae85aaf6-cc9f-4c74-a816-5214f35ad158,COMPLETED,2025-03-10T09:44:00,2025-03-10T09:46:00,2025-03-10T09:46:00,2025-03-10T12:44:00,2025-03-10T09:44:00
222e90d5-2065-4fb9-b811-40b39c5f4381,004dac61-afb0-473b-8f22-4959cfdf0db8,4ca593a6-6883-4ff4-b14b-a47593e71ecc,COMPLETED,2025-03-10T09:45:00,2025-03-10T09:50:00,2025-03-10T09:50:00,2025-03-10T12:45:00,2025-03-10T09:45:00
ce427ef5-95d4-41bb-a660-92cc63bc6752,6fc3ed6e-b655-4015-b257-0be9e62d1680,63e1e7de-8090-46e0-a921-6add4ddcfef9,ACCEPTED,2025-03-10T09:48:00,2025-03-10T10:03:00,2025-03-10T10:03:00,,2025-03-10T09:48:00
40ae760b-c2f8-4fb0-8a5c-a0cc9b830b38,6fc3ed6e-b655-4015-b257-0be9e62d1680,ad71dc4d-d139-444d-a8ee-c755441c0f54,MISSED,2025-03-10T09:48:00,,,,2025-03-10T09:48:00
b5d80586-4d77-461d-aa1d-c013726daed7,6fc3ed6e-b655-4015-b257-0be9e62d1680,c9e3038e-7436-4df3-9f2a-fc2746763273,MISSED,2025-03-10T09:49:00,,,,2025-03-10T09:49:00
7786247f-2869-4071-95fa-7ce9bb496e1f,6fc3ed6e-b655-4015-b257-0be9e62d1680,11955be9-03b2-4274-9002-7a2a5ae499a8,NO_RESPONSE,2025-03-10T09:52:00,,,,2025-03-10T09:52:00
5b26128a-56f0-430e-96a6-f3ae2252e1a9,6fc3ed6e-b655-4015-b257-0be9e62d1680,a88bf6b5-168a-42ee-bea7-b40defa21e24,ACCEPTED,2025-03-10T09:53:00,2025-03-10T10:04:00,2025-03-10T10:04:00,,2025-03-10T09:53:00
0a2b2b4b-432a-482d-ae78-2817fb42f8b6,f3bb8bf4-06c9-4236-85db-d74d6df5edcf,facc5b5b-c0fa-45e8-8b9d-e13559d60097,ACCEPTED,2025-03-10T12:34:00,2025-03-10T12:35:00,2025-03-10T12:35:00,,2025-03-10T12:34:00
7f4634dd-2978-482a-9e99-fbd71b678bf8,f3bb8bf4-06c9-4236-85db-d74d6df5edcf,c2695e79-4d08-4f69-b539-6de83b562463,ACCEPTED,2025-03-10T12:44:00,2025-03-10T12:52:00,2025-03-10T12:52:00,,2025-03-10T12:44:00
481c1746-6c67-4c50-970c-2d8c9999ec18,7abc2904-7978-4c8b-9ed3-0cf0c21edf6e,b822f3f2-bc12-474d-9f5a-b3cef19341f0,ACCEPTED,2025-03-10T15:34:00,2025-03-10T15:44:00,2025-03-10T15:44:00,,2025-03-10T15:34:00
b78feb43-751d-4831-ac2c-36535fbfa875,7abc2904-7978-4c8b-9ed3-0cf0c21edf6e,254d3521-ee04-45e3-b379-b02a667ace0c,ACCEPTED,2025-03-10T15:40:00,2025-03-10T15:45:00,2025-03-10T15:45:00,,2025-03-10T15:40:00
be58854f-1de6-48df-8aab-1ec301e7be3b,7abc2904-7978-4c8b-9ed3-0cf0c21edf6e,238bf442-7dd1-4625-97b1-0fd3299287dc,NO_RESPONSE,2025-03-10T15:42:00,,,,2025-03-10T15:42:00
e027e113-8e9a-4386-bac8-f839d56931c7,2a061acf-b415-4130-8b19-e1cc6cfd7ba1,cc823700-76b8-4614-9bae-555be744cc6e,ACCEPTED,2025-03-10T16:19:00,2025-03-10T16:21:00,2025-03-10T16:21:00,,2025-03-10T16:19:00
35eea8c8-d23f-40ab-9c81-c0fd58837362,2a061acf-b415-4130-8b19-e1cc6cfd7ba1,a9192324-9347-4f6f-998a-20066ce0209e,DECLINED,2025-03-10T16:19:00,2025-03-10T16:23:00,,,2025-03-10T16:19:00
ca981a99-bec0-4ac3-bbfd-61eac7407f45,2a061acf-b415-4130-8b19-e1cc6cfd7ba1,20973b43-2cf6-456f-b7bc-c097d6343c32,ACCEPTED,2025-03-10T16:23:00,2025-03-10T16:29:00,2025-03-10T16:29:00,,2025-03-10T16:23:00
f6ebed1e-3826-41f4-abf7-98110d888676,2a061acf-b415-4130-8b19-e1cc6cfd7ba1,445beb91-c8f4-47ed-b5c7-e8a70759c76b,COMPLETED,2025-03-10T16:25:00,2025-03-10T16:29:00,2025-03-10T16:29:00,2025-03-10T19:25:00,2025-03-10T16:25:00
75be9883-217b-44b3-93b0-ac1048fac5ca,2a061acf-b415-4130-8b19-e1cc6cfd7ba1,94f4bd27-c237-4bb0-b104-cb7bb01c0fdc,NO_RESPONSE,2025-03-10T16:27:00,,,,2025-03-10T16:27:00
a1baa918-3126-4ab5-bc58-7c9bf72e4129,2a061acf-b415-4130-8b19-e1cc6cfd7ba1,c26464e8-28b6-4923-b2ea-5e7dbf4e5c58,MISSED,2025-03-10T16:29:00,,,,2025-03-10T16:29:00
ae461bce-94c1-4527-945f-0e88374c0c6d,283a4b03-a7cf-4677-8a4f-c1ffcc3ff002,b0102217-6663-410d-8e4b-e802cddf4baa,ACCEPTED,2025-03-10T16:47:00,2025-03-10T16:51:00,2025-03-10T16:51:00,,2025-03-10T16:47:00
5fc9ec8c-eff3-4bd6-ae97-2dcca752c56e,283a4b03-a7cf-4677-8a4f-c1ffcc3ff002,fb360121-72e2-40f7-bcc1-c7c613c988c0,ACCEPTED,2025-03-10T16:57:00,2025-03-10T17:10:00,2025-03-10T17:10:00,,2025-03-10T16:57:00
054d72b1-ba73-40b1-9c3c-aeea0cfa6708,283a4b03-a7cf-4677-8a4f-c1ffcc3ff002,5363b68d-8ce8-4929-9246-6d22798f9caf,COMPLETED,2025-03-10T16:57:00,2025-03-10T16:59:00,2025-03-10T16:59:00,2025-03-10T19:57:00,2025-03-10T16:57:00
54c7a8d4-00ea-4cdc-80b3-6334adbb2453,283a4b03-a7cf-4677-8a4f-c1ffcc3ff002,c2d25642-919c-4075-a54a-aedcf9642a56,ACCEPTED,2025-03-10T16:57:00,2025-03-10T16:58:00,2025-03-10T16:58:00,,2025-03-10T16:57:00
eec106ac-0582-453c-a2d7-359f140de160,283a4b03-a7cf-4677-8a4f-c1ffcc3ff002,a1aa727a-9750-4916-9300-dd333ae653cc,ACCEPTED,2025-03-10T16:59:00,2025-03-10T17:05:00,2025-03-10T17:05:00,,2025-03-10T16:59:00
baac9f89-718b-4ff3-b2ef-ef565508457f,a68c0d83-77ff-4d61-83df-f44e67938833,78b96bf4-a937-44e7-9a3a-544dd63de549,MISSED,2025-03-10T19:28:00,,,,2025-03-10T19:28:00
5dfd1e39-cfb9-460a-92ee-ae29cedb41dc,a68c0d83-77ff-4d61-83df-f44e67938833,199debac-e563-46ab-8829-e7e1973cebc1,NO_RESPONSE,2025-03-10T19:34:00,,,,2025-03-10T19:34:00
8384ca43-5331-4fad-80d8-bf06e0f2e603,f41c474a-0a68-4fdb-b90b-a6d66068234d,28309fde-6955-4852-ae11-f09951df357a,COMPLETED,2025-03-11T00:55:00,2025-03-11T01:05:00,2025-03-11T01:05:00,2025-03-11T01:55:00,2025-03-11T00:55:00
0d8fb49d-6d23-48b3-b388-c28285902f3a,f41c474a-0a68-4fdb-b90b-a6d66068234d,8a51ac8d-1598-4fa0-bf75-085c49cbc370,COMPLETED,2025-03-11T00:56:00,2025-03-11T01:09:00,2025-03-11T01:09:00,2025-03-11T03:56:00,2025-03-11T00:56:00
8eb54725-2b45-4781-b17a-6ceaf7edda59,c7085dad-deea-4a25-bd23-ef7712c2f1f4,6a684832-6713-46ad-8845-56c424779c27,DECLINED,2025-03-11T04:57:00,2025-03-11T05:15:00,,,2025-03-11T04:57:00
58b9da35-bef5-4832-b5a2-542bb62772b4,c7085dad-deea-4a25-bd23-ef7712c2f1f4,56fc804f-b101-461b-a304-d6f9c28ae2ef,NO_RESPONSE,2025-03-11T05:01:00,,,,2025-03-11T05:01:00
3c1c31b7-f0b2-476c-89ed-3acd0af50543,c7085dad-deea-4a25-bd23-ef7712c2f1f4,cde8f468-ab23-43e9-8462-c07f508baa7f,ACCEPTED,2025-03-11T05:01:00,2025-03-11T05:13:00,2025-03-11T05:13:00,,2025-03-11T05:01:00
ffede435-2c55-456d-853f-cc60d7db8b79,c7085dad-deea-4a25-bd23-ef7712c2f1f4,56788efb-19f3-4d23-8b92-d96dc8d14718,ACCEPTED,2025-03-11T05:01:00,2025-03-11T05:04:00,2025-03-11T05:04:00,,2025-03-11T05:01:00
9dfe7767-b7bf-4c47-8bf0-528e51a3818c,c7085dad-deea-4a25-bd23-ef7712c2f1f4,4eee87b4-abdd-4100-ad14-aaafa8fd5f81,COMPLETED,2025-03-11T05:07:00,2025-03-11T05:19:00,2025-03-11T05:19:00,2025-03-11T06:07:00,2025-03-11T05:07:00
de42b105-7038-4062-bddf-b8c0efc82510,b9209216-48f3-44b7-b607-713539e9e0d2,7874fffd-6a3d-4885-92ad-f115c4f7779f,MISSED,2025-03-11T07:25:00,,,,2025-03-11T07:25:00
010b0698-6484-45f1-a2a0-99d86c384e56,b9209216-48f3-44b7-b607-713539e9e0d2,6808b218-ad45-4d5a-8374-ac96bd2f9e51,COMPLETED,2025-03-11T07:32:00,2025-03-11T07:43:00,2025-03-11T07:43:00,2025-03-11T10:32:00,2025-03-11T07:32:00
7cfa14c6-fdb1-41cb-9590-5d0baecdfbc7,b9209216-48f3-44b7-b607-713539e9e0d2,6b1ba131-fea8-4018-9f7b-bb75d5846414,EXPIRED,2025-03-11T07:35:00,,,,2025-03-11T07:35:00
fae59048-ff58-4b9d-a425-33709c4f8919,b9209216-48f3-44b7-b607-713539e9e0d2,ca2995db-95cb-4226-8f04-6f57902f8cf4,ACCEPTED,2025-03-11T07:36:00,2025-03-11T07:44:00,2025-03-11T07:44:00,,2025-03-11T07:36:00
60ba8eaa-6f9a-49ed-94fd-1f2e41bf55d2,06f62e2e-3e49-4d7c-be18-a68c94ba82b3,0409fca8-45c7-403f-8d31-663c4c640e47,EXPIRED,2025-03-11T07:38:00,,,,2025-03-11T07:38:00
bc66b353-1927-4920-a1c0-454a05b33701,06f62e2e-3e49-4d7c-be18-a68c94ba82b3,cfca1fba-b8fd-43a2-8e84-7c868fae649d,ACCEPTED,2025-03-11T07:39:00,2025-03-11T07:44:00,2025-03-11T07:44:00,,2025-03-11T07:39:00
8b1365f5-aa7c-4b00-a9ae-b7e195b6a4e2,06f62e2e-3e49-4d7c-be18-a68c94ba82b3,553294c5-4565-4d5a-a069-6e8126905be4,COMPLETED,2025-03-11T07:40:00,2025-03-11T07:49:00,2025-03-11T07:49:00,2025-03-11T08:40:00,2025-03-11T07:40:00
92cc913b-cefb-4c31-af98-0f7bf795b90e,06f62e2e-3e49-4d7c-be18-a68c94ba82b3,258c585a-0983-4f1a-9632-3c358d253411,ACCEPTED,2025-03-11T07:41:00,2025-03-11T07:49:00,2025-03-11T07:49:00,,2025-03-11T07:41:00
4ee11ec9-be6d-4acd-8a48-d89a8f31d4ce,06f62e2e-3e49-4d7c-be18-a68c94ba82b3,d6f6800e-5c63-432b-93d2-8d7c32142867,MISSED,2025-03-11T07:47:00,,,,2025-03-11T07:47:00
86d83046-c1de-4fa1-9184-86075e8da85b,0677097a-2692-4b31-9866-33480f3e2f77,35a960a1-e1aa-45db-8043-5650f7e73b8c,ACCEPTED,2025-03-11T08:45:00,2025-03-11T08:46:00,2025-03-11T08:46:00,,2025-03-11T08:45:00
071a7144-9fe9-412c-8e89-31ab6967b4d1,0677097a-2692-4b31-9866-33480f3e2f77,f4f6b626-e397-4f44-8dde-9d51ac118ff6,ACCEPTED,2025-03-11T08:46:00,2025-03-11T08:57:00,2025-03-11T08:57:00,,2025-03-11T08:46:00
3cdb75d9-05d1-4072-bb7b-3ad3f694ce66,219850a1-fbde-47c6-927e-33bb7d58919e,73461d9a-b17a-4f20-a132-39ca2f8c91ed,COMPLETED,2025-03-11T10:43:00,2025-03-11T10:57:00,2025-03-11T10:57:00,2025-03-11T12:43:00,2025-03-11T10:43:00
096d3af0-70e5-4e54-851d-734129be552f,219850a1-fbde-47c6-927e-33bb7d58919e,ca5ce99f-cf40-4ef6-9c3d-4a4177383ff2,COMPLETED,2025-03-11T10:51:00,2025-03-11T10:55:00,2025-03-11T10:55:00,2025-03-11T11:51:00,2025-03-11T10:51:00
9f620202-1701-436c-aaa7-bdbb78109f27,219850a1-fbde-47c6-927e-33bb7d58919e,1b1c6a4c-9521-43d0-af56-40e628a2cb1d,COMPLETED,2025-03-11T10:51:00,2025-03-11T10:52:00,2025-03-11T10:52:00,2025-03-11T13:51:00,2025-03-11T10:51:00
40002104-2ad8-47f5-b6b9-e2b58b6aa434,219850a1-fbde-47c6-927e-33bb7d58919e,e5932f7a-3ade-43d3-b57c-3dd00eae2d48,ACCEPTED,2025-03-11T10:52:00,2025-03-11T10:53:00,2025-03-11T10:53:00,,2025-03-11T10:52:00
90fd7b92-5468-49fe-8461-5e09e3dd6695,219850a1-fbde-47c6-927e-33bb7d58919e,94f4bd27-c237-4bb0-b104-cb7bb01c0fdc,COMPLETED,2025-03-11T10:53:00,2025-03-11T11:07:00,2025-03-11T11:07:00,2025-03-11T12:53:00,2025-03-11T10:53:00
e51eeb1b-ef5a-4605-9163-108350d77fb8,219850a1-fbde-47c6-927e-33bb7d58919e,cc255119-86e4-43ad-b1f0-6c24ac17d920,ACCEPTED,2025-03-11T10:54:00,2025-03-11T10:59:00,2025-03-11T10:59:00,,2025-03-11T10:54:00
fa075653-ff0e-4224-855a-58a70d9d99db,b3155584-0ea6-4890-9868-1ee63fb0939a,a12f0067-a0a7-4294-ae23-d9759cd6beb6,ACCEPTED,2025-03-11T16:13:00,2025-03-11T16:26:00,2025-03-11T16:26:00,,2025-03-11T16:13:00
ab2a87f6-cd02-497b-9505-acb62e948313,5116d6af-fb01-413b-bda8-fd3309d96c54,265b1191-c474-4c10-b744-2accb997520e,COMPLETED,2025-03-11T16:19:00,2025-03-11T16:28:00,2025-03-11T16:28:00,2025-03-11T18:19:00,2025-03-11T16:19:00
72e924fb-39a1-4917-aa48-dccdf6a12edb,5116d6af-fb01-413b-bda8-fd3309d96c54,ca2995db-95cb-4226-8f04-6f57902f8cf4,COMPLETED,2025-03-11T16:19:00,2025-03-11T16:22:00,2025-03-11T16:22:00,2025-03-11T19:19:00,2025-03-11T16:19:00
a22c5bff-01ba-49c1-bfd7-b829c7a68ed7,b3155584-0ea6-4890-9868-1ee63fb0939a,346ece9f-9eed-4c58-95d7-1c3e38d7cceb,ACCEPTED,2025-03-11T16:21:00,2025-03-11T16:28:00,2025-03-11T16:28:00,,2025-03-11T16:21:00
0f028a58-acd1-4d5d-b64a-d86482f7c4b8,b3155584-0ea6-4890-9868-1ee63fb0939a,e116edc5-9b26-4e7c-88d9-765a7676524f,DECLINED,2025-03-11T16:23:00,2025-03-11T16:28:00,,,2025-03-11T16:23:00
19b11e8d-7269-4e1c-b304-df5a4033e6fd,c799cdd9-fb3e-4e48-9c81-646adb841718,b1b36f5b-7867-499a-abe3-c46756bb926a,ACCEPTED,2025-03-11T16:24:00,2025-03-11T16:34:00,2025-03-11T16:34:00,,2025-03-11T16:24:00
7827599f-57c0-4351-aec3-b0dce3d611eb,b3155584-0ea6-4890-9868-1ee63fb0939a,36ab981c-07be-4841-8992-11118d375327,COMPLETED,2025-03-11T16:24:00,2025-03-11T16:37:00,2025-03-11T16:37:00,2025-03-11T17:24:00,2025-03-11T16:24:00
47fb7433-3c6a-445c-b68f-366e321fce93,c799cdd9-fb3e-4e48-9c81-646adb841718,27f63174-92e0-4ec5-a8d6-df307aa20f3b,ACCEPTED,2025-03-11T16:25:00,2025-03-11T16:36:00,2025-03-11T16:36:00,,2025-03-11T16:25:00
01fc8d6d-fe37-4a3a-b514-49eb21b8fee2,c799cdd9-fb3e-4e48-9c81-646adb841718,62dcf5be-c7c7-4332-ba46-a97ff4593dd6,ACCEPTED,2025-03-11T16:27:00,2025-03-11T16:38:00,2025-03-11T16:38:00,,2025-03-11T16:27:00
c1fed417-42fb-473d-9f80-6d11b864ab49,c799cdd9-fb3e-4e48-9c81-646adb841718,0b51ced4-84e3-45ad-a67a-de86af260d64,ACCEPTED,2025-03-11T16:31:00,2025-03-11T16:44:00,2025-03-11T16:44:00,,2025-03-11T16:31:00
19a9ddfa-7298-4050-a2d0-88231baea66d,c799cdd9-fb3e-4e48-9c81-646adb841718,cbfa701d-d50d-4cb5-a221-792b267c1d82,MISSED,2025-03-11T16:34:00,,,,2025-03-11T16:34:00
3401e785-c02d-4568-b119-b02ff755ccaf,c799cdd9-fb3e-4e48-9c81-646adb841718,56788efb-19f3-4d23-8b92-d96dc8d14718,ACCEPTED,2025-03-11T16:35:00,2025-03-11T16:42:00,2025-03-11T16:42:00,,2025-03-11T16:35:00
5a8d11c3-61e1-4b92-b9f6-ef1dafa8c5e2,100ca3f4-7bd3-4b99-aace-fe8e6fe5312e,0ad41086-120a-480a-a25e-68be9c95144c,COMPLETED,2025-03-11T17:30:00,2025-03-11T17:45:00,2025-03-11T17:45:00,2025-03-11T18:30:00,2025-03-11T17:30:00
09afd6b4-62c2-4c41-83ef-ba9b84b66f95,100ca3f4-7bd3-4b99-aace-fe8e6fe5312e,d86275ba-b1a0-4e6e-a363-d11e975f6df6,COMPLETED,2025-03-11T17:31:00,2025-03-11T17:42:00,2025-03-11T17:42:00,2025-03-11T19:31:00,2025-03-11T17:31:00
e5417994-dcc2-40e2-8427-fc39a7153eb7,100ca3f4-7bd3-4b99-aace-fe8e6fe5312e,664b1167-88df-4fdd-afcb-3e9296fb4ad6,ACCEPTED,2025-03-11T17:33:00,2025-03-11T17:36:00,2025-03-11T17:36:00,,2025-03-11T17:33:00
737a3e52-f2a6-4ee4-8d58-aa9a438362fc,100ca3f4-7bd3-4b99-aace-fe8e6fe5312e,e407e92f-fbeb-4577-975a-db39c26f5872,ACCEPTED,2025-03-11T17:37:00,2025-03-11T17:41:00,2025-03-11T17:41:00,,2025-03-11T17:37:00
9fb60355-b662-4d88-88c9-167b618d9494,09fe608e-ad7a-4945-8fc8-13f53bd8f981,6c25e2ff-8bc0-4abc-a978-052ba5e4650a,COMPLETED,2025-03-11T21:59:00,2025-03-11T22:02:00,2025-03-11T22:02:00,2025-03-12T00:59:00,2025-03-11T21:59:00
0628c771-ac88-41b8-99bc-47cb12db2677,09fe608e-ad7a-4945-8fc8-13f53bd8f981,0b47310a-57de-411d-a3af-67fcc8e4038f,ACCEPTED,2025-03-11T22:00:00,2025-03-11T22:15:00,2025-03-11T22:15:00,,2025-03-11T22:00:00
b9e68d6a-9b1b-4999-ae66-c03072d6c270,09fe608e-ad7a-4945-8fc8-13f53bd8f981,29e49c87-bf5c-4e0a-844a-7ce3f4f2d13d,COMPLETED,2025-03-11T22:04:00,2025-03-11T22:09:00,2025-03-11T22:09:00,2025-03-12T01:04:00,2025-03-11T22:04:00
a6d6a977-b915-40c9-8ace-4bc92589ed14,3951859b-a0b6-4409-a9d0-6bf1357de388,977055e7-58dc-4d79-b576-2feb17172418,ACCEPTED,2025-03-12T21:33:00,2025-03-12T21:45:00,2025-03-12T21:45:00,,2025-03-12T21:33:00
1b695e02-6e3f-4229-91af-3432e2626d91,3951859b-a0b6-4409-a9d0-6bf1357de388,5af7e665-37a6-4d00-a895-44a3a239f4cf,COMPLETED,2025-03-12T21:35:00,2025-03-12T21:36:00,2025-03-12T21:36:00,2025-03-13T00:35:00,2025-03-12T21:35:00
ec0ce1f1-58a1-4ef7-942d-fc50c9147f29,3951859b-a0b6-4409-a9d0-6bf1357de388,53ed2f86-5a3a-4240-86cc-9f9f609bdea0,DECLINED,2025-03-12T21:37:00,2025-03-12T21:47:00,,,2025-03-12T21:37:00
ef85dbc9-37fe-46ce-98ab-3b2fdf8adaff,3951859b-a0b6-4409-a9d0-6bf1357de388,1f639402-8dc8-4776-97e8-d35510b12cd1,ACCEPTED,2025-03-12T21:41:00,2025-03-12T21:49:00,2025-03-12T21:49:00,,2025-03-12T21:41:00
debe9f03-d603-48fe-bf57-ebabfbf34c97,3951859b-a0b6-4409-a9d0-6bf1357de388,96e372e4-86b2-4e68-b468-3cdf7686a490,ACCEPTED,2025-03-12T21:42:00,2025-03-12T21:52:00,2025-03-12T21:52:00,,2025-03-12T21:42:00
a5a80bcf-a1f6-4241-8440-3acdcd92356a,3951859b-a0b6-4409-a9d0-6bf1357de388,67e602e6-39ad-4901-acb6-b01a84f70f34,ACCEPTED,2025-03-12T21:44:00,2025-03-12T21:58:00,2025-03-12T21:58:00,,2025-03-12T21:44:00
9e864e31-a890-4057-8d8c-b03dd24ff4b1,5bbdd91e-fd16-487e-b5ee-1a7dd65e9afc,d86275ba-b1a0-4e6e-a363-d11e975f6df6,NO_RESPONSE,2025-03-12T22:38:00,,,,2025-03-12T22:38:00
f692ec0b-937c-4ccc-8484-ea737f9f03f2,5bbdd91e-fd16-487e-b5ee-1a7dd65e9afc,cb3c9262-005e-4dcb-a8e5-a2c3920ffe15,ACCEPTED,2025-03-12T22:38:00,2025-03-12T22:47:00,2025-03-12T22:47:00,,2025-03-12T22:38:00
843d0f22-83e8-4d13-bc71-2d4b796f57fc,5bbdd91e-fd16-487e-b5ee-1a7dd65e9afc,6c5114ec-b8e2-4c74-8e20-93ded422c3b1,ACCEPTED,2025-03-12T22:43:00,2025-03-12T22:55:00,2025-03-12T22:55:00,,2025-03-12T22:43:00
3363fb4a-9653-4063-b99f-01a2f31463ab,5bbdd91e-fd16-487e-b5ee-1a7dd65e9afc,0bd74d79-c6ed-4e86-a612-e698b486ec29,EXPIRED,2025-03-12T22:43:00,,,,2025-03-12T22:43:00
ccd2ab57-8267-4d3f-87fa-ee660e975b4a,0ace9270-499a-440b-8d1e-68067a9d29f6,748bd135-2aa2-42af-9ae8-8edfadd6d30f,COMPLETED,2025-03-12T23:09:00,2025-03-12T23:24:00,2025-03-12T23:24:00,2025-03-13T00:09:00,2025-03-12T23:09:00
18bbcf40-6276-497d-a308-e6a84d1c2d46,0ace9270-499a-440b-8d1e-68067a9d29f6,cbfa701d-d50d-4cb5-a221-792b267c1d82,ACCEPTED,2025-03-12T23:17:00,2025-03-12T23:23:00,2025-03-12T23:23:00,,2025-03-12T23:17:00
f4558970-6cf5-4c98-9251-ecda05248d73,0ace9270-499a-440b-8d1e-68067a9d29f6,6808b218-ad45-4d5a-8374-ac96bd2f9e51,ACCEPTED,2025-03-12T23:17:00,2025-03-12T23:22:00,2025-03-12T23:22:00,,2025-03-12T23:17:00
70908c0c-8859-4666-8d78-20031da2260a,0aca2e1e-b986-4079-b15a-ea3d30e82b28,797a96d3-916e-44ca-9537-0bd455606d82,DECLINED,2025-03-13T00:48:00,2025-03-13T00:59:00,,,2025-03-13T00:48:00
79c1c047-d886-4c41-91bf-957e1cfc9829,0aca2e1e-b986-4079-b15a-ea3d30e82b28,0648f122-df82-42c1-b7a4-513681226246,ACCEPTED,2025-03-13T00:50:00,2025-03-13T00:55:00,2025-03-13T00:55:00,,2025-03-13T00:50:00
f7cac799-7092-4a8f-a40a-72997a483703,0aca2e1e-b986-4079-b15a-ea3d30e82b28,846be435-a2e1-4850-bad5-07de99099078,COMPLETED,2025-03-13T00:52:00,2025-03-13T01:06:00,2025-03-13T01:06:00,2025-03-13T01:52:00,2025-03-13T00:52:00
481b9309-06ea-40cc-8579-93e6957bbd93,0aca2e1e-b986-4079-b15a-ea3d30e82b28,cc255119-86e4-43ad-b1f0-6c24ac17d920,COMPLETED,2025-03-13T00:53:00,2025-03-13T01:01:00,2025-03-13T01:01:00,2025-03-13T03:53:00,2025-03-13T00:53:00
02b92886-c8a2-43b1-8389-0940c0201317,bbb97d45-3810-4e2a-9068-f9a3778c3e1e,90f0edf1-053b-433f-b7d0-041be1e882d4,NO_RESPONSE,2025-03-13T02:39:00,,,,2025-03-13T02:39:00
865a415c-fcb1-45db-93ce-c0032e03943b,bbb97d45-3810-4e2a-9068-f9a3778c3e1e,bfe6f01b-84b9-4986-b7ea-e375c91d0d8c,MISSED,2025-03-13T02:42:00,,,,2025-03-13T02:42:00
a805deab-8c68-4abe-9320-d607853f27f7,bbb97d45-3810-4e2a-9068-f9a3778c3e1e,46c4620d-f466-43aa-86c4-b6bea05d529d,ACCEPTED,2025-03-13T02:43:00,2025-03-13T02:53:00,2025-03-13T02:53:00,,2025-03-13T02:43:00
930ae818-faf3-4a4f-baed-cba32ffed9ea,bbb97d45-3810-4e2a-9068-f9a3778c3e1e,2e3af94c-8ff5-4a35-ac8a-571d4fa070d4,COMPLETED,2025-03-13T02:46:00,2025-03-13T02:52:00,2025-03-13T02:52:00,2025-03-13T05:46:00,2025-03-13T02:46:00
6f2cb0af-0d61-49ec-af33-d3ef70bcb164,bbb97d45-3810-4e2a-9068-f9a3778c3e1e,0409fca8-45c7-403f-8d31-663c4c640e47,NO_RESPONSE,2025-03-13T02:47:00,,,,2025-03-13T02:47:00
f524b986-dfc8-467e-a87f-f8a61a443ca1,bbb97d45-3810-4e2a-9068-f9a3778c3e1e,1711dff0-5b73-4336-ae3e-5003955b231a,COMPLETED,2025-03-13T02:48:00,2025-03-13T03:00:00,2025-03-13T03:00:00,2025-03-13T05:48:00,2025-03-13T02:48:00
93ab3668-150c-40b9-857b-ffc74f8f40d6,cc01587f-d5d6-4a45-8a67-0717c3772ede,4dedcbdc-081b-4f07-a1d8-a65cfe88d71e,ACCEPTED,2025-03-13T02:49:00,2025-03-13T02:54:00,2025-03-13T02:54:00,,2025-03-13T02:49:00
30d4cb06-8b8b-4465-bd83-d441d9b64ee6,cc01587f-d5d6-4a45-8a67-0717c3772ede,d6f6800e-5c63-432b-93d2-8d7c32142867,DECLINED,2025-03-13T02:51:00,2025-03-13T02:54:00,,,2025-03-13T02:51:00
bad39896-b797-48b4-84a2-cf070567f223,65206dcf-7194-4a8f-82c1-97268504ff53,ac4e88c1-0595-40f7-bf14-b77ad397e5dd,NO_RESPONSE,2025-03-13T07:59:00,,,,2025-03-13T07:59:00
121c9a33-c48a-425c-8edd-db2aa72dc0a4,65206dcf-7194-4a8f-82c1-97268504ff53,91080d43-a198-4089-b53a-109a95c5e635,ACCEPTED,2025-03-13T08:05:00,2025-03-13T08:09:00,2025-03-13T08:09:00,,2025-03-13T08:05:00
39bc25b0-1c09-44dc-b168-36a65347aeae,65206dcf-7194-4a8f-82c1-97268504ff53,e00b0ffc-7f24-4a41-8150-e710ef1d3730,NO_RESPONSE,2025-03-13T08:07:00,,,,2025-03-13T08:07:00
ba6f6939-c146-4514-88b5-414fa5e2b10a,65206dcf-7194-4a8f-82c1-97268504ff53,439e88c8-d95f-4954-bd8f-aec912f08cc1,ACCEPTED,2025-03-13T08:07:00,2025-03-13T08:22:00,2025-03-13T08:22:00,,2025-03-13T08:07:00
aa9a9b10-c952-401f-ae81-c698366a29f0,65206dcf-7194-4a8f-82c1-97268504ff53,8d54dd37-108d-4ec9-87e8-552d73629a00,MISSED,2025-03-13T08:08:00,,,,2025-03-13T08:08:00
591bed9a-d225-43ba-b8bb-d760115eb34d,1e48e546-9739-470b-915e-d3f598914905,2361c7a1-b851-4b64-97aa-0cf019d4b69d,ACCEPTED,2025-03-13T11:11:00,2025-03-13T11:16:00,2025-03-13T11:16:00,,2025-03-13T11:11:00
81a0afb5-493c-4ae6-a6f5-fb390e6c3047,1e48e546-9739-470b-915e-d3f598914905,6a9c2430-d23f-4e3a-9d23-36289b5ec791,ACCEPTED,2025-03-13T11:12:00,2025-03-13T11:16:00,2025-03-13T11:16:00,,2025-03-13T11:12:00
a46eaa1e-f251-4530-a143-a4a5e6cd4e79,1e48e546-9739-470b-915e-d3f598914905,cc255119-86e4-43ad-b1f0-6c24ac17d920,ACCEPTED,2025-03-13T11:12:00,2025-03-13T11:13:00,2025-03-13T11:13:00,,2025-03-13T11:12:00
705b3431-1106-460e-8490-395c1233e9f9,1e48e546-9739-470b-915e-d3f598914905,80faa51d-a2ac-468a-a4b0-b1c148fd10fe,ACCEPTED,2025-03-13T11:17:00,2025-03-13T11:20:00,2025-03-13T11:20:00,,2025-03-13T11:17:00
7549bc6a-17c6-4b29-9e24-fe35a1121103,1e48e546-9739-470b-915e-d3f598914905,a88bf6b5-168a-42ee-bea7-b40defa21e24,ACCEPTED,2025-03-13T11:20:00,2025-03-13T11:29:00,2025-03-13T11:29:00,,2025-03-13T11:20:00
3415329d-c1f9-4187-9b2e-0c36f0b13daa,1e48e546-9739-470b-915e-d3f598914905,5053490e-deb6-4adb-911f-6fcef3832803,COMPLETED,2025-03-13T11:24:00,2025-03-13T11:32:00,2025-03-13T11:32:00,2025-03-13T13:24:00,2025-03-13T11:24:00
94c84cc9-f99b-4943-947a-b02e832b2ce2,351496cd-c932-4c67-9a64-7f9c634e21e5,9a08a817-eaf1-4182-9eb1-290121129ead,COMPLETED,2025-03-13T12:37:00,2025-03-13T12:45:00,2025-03-13T12:45:00,2025-03-13T13:37:00,2025-03-13T12:37:00
e3bf5cd8-2e1f-4a6c-8053-265948cd81ab,351496cd-c932-4c67-9a64-7f9c634e21e5,bc7ffdff-d62a-437c-9957-5c8739b97d73,ACCEPTED,2025-03-13T12:41:00,2025-03-13T12:46:00,2025-03-13T12:46:00,,2025-03-13T12:41:00
444efec3-0514-447d-aea7-64a27f3b8197,351496cd-c932-4c67-9a64-7f9c634e21e5,4d73646f-823d-4c1b-9fe9-150b22e01890,ACCEPTED,2025-03-13T12:45:00,2025-03-13T12:57:00,2025-03-13T12:57:00,,2025-03-13T12:45:00
f627253b-e2d9-4671-bb1c-65a1fd1d89d6,351496cd-c932-4c67-9a64-7f9c634e21e5,01980ae7-4a49-4fe8-b3d2-6850ed621b41,ACCEPTED,2025-03-13T12:45:00,2025-03-13T12:53:00,2025-03-13T12:53:00,,2025-03-13T12:45:00
bf5c462e-593c-4459-837b-8ce1a2bd4e29,d26759bd-507c-4e69-8d85-248924d59017,03dd11aa-3bce-44bb-af81-d893187d3f9b,ACCEPTED,2025-03-13T13:41:00,2025-03-13T13:47:00,2025-03-13T13:47:00,,2025-03-13T13:41:00
a501d6a3-dee8-48eb-92ed-84d17485900e,d26759bd-507c-4e69-8d85-248924d59017,d6b5ae43-d86a-4b5f-abd6-b4e06091ee44,NO_RESPONSE,2025-03-13T13:45:00,,,,2025-03-13T13:45:00
03468cf5-e335-4689-8729-c07e173be2f0,d26759bd-507c-4e69-8d85-248924d59017,c3fb4684-c1e0-4da0-a54b-9e8f789026c2,ACCEPTED,2025-03-13T13:45:00,2025-03-13T13:52:00,2025-03-13T13:52:00,,2025-03-13T13:45:00
2f4186a1-cff3-4c9a-8259-3d8130074379,d26759bd-507c-4e69-8d85-248924d59017,6c926c1e-7975-4345-a762-128c25695f2b,COMPLETED,2025-03-13T13:45:00,2025-03-13T13:46:00,2025-03-13T13:46:00,2025-03-13T16:45:00,2025-03-13T13:45:00
1f8459ba-9ccb-450b-af99-cd97e917653e,d0fe526c-be7f-40ad-ac71-cb7b4f8705c7,d239a4ec-9007-41bc-a9af-3ceae895f0c0,ACCEPTED,2025-03-13T15:32:00,2025-03-13T15:40:00,2025-03-13T15:40:00,,2025-03-13T15:32:00
43d90d2d-3a6b-434b-a64d-f07234a83e3c,d0fe526c-be7f-40ad-ac71-cb7b4f8705c7,6c841b96-0d6c-4d4f-a647-602aca520949,NO_RESPONSE,2025-03-13T15:33:00,,,,2025-03-13T15:33:00
4660655c-451a-4628-b2e9-1cc47b8311da,d0fe526c-be7f-40ad-ac71-cb7b4f8705c7,72d80153-ab97-4442-b132-ccdf469ad157,COMPLETED,2025-03-13T15:34:00,2025-03-13T15:41:00,2025-03-13T15:41:00,2025-03-13T18:34:00,2025-03-13T15:34:00
fe6950a7-650f-42a3-9309-daaa34647f13,d0fe526c-be7f-40ad-ac71-cb7b4f8705c7,67e602e6-39ad-4901-acb6-b01a84f70f34,ACCEPTED,2025-03-13T15:42:00,2025-03-13T15:53:00,2025-03-13T15:53:00,,2025-03-13T15:42:00
99050063-b590-41d6-bbbe-e0ae695bd245,84126bf8-f8d2-441a-887c-f4560b118dda,533414cd-671e-4157-a291-db237359e3c8,NO_RESPONSE,2025-03-13T16:28:00,,,,2025-03-13T16:28:00
316ef7b3-2562-4d27-b375-62c57bf17b25,84126bf8-f8d2-441a-887c-f4560b118dda,c9e3038e-7436-4df3-9f2a-fc2746763273,ACCEPTED,2025-03-13T16:31:00,2025-03-13T16:39:00,2025-03-13T16:39:00,,2025-03-13T16:31:00
02989b56-38d2-4a42-9398-782d8fab732c,84126bf8-f8d2-441a-887c-f4560b118dda,1b195c08-15b1-40fe-af14-43f69a65bef9,ACCEPTED,2025-03-13T16:33:00,2025-03-13T16:42:00,2025-03-13T16:42:00,,2025-03-13T16:33:00
3eb243a6-270c-457f-b305-cf27711f030b,84126bf8-f8d2-441a-887c-f4560b118dda,76c87fab-4634-487d-a03f-d4c7ee94749e,COMPLETED,2025-03-13T16:35:00,2025-03-13T16:47:00,2025-03-13T16:47:00,2025-03-13T17:35:00,2025-03-13T16:35:00
70271afc-5641-45cb-b401-025344c40428,84126bf8-f8d2-441a-887c-f4560b118dda,d0a96683-1429-46b7-a70f-c0a765bdce73,ACCEPTED,2025-03-13T16:38:00,2025-03-13T16:53:00,2025-03-13T16:53:00,,2025-03-13T16:38:00
9ca86d20-656f-4e23-815a-805c9eb8a71f,84126bf8-f8d2-441a-887c-f4560b118dda,2b53fe55-2a72-4432-a6b9-13c5a851be2a,COMPLETED,2025-03-13T16:39:00,2025-03-13T16:42:00,2025-03-13T16:42:00,2025-03-13T18:39:00,2025-03-13T16:39:00
5a2edad3-6e18-42fb-b862-9b05248509ff,896e8a46-1402-4684-8d65-8f65ff99d03f,c57abeef-b6d8-4cf7-ae50-3774b55c6768,ACCEPTED,2025-03-13T17:27:00,2025-03-13T17:32:00,2025-03-13T17:32:00,,2025-03-13T17:27:00
4e58d396-d129-4875-ac48-977687bacf1a,896e8a46-1402-4684-8d65-8f65ff99d03f,36ab981c-07be-4841-8992-11118d375327,COMPLETED,2025-03-13T17:30:00,2025-03-13T17:45:00,2025-03-13T17:45:00,2025-03-13T18:30:00,2025-03-13T17:30:00
d543a78f-1768-4c93-93ec-444d5dfe922c,896e8a46-1402-4684-8d65-8f65ff99d03f,4ac85ad1-81f9-4db3-a7c9-2bd4d3df0e31,ACCEPTED,2025-03-13T17:31:00,2025-03-13T17:37:00,2025-03-13T17:37:00,,2025-03-13T17:31:00
e41fead0-2a22-46a9-ac2d-0b904820f910,896e8a46-1402-4684-8d65-8f65ff99d03f,bf160ba0-ac86-4d11-b5e7-904beff9cc2d,ACCEPTED,2025-03-13T17:38:00,2025-03-13T17:41:00,2025-03-13T17:41:00,,2025-03-13T17:38:00
da50c8dd-a0bf-476c-a512-002608dcaf21,661e79c6-dcf8-4b24-a661-d579aa9de715,12fc0202-67a8-417a-a936-b348c6432014,ACCEPTED,2025-03-13T18:46:00,2025-03-13T18:58:00,2025-03-13T18:58:00,,2025-03-13T18:46:00
a35bb770-412f-4afb-adbf-514f6f7871a6,661e79c6-dcf8-4b24-a661-d579aa9de715,a77bcc83-4a3d-492d-bcd8-592aba88fc9d,NO_RESPONSE,2025-03-13T18:56:00,,,,2025-03-13T18:56:00
21b74292-a2f9-4a72-8f10-6dfa4c69440b,932fbb57-7b11-4d14-acba-17f4909533b3,6ba5036b-8e59-4341-9bc3-f959ef8d8360,COMPLETED,2025-03-13T20:36:00,2025-03-13T20:49:00,2025-03-13T20:49:00,2025-03-13T22:36:00,2025-03-13T20:36:00
97ee2f58-b7f2-406e-9c02-faf20e05550b,932fbb57-7b11-4d14-acba-17f4909533b3,ef2b35e1-aedc-4a84-a9b0-5f90c4eca927,DECLINED,2025-03-13T20:36:00,2025-03-13T20:51:00,,,2025-03-13T20:36:00
5e4a10da-3c65-4d92-8538-574539e1a494,932fbb57-7b11-4d14-acba-17f4909533b3,0f0a17e5-ee39-4b55-89bf-da47d9347eab,NO_RESPONSE,2025-03-13T20:37:00,,,,2025-03-13T20:37:00
8755fe85-bb6d-4003-a10c-611fb59a5952,932fbb57-7b11-4d14-acba-17f4909533b3,d0541b7a-d91a-4f60-a3c9-55e8ae5577b7,ACCEPTED,2025-03-13T20:39:00,2025-03-13T20:53:00,2025-03-13T20:53:00,,2025-03-13T20:39:00
5878fa5a-d3c0-4274-8ff3-9a9e3c4b4992,932fbb57-7b11-4d14-acba-17f4909533b3,2f38acd6-86c3-4ffd-b869-1117ac2e0be7,NO_RESPONSE,2025-03-13T20:43:00,,,,2025-03-13T20:43:00
9c46bc98-58ad-4eb8-aa99-c7ff339bf3a9,a4948f9a-34dc-4cb8-9ed1-6d46fa1525d5,caedcc90-6c34-4e03-8f0b-b86ff3cda6a7,ACCEPTED,2025-03-14T05:01:00,2025-03-14T05:11:00,2025-03-14T05:11:00,,2025-03-14T05:01:00
df70f630-70d8-4ba7-8d12-8325d96b6103,a4948f9a-34dc-4cb8-9ed1-6d46fa1525d5,eca2c7b8-3bf7-4912-8e53-7666a464dbfc,COMPLETED,2025-03-14T05:09:00,2025-03-14T05:17:00,2025-03-14T05:17:00,2025-03-14T07:09:00,2025-03-14T05:09:00
b0f45303-b032-48c1-aa0d-db3ca74aceac,2c7f0664-6581-40e6-a0db-88dcefdcc208,846be435-a2e1-4850-bad5-07de99099078,ACCEPTED,2025-03-14T06:34:00,2025-03-14T06:38:00,2025-03-14T06:38:00,,2025-03-14T06:34:00
2728da07-0b77-4d33-b2ea-6d19f0429292,2c7f0664-6581-40e6-a0db-88dcefdcc208,ad71dc4d-d139-444d-a8ee-c755441c0f54,ACCEPTED,2025-03-14T06:37:00,2025-03-14T06:40:00,2025-03-14T06:40:00,,2025-03-14T06:37:00
b6d96e93-eafd-4bb8-8747-915ab280b9c8,2c7f0664-6581-40e6-a0db-88dcefdcc208,90f0edf1-053b-433f-b7d0-041be1e882d4,NO_RESPONSE,2025-03-14T06:37:00,,,,2025-03-14T06:37:00
267f723c-2b02-4a8c-b7f3-6da8da2e4ec1,2c7f0664-6581-40e6-a0db-88dcefdcc208,0c006a63-150c-4896-a935-e4015ce402d4,NO_RESPONSE,2025-03-14T06:46:00,,,,2025-03-14T06:46:00
9f59a5ef-bd9c-49eb-8002-b612eb1969ee,30f11e59-25e4-4f0e-94bf-2629dc20a1dc,0239e706-289d-4498-9947-7818e4011dc0,DECLINED,2025-03-14T07:33:00,2025-03-14T07:40:00,,,2025-03-14T07:33:00
e5db2874-861c-4801-aafe-9c5eb0ff5114,30f11e59-25e4-4f0e-94bf-2629dc20a1dc,d346ac11-9b08-4a8a-b887-845a17ae7266,ACCEPTED,2025-03-14T07:36:00,2025-03-14T07:40:00,2025-03-14T07:40:00,,2025-03-14T07:36:00
2b48acf9-9cce-48d5-8286-09cebe62fc1b,44c6d075-e4eb-4e11-9365-b991ea055237,8149a5a0-b1e9-4bb0-a980-b7f5bdcb02a4,ACCEPTED,2025-03-14T08:34:00,2025-03-14T08:36:00,2025-03-14T08:36:00,,2025-03-14T08:34:00
c93ff2b9-17ec-4591-9378-a46de1327f57,44c6d075-e4eb-4e11-9365-b991ea055237,aa88c4dd-4d72-4fc4-81fb-864525abed74,NO_RESPONSE,2025-03-14T08:35:00,,,,2025-03-14T08:35:00
b4ce25f8-c4c1-48b5-89a4-246fcb796383,44c6d075-e4eb-4e11-9365-b991ea055237,7df3d0f3-a755-40a4-a102-6e1158275be1,NO_RESPONSE,2025-03-14T08:36:00,,,,2025-03-14T08:36:00
e5eadf39-6476-4c6d-80eb-37a1e5ffb7cc,44c6d075-e4eb-4e11-9365-b991ea055237,46c4620d-f466-43aa-86c4-b6bea05d529d,COMPLETED,2025-03-14T08:42:00,2025-03-14T08:52:00,2025-03-14T08:52:00,2025-03-14T09:42:00,2025-03-14T08:42:00
c98648fc-4305-4b27-86d6-d4f1c90ad8c7,44c6d075-e4eb-4e11-9365-b991ea055237,0cdb3e6f-399c-4e51-9eb2-0a3eed101f33,COMPLETED,2025-03-14T08:44:00,2025-03-14T08:58:00,2025-03-14T08:58:00,2025-03-14T10:44:00,2025-03-14T08:44:00
784642e0-846c-450a-a859-be82a747cd7c,fa6180c8-e9f2-4b8d-931a-c2788f95c007,20973b43-2cf6-456f-b7bc-c097d6343c32,ACCEPTED,2025-03-14T09:42:00,2025-03-14T09:45:00,2025-03-14T09:45:00,,2025-03-14T09:42:00
7858c367-be1b-421d-9fd1-c70bbef6780e,fa6180c8-e9f2-4b8d-931a-c2788f95c007,887c04b7-3558-4cd6-b634-cf5a4cd93877,COMPLETED,2025-03-14T09:42:00,2025-03-14T09:51:00,2025-03-14T09:51:00,2025-03-14T10:42:00,2025-03-14T09:42:00
d13df013-a1bf-4753-acc1-c9e3f76bd4cf,fa6180c8-e9f2-4b8d-931a-c2788f95c007,d86275ba-b1a0-4e6e-a363-d11e975f6df6,DECLINED,2025-03-14T09:43:00,2025-03-14T09:56:00,,,2025-03-14T09:43:00
a6cf824d-ae43-4508-b6e4-91c8147ccdd0,fa6180c8-e9f2-4b8d-931a-c2788f95c007,5af7e665-37a6-4d00-a895-44a3a239f4cf,COMPLETED,2025-03-14T09:46:00,2025-03-14T09:48:00,2025-03-14T09:48:00,2025-03-14T12:46:00,2025-03-14T09:46:00
1e90f212-e7dd-4816-bf16-82a4b8bc2928,fa6180c8-e9f2-4b8d-931a-c2788f95c007,a5412686-ad1b-4800-b166-5b72f3faa02d,ACCEPTED,2025-03-14T09:49:00,2025-03-14T10:02:00,2025-03-14T10:02:00,,2025-03-14T09:49:00
ed5c570d-2d1e-4e4b-b260-36115364bde7,8020ee8c-b55e-4bd9-8820-2565feb4d6ae,5805c9e4-e8a0-4c33-9ca3-70004d94c948,ACCEPTED,2025-03-14T09:51:00,2025-03-14T10:04:00,2025-03-14T10:04:00,,2025-03-14T09:51:00
8884fba2-26be-424c-935f-1a2bca1a1b46,8020ee8c-b55e-4bd9-8820-2565feb4d6ae,6808b218-ad45-4d5a-8374-ac96bd2f9e51,EXPIRED,2025-03-14T09:52:00,,,,2025-03-14T09:52:00
2a0f3b11-3849-4776-98a1-2e2c9ed8e3f8,8020ee8c-b55e-4bd9-8820-2565feb4d6ae,80faa51d-a2ac-468a-a4b0-b1c148fd10fe,ACCEPTED,2025-03-14T09:54:00,2025-03-14T10:07:00,2025-03-14T10:07:00,,2025-03-14T09:54:00
08293aca-de1c-47e1-82a1-66e98f68e604,8020ee8c-b55e-4bd9-8820-2565feb4d6ae,5849a59e-7a49-4c31-a079-4e89867a7e98,COMPLETED,2025-03-14T09:54:00,2025-03-14T09:57:00,2025-03-14T09:57:00,2025-03-14T10:54:00,2025-03-14T09:54:00
e77d6d4e-a005-44ee-8308-fd0a209d2753,8020ee8c-b55e-4bd9-8820-2565feb4d6ae,8a40fb38-7cf4-468d-954f-bebd5270f111,ACCEPTED,2025-03-14T09:57:00,2025-03-14T10:05:00,2025-03-14T10:05:00,,2025-03-14T09:57:00
6ad029fb-1e83-40ba-9180-1f5530603e47,8020ee8c-b55e-4bd9-8820-2565feb4d6ae,430aca8d-ebe3-48e3-8d2f-e1975ad23d8d,ACCEPTED,2025-03-14T09:59:00,2025-03-14T10:13:00,2025-03-14T10:13:00,,2025-03-14T09:59:00
aa452d26-b8a2-4625-8f17-88e47c698fa9,3b682cb0-d6b8-47bc-801b-b05bb62d9f49,075750fe-b6ad-4c6a-a4e3-91e723ad0bdf,COMPLETED,2025-03-14T10:07:00,2025-03-14T10:22:00,2025-03-14T10:22:00,2025-03-14T12:07:00,2025-03-14T10:07:00
2f245ee9-ff43-461c-9562-12ad2e76249b,3b682cb0-d6b8-47bc-801b-b05bb62d9f49,ffd6e179-bce4-414a-9aef-db47a3caea86,COMPLETED,2025-03-14T10:17:00,2025-03-14T10:25:00,2025-03-14T10:25:00,2025-03-14T11:17:00,2025-03-14T10:17:00
681d2f13-c9c1-4126-aec2-e4d79038ffc0,84be1729-013e-4061-9788-169075cb274c,ba0652ab-674d-480e-b23d-7fb7301f9218,ACCEPTED,2025-03-14T13:12:00,2025-03-14T13:25:00,2025-03-14T13:25:00,,2025-03-14T13:12:00
c39f840c-0392-4bcd-b351-91f9b27e258d,84be1729-013e-4061-9788-169075cb274c,2c4d68b2-c9d6-4244-9ac3-ce7b208c9147,ACCEPTED,2025-03-14T13:17:00,2025-03-14T13:23:00,2025-03-14T13:23:00,,2025-03-14T13:17:00
2e834552-7deb-48bd-8f58-63e5a913ec02,84be1729-013e-4061-9788-169075cb274c,3e5bcb3e-d421-4d2e-b8ee-6482c43242d7,MISSED,2025-03-14T13:17:00,,,,2025-03-14T13:17:00
e82932e5-8293-4c51-80c4-5e62a4290a66,84be1729-013e-4061-9788-169075cb274c,2c1091c3-2c2e-4305-8524-f2651ddbea75,COMPLETED,2025-03-14T13:18:00,2025-03-14T13:32:00,2025-03-14T13:32:00,2025-03-14T14:18:00,2025-03-14T13:18:00
de058b3f-9f11-405a-8d79-cc66f25270b7,84be1729-013e-4061-9788-169075cb274c,4ca593a6-6883-4ff4-b14b-a47593e71ecc,COMPLETED,2025-03-14T13:21:00,2025-03-14T13:32:00,2025-03-14T13:32:00,2025-03-14T15:21:00,2025-03-14T13:21:00
20665367-ecdc-494d-9b5b-26fdc8c806c8,84be1729-013e-4061-9788-169075cb274c,d86275ba-b1a0-4e6e-a363-d11e975f6df6,ACCEPTED,2025-03-14T13:22:00,2025-03-14T13:34:00,2025-03-14T13:34:00,,2025-03-14T13:22:00
62dc5276-4a97-46ac-adf7-a76d10df41c3,f3a832c0-539b-4777-82da-6306a6542260,6ea9a5eb-fa10-4a3a-b0ff-8ec7b4d27eff,ACCEPTED,2025-03-14T17:13:00,2025-03-14T17:22:00,2025-03-14T17:22:00,,2025-03-14T17:13:00
2c3f15cb-717f-42a9-b1ee-c4270b7c81ba,f3a832c0-539b-4777-82da-6306a6542260,a2c7df0e-ef10-4dcc-aaed-b693b2b5db03,ACCEPTED,2025-03-14T17:18:00,2025-03-14T17:31:00,2025-03-14T17:31:00,,2025-03-14T17:18:00
1d05f773-6f80-427d-ad34-967f32f87ec3,f3a832c0-539b-4777-82da-6306a6542260,4b0c223e-3977-4c3a-96bc-a4febeb624c3,ACCEPTED,2025-03-14T17:23:00,2025-03-14T17:33:00,2025-03-14T17:33:00,,2025-03-14T17:23:00
4ea8fd17-18fc-46ee-86d3-f8add9679acd,f3a832c0-539b-4777-82da-6306a6542260,c9dc82a9-929e-4f50-b5b7-c81e47b0668c,ACCEPTED,2025-03-14T17:25:00,2025-03-14T17:27:00,2025-03-14T17:27:00,,2025-03-14T17:25:00
8887d85b-4578-41a1-ae19-3e971f0c4255,5f784b66-e278-4e03-a809-a1de7d60a3bd,e10f8499-9444-4031-828d-33425d7476a6,ACCEPTED,2025-03-14T18:46:00,2025-03-14T19:00:00,2025-03-14T19:00:00,,2025-03-14T18:46:00
e0e8c96d-f8ff-47b8-af1f-3e9a68bae809,5f784b66-e278-4e03-a809-a1de7d60a3bd,bf160ba0-ac86-4d11-b5e7-904beff9cc2d,ACCEPTED,2025-03-14T18:47:00,2025-03-14T18:55:00,2025-03-14T18:55:00,,2025-03-14T18:47:00
7e411f6f-e0dd-4be5-b79c-815d6c0029f0,5f784b66-e278-4e03-a809-a1de7d60a3bd,972c2711-206c-49a4-b763-2a7319f31c08,ACCEPTED,2025-03-14T18:50:00,2025-03-14T19:02:00,2025-03-14T19:02:00,,2025-03-14T18:50:00
b3b23595-c362-4c14-afbc-62635d838df2,5f784b66-e278-4e03-a809-a1de7d60a3bd,979e4feb-883b-4b84-a316-add5625c20c0,ACCEPTED,2025-03-14T18:50:00,2025-03-14T19:04:00,2025-03-14T19:04:00,,2025-03-14T18:50:00
03505748-d253-4fed-af33-79fd1a031261,5f784b66-e278-4e03-a809-a1de7d60a3bd,2b53fe55-2a72-4432-a6b9-13c5a851be2a,ACCEPTED,2025-03-14T18:51:00,2025-03-14T19:06:00,2025-03-14T19:06:00,,2025-03-14T18:51:00
62001534-ac94-4f22-83cb-df88e1101ec2,5f784b66-e278-4e03-a809-a1de7d60a3bd,cc255119-86e4-43ad-b1f0-6c24ac17d920,COMPLETED,2025-03-14T18:52:00,2025-03-14T19:01:00,2025-03-14T19:01:00,2025-03-14T20:52:00,2025-03-14T18:52:00
dce5aa40-b130-4c46-b26f-437b30bfbb6a,97df9f31-ac8d-4217-a9fe-8bc25bdf0a5b,2b53fe55-2a72-4432-a6b9-13c5a851be2a,ACCEPTED,2025-03-14T21:37:00,2025-03-14T21:47:00,2025-03-14T21:47:00,,2025-03-14T21:37:00
bbc22ee0-4a4b-4dda-afad-777cafb33fcb,97df9f31-ac8d-4217-a9fe-8bc25bdf0a5b,0b51ced4-84e3-45ad-a67a-de86af260d64,ACCEPTED,2025-03-14T21:40:00,2025-03-14T21:43:00,2025-03-14T21:43:00,,2025-03-14T21:40:00
39a0bb22-5462-4627-8377-9cbf3d35ff61,97df9f31-ac8d-4217-a9fe-8bc25bdf0a5b,34dc13fa-a9a1-4b88-8692-d63511225a68,ACCEPTED,2025-03-14T21:41:00,2025-03-14T21:56:00,2025-03-14T21:56:00,,2025-03-14T21:41:00
d24a4ba3-9650-4eb4-b02a-4cfae2792658,4edea2aa-bb22-42d9-82c1-c25ddd3e8be4,86982baf-89fb-453b-bd13-a6cfe928ea51,ACCEPTED,2025-03-15T03:10:00,2025-03-15T03:25:00,2025-03-15T03:25:00,,2025-03-15T03:10:00
3d55c79b-f3d4-4b87-a247-784bbf275b02,4edea2aa-bb22-42d9-82c1-c25ddd3e8be4,feca2cc5-9c28-40c7-8543-ca69b34076e3,DECLINED,2025-03-15T03:11:00,2025-03-15T03:27:00,,,2025-03-15T03:11:00
ab728c94-9d4a-4100-bf91-ef146fa5b0ce,4edea2aa-bb22-42d9-82c1-c25ddd3e8be4,3e6e3033-9a9c-4988-9e45-362e43ee98e6,ACCEPTED,2025-03-15T03:19:00,2025-03-15T03:33:00,2025-03-15T03:33:00,,2025-03-15T03:19:00
42d4bdcf-f54b-4836-87f1-b7efe9826575,4edea2aa-bb22-42d9-82c1-c25ddd3e8be4,2e3af94c-8ff5-4a35-ac8a-571d4fa070d4,MISSED,2025-03-15T03:20:00,,,,2025-03-15T03:20:00
2934ad93-4530-4d02-99e5-f9d0c9b580cd,4edea2aa-bb22-42d9-82c1-c25ddd3e8be4,96b33493-7f4b-4752-a880-e07a1deccfc8,ACCEPTED,2025-03-15T03:22:00,2025-03-15T03:24:00,2025-03-15T03:24:00,,2025-03-15T03:22:00
27174120-029d-4098-b808-6d595f9c0f9f,4edea2aa-bb22-42d9-82c1-c25ddd3e8be4,facc5b5b-c0fa-45e8-8b9d-e13559d60097,NO_RESPONSE,2025-03-15T03:23:00,,,,2025-03-15T03:23:00
dd8a8dce-929b-4349-8daf-e0b5d552fade,18eed34c-1804-440f-a8e3-405f9df1cb52,12cb054b-3ad8-409d-879c-911bba186c06,ACCEPTED,2025-03-15T04:22:00,2025-03-15T04:33:00,2025-03-15T04:33:00,,2025-03-15T04:22:00
580b9d1b-f4d2-4023-9d98-81a35c9b8a72,18eed34c-1804-440f-a8e3-405f9df1cb52,9a08a817-eaf1-4182-9eb1-290121129ead,ACCEPTED,2025-03-15T04:25:00,2025-03-15T04:40:00,2025-03-15T04:40:00,,2025-03-15T04:25:00
2cf45534-fdcc-4738-a963-95f3eaac762f,18eed34c-1804-440f-a8e3-405f9df1cb52,2c3259d5-3a5a-4a64-be43-cedbc92ce0dc,EXPIRED,2025-03-15T04:28:00,,,,2025-03-15T04:28:00
454be2c4-7e23-4810-90bc-83f7d728237d,18eed34c-1804-440f-a8e3-405f9df1cb52,bbaea4a2-227b-4e8f-9f8b-61615adfff9f,ACCEPTED,2025-03-15T04:29:00,2025-03-15T04:34:00,2025-03-15T04:34:00,,2025-03-15T04:29:00
ee590185-6773-49c4-8678-444d571ee03a,18eed34c-1804-440f-a8e3-405f9df1cb52,c57abeef-b6d8-4cf7-ae50-3774b55c6768,ACCEPTED,2025-03-15T04:30:00,2025-03-15T04:44:00,2025-03-15T04:44:00,,2025-03-15T04:30:00
2ad78004-7bb8-4741-a098-b9100e5c1ad3,c441cb30-0632-4415-a039-e4a7123b6cad,2d57212f-e718-4f41-a96c-e064f42d3047,ACCEPTED,2025-03-15T08:54:00,2025-03-15T08:55:00,2025-03-15T08:55:00,,2025-03-15T08:54:00
9e7e1046-3998-42d4-a04b-9e0941741a62,c441cb30-0632-4415-a039-e4a7123b6cad,4b933cd5-19a8-4e2e-8322-78978d1bb4b2,ACCEPTED,2025-03-15T08:58:00,2025-03-15T09:12:00,2025-03-15T09:12:00,,2025-03-15T08:58:00
fafed95e-b23f-4526-9200-9c6637151345,c441cb30-0632-4415-a039-e4a7123b6cad,3e9272f3-ed0f-4e1e-9e75-ffeefc9ff8be,ACCEPTED,2025-03-15T08:59:00,2025-03-15T09:06:00,2025-03-15T09:06:00,,2025-03-15T08:59:00
46e41663-3277-46fe-a288-ed982648faa6,c441cb30-0632-4415-a039-e4a7123b6cad,6a684832-6713-46ad-8845-56c424779c27,ACCEPTED,2025-03-15T09:01:00,2025-03-15T09:14:00,2025-03-15T09:14:00,,2025-03-15T09:01:00
174714ca-d22d-4480-84b2-8a1ecdae67e7,c441cb30-0632-4415-a039-e4a7123b6cad,72d80153-ab97-4442-b132-ccdf469ad157,NO_RESPONSE,2025-03-15T09:05:00,,,,2025-03-15T09:05:00
2510693e-9250-47cd-8dbd-40b5297bb94e,417de754-4a82-4ad9-ade3-4dace1af612a,030d9e23-9b13-43d8-8711-c5c4d8470363,ACCEPTED,2025-03-15T11:13:00,2025-03-15T11:20:00,2025-03-15T11:20:00,,2025-03-15T11:13:00
4d6d6c51-56ad-4418-90aa-ab706991df1b,417de754-4a82-4ad9-ade3-4dace1af612a,b649daf0-45a0-4879-bceb-08f29bf19ce2,ACCEPTED,2025-03-15T11:14:00,2025-03-15T11:17:00,2025-03-15T11:17:00,,2025-03-15T11:14:00
e6358c6b-fb6e-4cf5-92eb-b39a9046d51e,890bdfb9-e4aa-41e8-9512-6af7e7d4607c,2ca5443d-9c69-4b59-a783-d0c9ad1c7da7,ACCEPTED,2025-03-15T12:13:00,2025-03-15T12:14:00,2025-03-15T12:14:00,,2025-03-15T12:13:00
cd2154c7-c416-40e8-b2cd-3b4cfcd2e256,890bdfb9-e4aa-41e8-9512-6af7e7d4607c,0db56994-7b77-4dee-bd9c-894ba39fcd46,COMPLETED,2025-03-15T12:15:00,2025-03-15T12:18:00,2025-03-15T12:18:00,2025-03-15T13:15:00,2025-03-15T12:15:00
8d5cab4a-de45-458c-bf6a-934eaf01b991,890bdfb9-e4aa-41e8-9512-6af7e7d4607c,12cb054b-3ad8-409d-879c-911bba186c06,ACCEPTED,2025-03-15T12:18:00,2025-03-15T12:32:00,2025-03-15T12:32:00,,2025-03-15T12:18:00
d1f2b9b9-f5a4-4b39-b0fe-e0cf38e6bc78,890bdfb9-e4aa-41e8-9512-6af7e7d4607c,abdc90fb-c824-469f-8f0e-8dd72f8f977f,ACCEPTED,2025-03-15T12:20:00,2025-03-15T12:21:00,2025-03-15T12:21:00,,2025-03-15T12:20:00
96651691-19fe-449c-b061-21029a48c18c,44953ec7-156d-449f-97c3-f7bd9109c4c4,3e5bcb3e-d421-4d2e-b8ee-6482c43242d7,COMPLETED,2025-03-15T14:06:00,2025-03-15T14:18:00,2025-03-15T14:18:00,2025-03-15T16:06:00,2025-03-15T14:06:00
e9f2e683-54a0-461e-b7f4-9765194645ec,44953ec7-156d-449f-97c3-f7bd9109c4c4,8f0171fa-2b4f-4a99-912e-358eb8726b6c,EXPIRED,2025-03-15T14:07:00,,,,2025-03-15T14:07:00
d574d2c7-0782-4e50-8ff7-52375f96bb5a,44953ec7-156d-449f-97c3-f7bd9109c4c4,5849a59e-7a49-4c31-a079-4e89867a7e98,ACCEPTED,2025-03-15T14:14:00,2025-03-15T14:15:00,2025-03-15T14:15:00,,2025-03-15T14:14:00
2ffac701-1482-42b5-a88c-d8d1352a1d97,44953ec7-156d-449f-97c3-f7bd9109c4c4,0ad41086-120a-480a-a25e-68be9c95144c,ACCEPTED,2025-03-15T14:14:00,2025-03-15T14:15:00,2025-03-15T14:15:00,,2025-03-15T14:14:00
5989f431-712e-4f4b-b290-9e5745a77878,44953ec7-156d-449f-97c3-f7bd9109c4c4,ae85aaf6-cc9f-4c74-a816-5214f35ad158,COMPLETED,2025-03-15T14:14:00,2025-03-15T14:25:00,2025-03-15T14:25:00,2025-03-15T16:14:00,2025-03-15T14:14:00
255b069a-ae40-4c77-a1f1-b44b3fdf6723,44953ec7-156d-449f-97c3-f7bd9109c4c4,1dc62eea-d501-4cc2-8b28-21af417cd2bd,ACCEPTED,2025-03-15T14:18:00,2025-03-15T14:20:00,2025-03-15T14:20:00,,2025-03-15T14:18:00
be51caea-be26-4b9d-848d-76bc930c6f46,3c7c5453-de8a-47dc-b809-5e42a41dde30,4cad0555-38c1-454b-8686-939facccb986,ACCEPTED,2025-03-15T17:50:00,2025-03-15T17:52:00,2025-03-15T17:52:00,,2025-03-15T17:50:00
e30ba5af-a51a-495e-861f-6e95a66d0d00,3c7c5453-de8a-47dc-b809-5e42a41dde30,972c2711-206c-49a4-b763-2a7319f31c08,COMPLETED,2025-03-15T17:55:00,2025-03-15T18:08:00,2025-03-15T18:08:00,2025-03-15T18:55:00,2025-03-15T17:55:00
b23cad11-a6c2-49e7-b9f2-973f267e2597,3c7c5453-de8a-47dc-b809-5e42a41dde30,ad32e776-9492-4189-a4eb-d73ed256a7ea,ACCEPTED,2025-03-15T17:55:00,2025-03-15T18:04:00,2025-03-15T18:04:00,,2025-03-15T17:55:00
f7a98ecd-1cf1-4790-a080-41e431e8cce0,3c7c5453-de8a-47dc-b809-5e42a41dde30,5849a59e-7a49-4c31-a079-4e89867a7e98,COMPLETED,2025-03-15T17:56:00,2025-03-15T18:04:00,2025-03-15T18:04:00,2025-03-15T20:56:00,2025-03-15T17:56:00
e03c4eea-51e2-40a9-afa6-9fc08cc6c123,3c7c5453-de8a-47dc-b809-5e42a41dde30,5d834b3d-0d58-4d16-bdc4-32869531ea10,COMPLETED,2025-03-15T17:59:00,2025-03-15T18:03:00,2025-03-15T18:03:00,2025-03-15T19:59:00,2025-03-15T17:59:00
1fdb4c2a-115a-4299-9509-972d9ec82619,3c7c5453-de8a-47dc-b809-5e42a41dde30,19cad05e-ae8b-4d86-b026-69fbb73b2e76,ACCEPTED,2025-03-15T18:02:00,2025-03-15T18:10:00,2025-03-15T18:10:00,,2025-03-15T18:02:00
908f3fe4-77cc-4fca-8595-eb2c37cb6030,6348bf39-02a2-472f-b394-e8755c78e7d4,8a40fb38-7cf4-468d-954f-bebd5270f111,ACCEPTED,2025-03-16T10:04:00,2025-03-16T10:16:00,2025-03-16T10:16:00,,2025-03-16T10:04:00
9686c1c9-1da1-4dfd-b399-42827fee91a8,6348bf39-02a2-472f-b394-e8755c78e7d4,7f3eb456-b77d-4612-a975-16e81b7af215,ACCEPTED,2025-03-16T10:10:00,2025-03-16T10:13:00,2025-03-16T10:13:00,,2025-03-16T10:10:00
3a6b2755-a9eb-4ca4-afa2-d1abd431b3e8,6348bf39-02a2-472f-b394-e8755c78e7d4,e00b0ffc-7f24-4a41-8150-e710ef1d3730,COMPLETED,2025-03-16T10:10:00,2025-03-16T10:11:00,2025-03-16T10:11:00,2025-03-16T13:10:00,2025-03-16T10:10:00
ca6da54f-38de-42fa-8292-4273ae5a964e,ad1b8b12-1d15-4462-a7da-217b73d7f9c8,a2c7df0e-ef10-4dcc-aaed-b693b2b5db03,ACCEPTED,2025-03-16T13:59:00,2025-03-16T14:10:00,2025-03-16T14:10:00,,2025-03-16T13:59:00
d308429e-035e-4285-8b4f-70b68e42f33e,ad1b8b12-1d15-4462-a7da-217b73d7f9c8,12fc0202-67a8-417a-a936-b348c6432014,DECLINED,2025-03-16T14:02:00,2025-03-16T14:22:00,,,2025-03-16T14:02:00
76db3d8b-8dc5-4ac5-99b2-f3b01f1bba61,ad1b8b12-1d15-4462-a7da-217b73d7f9c8,b28c5ded-195b-4262-9bb7-b808a353150d,COMPLETED,2025-03-16T14:07:00,2025-03-16T14:17:00,2025-03-16T14:17:00,2025-03-16T16:07:00,2025-03-16T14:07:00
2dbc65fb-70f7-4e58-8650-914d7f71f6a8,ad1b8b12-1d15-4462-a7da-217b73d7f9c8,d00a6ed9-0c78-4d11-8599-3f98cf750bc5,COMPLETED,2025-03-16T14:08:00,2025-03-16T14:12:00,2025-03-16T14:12:00,2025-03-16T15:08:00,2025-03-16T14:08:00
3db440cd-a575-4550-819a-5c7fe587b8e6,a72e14a7-9f43-4433-9058-76445e25d967,ca5ce99f-cf40-4ef6-9c3d-4a4177383ff2,ACCEPTED,2025-03-16T17:33:00,2025-03-16T17:37:00,2025-03-16T17:37:00,,2025-03-16T17:33:00
b5e4bd90-f25d-4a52-8f02-b82caec895c8,a72e14a7-9f43-4433-9058-76445e25d967,78b96bf4-a937-44e7-9a3a-544dd63de549,MISSED,2025-03-16T17:34:00,,,,2025-03-16T17:34:00
0d5ca244-43f7-4cb9-b5d9-6657b516bfd0,a72e14a7-9f43-4433-9058-76445e25d967,ca2995db-95cb-4226-8f04-6f57902f8cf4,ACCEPTED,2025-03-16T17:37:00,2025-03-16T17:38:00,2025-03-16T17:38:00,,2025-03-16T17:37:00
11b08f7c-c2c1-4be4-a8b9-afd8fa683ce2,a72e14a7-9f43-4433-9058-76445e25d967,c9dc82a9-929e-4f50-b5b7-c81e47b0668c,EXPIRED,2025-03-16T17:41:00,,,,2025-03-16T17:41:00
86ed8b34-f869-47c1-b459-c444c8c29da5,59c92f50-abea-4370-bffe-34e1338d97e0,bb55dc49-18c5-486f-aa1d-2aa9a6fac646,ACCEPTED,2025-03-16T18:58:00,2025-03-16T19:11:00,2025-03-16T19:11:00,,2025-03-16T18:58:00
2a638b19-0c00-416f-aed8-9fbf507a447a,59c92f50-abea-4370-bffe-34e1338d97e0,030d9e23-9b13-43d8-8711-c5c4d8470363,COMPLETED,2025-03-16T19:02:00,2025-03-16T19:04:00,2025-03-16T19:04:00,2025-03-16T21:02:00,2025-03-16T19:02:00
e1325cbf-1366-4cbe-99ad-29deda56b681,59c92f50-abea-4370-bffe-34e1338d97e0,27f63174-92e0-4ec5-a8d6-df307aa20f3b,ACCEPTED,2025-03-16T19:10:00,2025-03-16T19:11:00,2025-03-16T19:11:00,,2025-03-16T19:10:00
2a7baa41-e19e-42a2-a87d-38a1d7ed14f5,7b0acff8-932f-45a1-aad8-8f27d6f7a506,bdc0370d-62f2-4b37-aaa3-b2871252b644,COMPLETED,2025-03-16T22:09:00,2025-03-16T22:16:00,2025-03-16T22:16:00,2025-03-17T00:09:00,2025-03-16T22:09:00
6ec52af2-9860-49e1-aeb2-1a385a15f93b,7b0acff8-932f-45a1-aad8-8f27d6f7a506,4076050c-ef30-4ae6-9a40-cdcec3cb6dd8,ACCEPTED,2025-03-16T22:10:00,2025-03-16T22:14:00,2025-03-16T22:14:00,,2025-03-16T22:10:00
163967c6-4c9b-4149-aa43-8bba91c0ace2,7b0acff8-932f-45a1-aad8-8f27d6f7a506,103eb3c6-8619-4c37-b55b-6a3438e71b7a,MISSED,2025-03-16T22:11:00,,,,2025-03-16T22:11:00
e207cf15-a98e-4473-85ba-c44db061d63d,7b0acff8-932f-45a1-aad8-8f27d6f7a506,29863a10-f78d-4e41-9aa9-3e446b4fe73f,ACCEPTED,2025-03-16T22:14:00,2025-03-16T22:24:00,2025-03-16T22:24:00,,2025-03-16T22:14:00
7c2a0c6c-9158-4f10-8daa-99596f10a970,7b0acff8-932f-45a1-aad8-8f27d6f7a506,f7f1655c-f8c2-4296-91c4-9f8f570ad765,ACCEPTED,2025-03-16T22:18:00,2025-03-16T22:20:00,2025-03-16T22:20:00,,2025-03-16T22:18:00
035d3ef0-12bf-4a81-ac87-eb9faa570d65,e296f435-6733-4a01-ab65-a6d40d4c3262,5849a59e-7a49-4c31-a079-4e89867a7e98,COMPLETED,2025-03-17T02:03:00,2025-03-17T02:06:00,2025-03-17T02:06:00,2025-03-17T03:03:00,2025-03-17T02:03:00
755f726e-b2f7-49f0-8966-a91bccffca03,e296f435-6733-4a01-ab65-a6d40d4c3262,3d9f3b15-c774-4537-9706-6a9c0ce3bcd0,ACCEPTED,2025-03-17T02:04:00,2025-03-17T02:16:00,2025-03-17T02:16:00,,2025-03-17T02:04:00
d1fd863b-7ea8-46a1-99a1-00bc3678a067,e296f435-6733-4a01-ab65-a6d40d4c3262,b0102217-6663-410d-8e4b-e802cddf4baa,MISSED,2025-03-17T02:10:00,,,,2025-03-17T02:10:00
df26c0a5-78e9-48b2-bd34-cf28daae61d8,b0a29013-9cfe-46ad-b319-2c8155b7e42d,254d3521-ee04-45e3-b379-b02a667ace0c,ACCEPTED,2025-03-17T03:13:00,2025-03-17T03:27:00,2025-03-17T03:27:00,,2025-03-17T03:13:00
49e0e482-6a2e-483f-9805-0fbce9177c5a,b0a29013-9cfe-46ad-b319-2c8155b7e42d,614d0845-b187-40ca-a14f-5c975fccd81c,COMPLETED,2025-03-17T03:14:00,2025-03-17T03:26:00,2025-03-17T03:26:00,2025-03-17T04:14:00,2025-03-17T03:14:00
7d4ebe30-034d-4a1e-9003-96f0144dcc2e,b0a29013-9cfe-46ad-b319-2c8155b7e42d,553294c5-4565-4d5a-a069-6e8126905be4,EXPIRED,2025-03-17T03:17:00,,,,2025-03-17T03:17:00
6e28c949-437b-477a-8b77-09106f87c4e2,b0a29013-9cfe-46ad-b319-2c8155b7e42d,3fe93771-22fd-4ee6-a769-9f85123cf7bb,COMPLETED,2025-03-17T03:21:00,2025-03-17T03:28:00,2025-03-17T03:28:00,2025-03-17T04:21:00,2025-03-17T03:21:00
00e33f0a-f94f-4707-a079-26a3e825ed40,382d1dbe-9624-4e03-9511-60a2c384335d,56fc804f-b101-461b-a304-d6f9c28ae2ef,DECLINED,2025-03-17T05:04:00,2025-03-17T05:06:00,,,2025-03-17T05:04:00
ba37ad47-ff26-47fd-acf0-3d8124e19641,382d1dbe-9624-4e03-9511-60a2c384335d,0648f122-df82-42c1-b7a4-513681226246,COMPLETED,2025-03-17T05:06:00,2025-03-17T05:21:00,2025-03-17T05:21:00,2025-03-17T07:06:00,2025-03-17T05:06:00
04abc1de-baf9-4d85-8820-772f2ec89ec0,382d1dbe-9624-4e03-9511-60a2c384335d,3b1c0630-6304-4f24-90a0-39e3fd579418,DECLINED,2025-03-17T05:06:00,2025-03-17T05:12:00,,,2025-03-17T05:06:00
54b616d9-8658-410f-a196-5f2dd5754fae,382d1dbe-9624-4e03-9511-60a2c384335d,fda5fef4-939c-4a0d-864d-c6a11b14bd2a,MISSED,2025-03-17T05:14:00,,,,2025-03-17T05:14:00
f1398802-5a89-4ee0-ad41-eb91790ac53e,38fdc00d-214b-4e33-aa76-8a0e9f558ac4,4ca593a6-6883-4ff4-b14b-a47593e71ecc,ACCEPTED,2025-03-17T09:16:00,2025-03-17T09:21:00,2025-03-17T09:21:00,,2025-03-17T09:16:00
a43ae97c-ce89-43b6-912d-3a4cc3ad18ef,38fdc00d-214b-4e33-aa76-8a0e9f558ac4,83d13c8e-fd29-4343-bf35-4497b673a39d,ACCEPTED,2025-03-17T09:17:00,2025-03-17T09:24:00,2025-03-17T09:24:00,,2025-03-17T09:17:00
08b48726-2c25-4965-8861-b0d1af3d04db,38fdc00d-214b-4e33-aa76-8a0e9f558ac4,f6556829-5e66-4e5a-aff5-3233c86566a8,ACCEPTED,2025-03-17T09:21:00,2025-03-17T09:33:00,2025-03-17T09:33:00,,2025-03-17T09:21:00
7e3618d1-1191-4acb-a07c-790acb3a93a4,38fdc00d-214b-4e33-aa76-8a0e9f558ac4,b34b9ff4-c6a5-4e42-9619-75d5b29e68d4,COMPLETED,2025-03-17T09:22:00,2025-03-17T09:28:00,2025-03-17T09:28:00,2025-03-17T12:22:00,2025-03-17T09:22:00
92aabe2d-0069-43a4-b8b6-9e35de0666cc,d9e013de-e2e1-4df6-ae09-892af454d06f,f7f1655c-f8c2-4296-91c4-9f8f570ad765,NO_RESPONSE,2025-03-17T10:29:00,,,,2025-03-17T10:29:00
4a58bfd0-45a6-42f1-9202-96b5d495adb2,d9e013de-e2e1-4df6-ae09-892af454d06f,d6b5ae43-d86a-4b5f-abd6-b4e06091ee44,ACCEPTED,2025-03-17T10:29:00,2025-03-17T10:30:00,2025-03-17T10:30:00,,2025-03-17T10:29:00
33080375-a273-43bd-aeea-ee7bb34c6a3c,d9e013de-e2e1-4df6-ae09-892af454d06f,1f07a96f-aedb-4b8a-b298-4bb359530928,ACCEPTED,2025-03-17T10:29:00,2025-03-17T10:32:00,2025-03-17T10:32:00,,2025-03-17T10:29:00
e3027e05-b5af-4ff8-b9ea-f6545c4ba66e,d9e013de-e2e1-4df6-ae09-892af454d06f,aed96858-5a79-4453-afc9-995064972c5b,COMPLETED,2025-03-17T10:32:00,2025-03-17T10:43:00,2025-03-17T10:43:00,2025-03-17T11:32:00,2025-03-17T10:32:00
4fb5e677-c5ee-426d-a052-475d69426959,d9e013de-e2e1-4df6-ae09-892af454d06f,797a96d3-916e-44ca-9537-0bd455606d82,ACCEPTED,2025-03-17T10:34:00,2025-03-17T10:44:00,2025-03-17T10:44:00,,2025-03-17T10:34:00
3a20745b-09ff-4e78-ae5a-ca3bd1691dfd,d9e013de-e2e1-4df6-ae09-892af454d06f,90226cb0-70e6-4d51-8a71-165165d84910,ACCEPTED,2025-03-17T10:40:00,2025-03-17T10:51:00,2025-03-17T10:51:00,,2025-03-17T10:40:00
7beb60e6-0446-4bbd-bf57-f70b6e71a127,481ed66f-46a1-49ec-bfe8-8e52615c0255,797a96d3-916e-44ca-9537-0bd455606d82,ACCEPTED,2025-03-17T12:03:00,2025-03-17T12:15:00,2025-03-17T12:15:00,,2025-03-17T12:03:00
59558856-fab5-4c6e-bf57-8d3e6018d255,481ed66f-46a1-49ec-bfe8-8e52615c0255,5ce51cd2-5e42-4c02-8828-aafbaf8181c6,ACCEPTED,2025-03-17T12:03:00,2025-03-17T12:16:00,2025-03-17T12:16:00,,2025-03-17T12:03:00
8f282abf-6333-4ac3-9707-3d9207dc1a7c,481ed66f-46a1-49ec-bfe8-8e52615c0255,aed96858-5a79-4453-afc9-995064972c5b,ACCEPTED,2025-03-17T12:04:00,2025-03-17T12:13:00,2025-03-17T12:13:00,,2025-03-17T12:04:00
516ced7d-961b-4872-b780-add7c72484ce,481ed66f-46a1-49ec-bfe8-8e52615c0255,4f49c613-b4ef-4840-9fd7-f80f9f0d844d,MISSED,2025-03-17T12:06:00,,,,2025-03-17T12:06:00
809498ae-7c2a-436c-8b0b-5d9150cbe85c,481ed66f-46a1-49ec-bfe8-8e52615c0255,fe22cac5-c785-4cc2-a706-9b3cbd277ddf,ACCEPTED,2025-03-17T12:11:00,2025-03-17T12:19:00,2025-03-17T12:19:00,,2025-03-17T12:11:00
2269164f-7768-47db-b836-674a746ef176,15ce6ea7-a38b-4a79-94b8-6c2a6eb9d66f,f6612e9b-17e3-4407-bad5-87d18f75c172,COMPLETED,2025-03-17T17:19:00,2025-03-17T17:27:00,2025-03-17T17:27:00,2025-03-17T18:19:00,2025-03-17T17:19:00
8d170874-1c32-44b3-99a5-be0063ddbefd,15ce6ea7-a38b-4a79-94b8-6c2a6eb9d66f,cd532bc0-2367-446e-8e57-68c7cd6101f6,NO_RESPONSE,2025-03-17T17:20:00,,,,2025-03-17T17:20:00
68dc2a48-494e-417c-8ad0-76bf6725b2c9,15ce6ea7-a38b-4a79-94b8-6c2a6eb9d66f,dc3945d5-6321-4ff3-a949-9cc365303d45,COMPLETED,2025-03-17T17:23:00,2025-03-17T17:38:00,2025-03-17T17:38:00,2025-03-17T18:23:00,2025-03-17T17:23:00
0ff5d27d-3027-412b-b5b0-365682b475f0,15ce6ea7-a38b-4a79-94b8-6c2a6eb9d66f,763f9657-b714-4ebf-a75d-03a0bd961883,COMPLETED,2025-03-17T17:23:00,2025-03-17T17:25:00,2025-03-17T17:25:00,2025-03-17T18:23:00,2025-03-17T17:23:00
d21abb29-8a41-4f2e-a5f6-8ca29f4d9f7a,15ce6ea7-a38b-4a79-94b8-6c2a6eb9d66f,c6725451-3108-4aec-a1da-c4cd931af67d,COMPLETED,2025-03-17T17:24:00,2025-03-17T17:39:00,2025-03-17T17:39:00,2025-03-17T20:24:00,2025-03-17T17:24:00
a24a9c7a-b396-4f24-b7f3-d43292858ae9,56611aba-6ddb-4768-a343-107089dcad40,d2112070-a709-4a6f-a1fe-b83a282d0da2,ACCEPTED,2025-03-17T18:25:00,2025-03-17T18:28:00,2025-03-17T18:28:00,,2025-03-17T18:25:00
7fd94bea-7684-4098-b34b-6611074efbc5,56611aba-6ddb-4768-a343-107089dcad40,b452a2de-4232-41a0-814e-2651c197f192,EXPIRED,2025-03-17T18:28:00,,,,2025-03-17T18:28:00
ca614ce0-977b-4d58-9551-21d953dac417,56611aba-6ddb-4768-a343-107089dcad40,aed96858-5a79-4453-afc9-995064972c5b,ACCEPTED,2025-03-17T18:29:00,2025-03-17T18:32:00,2025-03-17T18:32:00,,2025-03-17T18:29:00
3c58975b-947c-4cd2-996e-1322540058a3,56611aba-6ddb-4768-a343-107089dcad40,0cdb3e6f-399c-4e51-9eb2-0a3eed101f33,COMPLETED,2025-03-17T18:29:00,2025-03-17T18:40:00,2025-03-17T18:40:00,2025-03-17T21:29:00,2025-03-17T18:29:00
825b4074-982e-4455-82fd-df69709e9d9b,56611aba-6ddb-4768-a343-107089dcad40,e10f8499-9444-4031-828d-33425d7476a6,EXPIRED,2025-03-17T18:31:00,,,,2025-03-17T18:31:00
abb297eb-a6b7-439a-a61d-29a44c089426,56611aba-6ddb-4768-a343-107089dcad40,2ef47c0b-e8fe-448b-93ff-36c85588d2fd,COMPLETED,2025-03-17T18:32:00,2025-03-17T18:47:00,2025-03-17T18:47:00,2025-03-17T20:32:00,2025-03-17T18:32:00
4a043ba3-7ae2-4b5a-b5aa-882ef51c940c,0bbfc729-24d3-4ebd-8bbe-87d612de095c,ba816062-c1ac-43da-97de-4c1216324bb5,COMPLETED,2025-03-17T19:50:00,2025-03-17T20:03:00,2025-03-17T20:03:00,2025-03-17T21:50:00,2025-03-17T19:50:00
42cb7cfb-ba32-40fe-a269-1b4afc12cce6,0bbfc729-24d3-4ebd-8bbe-87d612de095c,ca5ce99f-cf40-4ef6-9c3d-4a4177383ff2,ACCEPTED,2025-03-17T19:52:00,2025-03-17T19:58:00,2025-03-17T19:58:00,,2025-03-17T19:52:00
60561539-cd59-466f-a9e0-03a04862423b,0bbfc729-24d3-4ebd-8bbe-87d612de095c,5b144804-32b7-4e82-9f3c-1b20f6f52721,ACCEPTED,2025-03-17T19:53:00,2025-03-17T19:59:00,2025-03-17T19:59:00,,2025-03-17T19:53:00
a9aa7262-3568-4298-a7ab-b0043152e4f3,6f0b6e2c-2142-40a4-b3cd-fb553cfc0fc9,96e372e4-86b2-4e68-b468-3cdf7686a490,COMPLETED,2025-03-17T23:07:00,2025-03-17T23:11:00,2025-03-17T23:11:00,2025-03-18T02:07:00,2025-03-17T23:07:00
f3d3f965-11c1-4f3a-9a66-5b89cf7f0ec8,6f0b6e2c-2142-40a4-b3cd-fb553cfc0fc9,628e4e35-5853-4d59-b32f-4056b7e3e27b,COMPLETED,2025-03-17T23:13:00,2025-03-17T23:26:00,2025-03-17T23:26:00,2025-03-18T01:13:00,2025-03-17T23:13:00
fb465575-8bc9-4401-b0d0-3610b6a6e4ff,6f0b6e2c-2142-40a4-b3cd-fb553cfc0fc9,ba0652ab-674d-480e-b23d-7fb7301f9218,EXPIRED,2025-03-17T23:14:00,,,,2025-03-17T23:14:00
1e291179-c855-440c-ba2e-e8fba77d2561,6f0b6e2c-2142-40a4-b3cd-fb553cfc0fc9,ea9269ef-352d-4ec8-93a1-f6e436740b10,EXPIRED,2025-03-17T23:14:00,,,,2025-03-17T23:14:00
6ab3c385-7228-4d36-b688-96be346cb714,6f0b6e2c-2142-40a4-b3cd-fb553cfc0fc9,985ab403-ddfd-47f6-9b98-9ce2f7dcd16e,MISSED,2025-03-17T23:20:00,,,,2025-03-17T23:20:00
050e9ceb-f8c8-4c92-9065-cc600fd576b0,6f0b6e2c-2142-40a4-b3cd-fb553cfc0fc9,75455c5a-fc28-4e12-ab1d-c5bf91975e07,COMPLETED,2025-03-17T23:20:00,2025-03-17T23:22:00,2025-03-17T23:22:00,2025-03-18T00:20:00,2025-03-17T23:20:00
7cc690ad-a0dc-4514-b36c-f9d152b08355,0e5a3fdf-d4f7-431b-a496-01e6dd5805a6,0cdb3e6f-399c-4e51-9eb2-0a3eed101f33,ACCEPTED,2025-03-18T00:59:00,2025-03-18T01:09:00,2025-03-18T01:09:00,,2025-03-18T00:59:00
af31af6d-6209-47c9-87a9-01a772df0df7,0e5a3fdf-d4f7-431b-a496-01e6dd5805a6,aa77487c-31e8-47c0-83d6-5c4fb9f9dc95,NO_RESPONSE,2025-03-18T01:01:00,,,,2025-03-18T01:01:00
e1fa34d1-e520-4975-a62e-297b37d46e10,0e5a3fdf-d4f7-431b-a496-01e6dd5805a6,03dd11aa-3bce-44bb-af81-d893187d3f9b,ACCEPTED,2025-03-18T01:03:00,2025-03-18T01:15:00,2025-03-18T01:15:00,,2025-03-18T01:03:00
aef9b19e-08e8-4734-8e58-1bbd3a66a81f,0e5a3fdf-d4f7-431b-a496-01e6dd5805a6,6c25e2ff-8bc0-4abc-a978-052ba5e4650a,ACCEPTED,2025-03-18T01:06:00,2025-03-18T01:19:00,2025-03-18T01:19:00,,2025-03-18T01:06:00
7f5b97b2-9fd0-4397-9bc1-0f86c7e992c0,24385caf-9c64-4f7a-98c5-43a858d65427,6750ba86-aaa8-423d-a650-9ae8bc37d902,NO_RESPONSE,2025-03-18T02:42:00,,,,2025-03-18T02:42:00
d41c3b7f-9a40-4873-897e-6c04b6f28724,24385caf-9c64-4f7a-98c5-43a858d65427,ac4e88c1-0595-40f7-bf14-b77ad397e5dd,NO_RESPONSE,2025-03-18T02:52:00,,,,2025-03-18T02:52:00
bde7293e-53c6-4c7d-8f20-a3b251eab828,db37b910-ab75-4bf8-b40c-fd47a25d09c9,c541fa0d-e389-41e3-8fbc-f794813f5148,ACCEPTED,2025-03-18T03:00:00,2025-03-18T03:04:00,2025-03-18T03:04:00,,2025-03-18T03:00:00
75434190-f805-4398-acc2-116847bda80d,db37b910-ab75-4bf8-b40c-fd47a25d09c9,a0b1bd76-723b-4abd-bf35-77c31a4185e5,NO_RESPONSE,2025-03-18T03:03:00,,,,2025-03-18T03:03:00
2f1a4fdb-cd36-4582-8413-56594b98211d,db37b910-ab75-4bf8-b40c-fd47a25d09c9,89351c19-fb07-4021-8981-38f3a660e1f1,COMPLETED,2025-03-18T03:05:00,2025-03-18T03:07:00,2025-03-18T03:07:00,2025-03-18T06:05:00,2025-03-18T03:05:00
34d9100b-d976-4b4d-a179-e8a7e803d59a,277bfb83-9e7d-483f-a4e1-3370decf0318,d2d58d90-c3b6-419c-80fc-cd468552f315,COMPLETED,2025-03-18T03:16:00,2025-03-18T03:17:00,2025-03-18T03:17:00,2025-03-18T06:16:00,2025-03-18T03:16:00
8ec2bb5a-9e97-459b-a42e-27e745fac374,277bfb83-9e7d-483f-a4e1-3370decf0318,a8a1af91-93b6-4f04-8e14-d38aa8302607,ACCEPTED,2025-03-18T03:20:00,2025-03-18T03:22:00,2025-03-18T03:22:00,,2025-03-18T03:20:00
ee22e258-e544-49b5-8c3d-08f9c10f6f10,277bfb83-9e7d-483f-a4e1-3370decf0318,d2fbf799-2a03-4408-8c26-4fc239c5d4fc,NO_RESPONSE,2025-03-18T03:20:00,,,,2025-03-18T03:20:00
6d777413-76e5-4d52-87b1-bf585d5b268e,277bfb83-9e7d-483f-a4e1-3370decf0318,1b1c6a4c-9521-43d0-af56-40e628a2cb1d,NO_RESPONSE,2025-03-18T03:23:00,,,,2025-03-18T03:23:00
827907f9-70da-4849-b57c-6373bc5cfab6,277bfb83-9e7d-483f-a4e1-3370decf0318,18663a26-c010-4e4e-8471-6194347da84d,NO_RESPONSE,2025-03-18T03:26:00,,,,2025-03-18T03:26:00
0060ecb0-e6ad-4fe6-a15d-a1228e3fed74,277bfb83-9e7d-483f-a4e1-3370decf0318,bfe6f01b-84b9-4986-b7ea-e375c91d0d8c,EXPIRED,2025-03-18T03:26:00,,,,2025-03-18T03:26:00
7b2b474b-b5ed-440b-a530-552b2523ceab,698c2c87-2e08-4016-b1e4-2ba04c15e772,1b81506a-481d-42f6-b01c-dbb52717cc9e,ACCEPTED,2025-03-18T04:41:00,2025-03-18T04:51:00,2025-03-18T04:51:00,,2025-03-18T04:41:00
a5483853-7757-4e72-a316-94b880d9c624,698c2c87-2e08-4016-b1e4-2ba04c15e772,a8a1af91-93b6-4f04-8e14-d38aa8302607,COMPLETED,2025-03-18T04:42:00,2025-03-18T04:47:00,2025-03-18T04:47:00,2025-03-18T07:42:00,2025-03-18T04:42:00
938db595-9bda-420a-be55-f8719fa9da9f,698c2c87-2e08-4016-b1e4-2ba04c15e772,606e67ca-9ccf-47a9-951e-95c0bc77f20d,ACCEPTED,2025-03-18T04:46:00,2025-03-18T04:47:00,2025-03-18T04:47:00,,2025-03-18T04:46:00
b656811a-d80d-4c24-8837-c2d6aacf1f7e,698c2c87-2e08-4016-b1e4-2ba04c15e772,556bf703-12c9-40e6-98a3-1835bb3d53a7,NO_RESPONSE,2025-03-18T04:50:00,,,,2025-03-18T04:50:00
9376562b-4d20-44db-b4ea-a3fd15352877,698c2c87-2e08-4016-b1e4-2ba04c15e772,a92ac821-12c7-40b8-bbb8-e287da0564eb,DECLINED,2025-03-18T04:50:00,2025-03-18T05:05:00,,,2025-03-18T04:50:00
99ea3ac9-e8c9-449c-951e-a3aaac988bdc,698c2c87-2e08-4016-b1e4-2ba04c15e772,89b16628-7a7b-4967-800e-f441e05d2779,ACCEPTED,2025-03-18T04:51:00,2025-03-18T04:57:00,2025-03-18T04:57:00,,2025-03-18T04:51:00
80dca12a-cd0d-48fd-b25a-c11af3cb922a,12ed9844-5ef9-42a9-8157-98a3409d8493,19cad05e-ae8b-4d86-b026-69fbb73b2e76,MISSED,2025-03-18T05:41:00,,,,2025-03-18T05:41:00
09a02a4f-0cee-4ae5-9834-b4ec734f2bcd,12ed9844-5ef9-42a9-8157-98a3409d8493,074daa7c-485e-4264-a9c2-962e30d5b672,ACCEPTED,2025-03-18T05:42:00,2025-03-18T05:56:00,2025-03-18T05:56:00,,2025-03-18T05:42:00
015a3255-3a02-483f-8cd5-c28adffd5910,c38beebc-4571-4e20-97ff-cac4ec4032ac,4f49c613-b4ef-4840-9fd7-f80f9f0d844d,ACCEPTED,2025-03-18T11:54:00,2025-03-18T12:01:00,2025-03-18T12:01:00,,2025-03-18T11:54:00
d758ddd2-760a-49bf-8c68-00574f8b7b76,c38beebc-4571-4e20-97ff-cac4ec4032ac,985ab403-ddfd-47f6-9b98-9ce2f7dcd16e,ACCEPTED,2025-03-18T12:01:00,2025-03-18T12:14:00,2025-03-18T12:14:00,,2025-03-18T12:01:00
e6ec4fb5-efdf-45d7-8d8c-688d0de3d6c1,c38beebc-4571-4e20-97ff-cac4ec4032ac,8149a5a0-b1e9-4bb0-a980-b7f5bdcb02a4,ACCEPTED,2025-03-18T12:03:00,2025-03-18T12:17:00,2025-03-18T12:17:00,,2025-03-18T12:03:00
d72854c7-e359-4e9c-9610-1d8c17451eba,fe15ac1d-1dda-4890-982e-bce410b0bf05,0239e706-289d-4498-9947-7818e4011dc0,COMPLETED,2025-03-18T14:06:00,2025-03-18T14:13:00,2025-03-18T14:13:00,2025-03-18T17:06:00,2025-03-18T14:06:00
5c48b14a-c83e-4449-b5fb-7dab9c754ca5,fe15ac1d-1dda-4890-982e-bce410b0bf05,a1bc2676-aad3-49f3-9131-e812c904d689,ACCEPTED,2025-03-18T14:09:00,2025-03-18T14:17:00,2025-03-18T14:17:00,,2025-03-18T14:09:00
20edf6b3-b1ba-46a1-9079-b663b748f51f,fe15ac1d-1dda-4890-982e-bce410b0bf05,deac09c6-92df-437d-890a-ec1f48406829,COMPLETED,2025-03-18T14:09:00,2025-03-18T14:17:00,2025-03-18T14:17:00,2025-03-18T17:09:00,2025-03-18T14:09:00
b7ad6c6a-5a19-49f2-ae28-026be434cd5c,37950ef6-c32a-4683-bac9-a7f075169d84,415a8ed8-6bf8-47ec-9265-7eacc19a825f,COMPLETED,2025-03-18T14:18:00,2025-03-18T14:32:00,2025-03-18T14:32:00,2025-03-18T15:18:00,2025-03-18T14:18:00
50cd65be-ded7-4a93-ae7e-db6bbe54ad35,37950ef6-c32a-4683-bac9-a7f075169d84,0b47310a-57de-411d-a3af-67fcc8e4038f,ACCEPTED,2025-03-18T14:22:00,2025-03-18T14:30:00,2025-03-18T14:30:00,,2025-03-18T14:22:00
657a8deb-768b-49ab-a047-efc664d20e81,37950ef6-c32a-4683-bac9-a7f075169d84,19cad05e-ae8b-4d86-b026-69fbb73b2e76,COMPLETED,2025-03-18T14:23:00,2025-03-18T14:24:00,2025-03-18T14:24:00,2025-03-18T16:23:00,2025-03-18T14:23:00
148fb813-d8e6-441d-8393-dc105a71b5b3,2082a4d5-796f-4703-a6f8-b2c9dcb6811f,2b53fe55-2a72-4432-a6b9-13c5a851be2a,COMPLETED,2025-03-18T14:46:00,2025-03-18T14:50:00,2025-03-18T14:50:00,2025-03-18T16:46:00,2025-03-18T14:46:00
fb38d474-b473-4bbc-9262-6ae0a9a8f8e6,2082a4d5-796f-4703-a6f8-b2c9dcb6811f,40c6fe05-f02d-4157-ba15-09913e067c14,COMPLETED,2025-03-18T14:47:00,2025-03-18T14:56:00,2025-03-18T14:56:00,2025-03-18T17:47:00,2025-03-18T14:47:00
6e4836ce-22ec-4b9c-8df8-d3dc4b2428e8,2082a4d5-796f-4703-a6f8-b2c9dcb6811f,72d80153-ab97-4442-b132-ccdf469ad157,ACCEPTED,2025-03-18T14:52:00,2025-03-18T15:04:00,2025-03-18T15:04:00,,2025-03-18T14:52:00
169f5818-69e5-490e-b16b-122c4c59996d,4913f7cb-a551-44e0-972b-966935024727,979b5d05-d629-42eb-925c-ca3d093ceaca,EXPIRED,2025-03-18T23:59:00,,,,2025-03-18T23:59:00
8493c10d-4330-4afd-9513-21256d36a66a,4913f7cb-a551-44e0-972b-966935024727,763f9657-b714-4ebf-a75d-03a0bd961883,ACCEPTED,2025-03-19T00:09:00,2025-03-19T00:12:00,2025-03-19T00:12:00,,2025-03-19T00:09:00
4433f803-cbbc-4202-9b4c-6ffccddef301,92df7e59-4664-42a2-86dd-cf611090a718,ca2995db-95cb-4226-8f04-6f57902f8cf4,ACCEPTED,2025-03-19T09:08:00,2025-03-19T09:13:00,2025-03-19T09:13:00,,2025-03-19T09:08:00
0192b007-dbe0-4596-ab29-4ab700ebfbc6,92df7e59-4664-42a2-86dd-cf611090a718,28be837f-36ab-4fc3-b1d9-db1a3b881b02,ACCEPTED,2025-03-19T09:09:00,2025-03-19T09:13:00,2025-03-19T09:13:00,,2025-03-19T09:09:00
fa975997-8c20-451e-9295-9814b373e38e,92df7e59-4664-42a2-86dd-cf611090a718,885c50e2-3162-47fa-90f5-23d9287648cc,COMPLETED,2025-03-19T09:10:00,2025-03-19T09:13:00,2025-03-19T09:13:00,2025-03-19T10:10:00,2025-03-19T09:10:00
9ed2d114-b329-4614-bbfa-f406750f0ad4,92df7e59-4664-42a2-86dd-cf611090a718,4408ab43-7f7a-4a44-b781-4dd2edca4a74,ACCEPTED,2025-03-19T09:11:00,2025-03-19T09:19:00,2025-03-19T09:19:00,,2025-03-19T09:11:00
27f70c21-a7fa-42cd-b815-80b9810af2e2,6c42dfcb-e4a5-451a-a95e-b3cf2eccb666,a2c7df0e-ef10-4dcc-aaed-b693b2b5db03,NO_RESPONSE,2025-03-19T09:11:00,,,,2025-03-19T09:11:00
06df3e97-880f-48a4-833a-12a0c66648d0,6c42dfcb-e4a5-451a-a95e-b3cf2eccb666,6a684832-6713-46ad-8845-56c424779c27,COMPLETED,2025-03-19T09:14:00,2025-03-19T09:29:00,2025-03-19T09:29:00,2025-03-19T10:14:00,2025-03-19T09:14:00
b806c70d-baa8-4fb5-b47d-a4b00abaf5f9,92df7e59-4664-42a2-86dd-cf611090a718,63e1e7de-8090-46e0-a921-6add4ddcfef9,ACCEPTED,2025-03-19T09:16:00,2025-03-19T09:21:00,2025-03-19T09:21:00,,2025-03-19T09:16:00
be97ab59-0457-439b-93b4-f2b6fb7936e0,6c42dfcb-e4a5-451a-a95e-b3cf2eccb666,0f830c26-3d4f-4cf5-81cf-08041535d161,NO_RESPONSE,2025-03-19T09:17:00,,,,2025-03-19T09:17:00
67583a12-5bc2-4f2d-bf0c-344316b3e358,6c42dfcb-e4a5-451a-a95e-b3cf2eccb666,6c25e2ff-8bc0-4abc-a978-052ba5e4650a,ACCEPTED,2025-03-19T09:18:00,2025-03-19T09:19:00,2025-03-19T09:19:00,,2025-03-19T09:18:00
7c194343-bf86-4332-89dd-a4c3888136e1,92df7e59-4664-42a2-86dd-cf611090a718,9a08a817-eaf1-4182-9eb1-290121129ead,ACCEPTED,2025-03-19T09:19:00,2025-03-19T09:32:00,2025-03-19T09:32:00,,2025-03-19T09:19:00
fc1426a5-3397-4f53-8e68-39f1876e5ee3,6c42dfcb-e4a5-451a-a95e-b3cf2eccb666,e0e3fb99-db30-4123-b346-7f11de4197c6,ACCEPTED,2025-03-19T09:19:00,2025-03-19T09:25:00,2025-03-19T09:25:00,,2025-03-19T09:19:00
108e5ef6-0434-4002-b7a4-d0c9fe62a84f,8d4e3d81-84e7-4e78-b8d7-af6c97222998,1711dff0-5b73-4336-ae3e-5003955b231a,ACCEPTED,2025-03-19T09:28:00,2025-03-19T09:39:00,2025-03-19T09:39:00,,2025-03-19T09:28:00
6eb166ea-1851-4dc0-b16c-7016b681918b,8d4e3d81-84e7-4e78-b8d7-af6c97222998,927dc24f-3e95-4ab2-a387-73907d3af8e7,EXPIRED,2025-03-19T09:39:00,,,,2025-03-19T09:39:00
73a0897e-eb62-4858-ac50-f7850a76a234,8d4e3d81-84e7-4e78-b8d7-af6c97222998,f53bf753-a0a3-4d28-99f6-434168f98cb2,ACCEPTED,2025-03-19T09:39:00,2025-03-19T09:52:00,2025-03-19T09:52:00,,2025-03-19T09:39:00
56e318a8-8d82-4b0c-9002-6eec676804a1,18153721-1519-44f7-b94f-ed7704433b96,c4a4b614-90de-4794-a555-76f6159de789,ACCEPTED,2025-03-19T14:07:00,2025-03-19T14:14:00,2025-03-19T14:14:00,,2025-03-19T14:07:00
87074cb6-ee75-462f-84d9-ef3bfa15addb,18153721-1519-44f7-b94f-ed7704433b96,6c841b96-0d6c-4d4f-a647-602aca520949,NO_RESPONSE,2025-03-19T14:07:00,,,,2025-03-19T14:07:00
253e5889-7f2f-44a5-8a99-769056f79a73,18153721-1519-44f7-b94f-ed7704433b96,6c926c1e-7975-4345-a762-128c25695f2b,COMPLETED,2025-03-19T14:08:00,2025-03-19T14:23:00,2025-03-19T14:23:00,2025-03-19T16:08:00,2025-03-19T14:08:00
49b39ede-22e3-4dc8-85c8-80904eb8432c,18153721-1519-44f7-b94f-ed7704433b96,6f397cf4-9959-4fad-93f5-e6397f2f273d,ACCEPTED,2025-03-19T14:12:00,2025-03-19T14:22:00,2025-03-19T14:22:00,,2025-03-19T14:12:00
28991779-cfd6-48fb-98a6-664974a552a6,18153721-1519-44f7-b94f-ed7704433b96,6bb36c9a-793f-4f90-bf6f-df150cb1f85a,NO_RESPONSE,2025-03-19T14:17:00,,,,2025-03-19T14:17:00
87e8d12e-718d-431e-8a1d-0ed1d2bb33e2,18153721-1519-44f7-b94f-ed7704433b96,5ce51cd2-5e42-4c02-8828-aafbaf8181c6,DECLINED,2025-03-19T14:18:00,2025-03-19T14:36:00,,,2025-03-19T14:18:00
08608d77-a989-4ac1-9007-50daab47657a,4154b85d-3756-4b82-b935-f3f3d2cabba3,40c6fe05-f02d-4157-ba15-09913e067c14,ACCEPTED,2025-03-19T14:22:00,2025-03-19T14:32:00,2025-03-19T14:32:00,,2025-03-19T14:22:00
5677938e-7be4-4d68-90e3-ee713c8f346a,4154b85d-3756-4b82-b935-f3f3d2cabba3,6020fc90-bb4f-4cf6-939b-6d7429d5d3a1,ACCEPTED,2025-03-19T14:22:00,2025-03-19T14:31:00,2025-03-19T14:31:00,,2025-03-19T14:22:00
a27a4799-3adb-44b4-a8f7-903d2e152c8e,4154b85d-3756-4b82-b935-f3f3d2cabba3,fffc883c-1676-4f1c-b98e-5562be4b53e2,ACCEPTED,2025-03-19T14:25:00,2025-03-19T14:40:00,2025-03-19T14:40:00,,2025-03-19T14:25:00
a3fde2fb-1f8f-4221-bbb6-860de566e2e2,4154b85d-3756-4b82-b935-f3f3d2cabba3,c436515f-d954-43ab-83ea-71d7b85b1ab2,COMPLETED,2025-03-19T14:27:00,2025-03-19T14:31:00,2025-03-19T14:31:00,2025-03-19T15:27:00,2025-03-19T14:27:00
98364caf-a74b-42e1-b718-6e14c0ddf100,4154b85d-3756-4b82-b935-f3f3d2cabba3,b822f3f2-bc12-474d-9f5a-b3cef19341f0,ACCEPTED,2025-03-19T14:28:00,2025-03-19T14:31:00,2025-03-19T14:31:00,,2025-03-19T14:28:00
2f8551d8-c0e1-40d5-b956-8f5e8f9c3b94,4154b85d-3756-4b82-b935-f3f3d2cabba3,628e4e35-5853-4d59-b32f-4056b7e3e27b,NO_RESPONSE,2025-03-19T14:34:00,,,,2025-03-19T14:34:00
bf537b0f-f364-4e3c-bea1-3ce732e6baf1,b1c0daa1-0a02-45b3-b9bd-c685b02ec6f1,c9e3038e-7436-4df3-9f2a-fc2746763273,ACCEPTED,2025-03-19T17:29:00,2025-03-19T17:35:00,2025-03-19T17:35:00,,2025-03-19T17:29:00
d207e56f-8fe9-4314-87dd-8792e0f42994,b1c0daa1-0a02-45b3-b9bd-c685b02ec6f1,cc255119-86e4-43ad-b1f0-6c24ac17d920,COMPLETED,2025-03-19T17:34:00,2025-03-19T17:41:00,2025-03-19T17:41:00,2025-03-19T20:34:00,2025-03-19T17:34:00
6a548ed3-a709-48ae-9c14-c664616c5084,b1c0daa1-0a02-45b3-b9bd-c685b02ec6f1,6a684832-6713-46ad-8845-56c424779c27,ACCEPTED,2025-03-19T17:38:00,2025-03-19T17:47:00,2025-03-19T17:47:00,,2025-03-19T17:38:00
8af5eb24-e7d5-4107-9181-bc782c1ea850,b1c0daa1-0a02-45b3-b9bd-c685b02ec6f1,72d80153-ab97-4442-b132-ccdf469ad157,ACCEPTED,2025-03-19T17:38:00,2025-03-19T17:48:00,2025-03-19T17:48:00,,2025-03-19T17:38:00
8074eae3-17d9-4d2c-8cd9-52a2c2fccbc6,0d3218e7-e365-4ef6-8839-54b0edf76e97,c436515f-d954-43ab-83ea-71d7b85b1ab2,COMPLETED,2025-03-19T21:12:00,2025-03-19T21:23:00,2025-03-19T21:23:00,2025-03-19T23:12:00,2025-03-19T21:12:00
6fc9a4cf-c97b-4b76-a353-19c6da9d8f48,0d3218e7-e365-4ef6-8839-54b0edf76e97,2b53fe55-2a72-4432-a6b9-13c5a851be2a,COMPLETED,2025-03-19T21:13:00,2025-03-19T21:20:00,2025-03-19T21:20:00,2025-03-19T23:13:00,2025-03-19T21:13:00
854c4865-2833-4941-bbbb-2092fdbfaa6f,0d3218e7-e365-4ef6-8839-54b0edf76e97,af32b242-6347-4914-8703-8bc3222ac8c4,MISSED,2025-03-19T21:20:00,,,,2025-03-19T21:20:00
8f6708ae-508b-4cd4-9b61-023437d8b3a6,5f9f1bd6-2e48-4a42-9550-8be1e5164509,0239e706-289d-4498-9947-7818e4011dc0,MISSED,2025-03-19T23:10:00,,,,2025-03-19T23:10:00
f1593916-e2f0-48d0-9e85-4570e75e8482,5f9f1bd6-2e48-4a42-9550-8be1e5164509,3e6e3033-9a9c-4988-9e45-362e43ee98e6,DECLINED,2025-03-19T23:10:00,2025-03-19T23:13:00,,,2025-03-19T23:10:00
73a12cfc-31b3-444e-89c3-0771c2b5ab6a,2bf9e4cb-b0cb-4acb-9e27-f3c0de52e464,f7f1655c-f8c2-4296-91c4-9f8f570ad765,COMPLETED,2025-03-19T23:56:00,2025-03-20T00:10:00,2025-03-20T00:10:00,2025-03-20T02:56:00,2025-03-19T23:56:00
c3df4c82-6b21-482f-9ec5-bb2fa95cfe22,2bf9e4cb-b0cb-4acb-9e27-f3c0de52e464,4d73646f-823d-4c1b-9fe9-150b22e01890,DECLINED,2025-03-20T00:09:00,2025-03-20T00:21:00,,,2025-03-20T00:09:00
b1e08a62-0bf9-4850-9680-27e165310490,a0e1abb3-c08a-471c-8f0b-e0c55867b2c5,a9048c9b-4ff2-49a2-8387-544ccfc02e0e,ACCEPTED,2025-03-20T00:12:00,2025-03-20T00:24:00,2025-03-20T00:24:00,,2025-03-20T00:12:00
804ff524-9194-4a9c-9f0b-9b715f5f6d10,a0e1abb3-c08a-471c-8f0b-e0c55867b2c5,0409fca8-45c7-403f-8d31-663c4c640e47,ACCEPTED,2025-03-20T00:13:00,2025-03-20T00:28:00,2025-03-20T00:28:00,,2025-03-20T00:13:00
758d4c1f-1bef-4d90-8dc3-df45d8092072,a0e1abb3-c08a-471c-8f0b-e0c55867b2c5,f7f1655c-f8c2-4296-91c4-9f8f570ad765,COMPLETED,2025-03-20T00:14:00,2025-03-20T00:26:00,2025-03-20T00:26:00,2025-03-20T02:14:00,2025-03-20T00:14:00
9665a1b0-7bc1-4256-a48e-0d753fc42ecd,3cbb1802-2a90-4d12-b2f7-d405e5b5bd85,d0a96683-1429-46b7-a70f-c0a765bdce73,EXPIRED,2025-03-20T04:44:00,,,,2025-03-20T04:44:00
567b00fc-ea4a-40bb-a8f8-dbb248f44948,3cbb1802-2a90-4d12-b2f7-d405e5b5bd85,05088ba7-5428-4853-8cc9-e76f460fddd4,ACCEPTED,2025-03-20T04:45:00,2025-03-20T04:55:00,2025-03-20T04:55:00,,2025-03-20T04:45:00
654149ca-ebb9-44f1-a721-5e574182d1ac,3cbb1802-2a90-4d12-b2f7-d405e5b5bd85,d6b5ae43-d86a-4b5f-abd6-b4e06091ee44,NO_RESPONSE,2025-03-20T04:47:00,,,,2025-03-20T04:47:00
17f354df-da0f-476e-a534-51a40d804ae3,3cbb1802-2a90-4d12-b2f7-d405e5b5bd85,846be435-a2e1-4850-bad5-07de99099078,COMPLETED,2025-03-20T04:48:00,2025-03-20T05:01:00,2025-03-20T05:01:00,2025-03-20T06:48:00,2025-03-20T04:48:00
cc6b80bb-208a-4d3c-b5e4-d55f50202478,3cbb1802-2a90-4d12-b2f7-d405e5b5bd85,f3cd1be3-bc16-4a73-961d-f832dfb5f084,ACCEPTED,2025-03-20T04:51:00,2025-03-20T05:05:00,2025-03-20T05:05:00,,2025-03-20T04:51:00
e2babe5b-bee4-435a-b127-4fccad3ad85e,3cbb1802-2a90-4d12-b2f7-d405e5b5bd85,76c87fab-4634-487d-a03f-d4c7ee94749e,NO_RESPONSE,2025-03-20T04:55:00,,,,2025-03-20T04:55:00
9394310e-a884-4599-b44c-015b84b01d43,1eb63fa0-76a6-43b3-9ffe-2a6ee9afda12,bfe8f73a-9210-4c1c-b628-3cea7b8977ae,ACCEPTED,2025-03-20T07:43:00,2025-03-20T07:57:00,2025-03-20T07:57:00,,2025-03-20T07:43:00
a3678843-3ace-425d-bbd3-9f8abcfd384b,1eb63fa0-76a6-43b3-9ffe-2a6ee9afda12,5363b68d-8ce8-4929-9246-6d22798f9caf,NO_RESPONSE,2025-03-20T07:55:00,,,,2025-03-20T07:55:00
0d5f8f85-eeb8-49de-92b1-43df6da7b3b1,97a8d78c-a405-4a92-a207-45bbb6484977,6750ba86-aaa8-423d-a650-9ae8bc37d902,MISSED,2025-03-20T12:01:00,,,,2025-03-20T12:01:00
bd2ebd2c-fbe7-4dc8-b22b-d67cd863ef6b,97a8d78c-a405-4a92-a207-45bbb6484977,b16f7848-a2a4-4c2c-8a3b-0bf76ecdf857,ACCEPTED,2025-03-20T12:06:00,2025-03-20T12:18:00,2025-03-20T12:18:00,,2025-03-20T12:06:00
d9437269-1b03-4471-b853-07548bd634d9,4aeb2e0d-1192-443e-b3f3-f50f0c10e828,d2d58d90-c3b6-419c-80fc-cd468552f315,COMPLETED,2025-03-20T12:56:00,2025-03-20T13:00:00,2025-03-20T13:00:00,2025-03-20T14:56:00,2025-03-20T12:56:00
7857e22e-4c55-437a-a54a-9fd1066a3a64,4aeb2e0d-1192-443e-b3f3-f50f0c10e828,cc255119-86e4-43ad-b1f0-6c24ac17d920,ACCEPTED,2025-03-20T12:59:00,2025-03-20T13:12:00,2025-03-20T13:12:00,,2025-03-20T12:59:00
945f7075-5add-4ec1-bc56-555dea5d424a,4aeb2e0d-1192-443e-b3f3-f50f0c10e828,3f72d86e-c11c-497f-b6d0-5f2e08b013cd,ACCEPTED,2025-03-20T13:00:00,2025-03-20T13:13:00,2025-03-20T13:13:00,,2025-03-20T13:00:00
da19d26f-532a-4b4a-b7ef-9544700ed603,4aeb2e0d-1192-443e-b3f3-f50f0c10e828,45b7f813-0851-4a27-a617-8d51f11199e0,ACCEPTED,2025-03-20T13:03:00,2025-03-20T13:18:00,2025-03-20T13:18:00,,2025-03-20T13:03:00
ba7a0818-ea6a-49d9-ac20-d81ed7723ad4,24bc6ed7-b61c-4182-a366-e92f73da3ff3,992a9f5e-edc4-40f0-b76a-3f29c20d5618,EXPIRED,2025-03-20T18:13:00,,,,2025-03-20T18:13:00
aceaa53f-361e-4a71-95cd-592c765d3f1e,24bc6ed7-b61c-4182-a366-e92f73da3ff3,6a793798-198b-46b9-85cd-0ec03d79cc88,ACCEPTED,2025-03-20T18:14:00,2025-03-20T18:15:00,2025-03-20T18:15:00,,2025-03-20T18:14:00
28ab7f16-4fea-458d-8e12-c2506a7e2519,24bc6ed7-b61c-4182-a366-e92f73da3ff3,c3fb4684-c1e0-4da0-a54b-9e8f789026c2,COMPLETED,2025-03-20T18:21:00,2025-03-20T18:30:00,2025-03-20T18:30:00,2025-03-20T20:21:00,2025-03-20T18:21:00
a9f5ccfa-a255-4b7e-b479-6c828c5a8016,562635b5-515a-45e8-bb56-a300d3930914,80faa51d-a2ac-468a-a4b0-b1c148fd10fe,COMPLETED,2025-03-20T19:36:00,2025-03-20T19:39:00,2025-03-20T19:39:00,2025-03-20T20:36:00,2025-03-20T19:36:00
9fd2ceef-ba1a-40a1-abde-8b8fcc9616f9,562635b5-515a-45e8-bb56-a300d3930914,dc070752-162d-4ca3-ae3a-25c40e32397b,ACCEPTED,2025-03-20T19:39:00,2025-03-20T19:42:00,2025-03-20T19:42:00,,2025-03-20T19:39:00
7bd7eeaa-4d2f-41c8-a7cb-f85eee872f8d,d96e4448-9488-4070-9bdb-7a88419ecd52,4c569839-3efa-4170-b6a4-f0a4d13d4639,ACCEPTED,2025-03-20T20:28:00,2025-03-20T20:29:00,2025-03-20T20:29:00,,2025-03-20T20:28:00
bc4daad1-6868-4895-b2a6-ea9c86accf91,d96e4448-9488-4070-9bdb-7a88419ecd52,97dbbf0c-d2b5-452c-b22a-e11e30701e99,ACCEPTED,2025-03-20T20:32:00,2025-03-20T20:43:00,2025-03-20T20:43:00,,2025-03-20T20:32:00
064d5fe9-bf75-4b62-9085-e7c23db3ccda,d96e4448-9488-4070-9bdb-7a88419ecd52,74de697e-ecd0-4975-8057-f21088a888b4,COMPLETED,2025-03-20T20:35:00,2025-03-20T20:43:00,2025-03-20T20:43:00,2025-03-20T22:35:00,2025-03-20T20:35:00
40bc229e-8526-4fbe-ae68-79ee8e09990d,d96e4448-9488-4070-9bdb-7a88419ecd52,82fb79bc-bd6e-47a9-a67a-99fac9655589,ACCEPTED,2025-03-20T20:35:00,2025-03-20T20:41:00,2025-03-20T20:41:00,,2025-03-20T20:35:00
98ba07cf-a0d8-43e3-9bfc-4a718cc88a1a,d96e4448-9488-4070-9bdb-7a88419ecd52,e0cd5b09-11cd-4194-bf88-03edd17fe919,EXPIRED,2025-03-20T20:39:00,,,,2025-03-20T20:39:00
9cdd50f8-64aa-4f70-990c-4dd9325312b8,f07d3648-042c-4b80-8e94-2b02672fa2ea,1e051bc4-2ef6-4736-b427-d4e81bbdd5d3,EXPIRED,2025-03-21T07:46:00,,,,2025-03-21T07:46:00
fc8b9fc8-d0b7-4ba2-a9ed-4110e502db73,f07d3648-042c-4b80-8e94-2b02672fa2ea,ed732f11-698a-40e6-8fab-9a1b078261d2,COMPLETED,2025-03-21T07:47:00,2025-03-21T07:53:00,2025-03-21T07:53:00,2025-03-21T08:47:00,2025-03-21T07:47:00
b9866978-e94f-4b3b-a153-2fc9964d1516,f07d3648-042c-4b80-8e94-2b02672fa2ea,97dbbf0c-d2b5-452c-b22a-e11e30701e99,COMPLETED,2025-03-21T07:55:00,2025-03-21T07:56:00,2025-03-21T07:56:00,2025-03-21T09:55:00,2025-03-21T07:55:00
d09ec33a-cc85-40dc-828c-4ad36bd09c45,f07d3648-042c-4b80-8e94-2b02672fa2ea,caedcc90-6c34-4e03-8f0b-b86ff3cda6a7,ACCEPTED,2025-03-21T07:59:00,2025-03-21T08:06:00,2025-03-21T08:06:00,,2025-03-21T07:59:00
a598dc7b-d7db-44de-b033-03faa6e01c32,d07b3272-fb62-41ea-a1a7-329689f948e6,82f273c1-a6d9-473e-b339-93f7a0379a64,COMPLETED,2025-03-21T08:39:00,2025-03-21T08:42:00,2025-03-21T08:42:00,2025-03-21T11:39:00,2025-03-21T08:39:00
1ebf6dd8-a345-46f2-b7e0-4936ed151ec1,d07b3272-fb62-41ea-a1a7-329689f948e6,6a9c2430-d23f-4e3a-9d23-36289b5ec791,COMPLETED,2025-03-21T08:42:00,2025-03-21T08:43:00,2025-03-21T08:43:00,2025-03-21T11:42:00,2025-03-21T08:42:00
383c6cb0-0b72-4b5d-9a76-bdd25c91d0cb,ab9f00ef-6d3d-4370-ab42-4ae7244ce3b0,dd3c9c80-9a9d-4efd-a8fc-06ac9e8600c4,ACCEPTED,2025-03-21T08:47:00,2025-03-21T08:50:00,2025-03-21T08:50:00,,2025-03-21T08:47:00
933504a5-ae5b-4526-8a40-ed90af89f0e4,ab9f00ef-6d3d-4370-ab42-4ae7244ce3b0,a5412686-ad1b-4800-b166-5b72f3faa02d,COMPLETED,2025-03-21T08:47:00,2025-03-21T09:02:00,2025-03-21T09:02:00,2025-03-21T09:47:00,2025-03-21T08:47:00
6c5465a4-2c39-4f45-a8e8-b86fb71c7112,ab9f00ef-6d3d-4370-ab42-4ae7244ce3b0,4ac85ad1-81f9-4db3-a7c9-2bd4d3df0e31,COMPLETED,2025-03-21T08:51:00,2025-03-21T09:01:00,2025-03-21T09:01:00,2025-03-21T10:51:00,2025-03-21T08:51:00
a3255490-8591-45f9-98a2-d0acafe07057,ab9f00ef-6d3d-4370-ab42-4ae7244ce3b0,4e738475-88e6-4df8-90b2-45dacfb7c6e2,ACCEPTED,2025-03-21T08:52:00,2025-03-21T09:04:00,2025-03-21T09:04:00,,2025-03-21T08:52:00
6a85e6bc-ed9b-494d-94e7-3e9ad1fa8b40,905b32c2-ab78-4a44-b64c-98552a4f8e5a,dbebf1a3-387d-417a-abcb-ebdd3d136562,ACCEPTED,2025-03-21T10:00:00,2025-03-21T10:05:00,2025-03-21T10:05:00,,2025-03-21T10:00:00
f4263701-2a03-437c-82fc-99982e0b6d27,905b32c2-ab78-4a44-b64c-98552a4f8e5a,d6f6800e-5c63-432b-93d2-8d7c32142867,ACCEPTED,2025-03-21T10:07:00,2025-03-21T10:11:00,2025-03-21T10:11:00,,2025-03-21T10:07:00
24b9fd49-d1ea-4b42-8266-a03c49d98345,905b32c2-ab78-4a44-b64c-98552a4f8e5a,93125440-01af-4643-ac94-7c4da12295ea,COMPLETED,2025-03-21T10:08:00,2025-03-21T10:14:00,2025-03-21T10:14:00,2025-03-21T12:08:00,2025-03-21T10:08:00
70727d8c-3aa4-4b34-bb2b-c36ced3c0af8,905b32c2-ab78-4a44-b64c-98552a4f8e5a,96b33493-7f4b-4752-a880-e07a1deccfc8,COMPLETED,2025-03-21T10:10:00,2025-03-21T10:16:00,2025-03-21T10:16:00,2025-03-21T13:10:00,2025-03-21T10:10:00
fda3e2a0-8c9d-4f60-b120-852aa099de11,905b32c2-ab78-4a44-b64c-98552a4f8e5a,3f562206-66c9-45c7-94e1-a9dfde284d1b,COMPLETED,2025-03-21T10:12:00,2025-03-21T10:17:00,2025-03-21T10:17:00,2025-03-21T13:12:00,2025-03-21T10:12:00
4e17185b-b9ba-4ab9-9535-8f06b5704c70,f4c2a40b-5ba2-40ea-a52c-3dba4690ba4e,d6b5ae43-d86a-4b5f-abd6-b4e06091ee44,ACCEPTED,2025-03-21T12:50:00,2025-03-21T12:57:00,2025-03-21T12:57:00,,2025-03-21T12:50:00
852c4a30-9569-418b-b4ee-63e3b32479fd,f4c2a40b-5ba2-40ea-a52c-3dba4690ba4e,16199d23-baa8-4292-b1d9-9b27b201daa1,COMPLETED,2025-03-21T12:52:00,2025-03-21T12:59:00,2025-03-21T12:59:00,2025-03-21T15:52:00,2025-03-21T12:52:00
82b3a170-572b-4405-825f-e31e47fe0477,f4c2a40b-5ba2-40ea-a52c-3dba4690ba4e,e00b0ffc-7f24-4a41-8150-e710ef1d3730,COMPLETED,2025-03-21T12:57:00,2025-03-21T13:03:00,2025-03-21T13:03:00,2025-03-21T13:57:00,2025-03-21T12:57:00
5deb908e-139f-4e2b-bb81-9ee6912f4913,ebaf8d2e-ab05-4c8c-b7b8-4597d4037d57,4ca593a6-6883-4ff4-b14b-a47593e71ecc,ACCEPTED,2025-03-21T21:21:00,2025-03-21T21:36:00,2025-03-21T21:36:00,,2025-03-21T21:21:00
8d9fe921-fdad-4c18-a0a1-2a9196d8b578,ebaf8d2e-ab05-4c8c-b7b8-4597d4037d57,b1b36f5b-7867-499a-abe3-c46756bb926a,MISSED,2025-03-21T21:23:00,,,,2025-03-21T21:23:00
35ecba77-3bf1-430a-be3b-e3e8d293eccc,ebaf8d2e-ab05-4c8c-b7b8-4597d4037d57,d25bbe98-216b-4faf-8f76-0d3dd2269a66,COMPLETED,2025-03-21T21:23:00,2025-03-21T21:36:00,2025-03-21T21:36:00,2025-03-21T22:23:00,2025-03-21T21:23:00
549e2349-f322-4302-8824-33676edb30c7,ebaf8d2e-ab05-4c8c-b7b8-4597d4037d57,ff447bf1-e688-4eb7-ba18-cdcef5b86e01,ACCEPTED,2025-03-21T21:26:00,2025-03-21T21:41:00,2025-03-21T21:41:00,,2025-03-21T21:26:00
1af152bb-fb4c-4874-b171-25d7d96a9910,17261f99-70dc-4b52-9fd6-85eb3d3bac65,a12f0067-a0a7-4294-ae23-d9759cd6beb6,ACCEPTED,2025-03-22T01:33:00,2025-03-22T01:43:00,2025-03-22T01:43:00,,2025-03-22T01:33:00
1684f624-04a7-412e-8ba3-0afe077572dd,17261f99-70dc-4b52-9fd6-85eb3d3bac65,ed732f11-698a-40e6-8fab-9a1b078261d2,COMPLETED,2025-03-22T01:33:00,2025-03-22T01:40:00,2025-03-22T01:40:00,2025-03-22T02:33:00,2025-03-22T01:33:00
6b0c4661-e2d6-455e-a992-8507333c2864,17261f99-70dc-4b52-9fd6-85eb3d3bac65,a92ac821-12c7-40b8-bbb8-e287da0564eb,COMPLETED,2025-03-22T01:38:00,2025-03-22T01:50:00,2025-03-22T01:50:00,2025-03-22T02:38:00,2025-03-22T01:38:00
788165e1-1249-48d2-aed8-9f62018e84a8,17261f99-70dc-4b52-9fd6-85eb3d3bac65,ca5ce99f-cf40-4ef6-9c3d-4a4177383ff2,ACCEPTED,2025-03-22T01:39:00,2025-03-22T01:40:00,2025-03-22T01:40:00,,2025-03-22T01:39:00
4a2dfca3-d4b4-4b0e-8104-3a4705d45ed9,17261f99-70dc-4b52-9fd6-85eb3d3bac65,05088ba7-5428-4853-8cc9-e76f460fddd4,ACCEPTED,2025-03-22T01:42:00,2025-03-22T01:47:00,2025-03-22T01:47:00,,2025-03-22T01:42:00
23736ba4-46e8-4bb7-889e-e69e57cd80c9,2ff23ddc-72dd-4487-86ca-460fc9f4a443,0f0a17e5-ee39-4b55-89bf-da47d9347eab,DECLINED,2025-03-22T04:02:00,2025-03-22T04:14:00,,,2025-03-22T04:02:00
66f60c05-4238-4713-bc0b-76eb55014861,2ff23ddc-72dd-4487-86ca-460fc9f4a443,c1c99edc-e331-448e-a7ab-7b7fcb4ae4e7,ACCEPTED,2025-03-22T04:03:00,2025-03-22T04:18:00,2025-03-22T04:18:00,,2025-03-22T04:03:00
2952d14f-0c55-4721-b774-5e981788166e,51abde2c-d4a5-48fd-92af-954cda849000,ba816062-c1ac-43da-97de-4c1216324bb5,NO_RESPONSE,2025-03-22T05:09:00,,,,2025-03-22T05:09:00
80edac65-1bab-4233-a0ae-5895103e91b6,51abde2c-d4a5-48fd-92af-954cda849000,0b47310a-57de-411d-a3af-67fcc8e4038f,ACCEPTED,2025-03-22T05:13:00,2025-03-22T05:19:00,2025-03-22T05:19:00,,2025-03-22T05:13:00
66e4d6d7-8c45-4e5b-bde1-5d4d579dab92,51abde2c-d4a5-48fd-92af-954cda849000,972c2711-206c-49a4-b763-2a7319f31c08,ACCEPTED,2025-03-22T05:14:00,2025-03-22T05:20:00,2025-03-22T05:20:00,,2025-03-22T05:14:00
3ac3911c-b990-4cfc-87de-e926ec10b0c4,51abde2c-d4a5-48fd-92af-954cda849000,664b1167-88df-4fdd-afcb-3e9296fb4ad6,ACCEPTED,2025-03-22T05:14:00,2025-03-22T05:21:00,2025-03-22T05:21:00,,2025-03-22T05:14:00
1defc1ca-16ec-4503-b7b5-e7e83cb8bb82,51abde2c-d4a5-48fd-92af-954cda849000,eca2c7b8-3bf7-4912-8e53-7666a464dbfc,ACCEPTED,2025-03-22T05:17:00,2025-03-22T05:23:00,2025-03-22T05:23:00,,2025-03-22T05:17:00
e22589db-7168-446b-8959-5ded41667ad6,3b6446a5-cf92-4ef2-934f-2104632fe960,6b1ba131-fea8-4018-9f7b-bb75d5846414,ACCEPTED,2025-03-22T06:04:00,2025-03-22T06:08:00,2025-03-22T06:08:00,,2025-03-22T06:04:00
628a21f8-c672-4645-b64a-121ff4d2e468,3b6446a5-cf92-4ef2-934f-2104632fe960,f63c50b9-9712-4146-b62f-580951ca12c3,ACCEPTED,2025-03-22T06:05:00,2025-03-22T06:06:00,2025-03-22T06:06:00,,2025-03-22T06:05:00
6d6f046d-ba51-44b2-93a3-8f627c98ca5b,3b6446a5-cf92-4ef2-934f-2104632fe960,94906dc6-84f5-4e83-97bc-c3f5fdc665d5,NO_RESPONSE,2025-03-22T06:11:00,,,,2025-03-22T06:11:00
85bc60cb-cbc2-4592-8481-61e4d27214e0,96191431-c139-4228-bebb-c44ea524e8d0,cfdec3c3-1f55-4c1b-bf64-7c30eaf6fc9d,ACCEPTED,2025-03-22T07:40:00,2025-03-22T07:43:00,2025-03-22T07:43:00,,2025-03-22T07:40:00
8ae6be1f-c227-4e87-aac7-3bafefbf0914,96191431-c139-4228-bebb-c44ea524e8d0,c6725451-3108-4aec-a1da-c4cd931af67d,ACCEPTED,2025-03-22T07:40:00,2025-03-22T07:45:00,2025-03-22T07:45:00,,2025-03-22T07:40:00
d26ef398-e0ce-48c0-9b11-ab8cf58268f0,96191431-c139-4228-bebb-c44ea524e8d0,34dc13fa-a9a1-4b88-8692-d63511225a68,COMPLETED,2025-03-22T07:41:00,2025-03-22T07:54:00,2025-03-22T07:54:00,2025-03-22T09:41:00,2025-03-22T07:41:00
67419e0e-bea7-4ca5-b36a-e0cc8d009508,96191431-c139-4228-bebb-c44ea524e8d0,a77bcc83-4a3d-492d-bcd8-592aba88fc9d,ACCEPTED,2025-03-22T07:42:00,2025-03-22T07:46:00,2025-03-22T07:46:00,,2025-03-22T07:42:00
1395795b-e990-4317-999f-a6ed49b10085,8d26d880-d9b0-4d3c-9969-d488c989b7fa,ed732f11-698a-40e6-8fab-9a1b078261d2,ACCEPTED,2025-03-22T12:04:00,2025-03-22T12:09:00,2025-03-22T12:09:00,,2025-03-22T12:04:00
0049cdc5-6dda-4bca-99b7-20209dcd1fab,8d26d880-d9b0-4d3c-9969-d488c989b7fa,a12f0067-a0a7-4294-ae23-d9759cd6beb6,ACCEPTED,2025-03-22T12:05:00,2025-03-22T12:13:00,2025-03-22T12:13:00,,2025-03-22T12:05:00
1740094c-f113-4ecb-a3e0-972655339d39,8d26d880-d9b0-4d3c-9969-d488c989b7fa,d2112070-a709-4a6f-a1fe-b83a282d0da2,ACCEPTED,2025-03-22T12:07:00,2025-03-22T12:17:00,2025-03-22T12:17:00,,2025-03-22T12:07:00
a747b435-405c-4562-8efb-7d1fbbdd11e2,eb4a5feb-11cb-4d09-b96d-1b893ca760c7,eb9471c8-ba19-42a2-94b9-9a533ce84d63,COMPLETED,2025-03-22T14:20:00,2025-03-22T14:28:00,2025-03-22T14:28:00,2025-03-22T15:20:00,2025-03-22T14:20:00
b657e813-847f-4ebd-968b-255a5763b594,eb4a5feb-11cb-4d09-b96d-1b893ca760c7,eeafa879-969e-4fb1-b5cc-4bb4d3216e00,COMPLETED,2025-03-22T14:24:00,2025-03-22T14:25:00,2025-03-22T14:25:00,2025-03-22T16:24:00,2025-03-22T14:24:00
f1132e9b-48d8-4e4a-9c69-83fb1c74224c,eb4a5feb-11cb-4d09-b96d-1b893ca760c7,e5932f7a-3ade-43d3-b57c-3dd00eae2d48,COMPLETED,2025-03-22T14:25:00,2025-03-22T14:40:00,2025-03-22T14:40:00,2025-03-22T16:25:00,2025-03-22T14:25:00
00176f36-cbc6-49b6-aaac-0d14e396dea0,eb4a5feb-11cb-4d09-b96d-1b893ca760c7,bf160ba0-ac86-4d11-b5e7-904beff9cc2d,COMPLETED,2025-03-22T14:26:00,2025-03-22T14:28:00,2025-03-22T14:28:00,2025-03-22T15:26:00,2025-03-22T14:26:00
c6f8b566-471f-44e0-b8f3-8b4b6125c758,eb4a5feb-11cb-4d09-b96d-1b893ca760c7,c9dc82a9-929e-4f50-b5b7-c81e47b0668c,COMPLETED,2025-03-22T14:29:00,2025-03-22T14:30:00,2025-03-22T14:30:00,2025-03-22T17:29:00,2025-03-22T14:29:00
b32e13ec-4d00-42b7-b23d-405d6edae456,eb4a5feb-11cb-4d09-b96d-1b893ca760c7,aa77487c-31e8-47c0-83d6-5c4fb9f9dc95,NO_RESPONSE,2025-03-22T14:30:00,,,,2025-03-22T14:30:00
a46adb8f-1eca-4316-b2c3-850aba4b59a5,e9ac93cc-45e0-4c96-83ef-c295a6d86f86,b61abfe1-9a4f-45c1-ac54-daa9a9a0b274,NO_RESPONSE,2025-03-22T15:48:00,,,,2025-03-22T15:48:00
c27ffd16-c015-4979-9bdf-4520aacba7a1,e9ac93cc-45e0-4c96-83ef-c295a6d86f86,35a960a1-e1aa-45db-8043-5650f7e73b8c,DECLINED,2025-03-22T15:51:00,2025-03-22T16:11:00,,,2025-03-22T15:51:00
f3ae02cf-da83-492e-a2a9-06c1e5a18cf8,e9ac93cc-45e0-4c96-83ef-c295a6d86f86,e407e92f-fbeb-4577-975a-db39c26f5872,ACCEPTED,2025-03-22T15:55:00,2025-03-22T16:06:00,2025-03-22T16:06:00,,2025-03-22T15:55:00
8ffc02b5-7d70-4e55-ad6c-9b3550a36e85,e9ac93cc-45e0-4c96-83ef-c295a6d86f86,1693939d-11cb-4a60-bfb6-8f2fec00eb4f,COMPLETED,2025-03-22T15:56:00,2025-03-22T15:59:00,2025-03-22T15:59:00,2025-03-22T17:56:00,2025-03-22T15:56:00
2ca4bd57-26b2-46a1-a20f-d62ec8bfbf3f,e9ac93cc-45e0-4c96-83ef-c295a6d86f86,f4f6b626-e397-4f44-8dde-9d51ac118ff6,MISSED,2025-03-22T15:57:00,,,,2025-03-22T15:57:00
ad619c38-b926-4431-a953-bf55b7caa2a1,e9ac93cc-45e0-4c96-83ef-c295a6d86f86,443aebc7-b493-44c6-bde3-762b445ca7e3,COMPLETED,2025-03-22T15:59:00,2025-03-22T16:07:00,2025-03-22T16:07:00,2025-03-22T16:59:00,2025-03-22T15:59:00
2eb7c118-c0ca-4a83-a580-a6e77ea05b11,8dddc8e3-5d0a-4343-ada6-701a1dc72104,8149a5a0-b1e9-4bb0-a980-b7f5bdcb02a4,ACCEPTED,2025-03-22T17:47:00,2025-03-22T17:57:00,2025-03-22T17:57:00,,2025-03-22T17:47:00
79556abe-0c04-49ca-b96e-c373da5718a1,8dddc8e3-5d0a-4343-ada6-701a1dc72104,f2f92179-5d28-4944-970e-4735cb6d6a92,NO_RESPONSE,2025-03-22T17:49:00,,,,2025-03-22T17:49:00
95b5de44-e7a8-4b4c-a870-9ee716f73273,35fc3cd3-d999-4e9d-b091-57a100947e12,e30fd279-849b-4132-8b55-debf0747d8c4,COMPLETED,2025-03-22T18:59:00,2025-03-22T19:06:00,2025-03-22T19:06:00,2025-03-22T21:59:00,2025-03-22T18:59:00
4070074b-ee64-496b-8a59-d8ea2d8d1bc1,35fc3cd3-d999-4e9d-b091-57a100947e12,6ba5036b-8e59-4341-9bc3-f959ef8d8360,COMPLETED,2025-03-22T19:00:00,2025-03-22T19:07:00,2025-03-22T19:07:00,2025-03-22T22:00:00,2025-03-22T19:00:00
8ec31f95-8e4c-46f1-aec4-dbc3530970b6,245626fa-0807-4c5b-943c-276c6c988876,985ab403-ddfd-47f6-9b98-9ce2f7dcd16e,ACCEPTED,2025-03-22T19:21:00,2025-03-22T19:34:00,2025-03-22T19:34:00,,2025-03-22T19:21:00
88388d0a-7016-416f-9993-95adb0d3de68,5fb14c31-303f-4872-b3d1-8176a4081507,edf481eb-bab0-46c2-a7e6-67b59a510550,ACCEPTED,2025-03-22T19:21:00,2025-03-22T19:26:00,2025-03-22T19:26:00,,2025-03-22T19:21:00
ccf5ae45-7fc5-480d-b8d3-6bcae138def6,245626fa-0807-4c5b-943c-276c6c988876,5d69d39a-573c-4fc2-b61f-084eeb974f10,NO_RESPONSE,2025-03-22T19:22:00,,,,2025-03-22T19:22:00
c4249ce4-e2bd-4a8b-a4d3-a37d63b0591d,5fb14c31-303f-4872-b3d1-8176a4081507,72d80153-ab97-4442-b132-ccdf469ad157,ACCEPTED,2025-03-22T19:24:00,2025-03-22T19:37:00,2025-03-22T19:37:00,,2025-03-22T19:24:00
15e117b2-a362-49ce-9870-93ee837e8c2f,245626fa-0807-4c5b-943c-276c6c988876,5849a59e-7a49-4c31-a079-4e89867a7e98,NO_RESPONSE,2025-03-22T19:29:00,,,,2025-03-22T19:29:00
3db2fa6b-db2f-4f7b-b229-bc9c3875bb2e,336fba1e-bc43-43de-a03a-a6d36f778b7e,0bd74d79-c6ed-4e86-a612-e698b486ec29,ACCEPTED,2025-03-22T22:06:00,2025-03-22T22:11:00,2025-03-22T22:11:00,,2025-03-22T22:06:00
d3bd2589-839c-4630-b0e1-6d3d95dbe823,336fba1e-bc43-43de-a03a-a6d36f778b7e,1bb18a0a-a6b4-48df-9096-d512f9773d9b,NO_RESPONSE,2025-03-22T22:10:00,,,,2025-03-22T22:10:00
4df4fea6-712c-4b9d-b315-bee67cff73b5,336fba1e-bc43-43de-a03a-a6d36f778b7e,64037712-470c-40c3-b34b-66128b93e18d,EXPIRED,2025-03-22T22:12:00,,,,2025-03-22T22:12:00
521aceea-16ae-4973-85ca-d88d1b985d3a,336fba1e-bc43-43de-a03a-a6d36f778b7e,30c6a854-5681-4fda-b9bc-b5f82a1567dc,EXPIRED,2025-03-22T22:13:00,,,,2025-03-22T22:13:00
fec871cc-ddd3-4de4-82a6-45ef567aca08,336fba1e-bc43-43de-a03a-a6d36f778b7e,804fa05c-3d11-4c0b-acfe-70a082a82e75,ACCEPTED,2025-03-22T22:16:00,2025-03-22T22:29:00,2025-03-22T22:29:00,,2025-03-22T22:16:00
fd22d09f-07a5-426e-8641-0530924c6d5d,2f65dc92-9866-4eef-b01b-34e0c0c2501e,4f49c613-b4ef-4840-9fd7-f80f9f0d844d,COMPLETED,2025-03-23T00:30:00,2025-03-23T00:36:00,2025-03-23T00:36:00,2025-03-23T01:30:00,2025-03-23T00:30:00
134a0a48-5dec-4500-9138-6ca60671330a,2f65dc92-9866-4eef-b01b-34e0c0c2501e,54644cdc-6eb6-4ce1-ace4-1ba0ab1ae36a,ACCEPTED,2025-03-23T00:32:00,2025-03-23T00:34:00,2025-03-23T00:34:00,,2025-03-23T00:32:00
8edc41b8-b60b-418d-b0f3-fe3cab9e58f1,2f65dc92-9866-4eef-b01b-34e0c0c2501e,02e664d4-0b6a-4921-9a18-18529c0b46fb,ACCEPTED,2025-03-23T00:33:00,2025-03-23T00:35:00,2025-03-23T00:35:00,,2025-03-23T00:33:00
419eef5d-1de7-47f9-b504-8d172c96dc3e,2f65dc92-9866-4eef-b01b-34e0c0c2501e,76c87fab-4634-487d-a03f-d4c7ee94749e,ACCEPTED,2025-03-23T00:40:00,2025-03-23T00:41:00,2025-03-23T00:41:00,,2025-03-23T00:40:00
8a5bbd90-54ee-45c5-ab36-8e3fcdfe4b32,2f65dc92-9866-4eef-b01b-34e0c0c2501e,caedcc90-6c34-4e03-8f0b-b86ff3cda6a7,ACCEPTED,2025-03-23T00:43:00,2025-03-23T00:55:00,2025-03-23T00:55:00,,2025-03-23T00:43:00
3b79b63f-97d6-4d60-8edc-99681c2aef19,0f73b7e0-453a-4a31-9dbe-e3e2c37d94d0,614d0845-b187-40ca-a14f-5c975fccd81c,COMPLETED,2025-03-23T11:44:00,2025-03-23T11:46:00,2025-03-23T11:46:00,2025-03-23T12:44:00,2025-03-23T11:44:00
42c8b0c3-f9a2-4506-b790-d464ccb4c29c,0f73b7e0-453a-4a31-9dbe-e3e2c37d94d0,76c87fab-4634-487d-a03f-d4c7ee94749e,NO_RESPONSE,2025-03-23T11:46:00,,,,2025-03-23T11:46:00
07708e43-817a-47b7-b249-0fe83a62cf6b,0f73b7e0-453a-4a31-9dbe-e3e2c37d94d0,56cb3f18-5215-48ce-a5e3-0cd1a2498d02,MISSED,2025-03-23T11:51:00,,,,2025-03-23T11:51:00
2a3065e1-ac49-4774-8167-88dbdba61701,784d1881-4b70-4aa7-ac0b-527b53ba0b01,78b96bf4-a937-44e7-9a3a-544dd63de549,ACCEPTED,2025-03-23T12:09:00,2025-03-23T12:22:00,2025-03-23T12:22:00,,2025-03-23T12:09:00
b2929436-ab9d-401d-ab02-a7a37d377ec7,784d1881-4b70-4aa7-ac0b-527b53ba0b01,c2d25642-919c-4075-a54a-aedcf9642a56,COMPLETED,2025-03-23T12:13:00,2025-03-23T12:15:00,2025-03-23T12:15:00,2025-03-23T15:13:00,2025-03-23T12:13:00
f3692fff-e89a-40a0-b9d0-e761abcca829,784d1881-4b70-4aa7-ac0b-527b53ba0b01,ef2b35e1-aedc-4a84-a9b0-5f90c4eca927,ACCEPTED,2025-03-23T12:13:00,2025-03-23T12:20:00,2025-03-23T12:20:00,,2025-03-23T12:13:00
085e2511-314a-498d-9576-e2be9fd01203,784d1881-4b70-4aa7-ac0b-527b53ba0b01,088b5742-8640-45a5-9823-8486f1015782,MISSED,2025-03-23T12:16:00,,,,2025-03-23T12:16:00
bdbb1113-261a-4231-bea7-070fb77f90e6,784d1881-4b70-4aa7-ac0b-527b53ba0b01,73461d9a-b17a-4f20-a132-39ca2f8c91ed,NO_RESPONSE,2025-03-23T12:22:00,,,,2025-03-23T12:22:00
38471ab5-645c-452b-a664-c155d1a02b98,e2a24c33-0034-4486-bf45-2cb404974b50,c1c99edc-e331-448e-a7ab-7b7fcb4ae4e7,COMPLETED,2025-03-23T16:30:00,2025-03-23T16:32:00,2025-03-23T16:32:00,2025-03-23T17:30:00,2025-03-23T16:30:00
14e4cafe-ccc8-4877-a268-8e33b43fb790,49a1815e-ffef-4e88-b325-9dda80dd698c,4b933cd5-19a8-4e2e-8322-78978d1bb4b2,NO_RESPONSE,2025-03-23T16:36:00,,,,2025-03-23T16:36:00
6615c5b8-05ab-431b-aeec-6f3e512c80ce,49a1815e-ffef-4e88-b325-9dda80dd698c,6750ba86-aaa8-423d-a650-9ae8bc37d902,ACCEPTED,2025-03-23T16:36:00,2025-03-23T16:46:00,2025-03-23T16:46:00,,2025-03-23T16:36:00
7d9df1b5-2cda-4d21-8362-9b97dd8265af,e2a24c33-0034-4486-bf45-2cb404974b50,bfe8f73a-9210-4c1c-b628-3cea7b8977ae,COMPLETED,2025-03-23T16:40:00,2025-03-23T16:53:00,2025-03-23T16:53:00,2025-03-23T17:40:00,2025-03-23T16:40:00
b3373c7c-2568-4826-814b-daa7f5f4fe14,e2a24c33-0034-4486-bf45-2cb404974b50,b649daf0-45a0-4879-bceb-08f29bf19ce2,COMPLETED,2025-03-23T16:43:00,2025-03-23T16:50:00,2025-03-23T16:50:00,2025-03-23T17:43:00,2025-03-23T16:43:00
54889cd8-b831-44c8-a4d0-1cd30277666a,93aeb967-cc94-465f-80d1-96d056b79399,309497b0-41ad-483a-a10a-7040ec34710d,EXPIRED,2025-03-23T18:18:00,,,,2025-03-23T18:18:00
d1b42ca0-5a39-44e9-a1fe-25e30e8bbff7,93aeb967-cc94-465f-80d1-96d056b79399,03e883fa-634d-4ebc-8db3-ff97e5ec7eb2,NO_RESPONSE,2025-03-23T18:19:00,,,,2025-03-23T18:19:00
403adf0c-1427-4733-a0e7-a254a109c680,93aeb967-cc94-465f-80d1-96d056b79399,c2a90a3b-30e9-4457-987f-0a655b5556d2,ACCEPTED,2025-03-23T18:19:00,2025-03-23T18:31:00,2025-03-23T18:31:00,,2025-03-23T18:19:00
412b9b21-447d-4f3a-ae15-fb102fc4ce49,93aeb967-cc94-465f-80d1-96d056b79399,cde8f468-ab23-43e9-8462-c07f508baa7f,COMPLETED,2025-03-23T18:27:00,2025-03-23T18:32:00,2025-03-23T18:32:00,2025-03-23T21:27:00,2025-03-23T18:27:00
d32eec09-e0cc-479a-ba09-18f7fb3c5b2e,aefb5db9-ebf7-4315-a7cf-dc53ceff5898,6020fc90-bb4f-4cf6-939b-6d7429d5d3a1,NO_RESPONSE,2025-03-23T19:15:00,,,,2025-03-23T19:15:00
7b125ca2-08c9-4a10-a566-868d08940298,aefb5db9-ebf7-4315-a7cf-dc53ceff5898,0db56994-7b77-4dee-bd9c-894ba39fcd46,MISSED,2025-03-23T19:23:00,,,,2025-03-23T19:23:00
6f7a529f-13ac-45b3-8b52-8c313562f4b7,aefb5db9-ebf7-4315-a7cf-dc53ceff5898,58d8deb5-5531-43c5-81ae-7352d2d2b8c9,ACCEPTED,2025-03-23T19:25:00,2025-03-23T19:27:00,2025-03-23T19:27:00,,2025-03-23T19:25:00
9d4a90ad-d70e-4163-b0d4-9e06a010671f,aefb5db9-ebf7-4315-a7cf-dc53ceff5898,30c6a854-5681-4fda-b9bc-b5f82a1567dc,ACCEPTED,2025-03-23T19:27:00,2025-03-23T19:35:00,2025-03-23T19:35:00,,2025-03-23T19:27:00
53682ee0-86d1-43b0-828a-74b6a02d3e5e,8390e9aa-0e1a-4197-bf22-32825eb25a9b,d239a4ec-9007-41bc-a9af-3ceae895f0c0,NO_RESPONSE,2025-03-24T12:35:00,,,,2025-03-24T12:35:00
2524b3ec-1fff-42f5-bcef-f0ae91f12466,8390e9aa-0e1a-4197-bf22-32825eb25a9b,cfca1fba-b8fd-43a2-8e84-7c868fae649d,COMPLETED,2025-03-24T12:36:00,2025-03-24T12:48:00,2025-03-24T12:48:00,2025-03-24T13:36:00,2025-03-24T12:36:00
8b57ae20-fb59-4df3-9585-ef2a4e62abd9,8390e9aa-0e1a-4197-bf22-32825eb25a9b,8aadad3e-4591-4c88-a738-78b84530fbda,COMPLETED,2025-03-24T12:41:00,2025-03-24T12:52:00,2025-03-24T12:52:00,2025-03-24T14:41:00,2025-03-24T12:41:00
6b04942e-b60c-4be2-b9bb-fcb08702d0ee,8390e9aa-0e1a-4197-bf22-32825eb25a9b,c26464e8-28b6-4923-b2ea-5e7dbf4e5c58,ACCEPTED,2025-03-24T12:41:00,2025-03-24T12:50:00,2025-03-24T12:50:00,,2025-03-24T12:41:00
7c4f8797-dead-4031-8e33-6069edaf6586,8390e9aa-0e1a-4197-bf22-32825eb25a9b,273ddb7f-7af3-44a5-b945-f6705e9f338f,COMPLETED,2025-03-24T12:42:00,2025-03-24T12:56:00,2025-03-24T12:56:00,2025-03-24T13:42:00,2025-03-24T12:42:00
aa7d16f1-33cd-4030-9689-4595ff0c0f36,21b1b222-6d26-4cf0-b4a9-bdd8dc0081ab,b28c5ded-195b-4262-9bb7-b808a353150d,COMPLETED,2025-03-24T15:19:00,2025-03-24T15:21:00,2025-03-24T15:21:00,2025-03-24T16:19:00,2025-03-24T15:19:00
e2d79b17-9da2-4202-b483-fe2e2350bf4c,21b1b222-6d26-4cf0-b4a9-bdd8dc0081ab,edf481eb-bab0-46c2-a7e6-67b59a510550,ACCEPTED,2025-03-24T15:23:00,2025-03-24T15:36:00,2025-03-24T15:36:00,,2025-03-24T15:23:00
addc51ae-e4b3-488d-a27a-d76b3a72fa34,21b1b222-6d26-4cf0-b4a9-bdd8dc0081ab,cf15cd3c-d017-49b8-af4a-bd4471976dd4,COMPLETED,2025-03-24T15:24:00,2025-03-24T15:32:00,2025-03-24T15:32:00,2025-03-24T18:24:00,2025-03-24T15:24:00
66c948f2-a606-43fc-b9e6-0a3cdd8a8e41,21b1b222-6d26-4cf0-b4a9-bdd8dc0081ab,f6556829-5e66-4e5a-aff5-3233c86566a8,ACCEPTED,2025-03-24T15:25:00,2025-03-24T15:26:00,2025-03-24T15:26:00,,2025-03-24T15:25:00
8ec5b31d-018a-4c01-9971-3d7eaaf701f1,21b1b222-6d26-4cf0-b4a9-bdd8dc0081ab,556bf703-12c9-40e6-98a3-1835bb3d53a7,MISSED,2025-03-24T15:28:00,,,,2025-03-24T15:28:00
73199128-078b-4feb-8eba-fccb02e30f52,21b1b222-6d26-4cf0-b4a9-bdd8dc0081ab,f609cf6c-d0e4-48e5-9d6b-2cb379d2f51c,COMPLETED,2025-03-24T15:29:00,2025-03-24T15:44:00,2025-03-24T15:44:00,2025-03-24T18:29:00,2025-03-24T15:29:00
2485c82e-bd7b-4c65-9888-8aa76bb1f2ae,e8bf2962-31f1-47f7-9fc9-54e51bccaba9,4b933cd5-19a8-4e2e-8322-78978d1bb4b2,ACCEPTED,2025-03-24T16:43:00,2025-03-24T16:56:00,2025-03-24T16:56:00,,2025-03-24T16:43:00
76c3d00b-d1d2-420f-91ba-c69a1b35aec8,e8bf2962-31f1-47f7-9fc9-54e51bccaba9,fe22cac5-c785-4cc2-a706-9b3cbd277ddf,COMPLETED,2025-03-24T16:43:00,2025-03-24T16:55:00,2025-03-24T16:55:00,2025-03-24T18:43:00,2025-03-24T16:43:00
9236e2bf-6279-474e-bc5b-cfef1649cf3f,e8bf2962-31f1-47f7-9fc9-54e51bccaba9,78548b9a-a9e8-46f5-9d4b-45f2377b352b,ACCEPTED,2025-03-24T16:49:00,2025-03-24T16:51:00,2025-03-24T16:51:00,,2025-03-24T16:49:00
988a9259-d14a-40f6-98ef-e14fa459befe,2fb86129-d71b-47b6-9819-51c3cb7b8f29,3f562206-66c9-45c7-94e1-a9dfde284d1b,ACCEPTED,2025-03-24T17:18:00,2025-03-24T17:24:00,2025-03-24T17:24:00,,2025-03-24T17:18:00
5cd1fb6e-4668-4d7d-a6b6-9217afcfbfd3,2fb86129-d71b-47b6-9819-51c3cb7b8f29,3b9f8b84-9d78-41c0-8faf-289fde279e85,ACCEPTED,2025-03-24T17:20:00,2025-03-24T17:32:00,2025-03-24T17:32:00,,2025-03-24T17:20:00
806effd3-fda8-4988-9b23-dc4c1f4a0573,ce3cc905-6a19-49cd-9469-44318245997c,77328cba-6ede-4bbd-b0b3-4810c8e8f09e,EXPIRED,2025-03-24T23:16:00,,,,2025-03-24T23:16:00
ce79e6dc-f634-4781-88a8-8bb82d482a6c,ce3cc905-6a19-49cd-9469-44318245997c,bbaea4a2-227b-4e8f-9f8b-61615adfff9f,ACCEPTED,2025-03-24T23:19:00,2025-03-24T23:30:00,2025-03-24T23:30:00,,2025-03-24T23:19:00
4951d004-7b3a-416f-9d29-1c7ec2986289,ce3cc905-6a19-49cd-9469-44318245997c,a9192324-9347-4f6f-998a-20066ce0209e,COMPLETED,2025-03-24T23:26:00,2025-03-24T23:41:00,2025-03-24T23:41:00,2025-03-25T01:26:00,2025-03-24T23:26:00
44cbde04-c34b-4d74-a025-536998791efb,fe586324-3972-402a-b367-a52a6494c9c4,8d54dd37-108d-4ec9-87e8-552d73629a00,EXPIRED,2025-03-25T07:05:00,,,,2025-03-25T07:05:00
659c82ee-8dc9-49dd-97a1-7621a98da863,fe586324-3972-402a-b367-a52a6494c9c4,c57abeef-b6d8-4cf7-ae50-3774b55c6768,ACCEPTED,2025-03-25T07:08:00,2025-03-25T07:11:00,2025-03-25T07:11:00,,2025-03-25T07:08:00
db9c1217-2400-4161-ba5c-179b8c3d3f9c,f8fdee94-ea29-4e88-911a-4da98e0439d7,91080d43-a198-4089-b53a-109a95c5e635,COMPLETED,2025-03-25T10:08:00,2025-03-25T10:23:00,2025-03-25T10:23:00,2025-03-25T12:08:00,2025-03-25T10:08:00
4c1c001c-4ece-45ee-be8a-68bc774c9a31,f8fdee94-ea29-4e88-911a-4da98e0439d7,40e2e31f-1e2d-4f70-9de8-91ad096fe41a,ACCEPTED,2025-03-25T10:14:00,2025-03-25T10:26:00,2025-03-25T10:26:00,,2025-03-25T10:14:00
3eb5571b-9b62-4176-9c63-7e0b659f1247,f8fdee94-ea29-4e88-911a-4da98e0439d7,64333604-4c8c-43e1-a6e9-7c4582414c02,ACCEPTED,2025-03-25T10:19:00,2025-03-25T10:30:00,2025-03-25T10:30:00,,2025-03-25T10:19:00
922d02cf-02f5-4739-8668-98f4a6c074e9,48c0c442-cf12-4a4f-8524-10e8bd31c220,4a804056-cd59-4216-97bd-e4bb6eaee651,ACCEPTED,2025-03-25T10:22:00,2025-03-25T10:30:00,2025-03-25T10:30:00,,2025-03-25T10:22:00
a9ce24b4-6fc8-4043-a84b-11a52af3ed13,48c0c442-cf12-4a4f-8524-10e8bd31c220,0f0a17e5-ee39-4b55-89bf-da47d9347eab,COMPLETED,2025-03-25T10:30:00,2025-03-25T10:36:00,2025-03-25T10:36:00,2025-03-25T13:30:00,2025-03-25T10:30:00
f2c0c02e-7863-4b4a-8a7e-ccfb3cdd280e,8b4e4e2c-57be-4c6b-8b4c-c94af8b69b9a,2d57212f-e718-4f41-a96c-e064f42d3047,ACCEPTED,2025-03-25T14:01:00,2025-03-25T14:13:00,2025-03-25T14:13:00,,2025-03-25T14:01:00
851495ee-9a1e-484b-bedc-d2dc62f7d7a2,8b4e4e2c-57be-4c6b-8b4c-c94af8b69b9a,1f639402-8dc8-4776-97e8-d35510b12cd1,COMPLETED,2025-03-25T14:09:00,2025-03-25T14:16:00,2025-03-25T14:16:00,2025-03-25T15:09:00,2025-03-25T14:09:00
72015b77-eb2e-4a04-aef0-805074944fb3,0b9a8b8b-9334-4b3d-b1e2-323bae30d27b,fffc883c-1676-4f1c-b98e-5562be4b53e2,ACCEPTED,2025-03-25T15:08:00,2025-03-25T15:09:00,2025-03-25T15:09:00,,2025-03-25T15:08:00
9dce7117-efe1-43c0-b649-f9605596ddcf,0b9a8b8b-9334-4b3d-b1e2-323bae30d27b,88dfaec5-4862-48de-a187-81674968acbd,COMPLETED,2025-03-25T15:10:00,2025-03-25T15:23:00,2025-03-25T15:23:00,2025-03-25T16:10:00,2025-03-25T15:10:00
a929596a-bc95-4b70-8d32-0fa8eaeccbc9,0b9a8b8b-9334-4b3d-b1e2-323bae30d27b,2e3af94c-8ff5-4a35-ac8a-571d4fa070d4,COMPLETED,2025-03-25T15:11:00,2025-03-25T15:15:00,2025-03-25T15:15:00,2025-03-25T17:11:00,2025-03-25T15:11:00
b1fc9021-2863-4e9d-919b-9da6c9928635,0b9a8b8b-9334-4b3d-b1e2-323bae30d27b,748bd135-2aa2-42af-9ae8-8edfadd6d30f,ACCEPTED,2025-03-25T15:18:00,2025-03-25T15:27:00,2025-03-25T15:27:00,,2025-03-25T15:18:00
df9714fe-7822-44eb-8b55-4ab102e9dd55,0b9a8b8b-9334-4b3d-b1e2-323bae30d27b,56cb3f18-5215-48ce-a5e3-0cd1a2498d02,COMPLETED,2025-03-25T15:21:00,2025-03-25T15:23:00,2025-03-25T15:23:00,2025-03-25T17:21:00,2025-03-25T15:21:00
9991cf07-1481-41b4-9f59-c0b0e276b61f,0b9a8b8b-9334-4b3d-b1e2-323bae30d27b,94906dc6-84f5-4e83-97bc-c3f5fdc665d5,ACCEPTED,2025-03-25T15:21:00,2025-03-25T15:32:00,2025-03-25T15:32:00,,2025-03-25T15:21:00
52077d21-a5c8-4869-8a10-f3f1cf38cbe1,fd78f0c1-8061-4c5b-8f1a-d5c0fbea2fa8,1711dff0-5b73-4336-ae3e-5003955b231a,COMPLETED,2025-03-25T16:49:00,2025-03-25T16:52:00,2025-03-25T16:52:00,2025-03-25T19:49:00,2025-03-25T16:49:00
bfe8c68b-9b5d-4cb8-9033-cbc4afb30c4e,fd78f0c1-8061-4c5b-8f1a-d5c0fbea2fa8,d3edbff9-b137-4f59-9b59-c049d8cda101,ACCEPTED,2025-03-25T16:50:00,2025-03-25T16:53:00,2025-03-25T16:53:00,,2025-03-25T16:50:00
0751e255-07b7-4fda-b1e1-ee7f4c5c8e43,fd78f0c1-8061-4c5b-8f1a-d5c0fbea2fa8,edf481eb-bab0-46c2-a7e6-67b59a510550,DECLINED,2025-03-25T16:58:00,2025-03-25T17:07:00,,,2025-03-25T16:58:00
8bd6cb08-4170-4056-85d5-6e53927b3a0e,0d9c9548-36a6-4935-9af5-fe0822488fed,11955be9-03b2-4274-9002-7a2a5ae499a8,EXPIRED,2025-03-25T18:12:00,,,,2025-03-25T18:12:00
df2552f3-312e-46f3-bb28-b1f15dc12ad0,0d9c9548-36a6-4935-9af5-fe0822488fed,12cb054b-3ad8-409d-879c-911bba186c06,ACCEPTED,2025-03-25T18:17:00,2025-03-25T18:18:00,2025-03-25T18:18:00,,2025-03-25T18:17:00
c7e8e993-ee5e-49ab-a546-7f5c8893304c,0d9c9548-36a6-4935-9af5-fe0822488fed,b34b9ff4-c6a5-4e42-9619-75d5b29e68d4,ACCEPTED,2025-03-25T18:18:00,2025-03-25T18:25:00,2025-03-25T18:25:00,,2025-03-25T18:18:00
b7c99b31-2aa3-4380-82ad-7bad6521266f,0d9c9548-36a6-4935-9af5-fe0822488fed,1f639402-8dc8-4776-97e8-d35510b12cd1,ACCEPTED,2025-03-25T18:20:00,2025-03-25T18:27:00,2025-03-25T18:27:00,,2025-03-25T18:20:00
38e35d92-0127-4a55-895f-a9b3d740a8e6,e10b57b0-6b1f-4cf0-893d-5bfb78e3aa76,3e9272f3-ed0f-4e1e-9e75-ffeefc9ff8be,MISSED,2025-03-26T01:14:00,,,,2025-03-26T01:14:00
0f1f7c2e-4fac-4f8a-b0fd-19f346e5221f,e10b57b0-6b1f-4cf0-893d-5bfb78e3aa76,cc255119-86e4-43ad-b1f0-6c24ac17d920,DECLINED,2025-03-26T01:14:00,2025-03-26T01:34:00,,,2025-03-26T01:14:00
a93ad4ff-e573-4019-a8b7-1736d61d01d0,e10b57b0-6b1f-4cf0-893d-5bfb78e3aa76,62758655-2759-47fd-8cfb-18e44d2da35e,ACCEPTED,2025-03-26T01:17:00,2025-03-26T01:23:00,2025-03-26T01:23:00,,2025-03-26T01:17:00
5008c9d0-40c1-4f87-a831-5e12c1dd2650,e10b57b0-6b1f-4cf0-893d-5bfb78e3aa76,1b195c08-15b1-40fe-af14-43f69a65bef9,COMPLETED,2025-03-26T01:21:00,2025-03-26T01:25:00,2025-03-26T01:25:00,2025-03-26T02:21:00,2025-03-26T01:21:00
0aa960bf-0d45-4948-a921-5be629106241,e10b57b0-6b1f-4cf0-893d-5bfb78e3aa76,2d67b8f1-6839-41a5-a4f9-ed87959a5394,ACCEPTED,2025-03-26T01:21:00,2025-03-26T01:28:00,2025-03-26T01:28:00,,2025-03-26T01:21:00
2793b284-0f0c-4b7f-b32d-fb4b29f8f944,e10b57b0-6b1f-4cf0-893d-5bfb78e3aa76,2d57212f-e718-4f41-a96c-e064f42d3047,ACCEPTED,2025-03-26T01:22:00,2025-03-26T01:35:00,2025-03-26T01:35:00,,2025-03-26T01:22:00
8c836d54-27a7-4aad-8546-56ff901b1d4a,e3a69f75-9f2d-43e7-a9b4-43bf8ac5f6c3,afa47c4e-62b3-4586-9824-3169d0ae4f73,ACCEPTED,2025-03-26T08:57:00,2025-03-26T09:02:00,2025-03-26T09:02:00,,2025-03-26T08:57:00
34eaa442-2b07-4312-a59c-a7d4e248c307,e3a69f75-9f2d-43e7-a9b4-43bf8ac5f6c3,b0102217-6663-410d-8e4b-e802cddf4baa,ACCEPTED,2025-03-26T09:00:00,2025-03-26T09:12:00,2025-03-26T09:12:00,,2025-03-26T09:00:00
1a679b56-b292-4fe3-a1b5-c284a8fa9510,e3a69f75-9f2d-43e7-a9b4-43bf8ac5f6c3,6020fc90-bb4f-4cf6-939b-6d7429d5d3a1,COMPLETED,2025-03-26T09:04:00,2025-03-26T09:13:00,2025-03-26T09:13:00,2025-03-26T11:04:00,2025-03-26T09:04:00
78c68137-3ef3-4135-8f96-8ff3c9510206,e3a69f75-9f2d-43e7-a9b4-43bf8ac5f6c3,ba0652ab-674d-480e-b23d-7fb7301f9218,ACCEPTED,2025-03-26T09:05:00,2025-03-26T09:08:00,2025-03-26T09:08:00,,2025-03-26T09:05:00
9b1a5655-5661-4edb-9eed-4ec5821269c4,223f7ab4-5489-4a56-8412-6188a0e38148,797a96d3-916e-44ca-9537-0bd455606d82,ACCEPTED,2025-03-26T13:13:00,2025-03-26T13:15:00,2025-03-26T13:15:00,,2025-03-26T13:13:00
9111b49c-d33d-486f-a263-72154de8a547,223f7ab4-5489-4a56-8412-6188a0e38148,87ee165d-91a2-4857-b698-c97864b7c6d5,ACCEPTED,2025-03-26T13:19:00,2025-03-26T13:32:00,2025-03-26T13:32:00,,2025-03-26T13:19:00
63d33be7-3fb1-408f-8d57-ed2ee99234e9,2a1f53b8-4a87-4bb2-a987-ac4ec029baca,19cad05e-ae8b-4d86-b026-69fbb73b2e76,ACCEPTED,2025-03-26T13:21:00,2025-03-26T13:31:00,2025-03-26T13:31:00,,2025-03-26T13:21:00
877bad75-f750-46b5-a5d7-56cf5ad94629,223f7ab4-5489-4a56-8412-6188a0e38148,7dce07a7-bf0e-49d0-8e10-0fae45654bf0,MISSED,2025-03-26T13:21:00,,,,2025-03-26T13:21:00
4fbc7627-605d-4af7-8d86-6c91bcf32694,2a1f53b8-4a87-4bb2-a987-ac4ec029baca,2fe42234-9f74-4aa2-8d63-a0c3cf398172,COMPLETED,2025-03-26T13:26:00,2025-03-26T13:39:00,2025-03-26T13:39:00,2025-03-26T14:26:00,2025-03-26T13:26:00
b7bc88a9-10c0-4538-8604-625fe659d98f,9a5fe10a-89bf-45ec-9218-91076d3d1e10,c4a4b614-90de-4794-a555-76f6159de789,ACCEPTED,2025-03-26T19:07:00,2025-03-26T19:17:00,2025-03-26T19:17:00,,2025-03-26T19:07:00
5070b009-37ff-4154-819b-940867d29969,9a5fe10a-89bf-45ec-9218-91076d3d1e10,430aca8d-ebe3-48e3-8d2f-e1975ad23d8d,COMPLETED,2025-03-26T19:08:00,2025-03-26T19:18:00,2025-03-26T19:18:00,2025-03-26T21:08:00,2025-03-26T19:08:00
89769158-2af5-4e7b-b763-e9f51c6df6dc,0e465d20-4bcd-451b-aaef-e2bda899f2f2,30c6a854-5681-4fda-b9bc-b5f82a1567dc,NO_RESPONSE,2025-03-26T20:34:00,,,,2025-03-26T20:34:00
e25af4ae-d9ce-4abe-9835-6f1ead760e4b,0e465d20-4bcd-451b-aaef-e2bda899f2f2,bf16397a-e456-456e-98bd-2730736c43f3,COMPLETED,2025-03-26T20:35:00,2025-03-26T20:44:00,2025-03-26T20:44:00,2025-03-26T22:35:00,2025-03-26T20:35:00
90f18f47-85f8-4f44-975a-aff541de4af5,0e465d20-4bcd-451b-aaef-e2bda899f2f2,8e9081d8-32bc-44c1-9c03-cec99543a8c8,COMPLETED,2025-03-26T20:40:00,2025-03-26T20:53:00,2025-03-26T20:53:00,2025-03-26T23:40:00,2025-03-26T20:40:00
46f17852-43c4-401f-90be-69f0658de6c3,43c4da22-8758-4f27-a87a-015127009812,0ad41086-120a-480a-a25e-68be9c95144c,ACCEPTED,2025-03-26T21:04:00,2025-03-26T21:15:00,2025-03-26T21:15:00,,2025-03-26T21:04:00
5432bd27-9c69-47ec-9a4f-4711bcdfb44b,43c4da22-8758-4f27-a87a-015127009812,c541fa0d-e389-41e3-8fbc-f794813f5148,MISSED,2025-03-26T21:09:00,,,,2025-03-26T21:09:00
a4f03ac7-606e-404e-a69e-158a432e3c32,86d89552-77f1-4151-a20e-c59a17c5c00a,3cad9af4-3e76-49e7-a472-17fbf3b30322,COMPLETED,2025-03-26T23:02:00,2025-03-26T23:06:00,2025-03-26T23:06:00,2025-03-27T02:02:00,2025-03-26T23:02:00
e53bb2ae-bf76-4ebf-ae4e-3a3ca1c599f1,86d89552-77f1-4151-a20e-c59a17c5c00a,6f397cf4-9959-4fad-93f5-e6397f2f273d,ACCEPTED,2025-03-26T23:05:00,2025-03-26T23:14:00,2025-03-26T23:14:00,,2025-03-26T23:05:00
fd1314d6-3083-4e6b-a593-63edcdf857b1,86d89552-77f1-4151-a20e-c59a17c5c00a,b31f3223-35d1-446c-9991-79665d0b1ef3,COMPLETED,2025-03-26T23:07:00,2025-03-26T23:19:00,2025-03-26T23:19:00,2025-03-27T02:07:00,2025-03-26T23:07:00
af4cf992-4e23-4fb0-906b-d2e1c7cc0665,86d89552-77f1-4151-a20e-c59a17c5c00a,03eeb252-1e41-4f67-91f0-687b64393568,ACCEPTED,2025-03-26T23:07:00,2025-03-26T23:20:00,2025-03-26T23:20:00,,2025-03-26T23:07:00
4151e69e-0cff-4469-a546-28af9da7fa77,86d89552-77f1-4151-a20e-c59a17c5c00a,8472b4dc-b0f7-4b8e-aeb1-10bfb842eb2f,COMPLETED,2025-03-26T23:09:00,2025-03-26T23:15:00,2025-03-26T23:15:00,2025-03-27T00:09:00,2025-03-26T23:09:00
ebf6af75-47c4-4bd2-aa25-941658a6791f,86d89552-77f1-4151-a20e-c59a17c5c00a,d25bbe98-216b-4faf-8f76-0d3dd2269a66,EXPIRED,2025-03-26T23:09:00,,,,2025-03-26T23:09:00
59680925-f697-4f4a-8296-0309a8891a21,3656ef66-5edc-41bd-95d8-276a24feaf1f,aa432f38-de85-46c8-ad80-6b3373671c95,EXPIRED,2025-03-27T00:34:00,,,,2025-03-27T00:34:00
266bdc3b-7f59-4200-acec-f8feace94fd5,3656ef66-5edc-41bd-95d8-276a24feaf1f,d0a96683-1429-46b7-a70f-c0a765bdce73,ACCEPTED,2025-03-27T00:47:00,2025-03-27T00:49:00,2025-03-27T00:49:00,,2025-03-27T00:47:00
f28390f1-1eb3-455a-8a9f-f8020dada472,01418a2b-4770-425b-a4c5-f927ec12cbf6,c16201b1-943e-4c96-8b98-654faa1c4f67,ACCEPTED,2025-03-27T02:59:00,2025-03-27T03:13:00,2025-03-27T03:13:00,,2025-03-27T02:59:00
0b8be5b6-2d1d-4955-b9bc-f12ab45f494d,01418a2b-4770-425b-a4c5-f927ec12cbf6,7ce3dda1-de53-4002-8f7b-0cd22da8ea06,ACCEPTED,2025-03-27T03:02:00,2025-03-27T03:04:00,2025-03-27T03:04:00,,2025-03-27T03:02:00
a8fed761-23d9-414f-8182-c21e1de31237,01418a2b-4770-425b-a4c5-f927ec12cbf6,3e9272f3-ed0f-4e1e-9e75-ffeefc9ff8be,NO_RESPONSE,2025-03-27T03:03:00,,,,2025-03-27T03:03:00
dab0cdca-63d1-49fa-b438-dd31697939ed,01418a2b-4770-425b-a4c5-f927ec12cbf6,eda6ff35-1d22-4a35-b25d-3279ba02175c,DECLINED,2025-03-27T03:04:00,2025-03-27T03:21:00,,,2025-03-27T03:04:00
730db947-dfee-4e15-89a5-5a7e547b2add,01418a2b-4770-425b-a4c5-f927ec12cbf6,2ef47c0b-e8fe-448b-93ff-36c85588d2fd,ACCEPTED,2025-03-27T03:10:00,2025-03-27T03:17:00,2025-03-27T03:17:00,,2025-03-27T03:10:00
03878f2e-0757-4f4c-9a7a-b2352a2719ee,02209802-9294-4920-80c8-d7854c3fbafb,2bc00f4d-1415-492e-ab45-855a39d62175,ACCEPTED,2025-03-27T07:40:00,2025-03-27T07:47:00,2025-03-27T07:47:00,,2025-03-27T07:40:00
993bb696-a18e-4504-8d2d-83cf0543ca10,02209802-9294-4920-80c8-d7854c3fbafb,b0102217-6663-410d-8e4b-e802cddf4baa,DECLINED,2025-03-27T07:49:00,2025-03-27T08:04:00,,,2025-03-27T07:49:00
c986a757-4124-4393-83df-f90ff29f5d96,02209802-9294-4920-80c8-d7854c3fbafb,dc070752-162d-4ca3-ae3a-25c40e32397b,ACCEPTED,2025-03-27T07:49:00,2025-03-27T07:53:00,2025-03-27T07:53:00,,2025-03-27T07:49:00
8ed493c9-b272-4058-ae70-81d72f13cee3,02209802-9294-4920-80c8-d7854c3fbafb,1f639402-8dc8-4776-97e8-d35510b12cd1,ACCEPTED,2025-03-27T07:52:00,2025-03-27T07:57:00,2025-03-27T07:57:00,,2025-03-27T07:52:00
f10a64b4-f134-452d-b8e4-3ea5364af8c3,1448e846-5f62-44af-8ccd-16e0db4b2113,4adfcc20-75f4-424d-8645-1ab7b11ade80,COMPLETED,2025-03-27T15:53:00,2025-03-27T16:04:00,2025-03-27T16:04:00,2025-03-27T16:53:00,2025-03-27T15:53:00
8d2a7945-78de-4adb-a68a-eb2bf0531d83,1448e846-5f62-44af-8ccd-16e0db4b2113,6fe6108b-0137-4ed4-bb54-e1ed13a743e9,ACCEPTED,2025-03-27T16:01:00,2025-03-27T16:04:00,2025-03-27T16:04:00,,2025-03-27T16:01:00
dffe7f4f-0f18-4053-8ce9-e014a7a35385,805535fc-bde0-4277-9110-8aa052015a9d,c5f535ca-0ce9-4d6a-9653-50c63468cb62,EXPIRED,2025-03-27T19:02:00,,,,2025-03-27T19:02:00
57e929e9-c764-4302-8324-4dfecb3ad5f3,805535fc-bde0-4277-9110-8aa052015a9d,94f4bd27-c237-4bb0-b104-cb7bb01c0fdc,DECLINED,2025-03-27T19:05:00,2025-03-27T19:09:00,,,2025-03-27T19:05:00
6ae8f252-ed72-402d-982f-6996dcc8578f,805535fc-bde0-4277-9110-8aa052015a9d,2d67b8f1-6839-41a5-a4f9-ed87959a5394,ACCEPTED,2025-03-27T19:07:00,2025-03-27T19:08:00,2025-03-27T19:08:00,,2025-03-27T19:07:00
94e7cac3-0639-4904-a41a-4b514234fdc6,805535fc-bde0-4277-9110-8aa052015a9d,4f49c613-b4ef-4840-9fd7-f80f9f0d844d,COMPLETED,2025-03-27T19:12:00,2025-03-27T19:25:00,2025-03-27T19:25:00,2025-03-27T22:12:00,2025-03-27T19:12:00
32aa1cd3-e1d1-48c3-a426-c1a762b04df4,805535fc-bde0-4277-9110-8aa052015a9d,ed732f11-698a-40e6-8fab-9a1b078261d2,EXPIRED,2025-03-27T19:12:00,,,,2025-03-27T19:12:00
2032db4b-6235-4caa-9bf7-7d62645db600,2dee4209-a6a5-4af6-bf8b-98087388cd26,ca5ce99f-cf40-4ef6-9c3d-4a4177383ff2,ACCEPTED,2025-03-27T19:35:00,2025-03-27T19:44:00,2025-03-27T19:44:00,,2025-03-27T19:35:00
470605a1-8bfc-4176-b427-499b5d9dac23,2dee4209-a6a5-4af6-bf8b-98087388cd26,553294c5-4565-4d5a-a069-6e8126905be4,ACCEPTED,2025-03-27T19:35:00,2025-03-27T19:41:00,2025-03-27T19:41:00,,2025-03-27T19:35:00
ae5c7a66-9a6e-45f9-b200-3a6151a2066e,2dee4209-a6a5-4af6-bf8b-98087388cd26,4b4303f9-d680-4320-80ac-0fc7377998df,ACCEPTED,2025-03-27T19:43:00,2025-03-27T19:51:00,2025-03-27T19:51:00,,2025-03-27T19:43:00
97dd0909-5c95-4682-8b3e-75d45ed0e6cf,2dee4209-a6a5-4af6-bf8b-98087388cd26,3e5bcb3e-d421-4d2e-b8ee-6482c43242d7,ACCEPTED,2025-03-27T19:48:00,2025-03-27T19:55:00,2025-03-27T19:55:00,,2025-03-27T19:48:00
a345d19f-c01d-4504-bbc6-64493ebdb0d3,74f236a3-2fff-4ce5-888a-be7ec6d1d40a,836f20e8-ac46-4599-a783-92f86ea182c4,COMPLETED,2025-03-28T03:30:00,2025-03-28T03:36:00,2025-03-28T03:36:00,2025-03-28T05:30:00,2025-03-28T03:30:00
18d9bd4c-a03c-4059-aa91-370631e5427f,74f236a3-2fff-4ce5-888a-be7ec6d1d40a,877380d4-dd5d-4104-83fc-bdf86e194c54,ACCEPTED,2025-03-28T03:30:00,2025-03-28T03:41:00,2025-03-28T03:41:00,,2025-03-28T03:30:00
bcb333ca-6948-4913-8675-a143fd392aa9,74f236a3-2fff-4ce5-888a-be7ec6d1d40a,b535926f-1249-45e1-8443-3898d91728ed,NO_RESPONSE,2025-03-28T03:42:00,,,,2025-03-28T03:42:00
7d90b2d3-1ac3-4da4-b041-f2e842bee4ed,fdad6914-808a-4e87-9c8c-01515bafb395,74de697e-ecd0-4975-8057-f21088a888b4,ACCEPTED,2025-03-28T06:17:00,2025-03-28T06:18:00,2025-03-28T06:18:00,,2025-03-28T06:17:00
9adf7c16-0a59-4789-be55-cc88318f635a,fdad6914-808a-4e87-9c8c-01515bafb395,5ce51cd2-5e42-4c02-8828-aafbaf8181c6,ACCEPTED,2025-03-28T06:23:00,2025-03-28T06:36:00,2025-03-28T06:36:00,,2025-03-28T06:23:00
76bcce11-f06b-4a71-8065-bb5e73e7c6b9,fdad6914-808a-4e87-9c8c-01515bafb395,c1c99edc-e331-448e-a7ab-7b7fcb4ae4e7,COMPLETED,2025-03-28T06:25:00,2025-03-28T06:36:00,2025-03-28T06:36:00,2025-03-28T08:25:00,2025-03-28T06:25:00
80821d92-a4bd-41da-ae1b-ceb89c9f103b,fdad6914-808a-4e87-9c8c-01515bafb395,caedcc90-6c34-4e03-8f0b-b86ff3cda6a7,ACCEPTED,2025-03-28T06:26:00,2025-03-28T06:30:00,2025-03-28T06:30:00,,2025-03-28T06:26:00
37517060-4a9b-48da-ae9e-902bc0c236bb,0b3d61dd-df7e-48ce-a9ef-53d9450a8cb4,d3edbff9-b137-4f59-9b59-c049d8cda101,ACCEPTED,2025-03-28T08:43:00,2025-03-28T08:44:00,2025-03-28T08:44:00,,2025-03-28T08:43:00
8b40bf0a-a843-4a36-91f0-71222d31ae86,0b3d61dd-df7e-48ce-a9ef-53d9450a8cb4,1693939d-11cb-4a60-bfb6-8f2fec00eb4f,ACCEPTED,2025-03-28T08:46:00,2025-03-28T08:50:00,2025-03-28T08:50:00,,2025-03-28T08:46:00
9a4baa15-5f12-4ab7-8fdb-c787bc11bb32,0b3d61dd-df7e-48ce-a9ef-53d9450a8cb4,d869910e-02c0-4d29-a1fd-9bdef530d653,ACCEPTED,2025-03-28T08:47:00,2025-03-28T09:01:00,2025-03-28T09:01:00,,2025-03-28T08:47:00
6d8cecf0-d868-4794-934f-caf74f894ffd,0b3d61dd-df7e-48ce-a9ef-53d9450a8cb4,77222c64-5090-4b91-b802-e153a736f651,NO_RESPONSE,2025-03-28T08:48:00,,,,2025-03-28T08:48:00
5e2ae965-2bfb-4327-afb1-6902cd35a223,0b3d61dd-df7e-48ce-a9ef-53d9450a8cb4,429de809-3eeb-42af-94fa-c9c8fc3dda46,COMPLETED,2025-03-28T08:49:00,2025-03-28T09:04:00,2025-03-28T09:04:00,2025-03-28T09:49:00,2025-03-28T08:49:00
9cd24bba-b74b-42b8-b042-b3917f1a5520,0b3d61dd-df7e-48ce-a9ef-53d9450a8cb4,87ee165d-91a2-4857-b698-c97864b7c6d5,EXPIRED,2025-03-28T08:50:00,,,,2025-03-28T08:50:00
adbce8bf-bb41-428a-b92b-702f20998071,3af55daf-5f60-4a05-a0b3-838738a5cc76,c5f535ca-0ce9-4d6a-9653-50c63468cb62,COMPLETED,2025-03-28T14:06:00,2025-03-28T14:12:00,2025-03-28T14:12:00,2025-03-28T16:06:00,2025-03-28T14:06:00
91738db0-fbc3-4e55-a11e-ba357dddaa40,3af55daf-5f60-4a05-a0b3-838738a5cc76,ea9269ef-352d-4ec8-93a1-f6e436740b10,COMPLETED,2025-03-28T14:07:00,2025-03-28T14:10:00,2025-03-28T14:10:00,2025-03-28T16:07:00,2025-03-28T14:07:00
18d4b298-7b44-47ec-85fb-c0fecdb79b8f,3af55daf-5f60-4a05-a0b3-838738a5cc76,18663a26-c010-4e4e-8471-6194347da84d,ACCEPTED,2025-03-28T14:08:00,2025-03-28T14:13:00,2025-03-28T14:13:00,,2025-03-28T14:08:00
ce6eb873-35b8-4217-9a10-4a2392f2d525,3af55daf-5f60-4a05-a0b3-838738a5cc76,ac84e25a-f305-4698-9545-957806397804,ACCEPTED,2025-03-28T14:10:00,2025-03-28T14:12:00,2025-03-28T14:12:00,,2025-03-28T14:10:00
15e4808f-ede1-459f-adf3-9699142199a6,3af55daf-5f60-4a05-a0b3-838738a5cc76,c436515f-d954-43ab-83ea-71d7b85b1ab2,ACCEPTED,2025-03-28T14:12:00,2025-03-28T14:19:00,2025-03-28T14:19:00,,2025-03-28T14:12:00
af8c9ae6-cdfa-4a99-a17f-aa46e417b219,3af55daf-5f60-4a05-a0b3-838738a5cc76,c5df4563-5594-46ee-912f-a3c37bc8f200,ACCEPTED,2025-03-28T14:19:00,2025-03-28T14:25:00,2025-03-28T14:25:00,,2025-03-28T14:19:00
4dd91d47-77a5-44e4-a6ba-cc418cc6e45b,1b41df75-92bd-4500-a52b-4371dc5503f7,a927ec13-1431-4870-8c63-e98dc7bad4b8,COMPLETED,2025-03-28T14:52:00,2025-03-28T14:56:00,2025-03-28T14:56:00,2025-03-28T16:52:00,2025-03-28T14:52:00
5eacc667-9876-48be-a7a9-c7a04d76f887,1b41df75-92bd-4500-a52b-4371dc5503f7,4b0c223e-3977-4c3a-96bc-a4febeb624c3,ACCEPTED,2025-03-28T14:56:00,2025-03-28T15:02:00,2025-03-28T15:02:00,,2025-03-28T14:56:00
41038804-1e7e-4aee-ad92-efc12aeb7cd1,55dcab59-cf09-40dd-8856-66b9ce974e69,c4fe67ef-e054-4697-9543-263f3f2dd3c7,COMPLETED,2025-03-28T15:53:00,2025-03-28T16:00:00,2025-03-28T16:00:00,2025-03-28T18:53:00,2025-03-28T15:53:00
99c6dbf3-756f-4352-8bf8-94ab7c1b5055,55dcab59-cf09-40dd-8856-66b9ce974e69,f4f6b626-e397-4f44-8dde-9d51ac118ff6,COMPLETED,2025-03-28T15:58:00,2025-03-28T16:08:00,2025-03-28T16:08:00,2025-03-28T16:58:00,2025-03-28T15:58:00
5fad21aa-ed2f-4ca7-8817-907dbc7ce17b,55dcab59-cf09-40dd-8856-66b9ce974e69,56fc804f-b101-461b-a304-d6f9c28ae2ef,ACCEPTED,2025-03-28T16:00:00,2025-03-28T16:04:00,2025-03-28T16:04:00,,2025-03-28T16:00:00
feb54a47-7655-4cc2-bbb7-1bbaa89dc1ab,55dcab59-cf09-40dd-8856-66b9ce974e69,fda5fef4-939c-4a0d-864d-c6a11b14bd2a,ACCEPTED,2025-03-28T16:02:00,2025-03-28T16:15:00,2025-03-28T16:15:00,,2025-03-28T16:02:00
e1222a65-3619-4908-b13b-5cf53a95c2fd,21d84d57-09f3-481c-9e3f-2869bd69d9b6,556bf703-12c9-40e6-98a3-1835bb3d53a7,COMPLETED,2025-03-28T17:56:00,2025-03-28T18:07:00,2025-03-28T18:07:00,2025-03-28T19:56:00,2025-03-28T17:56:00
6bb1903b-4a6e-45d5-b351-62343b51d4a3,21d84d57-09f3-481c-9e3f-2869bd69d9b6,d6b5ae43-d86a-4b5f-abd6-b4e06091ee44,ACCEPTED,2025-03-28T17:58:00,2025-03-28T18:09:00,2025-03-28T18:09:00,,2025-03-28T17:58:00
58fb6d25-231c-46cb-a5e3-cb949b8f0b56,bb6a71f9-bc75-4f34-95df-76b036bc905e,58d8deb5-5531-43c5-81ae-7352d2d2b8c9,MISSED,2025-03-28T23:36:00,,,,2025-03-28T23:36:00
356cda9c-6ecd-4b66-928b-82cd1aa784b5,bb6a71f9-bc75-4f34-95df-76b036bc905e,b61abfe1-9a4f-45c1-ac54-daa9a9a0b274,ACCEPTED,2025-03-28T23:41:00,2025-03-28T23:51:00,2025-03-28T23:51:00,,2025-03-28T23:41:00
e841ef6e-8c86-461e-bf37-8ba3eaa05b82,bb6a71f9-bc75-4f34-95df-76b036bc905e,76c87fab-4634-487d-a03f-d4c7ee94749e,ACCEPTED,2025-03-28T23:49:00,2025-03-28T23:59:00,2025-03-28T23:59:00,,2025-03-28T23:49:00
476e795a-e28c-4ef3-895c-ecfd79bb1079,bb6a71f9-bc75-4f34-95df-76b036bc905e,f6556829-5e66-4e5a-aff5-3233c86566a8,NO_RESPONSE,2025-03-28T23:49:00,,,,2025-03-28T23:49:00
cfcc0f43-97f1-450a-9919-fbe156151546,9364d58d-def4-4a6b-b17b-0d1dd7bbeaaf,1191fc52-63be-4740-bba1-06592a0f8eb5,ACCEPTED,2025-03-29T00:14:00,2025-03-29T00:29:00,2025-03-29T00:29:00,,2025-03-29T00:14:00
51ddcbb9-80de-408e-9314-0fac21626336,9364d58d-def4-4a6b-b17b-0d1dd7bbeaaf,fffc883c-1676-4f1c-b98e-5562be4b53e2,NO_RESPONSE,2025-03-29T00:21:00,,,,2025-03-29T00:21:00
58c96917-5cb0-4f50-9541-f9c004153488,9364d58d-def4-4a6b-b17b-0d1dd7bbeaaf,93125440-01af-4643-ac94-7c4da12295ea,COMPLETED,2025-03-29T00:22:00,2025-03-29T00:37:00,2025-03-29T00:37:00,2025-03-29T01:22:00,2025-03-29T00:22:00
f79e33af-da14-4de1-bb2a-06f4c2ca5721,9364d58d-def4-4a6b-b17b-0d1dd7bbeaaf,c0eaa600-b15c-463a-b278-86b3ca57fd5c,MISSED,2025-03-29T00:25:00,,,,2025-03-29T00:25:00
a05d3388-14e0-4512-8835-5544a9ef11e4,d47858ee-f532-4e6e-ba2c-ec1129aab847,64333604-4c8c-43e1-a6e9-7c4582414c02,ACCEPTED,2025-03-29T19:58:00,2025-03-29T20:05:00,2025-03-29T20:05:00,,2025-03-29T19:58:00
cb54f19b-23b1-4272-a502-203f5b79157f,d47858ee-f532-4e6e-ba2c-ec1129aab847,97dbbf0c-d2b5-452c-b22a-e11e30701e99,ACCEPTED,2025-03-29T20:00:00,2025-03-29T20:03:00,2025-03-29T20:03:00,,2025-03-29T20:00:00
85328190-513d-4d34-90c3-a6c41f4bcbaf,d47858ee-f532-4e6e-ba2c-ec1129aab847,78548b9a-a9e8-46f5-9d4b-45f2377b352b,MISSED,2025-03-29T20:05:00,,,,2025-03-29T20:05:00
3cbc23fd-5926-48fb-b2e9-546617733f6e,d47858ee-f532-4e6e-ba2c-ec1129aab847,30c6a854-5681-4fda-b9bc-b5f82a1567dc,ACCEPTED,2025-03-29T20:07:00,2025-03-29T20:11:00,2025-03-29T20:11:00,,2025-03-29T20:07:00
01f88243-a1d1-42a1-94ea-0b01cb5e1412,e8c4d651-2629-436e-8fe6-d8ad1f037125,7b16f6d6-0f6b-446d-89fe-87723b0ad83c,COMPLETED,2025-03-29T21:39:00,2025-03-29T21:49:00,2025-03-29T21:49:00,2025-03-29T22:39:00,2025-03-29T21:39:00
9fa3cedf-3e0d-4485-9a42-a450cd1baf06,e8c4d651-2629-436e-8fe6-d8ad1f037125,cc255119-86e4-43ad-b1f0-6c24ac17d920,MISSED,2025-03-29T21:41:00,,,,2025-03-29T21:41:00
32179184-6eaa-4fb0-9f64-de6f22661be3,e8c4d651-2629-436e-8fe6-d8ad1f037125,ed3b9800-2f5e-489d-92bb-8bb1332538be,ACCEPTED,2025-03-29T21:44:00,2025-03-29T21:50:00,2025-03-29T21:50:00,,2025-03-29T21:44:00
721a8068-40dc-491c-93ba-ef2961ea7957,e8c4d651-2629-436e-8fe6-d8ad1f037125,074daa7c-485e-4264-a9c2-962e30d5b672,ACCEPTED,2025-03-29T21:45:00,2025-03-29T21:52:00,2025-03-29T21:52:00,,2025-03-29T21:45:00
dfffc4fc-1d39-43d9-b36c-a694bb06efc6,e8c4d651-2629-436e-8fe6-d8ad1f037125,979b5d05-d629-42eb-925c-ca3d093ceaca,ACCEPTED,2025-03-29T21:47:00,2025-03-29T21:59:00,2025-03-29T21:59:00,,2025-03-29T21:47:00
2ce5519d-ca33-4784-a7a9-c1e5dcd8a81f,71f52b59-bb2e-433b-b315-d23e4bbb15e3,030d9e23-9b13-43d8-8711-c5c4d8470363,COMPLETED,2025-03-29T22:29:00,2025-03-29T22:39:00,2025-03-29T22:39:00,2025-03-29T23:29:00,2025-03-29T22:29:00
eea18743-a114-4457-8a11-53157a3be151,71f52b59-bb2e-433b-b315-d23e4bbb15e3,5053490e-deb6-4adb-911f-6fcef3832803,ACCEPTED,2025-03-29T22:33:00,2025-03-29T22:34:00,2025-03-29T22:34:00,,2025-03-29T22:33:00
5dda49d7-4707-4a32-a281-10d8d66c4c57,517860ff-7370-4a8f-b1c3-1e9104cb6fe6,2ef47c0b-e8fe-448b-93ff-36c85588d2fd,ACCEPTED,2025-03-29T23:29:00,2025-03-29T23:42:00,2025-03-29T23:42:00,,2025-03-29T23:29:00
adfb3993-ea4a-455c-a33c-eb759d8b0e20,517860ff-7370-4a8f-b1c3-1e9104cb6fe6,19e65af6-da1e-4052-bf71-1659737f5cc7,ACCEPTED,2025-03-29T23:35:00,2025-03-29T23:37:00,2025-03-29T23:37:00,,2025-03-29T23:35:00
f2fe5cc6-9f4d-4a74-b2fd-9b02778963cb,517860ff-7370-4a8f-b1c3-1e9104cb6fe6,866f151d-9b2b-4c13-9341-f46f866efb61,ACCEPTED,2025-03-29T23:37:00,2025-03-29T23:47:00,2025-03-29T23:47:00,,2025-03-29T23:37:00
0f332a0e-c3de-49be-9671-0739e831bb61,517860ff-7370-4a8f-b1c3-1e9104cb6fe6,d2112070-a709-4a6f-a1fe-b83a282d0da2,ACCEPTED,2025-03-29T23:38:00,2025-03-29T23:46:00,2025-03-29T23:46:00,,2025-03-29T23:38:00
57ae4508-5192-4fa6-8cc4-abce99b74995,517860ff-7370-4a8f-b1c3-1e9104cb6fe6,985ab403-ddfd-47f6-9b98-9ce2f7dcd16e,EXPIRED,2025-03-29T23:39:00,,,,2025-03-29T23:39:00
ddc7ee7a-8075-4512-9fdc-027ba97e6f29,517860ff-7370-4a8f-b1c3-1e9104cb6fe6,846be435-a2e1-4850-bad5-07de99099078,ACCEPTED,2025-03-29T23:40:00,2025-03-29T23:54:00,2025-03-29T23:54:00,,2025-03-29T23:40:00
ba701b00-7937-4f21-bbde-028bd76973b7,17af1085-2b9a-480e-884e-d2ca00022308,bdc0370d-62f2-4b37-aaa3-b2871252b644,EXPIRED,2025-03-30T01:58:00,,,,2025-03-30T01:58:00
b74d4903-ce97-4951-88b1-cf0dd5d01903,17af1085-2b9a-480e-884e-d2ca00022308,c6725451-3108-4aec-a1da-c4cd931af67d,NO_RESPONSE,2025-03-30T02:02:00,,,,2025-03-30T02:02:00
f5b0389e-faa5-46a0-91f2-b6a960714660,17af1085-2b9a-480e-884e-d2ca00022308,f4f6b626-e397-4f44-8dde-9d51ac118ff6,ACCEPTED,2025-03-30T02:03:00,2025-03-30T02:18:00,2025-03-30T02:18:00,,2025-03-30T02:03:00
b05140e5-0557-4fc0-9cf9-1fe414cc28f4,17af1085-2b9a-480e-884e-d2ca00022308,0b51ced4-84e3-45ad-a67a-de86af260d64,ACCEPTED,2025-03-30T02:06:00,2025-03-30T02:18:00,2025-03-30T02:18:00,,2025-03-30T02:06:00
79b984f6-46e3-4801-884f-a8974c4fc0c8,17af1085-2b9a-480e-884e-d2ca00022308,f63c50b9-9712-4146-b62f-580951ca12c3,MISSED,2025-03-30T02:07:00,,,,2025-03-30T02:07:00
e2c6977c-9c1f-4a60-8cc6-5645e9490fbd,c7a0beb5-54af-47c0-8964-d41befa2c2a8,3f562206-66c9-45c7-94e1-a9dfde284d1b,ACCEPTED,2025-03-30T09:39:00,2025-03-30T09:49:00,2025-03-30T09:49:00,,2025-03-30T09:39:00
e3c8e639-17e9-454e-96b3-88e40d0ae10d,c7a0beb5-54af-47c0-8964-d41befa2c2a8,4b4303f9-d680-4320-80ac-0fc7377998df,ACCEPTED,2025-03-30T09:39:00,2025-03-30T09:45:00,2025-03-30T09:45:00,,2025-03-30T09:39:00
ae947fa7-5b8b-49da-af38-97b686f0f5fe,c7a0beb5-54af-47c0-8964-d41befa2c2a8,ab6072b4-0254-40d6-8861-f0f1506fcbb7,COMPLETED,2025-03-30T09:39:00,2025-03-30T09:53:00,2025-03-30T09:53:00,2025-03-30T10:39:00,2025-03-30T09:39:00
5339d2d5-4e1d-4ffd-930f-d404a717de2c,c7a0beb5-54af-47c0-8964-d41befa2c2a8,0f0a17e5-ee39-4b55-89bf-da47d9347eab,NO_RESPONSE,2025-03-30T09:40:00,,,,2025-03-30T09:40:00
4d75afbf-97dc-4a1f-b873-c83147a079c0,c7a0beb5-54af-47c0-8964-d41befa2c2a8,fe02ea3a-03d9-4d57-94a7-47e4a11e404f,ACCEPTED,2025-03-30T09:40:00,2025-03-30T09:54:00,2025-03-30T09:54:00,,2025-03-30T09:40:00
caf9b8dd-0a1b-4ebc-8e18-ef1c7b87262e,c7a0beb5-54af-47c0-8964-d41befa2c2a8,96b33493-7f4b-4752-a880-e07a1deccfc8,ACCEPTED,2025-03-30T09:42:00,2025-03-30T09:47:00,2025-03-30T09:47:00,,2025-03-30T09:42:00
d3d4b1ef-f096-400a-81f4-50c517a83f13,162d6359-9c0d-4ed3-ad79-2b2234febc99,8a40fb38-7cf4-468d-954f-bebd5270f111,DECLINED,2025-03-30T10:16:00,2025-03-30T10:21:00,,,2025-03-30T10:16:00
f063fc5f-2e7c-489f-ab74-8a9124bef37d,162d6359-9c0d-4ed3-ad79-2b2234febc99,2fe42234-9f74-4aa2-8d63-a0c3cf398172,COMPLETED,2025-03-30T10:21:00,2025-03-30T10:23:00,2025-03-30T10:23:00,2025-03-30T12:21:00,2025-03-30T10:21:00
6f524ded-b6c1-4ce8-b7a9-9d3206f94779,162d6359-9c0d-4ed3-ad79-2b2234febc99,4b0c223e-3977-4c3a-96bc-a4febeb624c3,MISSED,2025-03-30T10:22:00,,,,2025-03-30T10:22:00
2e585d64-2710-4a50-8594-d069a0042680,9318dc02-da44-40a0-95d0-3814f5e5631a,8cd1af9c-4aae-4740-868c-146279a15912,NO_RESPONSE,2025-03-30T12:17:00,,,,2025-03-30T12:17:00
02f3267e-7793-455b-bdaa-8759bca398e5,9318dc02-da44-40a0-95d0-3814f5e5631a,a1bc2676-aad3-49f3-9131-e812c904d689,COMPLETED,2025-03-30T12:21:00,2025-03-30T12:23:00,2025-03-30T12:23:00,2025-03-30T13:21:00,2025-03-30T12:21:00
5e0cad80-5ba1-4006-a5cb-0a94ffb714f8,9318dc02-da44-40a0-95d0-3814f5e5631a,309497b0-41ad-483a-a10a-7040ec34710d,ACCEPTED,2025-03-30T12:22:00,2025-03-30T12:23:00,2025-03-30T12:23:00,,2025-03-30T12:22:00
6d261509-3a5e-4bb9-b000-7b2ac9ec8532,9318dc02-da44-40a0-95d0-3814f5e5631a,62dcf5be-c7c7-4332-ba46-a97ff4593dd6,COMPLETED,2025-03-30T12:23:00,2025-03-30T12:27:00,2025-03-30T12:27:00,2025-03-30T14:23:00,2025-03-30T12:23:00
d5c82429-b679-4cef-a78c-19ad580849dd,9318dc02-da44-40a0-95d0-3814f5e5631a,89b16628-7a7b-4967-800e-f441e05d2779,ACCEPTED,2025-03-30T12:25:00,2025-03-30T12:31:00,2025-03-30T12:31:00,,2025-03-30T12:25:00
5a7b2c28-6ae1-492c-b208-2df6b64d79dd,9318dc02-da44-40a0-95d0-3814f5e5631a,0f0a17e5-ee39-4b55-89bf-da47d9347eab,EXPIRED,2025-03-30T12:26:00,,,,2025-03-30T12:26:00
f0afe632-7659-443b-ba9a-7a5bf5da8cda,58df22cf-e3c4-4305-946a-ceb3133c2297,30c6a854-5681-4fda-b9bc-b5f82a1567dc,COMPLETED,2025-03-30T14:20:00,2025-03-30T14:25:00,2025-03-30T14:25:00,2025-03-30T16:20:00,2025-03-30T14:20:00
fa9839aa-4cc3-47e0-9210-f87d7e3eaafb,58df22cf-e3c4-4305-946a-ceb3133c2297,eeafa879-969e-4fb1-b5cc-4bb4d3216e00,ACCEPTED,2025-03-30T14:27:00,2025-03-30T14:34:00,2025-03-30T14:34:00,,2025-03-30T14:27:00
4854e455-0330-4f3b-96ce-40f9a5f625a6,58df22cf-e3c4-4305-946a-ceb3133c2297,ef2b35e1-aedc-4a84-a9b0-5f90c4eca927,DECLINED,2025-03-30T14:32:00,2025-03-30T14:36:00,,,2025-03-30T14:32:00
7bdf093c-b224-4fcf-8faa-e2808edceb2c,3e620bf1-e261-47a6-8ce8-852951fdb665,2c3259d5-3a5a-4a64-be43-cedbc92ce0dc,ACCEPTED,2025-03-30T15:31:00,2025-03-30T15:34:00,2025-03-30T15:34:00,,2025-03-30T15:31:00
59a7cd69-a5c6-4c18-a87a-e9ec4317464a,3e620bf1-e261-47a6-8ce8-852951fdb665,46c4620d-f466-43aa-86c4-b6bea05d529d,COMPLETED,2025-03-30T15:32:00,2025-03-30T15:34:00,2025-03-30T15:34:00,2025-03-30T16:32:00,2025-03-30T15:32:00
7c838006-3ccd-42f4-9316-015de436ec6c,0f19634e-db32-47f3-bb12-97c73be5e73a,ab824e7b-6c52-415c-9b45-3252ae8f2969,ACCEPTED,2025-03-31T01:44:00,2025-03-31T01:49:00,2025-03-31T01:49:00,,2025-03-31T01:44:00
106e7ed9-d914-494d-920e-23da4eedb1be,0f19634e-db32-47f3-bb12-97c73be5e73a,67e602e6-39ad-4901-acb6-b01a84f70f34,COMPLETED,2025-03-31T01:47:00,2025-03-31T01:59:00,2025-03-31T01:59:00,2025-03-31T04:47:00,2025-03-31T01:47:00
9fe44c3c-2ed6-4229-aaa2-1b63eced4aad,0f19634e-db32-47f3-bb12-97c73be5e73a,a14bd188-163c-4039-b950-9d6f9fd5a629,COMPLETED,2025-03-31T01:52:00,2025-03-31T01:57:00,2025-03-31T01:57:00,2025-03-31T03:52:00,2025-03-31T01:52:00
4446b9dd-3678-410e-9a11-a7963675eeac,0f19634e-db32-47f3-bb12-97c73be5e73a,b7b35df4-cc30-48d4-b856-21583b9c43c1,ACCEPTED,2025-03-31T01:53:00,2025-03-31T02:01:00,2025-03-31T02:01:00,,2025-03-31T01:53:00
4d2cdd36-da34-4282-8248-4f61ecea05dd,0f19634e-db32-47f3-bb12-97c73be5e73a,0f830c26-3d4f-4cf5-81cf-08041535d161,NO_RESPONSE,2025-03-31T01:53:00,,,,2025-03-31T01:53:00
7372ae54-38a3-413f-af59-245b26921afe,0f19634e-db32-47f3-bb12-97c73be5e73a,30c6a854-5681-4fda-b9bc-b5f82a1567dc,NO_RESPONSE,2025-03-31T01:56:00,,,,2025-03-31T01:56:00
64902366-1e5b-4bf8-9989-f582c9c09c1d,00d1337b-c86b-4d63-9e9b-7dced7ef706e,1693939d-11cb-4a60-bfb6-8f2fec00eb4f,ACCEPTED,2025-03-31T05:43:00,2025-03-31T05:53:00,2025-03-31T05:53:00,,2025-03-31T05:43:00
bb969274-cac7-4bb7-8163-da2161acebcc,00d1337b-c86b-4d63-9e9b-7dced7ef706e,83d13c8e-fd29-4343-bf35-4497b673a39d,COMPLETED,2025-03-31T05:43:00,2025-03-31T05:45:00,2025-03-31T05:45:00,2025-03-31T06:43:00,2025-03-31T05:43:00
889e0963-c9bd-4f76-ac4a-1b4d6abf3f0d,00d1337b-c86b-4d63-9e9b-7dced7ef706e,9af05ac7-06a8-49dd-abb8-7a4c2f508938,COMPLETED,2025-03-31T05:44:00,2025-03-31T05:56:00,2025-03-31T05:56:00,2025-03-31T08:44:00,2025-03-31T05:44:00
65714533-f2db-4cab-867d-33de82cdcfed,00d1337b-c86b-4d63-9e9b-7dced7ef706e,7724d47c-dcf0-4aba-a2e1-ec51d9d4eef2,ACCEPTED,2025-03-31T05:48:00,2025-03-31T05:57:00,2025-03-31T05:57:00,,2025-03-31T05:48:00
d6d25396-0f4c-44d7-a2c2-a7ccfaf2eb77,00d1337b-c86b-4d63-9e9b-7dced7ef706e,2c3db408-b5ed-488b-889b-94d27474e75e,COMPLETED,2025-03-31T05:51:00,2025-03-31T06:01:00,2025-03-31T06:01:00,2025-03-31T08:51:00,2025-03-31T05:51:00
6a1816df-6ef2-4f27-b89a-a198ff42cec2,c33e2437-ecb1-4b39-a15d-2ed0307ed332,ac84e25a-f305-4698-9545-957806397804,ACCEPTED,2025-03-31T16:26:00,2025-03-31T16:40:00,2025-03-31T16:40:00,,2025-03-31T16:26:00
78bb2451-1a6a-47af-9416-6ac6f81b1af7,c33e2437-ecb1-4b39-a15d-2ed0307ed332,415a8ed8-6bf8-47ec-9265-7eacc19a825f,ACCEPTED,2025-03-31T16:35:00,2025-03-31T16:45:00,2025-03-31T16:45:00,,2025-03-31T16:35:00
f89711a9-ff66-4de0-a332-a0ce8a627816,c33e2437-ecb1-4b39-a15d-2ed0307ed332,f609cf6c-d0e4-48e5-9d6b-2cb379d2f51c,ACCEPTED,2025-03-31T16:35:00,2025-03-31T16:37:00,2025-03-31T16:37:00,,2025-03-31T16:35:00
9cb9de86-01e4-48cd-bd02-203a5e69a712,96ec77ec-1872-4049-b2a4-9d8d87de85ee,c436515f-d954-43ab-83ea-71d7b85b1ab2,ACCEPTED,2025-03-31T20:07:00,2025-03-31T20:22:00,2025-03-31T20:22:00,,2025-03-31T20:07:00
bcaec076-cebe-456a-8c2b-6f27e6db7dac,96ec77ec-1872-4049-b2a4-9d8d87de85ee,543b149c-d59c-49f5-bb4f-e6ac6bd72dd3,COMPLETED,2025-03-31T20:08:00,2025-03-31T20:15:00,2025-03-31T20:15:00,2025-03-31T23:08:00,2025-03-31T20:08:00
65c5dff6-74e3-4c8d-9c51-48722fd45be3,96ec77ec-1872-4049-b2a4-9d8d87de85ee,0f830c26-3d4f-4cf5-81cf-08041535d161,ACCEPTED,2025-03-31T20:15:00,2025-03-31T20:24:00,2025-03-31T20:24:00,,2025-03-31T20:15:00
563ba4e5-b6b7-4d94-9217-7f0577119c02,96ec77ec-1872-4049-b2a4-9d8d87de85ee,9f966f0d-58e3-4b25-ab78-8fe097b30675,MISSED,2025-03-31T20:15:00,,,,2025-03-31T20:15:00
4583a549-bf5b-433c-a60f-1b65bd8a05f5,96ec77ec-1872-4049-b2a4-9d8d87de85ee,02e664d4-0b6a-4921-9a18-18529c0b46fb,ACCEPTED,2025-03-31T20:15:00,2025-03-31T20:23:00,2025-03-31T20:23:00,,2025-03-31T20:15:00
6d0761b4-c701-4c30-97ff-1249f52d8275,96ec77ec-1872-4049-b2a4-9d8d87de85ee,6c25e2ff-8bc0-4abc-a978-052ba5e4650a,COMPLETED,2025-03-31T20:16:00,2025-03-31T20:27:00,2025-03-31T20:27:00,2025-03-31T21:16:00,2025-03-31T20:16:00
228360e9-6aa2-4bfc-96ba-99e0240342e6,5e91b961-d410-470f-b7be-7a35cbbcb991,c57abeef-b6d8-4cf7-ae50-3774b55c6768,EXPIRED,2025-03-31T22:48:00,,,,2025-03-31T22:48:00
9581495c-7e5a-426d-99a4-bfe76f587960,5e91b961-d410-470f-b7be-7a35cbbcb991,ed05badd-17a9-4ad2-99b1-3e60e0cb321e,COMPLETED,2025-03-31T22:49:00,2025-03-31T22:53:00,2025-03-31T22:53:00,2025-04-01T00:49:00,2025-03-31T22:49:00
cf705891-8465-40bc-8508-c1692ea188ff,5e91b961-d410-470f-b7be-7a35cbbcb991,4f49c613-b4ef-4840-9fd7-f80f9f0d844d,ACCEPTED,2025-03-31T22:51:00,2025-03-31T22:59:00,2025-03-31T22:59:00,,2025-03-31T22:51:00
404302e9-b08d-4cc7-a852-18bcf1561fc0,5e91b961-d410-470f-b7be-7a35cbbcb991,6c841b96-0d6c-4d4f-a647-602aca520949,ACCEPTED,2025-03-31T22:54:00,2025-03-31T23:08:00,2025-03-31T23:08:00,,2025-03-31T22:54:00
ab864988-380f-480c-b247-a4c94dcf6588,15c59221-72b0-4ed8-9c5b-016092571af1,35a960a1-e1aa-45db-8043-5650f7e73b8c,COMPLETED,2025-04-01T03:47:00,2025-04-01T03:55:00,2025-04-01T03:55:00,2025-04-01T06:47:00,2025-04-01T03:47:00
58ac0811-c061-4ce3-b058-f23a9b38d3dd,15c59221-72b0-4ed8-9c5b-016092571af1,bfe8f73a-9210-4c1c-b628-3cea7b8977ae,ACCEPTED,2025-04-01T03:49:00,2025-04-01T03:55:00,2025-04-01T03:55:00,,2025-04-01T03:49:00
17ab3c4e-78ac-48e1-a08d-93fad02c27a6,15c59221-72b0-4ed8-9c5b-016092571af1,cf15cd3c-d017-49b8-af4a-bd4471976dd4,ACCEPTED,2025-04-01T03:54:00,2025-04-01T03:56:00,2025-04-01T03:56:00,,2025-04-01T03:54:00
410af517-daf2-4312-acd3-813fccd222dd,b8846cf1-6b97-4b6d-b41f-9bb9adcdcabf,12fc0202-67a8-417a-a936-b348c6432014,ACCEPTED,2025-04-01T08:29:00,2025-04-01T08:43:00,2025-04-01T08:43:00,,2025-04-01T08:29:00
7477a906-53a1-4e5c-95c8-68e797d24110,b8846cf1-6b97-4b6d-b41f-9bb9adcdcabf,f6556829-5e66-4e5a-aff5-3233c86566a8,NO_RESPONSE,2025-04-01T08:29:00,,,,2025-04-01T08:29:00
c2335f0b-6423-4d3a-8e78-4b0bc8402929,b8846cf1-6b97-4b6d-b41f-9bb9adcdcabf,75455c5a-fc28-4e12-ab1d-c5bf91975e07,NO_RESPONSE,2025-04-01T08:31:00,,,,2025-04-01T08:31:00
93655e1f-644a-4293-b6bf-5a4768c33504,b8846cf1-6b97-4b6d-b41f-9bb9adcdcabf,40c6fe05-f02d-4157-ba15-09913e067c14,ACCEPTED,2025-04-01T08:33:00,2025-04-01T08:37:00,2025-04-01T08:37:00,,2025-04-01T08:33:00
656a3902-c0a7-4682-a1da-c6f937158502,b8846cf1-6b97-4b6d-b41f-9bb9adcdcabf,2ef47c0b-e8fe-448b-93ff-36c85588d2fd,ACCEPTED,2025-04-01T08:34:00,2025-04-01T08:46:00,2025-04-01T08:46:00,,2025-04-01T08:34:00
cb3821fd-e260-4280-b725-c5452822b07e,3bfb5876-3931-4417-8f40-0896cc586fa6,5ed79810-0c9b-4377-870c-58916ee465a7,NO_RESPONSE,2025-04-01T12:15:00,,,,2025-04-01T12:15:00
a6622daa-dd7f-4ac8-b0b4-8a2be8ac6e5d,3bfb5876-3931-4417-8f40-0896cc586fa6,e407e92f-fbeb-4577-975a-db39c26f5872,ACCEPTED,2025-04-01T12:19:00,2025-04-01T12:29:00,2025-04-01T12:29:00,,2025-04-01T12:19:00
7819dceb-6469-49c8-8e54-321f91993ad1,3bfb5876-3931-4417-8f40-0896cc586fa6,4adfcc20-75f4-424d-8645-1ab7b11ade80,NO_RESPONSE,2025-04-01T12:22:00,,,,2025-04-01T12:22:00
2fd6d6aa-98ba-4fe4-a970-a150c671d4b9,58de0642-5629-4649-b79d-66f2de2fb2fe,1ee3aa44-6749-4c32-9bfe-c3306275fe48,ACCEPTED,2025-04-01T14:29:00,2025-04-01T14:37:00,2025-04-01T14:37:00,,2025-04-01T14:29:00
8d8bfe8b-a5ed-49bd-9dbc-7d91c0974f15,58de0642-5629-4649-b79d-66f2de2fb2fe,5e1e8005-4458-440a-9d56-64d0e7c3e96b,ACCEPTED,2025-04-01T14:30:00,2025-04-01T14:31:00,2025-04-01T14:31:00,,2025-04-01T14:30:00
7206f1bb-0f5f-4512-b848-05c041686144,58de0642-5629-4649-b79d-66f2de2fb2fe,2fc6a399-7cab-4c0f-b2eb-9ae8bc2e8ef3,COMPLETED,2025-04-01T14:31:00,2025-04-01T14:39:00,2025-04-01T14:39:00,2025-04-01T15:31:00,2025-04-01T14:31:00
782712a3-a7b2-46cc-9104-7e5ffd5d8e05,58de0642-5629-4649-b79d-66f2de2fb2fe,8d54dd37-108d-4ec9-87e8-552d73629a00,DECLINED,2025-04-01T14:35:00,2025-04-01T14:40:00,,,2025-04-01T14:35:00
9e0e097e-ed08-4e18-a669-1b5d3979625a,095fe520-c9fa-4f46-9e92-e8ab5db39bd9,0a75681e-3c8c-4c6e-aee4-3ed6e64484f2,COMPLETED,2025-04-01T14:36:00,2025-04-01T14:48:00,2025-04-01T14:48:00,2025-04-01T15:36:00,2025-04-01T14:36:00
cd526503-cd6c-4c26-ae98-a31a79798cb9,58de0642-5629-4649-b79d-66f2de2fb2fe,2d67b8f1-6839-41a5-a4f9-ed87959a5394,ACCEPTED,2025-04-01T14:37:00,2025-04-01T14:45:00,2025-04-01T14:45:00,,2025-04-01T14:37:00
68d317ce-eb2f-4266-ac37-1060d648ebca,095fe520-c9fa-4f46-9e92-e8ab5db39bd9,ed732f11-698a-40e6-8fab-9a1b078261d2,ACCEPTED,2025-04-01T14:44:00,2025-04-01T14:50:00,2025-04-01T14:50:00,,2025-04-01T14:44:00
7d3354b7-52fc-4134-9c53-2b7232644bc0,095fe520-c9fa-4f46-9e92-e8ab5db39bd9,8149a5a0-b1e9-4bb0-a980-b7f5bdcb02a4,ACCEPTED,2025-04-01T14:46:00,2025-04-01T14:51:00,2025-04-01T14:51:00,,2025-04-01T14:46:00
6606bb8b-4a81-4a01-b68e-4fbc6b354103,095fe520-c9fa-4f46-9e92-e8ab5db39bd9,664b1167-88df-4fdd-afcb-3e9296fb4ad6,COMPLETED,2025-04-01T14:46:00,2025-04-01T14:50:00,2025-04-01T14:50:00,2025-04-01T16:46:00,2025-04-01T14:46:00
ed36b043-a83b-4875-83be-591ed641af80,59855e70-ab53-4974-8a92-2777cdc7e1c4,8e7b58d3-fd28-4f41-ad6d-99b81fe9d484,ACCEPTED,2025-04-01T15:31:00,2025-04-01T15:41:00,2025-04-01T15:41:00,,2025-04-01T15:31:00
58b459f6-5bd6-4f97-aba2-3b1f48d8e24f,59855e70-ab53-4974-8a92-2777cdc7e1c4,f7f1655c-f8c2-4296-91c4-9f8f570ad765,ACCEPTED,2025-04-01T15:34:00,2025-04-01T15:36:00,2025-04-01T15:36:00,,2025-04-01T15:34:00
61d3192f-cc50-4e07-9d30-d6b8dc123c7d,59855e70-ab53-4974-8a92-2777cdc7e1c4,6b1ba131-fea8-4018-9f7b-bb75d5846414,NO_RESPONSE,2025-04-01T15:36:00,,,,2025-04-01T15:36:00
2b116cc3-9673-451a-92cb-5e4a723a0c12,59855e70-ab53-4974-8a92-2777cdc7e1c4,03eeb252-1e41-4f67-91f0-687b64393568,COMPLETED,2025-04-01T15:37:00,2025-04-01T15:38:00,2025-04-01T15:38:00,2025-04-01T16:37:00,2025-04-01T15:37:00
526c9f80-c4e2-4fdb-b324-ccd5ec76a26f,59855e70-ab53-4974-8a92-2777cdc7e1c4,ca2995db-95cb-4226-8f04-6f57902f8cf4,ACCEPTED,2025-04-01T15:38:00,2025-04-01T15:46:00,2025-04-01T15:46:00,,2025-04-01T15:38:00
f78de664-1664-4574-bf26-ce9c4e22a98d,972ae492-8bc9-47c1-b1f6-8f1a45003649,b34b9ff4-c6a5-4e42-9619-75d5b29e68d4,COMPLETED,2025-04-02T01:08:00,2025-04-02T01:18:00,2025-04-02T01:18:00,2025-04-02T02:08:00,2025-04-02T01:08:00
0fe75aed-c518-435c-a379-f73393ae00d0,972ae492-8bc9-47c1-b1f6-8f1a45003649,a77bcc83-4a3d-492d-bcd8-592aba88fc9d,MISSED,2025-04-02T01:16:00,,,,2025-04-02T01:16:00
03636082-7cd4-4a5f-9c5b-4a6d3f3cd408,e40fa24b-189d-47e0-a751-95b63b440a6c,8a40fb38-7cf4-468d-954f-bebd5270f111,COMPLETED,2025-04-02T07:49:00,2025-04-02T07:57:00,2025-04-02T07:57:00,2025-04-02T10:49:00,2025-04-02T07:49:00
7cf34c2b-c0b2-4299-b126-e5914fd09360,e40fa24b-189d-47e0-a751-95b63b440a6c,f44d8cd1-1833-4e30-b14f-417870b4502a,NO_RESPONSE,2025-04-02T07:52:00,,,,2025-04-02T07:52:00
d5653307-b796-46f9-972e-075eb38fb494,e40fa24b-189d-47e0-a751-95b63b440a6c,f09d1541-147b-4b19-b485-f9ad246bf702,ACCEPTED,2025-04-02T07:53:00,2025-04-02T08:07:00,2025-04-02T08:07:00,,2025-04-02T07:53:00
efb2c3f8-11e6-41fe-a84e-bdb19a42aa42,e40fa24b-189d-47e0-a751-95b63b440a6c,7df3d0f3-a755-40a4-a102-6e1158275be1,NO_RESPONSE,2025-04-02T07:56:00,,,,2025-04-02T07:56:00
87730fd6-cc11-4806-8eb7-6be6c1bb2fb9,e40fa24b-189d-47e0-a751-95b63b440a6c,c16201b1-943e-4c96-8b98-654faa1c4f67,EXPIRED,2025-04-02T07:57:00,,,,2025-04-02T07:57:00
8c0841d9-cf72-4757-8f52-0287f061b7e6,e40fa24b-189d-47e0-a751-95b63b440a6c,9ad5103d-928f-448b-903a-76f5be1dfa37,NO_RESPONSE,2025-04-02T07:58:00,,,,2025-04-02T07:58:00
0b5fb3ff-e038-4b7d-ba26-00b6b7f5c1b4,956917ff-a7c3-458f-9502-a3b3e2cc8b3d,b0102217-6663-410d-8e4b-e802cddf4baa,ACCEPTED,2025-04-02T10:56:00,2025-04-02T11:01:00,2025-04-02T11:01:00,,2025-04-02T10:56:00
c55e5cd0-c7c8-4787-807e-9d29a9df309c,956917ff-a7c3-458f-9502-a3b3e2cc8b3d,03eeb252-1e41-4f67-91f0-687b64393568,COMPLETED,2025-04-02T10:56:00,2025-04-02T11:08:00,2025-04-02T11:08:00,2025-04-02T13:56:00,2025-04-02T10:56:00
436e3bc6-2752-40d2-b9e9-66a88fdfcf87,956917ff-a7c3-458f-9502-a3b3e2cc8b3d,6c5114ec-b8e2-4c74-8e20-93ded422c3b1,ACCEPTED,2025-04-02T10:57:00,2025-04-02T11:00:00,2025-04-02T11:00:00,,2025-04-02T10:57:00
5150fe6b-8b41-47c4-9ce9-8a584cb7236c,956917ff-a7c3-458f-9502-a3b3e2cc8b3d,439e88c8-d95f-4954-bd8f-aec912f08cc1,ACCEPTED,2025-04-02T11:01:00,2025-04-02T11:06:00,2025-04-02T11:06:00,,2025-04-02T11:01:00
b67f98e0-049a-4c49-899d-6df8cb19e01d,01db2a17-b930-470f-abc4-457b5c29c09a,4076050c-ef30-4ae6-9a40-cdcec3cb6dd8,ACCEPTED,2025-04-02T14:13:00,2025-04-02T14:16:00,2025-04-02T14:16:00,,2025-04-02T14:13:00
252f9e1b-4dd4-49bb-84cf-81682c5c89fe,01db2a17-b930-470f-abc4-457b5c29c09a,11955be9-03b2-4274-9002-7a2a5ae499a8,DECLINED,2025-04-02T14:18:00,2025-04-02T14:30:00,,,2025-04-02T14:18:00
9d77aa17-18cf-4171-b349-913f15f14b37,20c7294a-b68c-48b9-8bba-5490c0ae12ae,8ffc4077-593e-43ff-990a-16a84fd422b4,ACCEPTED,2025-04-02T17:54:00,2025-04-02T18:06:00,2025-04-02T18:06:00,,2025-04-02T17:54:00
e8f17d47-75d8-40ba-b1a2-6bd57c85038f,20c7294a-b68c-48b9-8bba-5490c0ae12ae,1ee3aa44-6749-4c32-9bfe-c3306275fe48,ACCEPTED,2025-04-02T17:54:00,2025-04-02T17:57:00,2025-04-02T17:57:00,,2025-04-02T17:54:00
7f48daff-d39e-4662-a3d8-87b645971895,20c7294a-b68c-48b9-8bba-5490c0ae12ae,c0eaa600-b15c-463a-b278-86b3ca57fd5c,COMPLETED,2025-04-02T18:01:00,2025-04-02T18:13:00,2025-04-02T18:13:00,2025-04-02T19:01:00,2025-04-02T18:01:00
cd5628c1-be47-420b-bf0f-daa4dcb83c59,20c7294a-b68c-48b9-8bba-5490c0ae12ae,2c3259d5-3a5a-4a64-be43-cedbc92ce0dc,DECLINED,2025-04-02T18:01:00,2025-04-02T18:08:00,,,2025-04-02T18:01:00
88394118-9895-4e2d-8ec2-5eae3df75d18,20c7294a-b68c-48b9-8bba-5490c0ae12ae,9f966f0d-58e3-4b25-ab78-8fe097b30675,ACCEPTED,2025-04-02T18:04:00,2025-04-02T18:13:00,2025-04-02T18:13:00,,2025-04-02T18:04:00
2ecfb943-3bce-49ca-8112-820ce99f5661,20c7294a-b68c-48b9-8bba-5490c0ae12ae,c436515f-d954-43ab-83ea-71d7b85b1ab2,ACCEPTED,2025-04-02T18:05:00,2025-04-02T18:08:00,2025-04-02T18:08:00,,2025-04-02T18:05:00
9e67a4d0-e12a-4f42-8eee-9c4c9fc604a5,165f7423-7e4a-45b7-8314-658aa236ccb5,ab824e7b-6c52-415c-9b45-3252ae8f2969,COMPLETED,2025-04-02T21:46:00,2025-04-02T21:47:00,2025-04-02T21:47:00,2025-04-02T22:46:00,2025-04-02T21:46:00
cff1d0a8-e594-4184-a96c-d774fb776292,165f7423-7e4a-45b7-8314-658aa236ccb5,7df3d0f3-a755-40a4-a102-6e1158275be1,ACCEPTED,2025-04-02T21:51:00,2025-04-02T22:05:00,2025-04-02T22:05:00,,2025-04-02T21:51:00
5fea6c07-e42b-4b36-83e3-16fe88905b50,ff5abf1a-6a17-499e-8019-85ffaf56045f,8472b4dc-b0f7-4b8e-aeb1-10bfb842eb2f,ACCEPTED,2025-04-02T22:19:00,2025-04-02T22:31:00,2025-04-02T22:31:00,,2025-04-02T22:19:00
277b3acf-cb63-4695-9010-b2e606ef16cb,ff5abf1a-6a17-499e-8019-85ffaf56045f,4ac85ad1-81f9-4db3-a7c9-2bd4d3df0e31,NO_RESPONSE,2025-04-02T22:20:00,,,,2025-04-02T22:20:00
50726006-e986-4efd-bcaa-fead81ab0391,ff5abf1a-6a17-499e-8019-85ffaf56045f,cd532bc0-2367-446e-8e57-68c7cd6101f6,COMPLETED,2025-04-02T22:21:00,2025-04-02T22:25:00,2025-04-02T22:25:00,2025-04-03T00:21:00,2025-04-02T22:21:00
7c4c775f-2566-4f11-84ec-e03be0fb1bc9,ff5abf1a-6a17-499e-8019-85ffaf56045f,78548b9a-a9e8-46f5-9d4b-45f2377b352b,NO_RESPONSE,2025-04-02T22:24:00,,,,2025-04-02T22:24:00
348c6755-a0d7-4949-a105-3d30b622c205,ff5abf1a-6a17-499e-8019-85ffaf56045f,6020fc90-bb4f-4cf6-939b-6d7429d5d3a1,ACCEPTED,2025-04-02T22:28:00,2025-04-02T22:33:00,2025-04-02T22:33:00,,2025-04-02T22:28:00
48d28060-8d6f-4b30-bed0-c998b4a0e545,ff5abf1a-6a17-499e-8019-85ffaf56045f,4be00de0-ff5a-454f-aca8-e915814cf135,COMPLETED,2025-04-02T22:30:00,2025-04-02T22:34:00,2025-04-02T22:34:00,2025-04-02T23:30:00,2025-04-02T22:30:00
8921abac-82bb-4b20-9145-909ca933cabf,09e1bf4b-3457-4038-bb92-b71dcbff7cf5,1fac9453-e829-479d-ae5f-008babfc456d,NO_RESPONSE,2025-04-03T01:05:00,,,,2025-04-03T01:05:00
bd7951cd-c9ce-4571-978d-f49c8e1a505a,09e1bf4b-3457-4038-bb92-b71dcbff7cf5,dd3c9c80-9a9d-4efd-a8fc-06ac9e8600c4,ACCEPTED,2025-04-03T01:07:00,2025-04-03T01:19:00,2025-04-03T01:19:00,,2025-04-03T01:07:00
4e024227-47c8-4f68-a6e2-b239f9add0a3,09e1bf4b-3457-4038-bb92-b71dcbff7cf5,90226cb0-70e6-4d51-8a71-165165d84910,ACCEPTED,2025-04-03T01:07:00,2025-04-03T01:08:00,2025-04-03T01:08:00,,2025-04-03T01:07:00
2fb2128a-50fb-4c32-8d47-f42e3733bb3b,09e1bf4b-3457-4038-bb92-b71dcbff7cf5,cde8f468-ab23-43e9-8462-c07f508baa7f,ACCEPTED,2025-04-03T01:14:00,2025-04-03T01:27:00,2025-04-03T01:27:00,,2025-04-03T01:14:00
48e4003e-033a-4d0f-bb83-fdbcfa2f7ca2,09e1bf4b-3457-4038-bb92-b71dcbff7cf5,2361c7a1-b851-4b64-97aa-0cf019d4b69d,COMPLETED,2025-04-03T01:14:00,2025-04-03T01:29:00,2025-04-03T01:29:00,2025-04-03T02:14:00,2025-04-03T01:14:00
ad052153-dfae-4bd3-b1c9-7bad7db0d6f8,09e1bf4b-3457-4038-bb92-b71dcbff7cf5,c2d25642-919c-4075-a54a-aedcf9642a56,DECLINED,2025-04-03T01:17:00,2025-04-03T01:35:00,,,2025-04-03T01:17:00
549e55ba-e797-4f81-b5cd-2410a9d92835,89574986-5cc7-4cd7-a4af-5c17b46628f2,a0b1bd76-723b-4abd-bf35-77c31a4185e5,NO_RESPONSE,2025-04-03T01:58:00,,,,2025-04-03T01:58:00
789cb3b0-6e34-47ea-9cb2-325297ea6458,89574986-5cc7-4cd7-a4af-5c17b46628f2,8aadad3e-4591-4c88-a738-78b84530fbda,EXPIRED,2025-04-03T02:00:00,,,,2025-04-03T02:00:00
4b013985-5752-4f1c-a63b-c0067571ab6f,89574986-5cc7-4cd7-a4af-5c17b46628f2,f53bf753-a0a3-4d28-99f6-434168f98cb2,ACCEPTED,2025-04-03T02:02:00,2025-04-03T02:16:00,2025-04-03T02:16:00,,2025-04-03T02:02:00
37d7c7a9-45be-4944-bdcb-78a03f20b43a,89574986-5cc7-4cd7-a4af-5c17b46628f2,1f112d30-78c2-428c-a403-aea38638cdce,DECLINED,2025-04-03T02:05:00,2025-04-03T02:11:00,,,2025-04-03T02:05:00
c3137ba8-ee39-4983-876f-a46debb560ed,89574986-5cc7-4cd7-a4af-5c17b46628f2,553294c5-4565-4d5a-a069-6e8126905be4,ACCEPTED,2025-04-03T02:06:00,2025-04-03T02:20:00,2025-04-03T02:20:00,,2025-04-03T02:06:00
0b34e2bd-6049-433e-a9e9-a673f010e3df,89574986-5cc7-4cd7-a4af-5c17b46628f2,f63c50b9-9712-4146-b62f-580951ca12c3,ACCEPTED,2025-04-03T02:10:00,2025-04-03T02:15:00,2025-04-03T02:15:00,,2025-04-03T02:10:00
4cbfb5c8-af28-4614-9bb7-df1dddf30edd,44125d8e-38b6-4f4c-93cb-c1a43d45fa1e,c9dc82a9-929e-4f50-b5b7-c81e47b0668c,NO_RESPONSE,2025-04-03T02:15:00,,,,2025-04-03T02:15:00
8bd6fbc4-98f7-496b-ac71-58a9cf1b6905,44125d8e-38b6-4f4c-93cb-c1a43d45fa1e,54644cdc-6eb6-4ce1-ace4-1ba0ab1ae36a,ACCEPTED,2025-04-03T02:18:00,2025-04-03T02:28:00,2025-04-03T02:28:00,,2025-04-03T02:18:00
61f0cd77-2b59-4c12-b945-75336502068c,56bda962-490d-4f51-88cb-534a93e95839,54644cdc-6eb6-4ce1-ace4-1ba0ab1ae36a,COMPLETED,2025-04-03T03:34:00,2025-04-03T03:39:00,2025-04-03T03:39:00,2025-04-03T05:34:00,2025-04-03T03:34:00
1daa0533-4fb8-45d2-8b90-962cdeeea27e,56bda962-490d-4f51-88cb-534a93e95839,1f6fb1c2-eed4-453e-843e-8dcf8faefb39,MISSED,2025-04-03T03:35:00,,,,2025-04-03T03:35:00
0f64a10d-9edd-4529-be19-62202800edc9,56bda962-490d-4f51-88cb-534a93e95839,b452a2de-4232-41a0-814e-2651c197f192,MISSED,2025-04-03T03:40:00,,,,2025-04-03T03:40:00
0df0ebcd-ba50-4636-b016-d8c29f86ae13,56bda962-490d-4f51-88cb-534a93e95839,15e8b88b-3071-48e6-b989-88d3d4c35e68,DECLINED,2025-04-03T03:41:00,2025-04-03T04:00:00,,,2025-04-03T03:41:00
ccb400f1-d9b5-49c7-9bd9-c9a8515a0184,56bda962-490d-4f51-88cb-534a93e95839,d239a4ec-9007-41bc-a9af-3ceae895f0c0,NO_RESPONSE,2025-04-03T03:42:00,,,,2025-04-03T03:42:00
136faa5c-713c-4f17-9730-fe8d6ae0cef6,56bda962-490d-4f51-88cb-534a93e95839,4be00de0-ff5a-454f-aca8-e915814cf135,ACCEPTED,2025-04-03T03:42:00,2025-04-03T03:47:00,2025-04-03T03:47:00,,2025-04-03T03:42:00
e681c0ea-5853-41cd-8db5-3678e6ef8ff6,6318977e-66e5-4831-a55d-fd5a93f0e5ad,6020fc90-bb4f-4cf6-939b-6d7429d5d3a1,NO_RESPONSE,2025-04-03T17:27:00,,,,2025-04-03T17:27:00
32b7d96f-7d1d-4594-9f18-17db27ecb044,6318977e-66e5-4831-a55d-fd5a93f0e5ad,628e4e35-5853-4d59-b32f-4056b7e3e27b,ACCEPTED,2025-04-03T17:28:00,2025-04-03T17:39:00,2025-04-03T17:39:00,,2025-04-03T17:28:00
736d2ab6-b739-4f93-8558-8198cfe866bc,6318977e-66e5-4831-a55d-fd5a93f0e5ad,415a8ed8-6bf8-47ec-9265-7eacc19a825f,ACCEPTED,2025-04-03T17:32:00,2025-04-03T17:45:00,2025-04-03T17:45:00,,2025-04-03T17:32:00
b726c36f-e7d5-40ca-9c24-bc97a4af634c,6318977e-66e5-4831-a55d-fd5a93f0e5ad,c9dc82a9-929e-4f50-b5b7-c81e47b0668c,NO_RESPONSE,2025-04-03T17:32:00,,,,2025-04-03T17:32:00
28a533cf-77a6-42ef-a347-862ad48b25d7,b7c425aa-d41d-4757-a5f0-b80d2e2b79b1,979b5d05-d629-42eb-925c-ca3d093ceaca,NO_RESPONSE,2025-04-03T17:36:00,,,,2025-04-03T17:36:00
e0a8a018-1ae4-4ed2-aa96-b3417c278893,6318977e-66e5-4831-a55d-fd5a93f0e5ad,4dbf9849-ac53-4f89-9962-e94bf0dccfbc,ACCEPTED,2025-04-03T17:37:00,2025-04-03T17:45:00,2025-04-03T17:45:00,,2025-04-03T17:37:00
71bb6207-a6aa-4a5e-af61-20ce6611620f,6318977e-66e5-4831-a55d-fd5a93f0e5ad,01980ae7-4a49-4fe8-b3d2-6850ed621b41,COMPLETED,2025-04-03T17:38:00,2025-04-03T17:48:00,2025-04-03T17:48:00,2025-04-03T20:38:00,2025-04-03T17:38:00
abcd1154-a950-439c-8b02-75887a25bdb7,b7c425aa-d41d-4757-a5f0-b80d2e2b79b1,c4fe67ef-e054-4697-9543-263f3f2dd3c7,MISSED,2025-04-03T17:39:00,,,,2025-04-03T17:39:00
eb79ac05-acd1-4283-97df-e42d92945443,b7c425aa-d41d-4757-a5f0-b80d2e2b79b1,1191fc52-63be-4740-bba1-06592a0f8eb5,ACCEPTED,2025-04-03T17:40:00,2025-04-03T17:50:00,2025-04-03T17:50:00,,2025-04-03T17:40:00
91ba5de8-bd8b-455b-bed0-75326a76d60b,b7c425aa-d41d-4757-a5f0-b80d2e2b79b1,bf16397a-e456-456e-98bd-2730736c43f3,ACCEPTED,2025-04-03T17:44:00,2025-04-03T17:57:00,2025-04-03T17:57:00,,2025-04-03T17:44:00
1de6721d-9c1e-4922-b095-b86d7c487362,05184673-71d4-4487-ab60-2e6ebdd9bf6c,29e49c87-bf5c-4e0a-844a-7ce3f4f2d13d,COMPLETED,2025-04-03T23:00:00,2025-04-03T23:13:00,2025-04-03T23:13:00,2025-04-04T00:00:00,2025-04-03T23:00:00
1b4cbf2b-e3db-40e5-90c2-74bfa40141a7,05184673-71d4-4487-ab60-2e6ebdd9bf6c,977055e7-58dc-4d79-b576-2feb17172418,NO_RESPONSE,2025-04-03T23:01:00,,,,2025-04-03T23:01:00
6d4f30a0-f7c3-46dc-b214-c910041372a9,05184673-71d4-4487-ab60-2e6ebdd9bf6c,f63c50b9-9712-4146-b62f-580951ca12c3,NO_RESPONSE,2025-04-03T23:03:00,,,,2025-04-03T23:03:00
20f37492-9171-4e9e-a2b1-d6e550168233,05184673-71d4-4487-ab60-2e6ebdd9bf6c,e154750f-17df-43f5-8c04-401ee73830f6,ACCEPTED,2025-04-03T23:06:00,2025-04-03T23:10:00,2025-04-03T23:10:00,,2025-04-03T23:06:00
ccefac8c-5b02-444c-906c-083f92ab7945,05184673-71d4-4487-ab60-2e6ebdd9bf6c,4d0e1b54-5e79-4df5-b9bd-bd996b9c9642,COMPLETED,2025-04-03T23:10:00,2025-04-03T23:17:00,2025-04-03T23:17:00,2025-04-04T00:10:00,2025-04-03T23:10:00
c723812b-2ec7-4351-9af3-4d4e772c2ea2,05184673-71d4-4487-ab60-2e6ebdd9bf6c,5af7e665-37a6-4d00-a895-44a3a239f4cf,COMPLETED,2025-04-03T23:11:00,2025-04-03T23:25:00,2025-04-03T23:25:00,2025-04-04T00:11:00,2025-04-03T23:11:00
1faf7bb5-6280-410b-b0e4-346c51fcc923,1bed8e1b-7b26-479b-a578-a2f22e4536d3,2ca5443d-9c69-4b59-a783-d0c9ad1c7da7,COMPLETED,2025-04-04T02:21:00,2025-04-04T02:26:00,2025-04-04T02:26:00,2025-04-04T04:21:00,2025-04-04T02:21:00
30d6598d-0046-4e33-9d80-c3ee417f400e,1bed8e1b-7b26-479b-a578-a2f22e4536d3,927dc24f-3e95-4ab2-a387-73907d3af8e7,COMPLETED,2025-04-04T02:26:00,2025-04-04T02:41:00,2025-04-04T02:41:00,2025-04-04T03:26:00,2025-04-04T02:26:00
20153ff8-94b7-4197-aea7-f018c9fad50e,1bed8e1b-7b26-479b-a578-a2f22e4536d3,f6612e9b-17e3-4407-bad5-87d18f75c172,ACCEPTED,2025-04-04T02:26:00,2025-04-04T02:28:00,2025-04-04T02:28:00,,2025-04-04T02:26:00
cafba4e2-6fe8-4d80-99f2-4538220b978e,0182dd24-bb51-4654-95e4-a2bcaed237e2,6808b218-ad45-4d5a-8374-ac96bd2f9e51,MISSED,2025-04-04T02:27:00,,,,2025-04-04T02:27:00
eb188e4a-281b-44c5-9a44-8c7686648a0f,0182dd24-bb51-4654-95e4-a2bcaed237e2,cfca1fba-b8fd-43a2-8e84-7c868fae649d,ACCEPTED,2025-04-04T02:30:00,2025-04-04T02:36:00,2025-04-04T02:36:00,,2025-04-04T02:30:00
2d03e902-0e82-4f7c-a806-a1b62ba9544c,0182dd24-bb51-4654-95e4-a2bcaed237e2,2c3259d5-3a5a-4a64-be43-cedbc92ce0dc,EXPIRED,2025-04-04T02:30:00,,,,2025-04-04T02:30:00
d4b9b354-234d-4947-8e07-a686e35a2098,f1892c41-1794-4d4a-9e6b-25993f2a2824,eeafa879-969e-4fb1-b5cc-4bb4d3216e00,NO_RESPONSE,2025-04-04T04:24:00,,,,2025-04-04T04:24:00
7558b435-563c-4090-a3ed-265d9047e247,f1892c41-1794-4d4a-9e6b-25993f2a2824,cde8f468-ab23-43e9-8462-c07f508baa7f,DECLINED,2025-04-04T04:30:00,2025-04-04T04:36:00,,,2025-04-04T04:30:00
713107c0-6653-424e-a4e8-859ed6a334cd,f1892c41-1794-4d4a-9e6b-25993f2a2824,aa88c4dd-4d72-4fc4-81fb-864525abed74,MISSED,2025-04-04T04:31:00,,,,2025-04-04T04:31:00
fde563f5-4e44-4034-887e-d6666e8ffb6e,f1892c41-1794-4d4a-9e6b-25993f2a2824,3fbab77f-078b-48d4-ab31-908df43ab95e,ACCEPTED,2025-04-04T04:36:00,2025-04-04T04:51:00,2025-04-04T04:51:00,,2025-04-04T04:36:00
649d2642-fdd0-4f76-b046-1cc7589fb2d7,15d33d7e-3061-4967-b3e3-fb6e629352e8,c1c99edc-e331-448e-a7ab-7b7fcb4ae4e7,ACCEPTED,2025-04-04T04:53:00,2025-04-04T04:54:00,2025-04-04T04:54:00,,2025-04-04T04:53:00
ded75155-32b7-4162-badb-1fb14450b21b,15d33d7e-3061-4967-b3e3-fb6e629352e8,eb9471c8-ba19-42a2-94b9-9a533ce84d63,COMPLETED,2025-04-04T04:56:00,2025-04-04T05:11:00,2025-04-04T05:11:00,2025-04-04T07:56:00,2025-04-04T04:56:00
585da3ee-2a3a-4302-9b96-8fef3ce771f0,15d33d7e-3061-4967-b3e3-fb6e629352e8,ad32e776-9492-4189-a4eb-d73ed256a7ea,EXPIRED,2025-04-04T04:56:00,,,,2025-04-04T04:56:00
67ac7a00-1a77-42f1-8db7-bd985ecee6fb,15d33d7e-3061-4967-b3e3-fb6e629352e8,6b1ba131-fea8-4018-9f7b-bb75d5846414,ACCEPTED,2025-04-04T05:05:00,2025-04-04T05:08:00,2025-04-04T05:08:00,,2025-04-04T05:05:00
9e732140-dd2c-48e8-8c6d-15e6a828c801,56a9fa35-a130-49f4-9652-161fd8dfd297,9ad5103d-928f-448b-903a-76f5be1dfa37,COMPLETED,2025-04-04T14:47:00,2025-04-04T14:49:00,2025-04-04T14:49:00,2025-04-04T15:47:00,2025-04-04T14:47:00
1f585838-65ae-4259-b620-3f1449b8cba9,56a9fa35-a130-49f4-9652-161fd8dfd297,d869910e-02c0-4d29-a1fd-9bdef530d653,ACCEPTED,2025-04-04T14:49:00,2025-04-04T15:00:00,2025-04-04T15:00:00,,2025-04-04T14:49:00
6cf594c9-1117-4c4f-88a2-49564983a8de,56a9fa35-a130-49f4-9652-161fd8dfd297,c4ccc935-dd86-4d48-92ab-3e02bfbbdedd,ACCEPTED,2025-04-04T14:51:00,2025-04-04T15:06:00,2025-04-04T15:06:00,,2025-04-04T14:51:00
d05260f2-8622-49f7-89e1-fa65ecbe26f3,56a9fa35-a130-49f4-9652-161fd8dfd297,2ae377b5-178c-428d-8503-302dc4d6f806,COMPLETED,2025-04-04T14:55:00,2025-04-04T15:03:00,2025-04-04T15:03:00,2025-04-04T16:55:00,2025-04-04T14:55:00
fb4743d1-689d-475b-930e-5cce14788790,56a9fa35-a130-49f4-9652-161fd8dfd297,e116edc5-9b26-4e7c-88d9-765a7676524f,EXPIRED,2025-04-04T14:58:00,,,,2025-04-04T14:58:00
9695abe9-c327-431f-bf0e-9ba2cfc06455,56a9fa35-a130-49f4-9652-161fd8dfd297,0a75681e-3c8c-4c6e-aee4-3ed6e64484f2,EXPIRED,2025-04-04T14:59:00,,,,2025-04-04T14:59:00
8c9feb52-307c-4bfc-9aac-1fff1661e521,11aab4c0-2277-4234-826f-7ba26c577773,4be00de0-ff5a-454f-aca8-e915814cf135,COMPLETED,2025-04-04T20:23:00,2025-04-04T20:31:00,2025-04-04T20:31:00,2025-04-04T22:23:00,2025-04-04T20:23:00
039e81ff-ea9c-4396-ac3a-4ed28275fae7,11aab4c0-2277-4234-826f-7ba26c577773,96e372e4-86b2-4e68-b468-3cdf7686a490,DECLINED,2025-04-04T20:25:00,2025-04-04T20:44:00,,,2025-04-04T20:25:00
cc8a27be-584a-4b8e-a60c-f1a960e9a66a,11aab4c0-2277-4234-826f-7ba26c577773,2c1091c3-2c2e-4305-8524-f2651ddbea75,ACCEPTED,2025-04-04T20:28:00,2025-04-04T20:35:00,2025-04-04T20:35:00,,2025-04-04T20:28:00
835e6d2b-5829-40ed-bcb4-fe8522e4099b,11aab4c0-2277-4234-826f-7ba26c577773,d346ac11-9b08-4a8a-b887-845a17ae7266,ACCEPTED,2025-04-04T20:31:00,2025-04-04T20:39:00,2025-04-04T20:39:00,,2025-04-04T20:31:00
d668b65b-418d-45af-b7b2-6139d2ea5a75,53ae82b0-d9db-4ea9-8336-50951f4d8b1a,664b1167-88df-4fdd-afcb-3e9296fb4ad6,ACCEPTED,2025-04-04T22:26:00,2025-04-04T22:32:00,2025-04-04T22:32:00,,2025-04-04T22:26:00
88800e42-7fe2-4164-bae1-e49e8c162de1,53ae82b0-d9db-4ea9-8336-50951f4d8b1a,29863a10-f78d-4e41-9aa9-3e446b4fe73f,NO_RESPONSE,2025-04-04T22:28:00,,,,2025-04-04T22:28:00
386f41b0-0f78-4e75-9ff4-83a52153d964,53ae82b0-d9db-4ea9-8336-50951f4d8b1a,2361c7a1-b851-4b64-97aa-0cf019d4b69d,ACCEPTED,2025-04-04T22:31:00,2025-04-04T22:42:00,2025-04-04T22:42:00,,2025-04-04T22:31:00
8e6e11e1-3576-43cb-9a25-e01042f268bf,53ae82b0-d9db-4ea9-8336-50951f4d8b1a,86adaeeb-d381-4c0f-87c8-ba59ce1cad28,COMPLETED,2025-04-04T22:32:00,2025-04-04T22:37:00,2025-04-04T22:37:00,2025-04-05T01:32:00,2025-04-04T22:32:00
678887b0-a076-4df6-a06e-f9acef407e7b,53ae82b0-d9db-4ea9-8336-50951f4d8b1a,54d5caa7-5a58-4175-a139-ece2d4e285d1,MISSED,2025-04-04T22:33:00,,,,2025-04-04T22:33:00
e0860d36-6336-4c6c-b1d9-e7ecfd58b3b0,53ae82b0-d9db-4ea9-8336-50951f4d8b1a,e407e92f-fbeb-4577-975a-db39c26f5872,ACCEPTED,2025-04-04T22:36:00,2025-04-04T22:50:00,2025-04-04T22:50:00,,2025-04-04T22:36:00
ed042017-37bd-415e-84c4-063b5ac8b202,555f4547-cf78-4aeb-9a12-1d95f7470378,273ddb7f-7af3-44a5-b945-f6705e9f338f,DECLINED,2025-04-05T00:20:00,2025-04-05T00:24:00,,,2025-04-05T00:20:00
73e58c67-f2cd-489e-9f55-20f44ea065c9,555f4547-cf78-4aeb-9a12-1d95f7470378,c0eaa600-b15c-463a-b278-86b3ca57fd5c,DECLINED,2025-04-05T00:21:00,2025-04-05T00:34:00,,,2025-04-05T00:21:00
209d3370-f0f6-40a8-965f-d39ef0e38695,555f4547-cf78-4aeb-9a12-1d95f7470378,1f639402-8dc8-4776-97e8-d35510b12cd1,NO_RESPONSE,2025-04-05T00:22:00,,,,2025-04-05T00:22:00
2126e327-3ec2-4700-ae52-4335bf372e7e,555f4547-cf78-4aeb-9a12-1d95f7470378,ba654c1d-96a2-4ce2-96bf-a37bb05c6b58,MISSED,2025-04-05T00:29:00,,,,2025-04-05T00:29:00
a7df344a-ec90-4625-af3f-5e1859ddbe6b,555f4547-cf78-4aeb-9a12-1d95f7470378,1fac9453-e829-479d-ae5f-008babfc456d,MISSED,2025-04-05T00:32:00,,,,2025-04-05T00:32:00
c0333f3c-1ded-4f3b-9986-fc9b7eb2d729,81c3da92-3262-49e1-8141-9f6f6dc6cc08,126fbc28-6b03-407e-b020-19175754625a,COMPLETED,2025-04-05T01:14:00,2025-04-05T01:16:00,2025-04-05T01:16:00,2025-04-05T02:14:00,2025-04-05T01:14:00
d84febe9-c884-4e0a-ac4c-2000f76111d9,81c3da92-3262-49e1-8141-9f6f6dc6cc08,878b86c2-438d-4767-ad44-f8c58de74bd2,MISSED,2025-04-05T01:19:00,,,,2025-04-05T01:19:00
e347b1c4-f30a-432e-8551-2b9b0bc7ac28,81c3da92-3262-49e1-8141-9f6f6dc6cc08,8a40fb38-7cf4-468d-954f-bebd5270f111,NO_RESPONSE,2025-04-05T01:22:00,,,,2025-04-05T01:22:00
89f570d3-e895-494b-8eb8-3a277ae407e9,81c3da92-3262-49e1-8141-9f6f6dc6cc08,9ad5103d-928f-448b-903a-76f5be1dfa37,ACCEPTED,2025-04-05T01:24:00,2025-04-05T01:26:00,2025-04-05T01:26:00,,2025-04-05T01:24:00
cc434d37-ff6e-4004-be88-505a6e230497,f46b5f8b-6f44-4262-8f12-35e414f92970,5ae18917-1ec4-457c-a836-7efc4c4c8fff,ACCEPTED,2025-04-05T03:12:00,2025-04-05T03:13:00,2025-04-05T03:13:00,,2025-04-05T03:12:00
2e3148bf-01d5-4c55-948f-95813cf002bb,f46b5f8b-6f44-4262-8f12-35e414f92970,18425d44-6ba9-45d1-a297-f3778d4b10e7,ACCEPTED,2025-04-05T03:13:00,2025-04-05T03:21:00,2025-04-05T03:21:00,,2025-04-05T03:13:00
22c061b7-a598-4c01-8c9d-5362579932f5,f46b5f8b-6f44-4262-8f12-35e414f92970,74de697e-ecd0-4975-8057-f21088a888b4,ACCEPTED,2025-04-05T03:14:00,2025-04-05T03:22:00,2025-04-05T03:22:00,,2025-04-05T03:14:00
47cdfb42-637e-4405-bd59-a2b8bee2f12e,f46b5f8b-6f44-4262-8f12-35e414f92970,97b426ef-09b1-4692-8010-6897b909efc6,NO_RESPONSE,2025-04-05T03:18:00,,,,2025-04-05T03:18:00
baab6775-19f3-47e0-a67e-deb7a143b67c,f46b5f8b-6f44-4262-8f12-35e414f92970,2d67b8f1-6839-41a5-a4f9-ed87959a5394,COMPLETED,2025-04-05T03:22:00,2025-04-05T03:37:00,2025-04-05T03:37:00,2025-04-05T05:22:00,2025-04-05T03:22:00
72d4b00d-bd0e-4d37-9302-9a9f44751f33,f46b5f8b-6f44-4262-8f12-35e414f92970,5d834b3d-0d58-4d16-bdc4-32869531ea10,NO_RESPONSE,2025-04-05T03:23:00,,,,2025-04-05T03:23:00
00c29d01-41e2-4b35-b983-c0555e7668d7,f0487961-545c-465c-bde8-6a1fb024e36e,b31f3223-35d1-446c-9991-79665d0b1ef3,EXPIRED,2025-04-05T05:30:00,,,,2025-04-05T05:30:00
67491c3e-d886-4b2e-961c-32c326cbb6b1,f0487961-545c-465c-bde8-6a1fb024e36e,27f63174-92e0-4ec5-a8d6-df307aa20f3b,ACCEPTED,2025-04-05T05:30:00,2025-04-05T05:44:00,2025-04-05T05:44:00,,2025-04-05T05:30:00
c16a4ad4-3a7a-45ac-a20d-31c552b1a7eb,f0487961-545c-465c-bde8-6a1fb024e36e,909e8f9d-0127-4f44-9f4c-24a2e2b45782,NO_RESPONSE,2025-04-05T05:33:00,,,,2025-04-05T05:33:00
78815dcf-8c7d-4f24-bed8-67c563ab9d77,f0487961-545c-465c-bde8-6a1fb024e36e,a92ac821-12c7-40b8-bbb8-e287da0564eb,ACCEPTED,2025-04-05T05:34:00,2025-04-05T05:44:00,2025-04-05T05:44:00,,2025-04-05T05:34:00
8d79ba52-f629-4e13-8c45-f45a0899298b,30d0b02b-76ed-4f5b-96f9-082ff309d6a6,01980ae7-4a49-4fe8-b3d2-6850ed621b41,ACCEPTED,2025-04-05T10:20:00,2025-04-05T10:21:00,2025-04-05T10:21:00,,2025-04-05T10:20:00
a619bf7c-ce28-41af-ac60-93e52a856ca4,30d0b02b-76ed-4f5b-96f9-082ff309d6a6,28be837f-36ab-4fc3-b1d9-db1a3b881b02,ACCEPTED,2025-04-05T10:26:00,2025-04-05T10:36:00,2025-04-05T10:36:00,,2025-04-05T10:26:00
4131cfa0-cc83-41a0-9aed-c80c490a6bf7,30d0b02b-76ed-4f5b-96f9-082ff309d6a6,eb9471c8-ba19-42a2-94b9-9a533ce84d63,COMPLETED,2025-04-05T10:30:00,2025-04-05T10:31:00,2025-04-05T10:31:00,2025-04-05T12:30:00,2025-04-05T10:30:00
d9c36ab1-24ec-40f9-9de8-8d6ba5b04070,17162a27-fc8b-4c04-8fa4-ef3bd5c05e1f,a8a1af91-93b6-4f04-8e14-d38aa8302607,EXPIRED,2025-04-05T13:06:00,,,,2025-04-05T13:06:00
1a431d14-8661-42a2-89aa-d9d62164816b,17162a27-fc8b-4c04-8fa4-ef3bd5c05e1f,56788efb-19f3-4d23-8b92-d96dc8d14718,ACCEPTED,2025-04-05T13:07:00,2025-04-05T13:18:00,2025-04-05T13:18:00,,2025-04-05T13:07:00
7fdb2432-9bde-4dce-9470-662341b61b9f,17162a27-fc8b-4c04-8fa4-ef3bd5c05e1f,f6556829-5e66-4e5a-aff5-3233c86566a8,ACCEPTED,2025-04-05T13:12:00,2025-04-05T13:14:00,2025-04-05T13:14:00,,2025-04-05T13:12:00
d738d333-6748-4a34-94a5-59abc13d6ffd,17162a27-fc8b-4c04-8fa4-ef3bd5c05e1f,885c50e2-3162-47fa-90f5-23d9287648cc,COMPLETED,2025-04-05T13:12:00,2025-04-05T13:25:00,2025-04-05T13:25:00,2025-04-05T15:12:00,2025-04-05T13:12:00
6968e2cb-7760-4d38-8e33-c63b3f5b23e2,17162a27-fc8b-4c04-8fa4-ef3bd5c05e1f,b16f7848-a2a4-4c2c-8a3b-0bf76ecdf857,ACCEPTED,2025-04-05T13:15:00,2025-04-05T13:22:00,2025-04-05T13:22:00,,2025-04-05T13:15:00
c3d983dd-0e43-4837-9e0d-71d69cebbfd2,56462c8a-e513-46d0-9ebf-1afc9da4ad78,abdc90fb-c824-469f-8f0e-8dd72f8f977f,COMPLETED,2025-04-05T14:10:00,2025-04-05T14:15:00,2025-04-05T14:15:00,2025-04-05T16:10:00,2025-04-05T14:10:00
da4d739f-6409-4d22-baf4-d0605f4fc485,56462c8a-e513-46d0-9ebf-1afc9da4ad78,57d21420-eb05-457e-8d19-6289775c7ce5,EXPIRED,2025-04-05T14:12:00,,,,2025-04-05T14:12:00
7a2c72f3-4acf-49d0-8ef5-9e2a3f9ba814,56462c8a-e513-46d0-9ebf-1afc9da4ad78,2d57212f-e718-4f41-a96c-e064f42d3047,COMPLETED,2025-04-05T14:15:00,2025-04-05T14:22:00,2025-04-05T14:22:00,2025-04-05T16:15:00,2025-04-05T14:15:00
859bf66a-ed5d-4f97-b737-52161076dd0d,fb64f053-c2ed-4f48-b4ea-ad6e23ffa19f,4be00de0-ff5a-454f-aca8-e915814cf135,ACCEPTED,2025-04-05T14:15:00,2025-04-05T14:19:00,2025-04-05T14:19:00,,2025-04-05T14:15:00
106e5c32-95d9-41c8-8c0a-748618882b76,fb64f053-c2ed-4f48-b4ea-ad6e23ffa19f,02fee361-2aed-4d3b-a7f5-6649d00e35ff,ACCEPTED,2025-04-05T14:16:00,2025-04-05T14:30:00,2025-04-05T14:30:00,,2025-04-05T14:16:00
25699e61-2462-4bb7-b54f-b9a064706445,56462c8a-e513-46d0-9ebf-1afc9da4ad78,11955be9-03b2-4274-9002-7a2a5ae499a8,NO_RESPONSE,2025-04-05T14:17:00,,,,2025-04-05T14:17:00
65eb9b11-d5d2-4934-a64e-299d9f730634,56462c8a-e513-46d0-9ebf-1afc9da4ad78,9a08a817-eaf1-4182-9eb1-290121129ead,ACCEPTED,2025-04-05T14:20:00,2025-04-05T14:22:00,2025-04-05T14:22:00,,2025-04-05T14:20:00
c57f3a47-c23c-4412-bb63-5e618b72e110,56462c8a-e513-46d0-9ebf-1afc9da4ad78,01980ae7-4a49-4fe8-b3d2-6850ed621b41,COMPLETED,2025-04-05T14:22:00,2025-04-05T14:27:00,2025-04-05T14:27:00,2025-04-05T15:22:00,2025-04-05T14:22:00
fe2f4747-ee86-4201-bc73-1cce1c0d05bb,fb64f053-c2ed-4f48-b4ea-ad6e23ffa19f,8aadad3e-4591-4c88-a738-78b84530fbda,COMPLETED,2025-04-05T14:23:00,2025-04-05T14:29:00,2025-04-05T14:29:00,2025-04-05T16:23:00,2025-04-05T14:23:00
e2d139dc-86fb-4267-b192-649c2fb683a7,fb64f053-c2ed-4f48-b4ea-ad6e23ffa19f,3d9f3b15-c774-4537-9706-6a9c0ce3bcd0,ACCEPTED,2025-04-05T14:24:00,2025-04-05T14:35:00,2025-04-05T14:35:00,,2025-04-05T14:24:00
af6469cc-3ae7-4c16-9590-f62aa468a168,fb64f053-c2ed-4f48-b4ea-ad6e23ffa19f,309497b0-41ad-483a-a10a-7040ec34710d,ACCEPTED,2025-04-05T14:27:00,2025-04-05T14:41:00,2025-04-05T14:41:00,,2025-04-05T14:27:00
3a8d976a-94d9-4242-a7a8-08e55a798bb7,623d6f43-9ff5-43ef-9d9e-60f7a4ab04fa,b822f3f2-bc12-474d-9f5a-b3cef19341f0,ACCEPTED,2025-04-05T14:52:00,2025-04-05T15:06:00,2025-04-05T15:06:00,,2025-04-05T14:52:00
da6bb569-01ee-4bb7-a90d-5261ebb7d139,623d6f43-9ff5-43ef-9d9e-60f7a4ab04fa,5363b68d-8ce8-4929-9246-6d22798f9caf,ACCEPTED,2025-04-05T15:00:00,2025-04-05T15:15:00,2025-04-05T15:15:00,,2025-04-05T15:00:00
e98b8f46-23bd-475b-878a-699bf3786cc6,623d6f43-9ff5-43ef-9d9e-60f7a4ab04fa,cc823700-76b8-4614-9bae-555be744cc6e,ACCEPTED,2025-04-05T15:00:00,2025-04-05T15:01:00,2025-04-05T15:01:00,,2025-04-05T15:00:00
54c6c3dd-d614-4e60-96bb-395fcb9ee05d,623d6f43-9ff5-43ef-9d9e-60f7a4ab04fa,1d67536a-01f8-430f-8e5d-331ea756ad1c,ACCEPTED,2025-04-05T15:01:00,2025-04-05T15:12:00,2025-04-05T15:12:00,,2025-04-05T15:01:00
06b56e4c-a343-40b7-b42b-4466c8996373,5537b6e7-c806-48fa-911a-ae31afb271b3,c4a4b614-90de-4794-a555-76f6159de789,ACCEPTED,2025-04-05T20:02:00,2025-04-05T20:13:00,2025-04-05T20:13:00,,2025-04-05T20:02:00
c7d03b66-5da0-4a97-a4e9-63e790f6ab18,5537b6e7-c806-48fa-911a-ae31afb271b3,a88bf6b5-168a-42ee-bea7-b40defa21e24,ACCEPTED,2025-04-05T20:03:00,2025-04-05T20:17:00,2025-04-05T20:17:00,,2025-04-05T20:03:00
e5a3ebd4-404a-4102-b5c2-8d9972738b70,5537b6e7-c806-48fa-911a-ae31afb271b3,c2d25642-919c-4075-a54a-aedcf9642a56,COMPLETED,2025-04-05T20:03:00,2025-04-05T20:05:00,2025-04-05T20:05:00,2025-04-05T23:03:00,2025-04-05T20:03:00
9b679e50-5ff3-4a74-b12a-dad59ed7f555,5537b6e7-c806-48fa-911a-ae31afb271b3,d86275ba-b1a0-4e6e-a363-d11e975f6df6,COMPLETED,2025-04-05T20:11:00,2025-04-05T20:19:00,2025-04-05T20:19:00,2025-04-05T21:11:00,2025-04-05T20:11:00
983ba4bb-09b3-480c-b791-80551c70a545,5537b6e7-c806-48fa-911a-ae31afb271b3,1ee3aa44-6749-4c32-9bfe-c3306275fe48,ACCEPTED,2025-04-05T20:13:00,2025-04-05T20:28:00,2025-04-05T20:28:00,,2025-04-05T20:13:00
3769aaa7-51bd-44b3-b4bd-f7a3023bdcbf,870e0872-01db-4868-a746-d76eac664d17,85b594e8-d460-4e0d-bd65-07df78f69665,EXPIRED,2025-04-05T22:11:00,,,,2025-04-05T22:11:00
f3d4561e-40d6-497c-8d2e-e034c150345c,870e0872-01db-4868-a746-d76eac664d17,985ab403-ddfd-47f6-9b98-9ce2f7dcd16e,ACCEPTED,2025-04-05T22:14:00,2025-04-05T22:20:00,2025-04-05T22:20:00,,2025-04-05T22:14:00
bc714324-a37e-4662-96db-1554ccd0cc85,032edb24-938e-45d0-a55c-4c6cfd2c074a,05088ba7-5428-4853-8cc9-e76f460fddd4,ACCEPTED,2025-04-06T00:10:00,2025-04-06T00:11:00,2025-04-06T00:11:00,,2025-04-06T00:10:00
81718f3c-68a8-45b9-906d-cb4c0626dfbb,032edb24-938e-45d0-a55c-4c6cfd2c074a,e10f8499-9444-4031-828d-33425d7476a6,ACCEPTED,2025-04-06T00:14:00,2025-04-06T00:29:00,2025-04-06T00:29:00,,2025-04-06T00:14:00
7529706c-eb0b-42b3-953c-1b107183eb69,032edb24-938e-45d0-a55c-4c6cfd2c074a,b0102217-6663-410d-8e4b-e802cddf4baa,COMPLETED,2025-04-06T00:15:00,2025-04-06T00:17:00,2025-04-06T00:17:00,2025-04-06T03:15:00,2025-04-06T00:15:00
602f85ca-890b-42ab-a421-541db25a176e,032edb24-938e-45d0-a55c-4c6cfd2c074a,0db56994-7b77-4dee-bd9c-894ba39fcd46,ACCEPTED,2025-04-06T00:16:00,2025-04-06T00:30:00,2025-04-06T00:30:00,,2025-04-06T00:16:00
72720caa-f3c8-4f1e-936b-02eabc1133f4,a62a2449-5b6c-4d3a-bfe0-2c018310ce0c,dd1ab9ef-a26d-487b-9f4e-071ae247a999,ACCEPTED,2025-04-06T03:17:00,2025-04-06T03:31:00,2025-04-06T03:31:00,,2025-04-06T03:17:00
1c34a993-30ec-47e3-bd41-77fc52106806,a62a2449-5b6c-4d3a-bfe0-2c018310ce0c,643a2cfd-c940-4060-89e8-05b38ecebd84,NO_RESPONSE,2025-04-06T03:27:00,,,,2025-04-06T03:27:00
a471594a-d1c3-4acb-a62b-8e74eb6c3174,a62a2449-5b6c-4d3a-bfe0-2c018310ce0c,78548b9a-a9e8-46f5-9d4b-45f2377b352b,ACCEPTED,2025-04-06T03:28:00,2025-04-06T03:32:00,2025-04-06T03:32:00,,2025-04-06T03:28:00
a685e248-3321-4764-9a12-eb8c95a118dd,4dd498b4-10cd-4fc3-9a11-8df525ac6fe1,2c1091c3-2c2e-4305-8524-f2651ddbea75,MISSED,2025-04-06T04:31:00,,,,2025-04-06T04:31:00
8a48e0f2-bb78-428e-ba00-5feec6c4632b,4dd498b4-10cd-4fc3-9a11-8df525ac6fe1,f4f6b626-e397-4f44-8dde-9d51ac118ff6,ACCEPTED,2025-04-06T04:33:00,2025-04-06T04:43:00,2025-04-06T04:43:00,,2025-04-06T04:33:00
c3343bfd-8ca9-4465-9432-b5580bf02707,4dd498b4-10cd-4fc3-9a11-8df525ac6fe1,90f0edf1-053b-433f-b7d0-041be1e882d4,DECLINED,2025-04-06T04:35:00,2025-04-06T04:53:00,,,2025-04-06T04:35:00
bb195d86-8b92-44d7-bf72-4c49ca4438cf,40f2f5d5-c1e1-4107-8e40-df0cba4b3e0f,c4a4b614-90de-4794-a555-76f6159de789,ACCEPTED,2025-04-06T05:22:00,2025-04-06T05:29:00,2025-04-06T05:29:00,,2025-04-06T05:22:00
240efae0-9c9e-4b34-ad57-ede2d20d85ac,40f2f5d5-c1e1-4107-8e40-df0cba4b3e0f,159de8a5-1159-4692-a1c7-d4ea1c848144,COMPLETED,2025-04-06T05:22:00,2025-04-06T05:24:00,2025-04-06T05:24:00,2025-04-06T06:22:00,2025-04-06T05:22:00
b6dfbcc6-51df-451d-a20f-d66362b90e12,40f2f5d5-c1e1-4107-8e40-df0cba4b3e0f,5805c9e4-e8a0-4c33-9ca3-70004d94c948,ACCEPTED,2025-04-06T05:26:00,2025-04-06T05:36:00,2025-04-06T05:36:00,,2025-04-06T05:26:00
7e017db9-6d5b-477e-9b4c-6612aaf7c3a9,40f2f5d5-c1e1-4107-8e40-df0cba4b3e0f,62758655-2759-47fd-8cfb-18e44d2da35e,EXPIRED,2025-04-06T05:28:00,,,,2025-04-06T05:28:00
f2f512a0-3738-4316-9cad-5da55db390f9,40f2f5d5-c1e1-4107-8e40-df0cba4b3e0f,429de809-3eeb-42af-94fa-c9c8fc3dda46,ACCEPTED,2025-04-06T05:29:00,2025-04-06T05:42:00,2025-04-06T05:42:00,,2025-04-06T05:29:00
632e2d7c-9692-4a10-84cb-55bfd35150e6,40f2f5d5-c1e1-4107-8e40-df0cba4b3e0f,aed96858-5a79-4453-afc9-995064972c5b,ACCEPTED,2025-04-06T05:31:00,2025-04-06T05:45:00,2025-04-06T05:45:00,,2025-04-06T05:31:00
9e6f3082-9030-458c-b8ac-d64e03adfab1,88202ea5-6f52-4889-a2e0-9de687789fb5,ba816062-c1ac-43da-97de-4c1216324bb5,COMPLETED,2025-04-06T05:46:00,2025-04-06T05:56:00,2025-04-06T05:56:00,2025-04-06T07:46:00,2025-04-06T05:46:00
3538d79a-80c9-4fe0-bf30-1d494bdd15b0,88202ea5-6f52-4889-a2e0-9de687789fb5,0f7ef1f5-00e2-4bab-b4de-83cd6652f636,DECLINED,2025-04-06T05:50:00,2025-04-06T06:02:00,,,2025-04-06T05:50:00
9fbda85d-53e5-4119-941e-78e8a9c528a3,88202ea5-6f52-4889-a2e0-9de687789fb5,614d0845-b187-40ca-a14f-5c975fccd81c,NO_RESPONSE,2025-04-06T05:53:00,,,,2025-04-06T05:53:00
c482893a-07a0-4888-9d7d-bc0911fa6d43,88202ea5-6f52-4889-a2e0-9de687789fb5,a9192324-9347-4f6f-998a-20066ce0209e,ACCEPTED,2025-04-06T05:57:00,2025-04-06T06:08:00,2025-04-06T06:08:00,,2025-04-06T05:57:00
76774ff7-c213-4ada-a3f4-04a4b8da4c48,d3d096e3-7bfe-4fc8-b176-aa4f1587313f,0b51ced4-84e3-45ad-a67a-de86af260d64,ACCEPTED,2025-04-06T17:55:00,2025-04-06T18:02:00,2025-04-06T18:02:00,,2025-04-06T17:55:00
4721d921-cf88-4204-a24a-0904efbcb2e1,d3d096e3-7bfe-4fc8-b176-aa4f1587313f,00924f36-733f-4345-a507-751101551a9c,COMPLETED,2025-04-06T17:55:00,2025-04-06T17:56:00,2025-04-06T17:56:00,2025-04-06T19:55:00,2025-04-06T17:55:00
551784f6-7dc3-4a6f-a7ee-9743fdb00cad,7f9567ad-6031-48d3-b045-93f6749fff25,f609cf6c-d0e4-48e5-9d6b-2cb379d2f51c,NO_RESPONSE,2025-04-06T20:38:00,,,,2025-04-06T20:38:00
225b74b5-a691-415a-bcb4-29a56aa1e6a2,7f9567ad-6031-48d3-b045-93f6749fff25,ca2995db-95cb-4226-8f04-6f57902f8cf4,EXPIRED,2025-04-06T20:39:00,,,,2025-04-06T20:39:00
2f2d4c79-1b5a-4476-ac71-5af25c9f9045,7f9567ad-6031-48d3-b045-93f6749fff25,2bc00f4d-1415-492e-ab45-855a39d62175,ACCEPTED,2025-04-06T20:41:00,2025-04-06T20:48:00,2025-04-06T20:48:00,,2025-04-06T20:41:00
2211cd0c-0b6e-4636-b273-eac0b0150266,7f9567ad-6031-48d3-b045-93f6749fff25,8342ece1-dc13-431d-b735-f045953e170d,MISSED,2025-04-06T20:42:00,,,,2025-04-06T20:42:00
82acf94a-6c98-491f-997a-d67423164395,7f9567ad-6031-48d3-b045-93f6749fff25,6ea9a5eb-fa10-4a3a-b0ff-8ec7b4d27eff,NO_RESPONSE,2025-04-06T20:45:00,,,,2025-04-06T20:45:00
3c3a6d79-d0fc-4262-95d9-9c45beb52d0d,4bd3ea21-842b-4c4e-bf81-410dee2c410f,3d9f3b15-c774-4537-9706-6a9c0ce3bcd0,DECLINED,2025-04-06T21:15:00,2025-04-06T21:31:00,,,2025-04-06T21:15:00
333da1d6-1f53-49c1-a0b6-8624036a94e7,4bd3ea21-842b-4c4e-bf81-410dee2c410f,0648f122-df82-42c1-b7a4-513681226246,ACCEPTED,2025-04-06T21:17:00,2025-04-06T21:30:00,2025-04-06T21:30:00,,2025-04-06T21:17:00
0cbbec14-5693-4771-a6c4-05d979354d93,4bd3ea21-842b-4c4e-bf81-410dee2c410f,8342ece1-dc13-431d-b735-f045953e170d,MISSED,2025-04-06T21:18:00,,,,2025-04-06T21:18:00
6650697f-594a-4398-b90f-a7e6885e38d8,4bd3ea21-842b-4c4e-bf81-410dee2c410f,468555a1-384e-4985-9c39-f4333176e51f,ACCEPTED,2025-04-06T21:19:00,2025-04-06T21:23:00,2025-04-06T21:23:00,,2025-04-06T21:19:00
bd9ba406-a603-4acb-8076-82d22b6a1de8,4bd3ea21-842b-4c4e-bf81-410dee2c410f,ca2995db-95cb-4226-8f04-6f57902f8cf4,MISSED,2025-04-06T21:20:00,,,,2025-04-06T21:20:00
838a3f82-84bf-4347-af43-caf849f29473,4bd3ea21-842b-4c4e-bf81-410dee2c410f,facc5b5b-c0fa-45e8-8b9d-e13559d60097,ACCEPTED,2025-04-06T21:21:00,2025-04-06T21:22:00,2025-04-06T21:22:00,,2025-04-06T21:21:00
f43c8c5e-2228-490b-a547-b56c4dc45889,c9f76218-b538-4103-8ff5-ea214c354f38,7874fffd-6a3d-4885-92ad-f115c4f7779f,COMPLETED,2025-04-07T01:21:00,2025-04-07T01:31:00,2025-04-07T01:31:00,2025-04-07T03:21:00,2025-04-07T01:21:00
ad175cdc-8306-4652-9432-f1804471501c,c9f76218-b538-4103-8ff5-ea214c354f38,950e5213-a1b0-4cdc-9127-044adb973cb5,NO_RESPONSE,2025-04-07T01:22:00,,,,2025-04-07T01:22:00
2bbf1367-1146-413b-b44f-986e2abdedf6,c9f76218-b538-4103-8ff5-ea214c354f38,a2c7df0e-ef10-4dcc-aaed-b693b2b5db03,DECLINED,2025-04-07T01:23:00,2025-04-07T01:26:00,,,2025-04-07T01:23:00
e786aa48-2cac-436e-888f-2ccead4f89fe,f0cdea8b-c4be-424f-9bc2-3d60925b196d,ae85aaf6-cc9f-4c74-a816-5214f35ad158,ACCEPTED,2025-04-07T01:23:00,2025-04-07T01:25:00,2025-04-07T01:25:00,,2025-04-07T01:23:00
a5c679db-9343-48bc-bd98-4967d470270a,f0cdea8b-c4be-424f-9bc2-3d60925b196d,ea9269ef-352d-4ec8-93a1-f6e436740b10,EXPIRED,2025-04-07T01:24:00,,,,2025-04-07T01:24:00
b8dcdbb1-86b1-4244-8991-4c9adb543d57,f0cdea8b-c4be-424f-9bc2-3d60925b196d,4f92c3e6-e44d-4309-b4ad-e6eaf75dd28f,COMPLETED,2025-04-07T01:25:00,2025-04-07T01:31:00,2025-04-07T01:31:00,2025-04-07T03:25:00,2025-04-07T01:25:00
8757be41-2992-4abc-ac0f-1de5b3518469,c9f76218-b538-4103-8ff5-ea214c354f38,6808b218-ad45-4d5a-8374-ac96bd2f9e51,EXPIRED,2025-04-07T01:29:00,,,,2025-04-07T01:29:00
dd801403-1119-4c65-92e2-94fe14e071e2,f0cdea8b-c4be-424f-9bc2-3d60925b196d,c3fb4684-c1e0-4da0-a54b-9e8f789026c2,ACCEPTED,2025-04-07T01:29:00,2025-04-07T01:42:00,2025-04-07T01:42:00,,2025-04-07T01:29:00
5ecd35b1-6740-4231-9b17-43f957b54c84,f0cdea8b-c4be-424f-9bc2-3d60925b196d,7724d47c-dcf0-4aba-a2e1-ec51d9d4eef2,ACCEPTED,2025-04-07T01:31:00,2025-04-07T01:45:00,2025-04-07T01:45:00,,2025-04-07T01:31:00
c345745a-1f1b-420f-a66c-da012abc89e4,69474371-34eb-4998-aebe-85e70a0252cd,89351c19-fb07-4021-8981-38f3a660e1f1,ACCEPTED,2025-04-07T05:52:00,2025-04-07T06:01:00,2025-04-07T06:01:00,,2025-04-07T05:52:00
46895ce9-bbaf-499b-806b-4728e649c5ff,69474371-34eb-4998-aebe-85e70a0252cd,02e664d4-0b6a-4921-9a18-18529c0b46fb,MISSED,2025-04-07T05:57:00,,,,2025-04-07T05:57:00
a547ed6a-9d31-4263-af8f-e1267b207fea,69474371-34eb-4998-aebe-85e70a0252cd,ac84e25a-f305-4698-9545-957806397804,MISSED,2025-04-07T05:59:00,,,,2025-04-07T05:59:00
aba74b40-b095-45ef-b7fe-94192b61f00f,69474371-34eb-4998-aebe-85e70a0252cd,91080d43-a198-4089-b53a-109a95c5e635,MISSED,2025-04-07T06:00:00,,,,2025-04-07T06:00:00
da3feda7-c9c4-46b2-bec1-eea852e6d050,69474371-34eb-4998-aebe-85e70a0252cd,258c585a-0983-4f1a-9632-3c358d253411,ACCEPTED,2025-04-07T06:01:00,2025-04-07T06:15:00,2025-04-07T06:15:00,,2025-04-07T06:01:00
ff9d944e-2f12-4f5c-9c45-3519913b59ab,69474371-34eb-4998-aebe-85e70a0252cd,2fc6a399-7cab-4c0f-b2eb-9ae8bc2e8ef3,NO_RESPONSE,2025-04-07T06:03:00,,,,2025-04-07T06:03:00
b3267bcc-2b6e-4d39-9f76-7506080f57e6,3f395948-7d7b-4953-9623-92a4495632c6,d25bbe98-216b-4faf-8f76-0d3dd2269a66,ACCEPTED,2025-04-07T08:17:00,2025-04-07T08:20:00,2025-04-07T08:20:00,,2025-04-07T08:17:00
ea8d1c81-859e-43cb-b496-744595360601,3f395948-7d7b-4953-9623-92a4495632c6,6c25e2ff-8bc0-4abc-a978-052ba5e4650a,ACCEPTED,2025-04-07T08:19:00,2025-04-07T08:31:00,2025-04-07T08:31:00,,2025-04-07T08:19:00
636364c9-94dd-4bce-b437-34c1f37f3318,3f395948-7d7b-4953-9623-92a4495632c6,ff447bf1-e688-4eb7-ba18-cdcef5b86e01,COMPLETED,2025-04-07T08:21:00,2025-04-07T08:30:00,2025-04-07T08:30:00,2025-04-07T09:21:00,2025-04-07T08:21:00
0c438bae-4074-4703-ac1a-a009ebf176d4,3f395948-7d7b-4953-9623-92a4495632c6,614d0845-b187-40ca-a14f-5c975fccd81c,COMPLETED,2025-04-07T08:23:00,2025-04-07T08:24:00,2025-04-07T08:24:00,2025-04-07T10:23:00,2025-04-07T08:23:00
906161ca-9ca5-4d9a-bcfc-af7c54550f29,3f395948-7d7b-4953-9623-92a4495632c6,76c87fab-4634-487d-a03f-d4c7ee94749e,NO_RESPONSE,2025-04-07T08:28:00,,,,2025-04-07T08:28:00
4280e2c9-2c16-4677-a737-a3fd22014634,847b2f86-4442-4897-bf79-29903fc5b5f6,73461d9a-b17a-4f20-a132-39ca2f8c91ed,COMPLETED,2025-04-07T14:52:00,2025-04-07T15:00:00,2025-04-07T15:00:00,2025-04-07T16:52:00,2025-04-07T14:52:00
6d1a520a-69a7-4aa1-b909-b63d4aef878c,847b2f86-4442-4897-bf79-29903fc5b5f6,c1a1cac9-8c8d-4709-b171-00b08bdbc45b,ACCEPTED,2025-04-07T14:56:00,2025-04-07T15:10:00,2025-04-07T15:10:00,,2025-04-07T14:56:00
192e1b8c-679f-4c8b-8843-78a94d9e5064,847b2f86-4442-4897-bf79-29903fc5b5f6,89351c19-fb07-4021-8981-38f3a660e1f1,DECLINED,2025-04-07T14:57:00,2025-04-07T15:09:00,,,2025-04-07T14:57:00
05a2df90-4660-4cbb-ac3a-3e3508c2f1d7,1faa22d3-cb16-4123-8d5d-c0ae04dac5ae,e07bda41-053d-4aac-9836-2124ef24f237,ACCEPTED,2025-04-07T14:59:00,2025-04-07T15:12:00,2025-04-07T15:12:00,,2025-04-07T14:59:00
7ac52ed3-8d80-4085-86e4-456a888db895,1faa22d3-cb16-4123-8d5d-c0ae04dac5ae,86982baf-89fb-453b-bd13-a6cfe928ea51,EXPIRED,2025-04-07T15:02:00,,,,2025-04-07T15:02:00
bb783d27-6a3a-4b85-b4f2-9fd3eba58e9b,847b2f86-4442-4897-bf79-29903fc5b5f6,cfdec3c3-1f55-4c1b-bf64-7c30eaf6fc9d,COMPLETED,2025-04-07T15:03:00,2025-04-07T15:05:00,2025-04-07T15:05:00,2025-04-07T16:03:00,2025-04-07T15:03:00
6e4031dd-5684-4da5-804d-2ff6c166cde5,1faa22d3-cb16-4123-8d5d-c0ae04dac5ae,7dce07a7-bf0e-49d0-8e10-0fae45654bf0,DECLINED,2025-04-07T15:04:00,2025-04-07T15:17:00,,,2025-04-07T15:04:00
3c304c3a-4186-461f-b2c9-2c6a6491386a,1faa22d3-cb16-4123-8d5d-c0ae04dac5ae,0ad41086-120a-480a-a25e-68be9c95144c,ACCEPTED,2025-04-07T15:04:00,2025-04-07T15:18:00,2025-04-07T15:18:00,,2025-04-07T15:04:00
cf23549d-674a-4667-ae6c-4aba2895b358,847b2f86-4442-4897-bf79-29903fc5b5f6,c2d25642-919c-4075-a54a-aedcf9642a56,ACCEPTED,2025-04-07T15:05:00,2025-04-07T15:10:00,2025-04-07T15:10:00,,2025-04-07T15:05:00
32be2ff6-92bf-4d9c-ac48-e1879d29386a,ac3dab8f-e5d4-48a2-b117-bae5a55f5a74,aed96858-5a79-4453-afc9-995064972c5b,ACCEPTED,2025-04-07T15:47:00,2025-04-07T15:55:00,2025-04-07T15:55:00,,2025-04-07T15:47:00
f9862949-6341-4e9c-8f73-63893dfd1845,ac3dab8f-e5d4-48a2-b117-bae5a55f5a74,7689a61a-5823-4dd9-8e3c-29c2d4415219,ACCEPTED,2025-04-07T15:47:00,2025-04-07T15:59:00,2025-04-07T15:59:00,,2025-04-07T15:47:00
9996913c-6c21-444a-97cf-67939884daa1,ac3dab8f-e5d4-48a2-b117-bae5a55f5a74,feca2cc5-9c28-40c7-8543-ca69b34076e3,COMPLETED,2025-04-07T15:50:00,2025-04-07T15:57:00,2025-04-07T15:57:00,2025-04-07T18:50:00,2025-04-07T15:50:00
1630f209-09e6-4efe-90b7-a1900841c2b5,ac3dab8f-e5d4-48a2-b117-bae5a55f5a74,d0541b7a-d91a-4f60-a3c9-55e8ae5577b7,COMPLETED,2025-04-07T15:52:00,2025-04-07T16:02:00,2025-04-07T16:02:00,2025-04-07T18:52:00,2025-04-07T15:52:00
7c2f803c-f7d4-4306-9fd9-000a54a4cdc0,ac3dab8f-e5d4-48a2-b117-bae5a55f5a74,dd3c9c80-9a9d-4efd-a8fc-06ac9e8600c4,ACCEPTED,2025-04-07T15:57:00,2025-04-07T15:58:00,2025-04-07T15:58:00,,2025-04-07T15:57:00
91f6395a-f217-452a-b19b-28f38f8c70c9,721fd708-8310-48bb-8152-55d60404fa02,c57abeef-b6d8-4cf7-ae50-3774b55c6768,ACCEPTED,2025-04-07T19:04:00,2025-04-07T19:11:00,2025-04-07T19:11:00,,2025-04-07T19:04:00
5ad32c59-41c8-4df1-876f-f9a1515e503d,721fd708-8310-48bb-8152-55d60404fa02,f7f1655c-f8c2-4296-91c4-9f8f570ad765,ACCEPTED,2025-04-07T19:05:00,2025-04-07T19:10:00,2025-04-07T19:10:00,,2025-04-07T19:05:00
7e22adf5-efd3-49ad-9d4c-f3f05f4e2ebf,721fd708-8310-48bb-8152-55d60404fa02,edf481eb-bab0-46c2-a7e6-67b59a510550,COMPLETED,2025-04-07T19:06:00,2025-04-07T19:10:00,2025-04-07T19:10:00,2025-04-07T21:06:00,2025-04-07T19:06:00
e5b47ee0-0d72-43b2-9f03-5f34da5c5ca9,721fd708-8310-48bb-8152-55d60404fa02,9af05ac7-06a8-49dd-abb8-7a4c2f508938,COMPLETED,2025-04-07T19:10:00,2025-04-07T19:16:00,2025-04-07T19:16:00,2025-04-07T20:10:00,2025-04-07T19:10:00
1e12e0a9-aede-4e8b-8c18-5367418069fa,721fd708-8310-48bb-8152-55d60404fa02,3e6e3033-9a9c-4988-9e45-362e43ee98e6,NO_RESPONSE,2025-04-07T19:14:00,,,,2025-04-07T19:14:00
21929071-446b-44c6-a5ec-13f612c1cba1,996943bb-72df-40f9-ae61-415eed7edb02,19e65af6-da1e-4052-bf71-1659737f5cc7,COMPLETED,2025-04-07T21:47:00,2025-04-07T21:53:00,2025-04-07T21:53:00,2025-04-07T23:47:00,2025-04-07T21:47:00
1ca17f9d-ccd8-42ef-8c6c-af2c75256a0e,996943bb-72df-40f9-ae61-415eed7edb02,facc5b5b-c0fa-45e8-8b9d-e13559d60097,COMPLETED,2025-04-07T21:52:00,2025-04-07T22:04:00,2025-04-07T22:04:00,2025-04-08T00:52:00,2025-04-07T21:52:00
d36ba0fe-f501-402d-81af-16a2d287430d,996943bb-72df-40f9-ae61-415eed7edb02,01980ae7-4a49-4fe8-b3d2-6850ed621b41,ACCEPTED,2025-04-07T21:55:00,2025-04-07T22:07:00,2025-04-07T22:07:00,,2025-04-07T21:55:00
562ee969-778a-42e7-b983-e823139a43a7,f223a4f6-c225-4507-97d1-816ed3798525,a8a1af91-93b6-4f04-8e14-d38aa8302607,NO_RESPONSE,2025-04-08T04:06:00,,,,2025-04-08T04:06:00
f6ab3912-4b31-44cc-a25c-dc61ee50260e,f223a4f6-c225-4507-97d1-816ed3798525,c4fe67ef-e054-4697-9543-263f3f2dd3c7,COMPLETED,2025-04-08T04:10:00,2025-04-08T04:11:00,2025-04-08T04:11:00,2025-04-08T05:10:00,2025-04-08T04:10:00
182596e3-a7bf-4257-908a-d65991409af9,f223a4f6-c225-4507-97d1-816ed3798525,00924f36-733f-4345-a507-751101551a9c,COMPLETED,2025-04-08T04:12:00,2025-04-08T04:22:00,2025-04-08T04:22:00,2025-04-08T07:12:00,2025-04-08T04:12:00
4268785f-94da-41ae-9018-1a4d9bd0753c,8e8a67c4-16b1-4ee0-99c1-d2208d2801fb,cc823700-76b8-4614-9bae-555be744cc6e,MISSED,2025-04-08T06:47:00,,,,2025-04-08T06:47:00
de9ce9db-2105-43f6-823a-4c5ea01547fd,8e8a67c4-16b1-4ee0-99c1-d2208d2801fb,96e372e4-86b2-4e68-b468-3cdf7686a490,ACCEPTED,2025-04-08T06:50:00,2025-04-08T06:58:00,2025-04-08T06:58:00,,2025-04-08T06:50:00
66bfa73b-69dc-46ca-92ac-afb648087752,8e8a67c4-16b1-4ee0-99c1-d2208d2801fb,f6556829-5e66-4e5a-aff5-3233c86566a8,MISSED,2025-04-08T06:50:00,,,,2025-04-08T06:50:00
f7091a20-9ce5-4d48-8a74-5196a605820d,8e8a67c4-16b1-4ee0-99c1-d2208d2801fb,9a08a817-eaf1-4182-9eb1-290121129ead,ACCEPTED,2025-04-08T06:51:00,2025-04-08T06:58:00,2025-04-08T06:58:00,,2025-04-08T06:51:00
228e4a33-d30c-49db-8209-e254121bbd51,8e8a67c4-16b1-4ee0-99c1-d2208d2801fb,626cbf28-4c14-4dc1-a51b-9a94ba59000e,ACCEPTED,2025-04-08T06:53:00,2025-04-08T06:56:00,2025-04-08T06:56:00,,2025-04-08T06:53:00
287e215a-dd99-47d2-bdae-53348cf7ca4b,3f65e448-5ab5-448d-8c51-9513ed3ab624,1b195c08-15b1-40fe-af14-43f69a65bef9,NO_RESPONSE,2025-04-08T08:31:00,,,,2025-04-08T08:31:00
b3d9fb3a-cf35-4e48-b82b-ca3cdd547f19,3f65e448-5ab5-448d-8c51-9513ed3ab624,68cf86cf-66aa-443c-ae5b-e601c8cc76c7,ACCEPTED,2025-04-08T08:36:00,2025-04-08T08:44:00,2025-04-08T08:44:00,,2025-04-08T08:36:00
eb07db99-e85d-4cfb-9004-257b50608d9a,3f65e448-5ab5-448d-8c51-9513ed3ab624,b649daf0-45a0-4879-bceb-08f29bf19ce2,ACCEPTED,2025-04-08T08:39:00,2025-04-08T08:50:00,2025-04-08T08:50:00,,2025-04-08T08:39:00
e94640df-57e3-48bf-9d49-d39f38d9550c,db866134-5cf9-4347-a1df-ef43ed93798b,afa47c4e-62b3-4586-9824-3169d0ae4f73,COMPLETED,2025-04-08T14:26:00,2025-04-08T14:39:00,2025-04-08T14:39:00,2025-04-08T16:26:00,2025-04-08T14:26:00
e4d1f05e-9d7a-4d07-8709-fe4202d374bc,db866134-5cf9-4347-a1df-ef43ed93798b,6c926c1e-7975-4345-a762-128c25695f2b,ACCEPTED,2025-04-08T14:26:00,2025-04-08T14:31:00,2025-04-08T14:31:00,,2025-04-08T14:26:00
38f0359a-4f7d-411f-a6bd-7a4ee051d94e,db866134-5cf9-4347-a1df-ef43ed93798b,f3cd1be3-bc16-4a73-961d-f832dfb5f084,NO_RESPONSE,2025-04-08T14:29:00,,,,2025-04-08T14:29:00
7d14e303-27d2-4655-8315-8565b88b741d,db866134-5cf9-4347-a1df-ef43ed93798b,86adaeeb-d381-4c0f-87c8-ba59ce1cad28,DECLINED,2025-04-08T14:31:00,2025-04-08T14:37:00,,,2025-04-08T14:31:00
5e3113c7-6e6c-4cf9-9558-17eba2c687df,db866134-5cf9-4347-a1df-ef43ed93798b,4b4303f9-d680-4320-80ac-0fc7377998df,NO_RESPONSE,2025-04-08T14:33:00,,,,2025-04-08T14:33:00
a996ba8d-d6bd-466e-a806-389df5f9d820,db866134-5cf9-4347-a1df-ef43ed93798b,56cb3f18-5215-48ce-a5e3-0cd1a2498d02,ACCEPTED,2025-04-08T14:33:00,2025-04-08T14:42:00,2025-04-08T14:42:00,,2025-04-08T14:33:00
cf490253-c9e5-49c6-835f-7f9cb1b7e974,38e39fde-1900-4a16-b8ec-e2150a1b4d7c,aa432f38-de85-46c8-ad80-6b3373671c95,DECLINED,2025-04-08T16:25:00,2025-04-08T16:30:00,,,2025-04-08T16:25:00
f32b1ba2-c754-41f4-9b10-d156dd177049,38e39fde-1900-4a16-b8ec-e2150a1b4d7c,a77bcc83-4a3d-492d-bcd8-592aba88fc9d,EXPIRED,2025-04-08T16:35:00,,,,2025-04-08T16:35:00
9ea658f7-26e4-47e4-89f1-d0594bdc3bb7,ab4e8a0b-2e11-4484-8155-d3b3d96ec799,11955be9-03b2-4274-9002-7a2a5ae499a8,ACCEPTED,2025-04-08T18:07:00,2025-04-08T18:17:00,2025-04-08T18:17:00,,2025-04-08T18:07:00
232da3df-23e3-4cbc-b023-705e3b1ac7d0,ab4e8a0b-2e11-4484-8155-d3b3d96ec799,fdd10e56-22de-4a56-98b8-fcf4cc56744d,ACCEPTED,2025-04-08T18:10:00,2025-04-08T18:22:00,2025-04-08T18:22:00,,2025-04-08T18:10:00
9022c987-929c-4064-b315-8a5cb036269a,5679aa75-008a-40c2-b4af-d63550ca5aff,c2695e79-4d08-4f69-b539-6de83b562463,COMPLETED,2025-04-08T20:31:00,2025-04-08T20:35:00,2025-04-08T20:35:00,2025-04-08T22:31:00,2025-04-08T20:31:00
7b9716c0-c34f-4da4-b25b-f19da93522af,5679aa75-008a-40c2-b4af-d63550ca5aff,ba816062-c1ac-43da-97de-4c1216324bb5,ACCEPTED,2025-04-08T20:32:00,2025-04-08T20:44:00,2025-04-08T20:44:00,,2025-04-08T20:32:00
5e5c5d7e-136a-40ae-9470-91171d09d6bd,5679aa75-008a-40c2-b4af-d63550ca5aff,927dc24f-3e95-4ab2-a387-73907d3af8e7,ACCEPTED,2025-04-08T20:32:00,2025-04-08T20:36:00,2025-04-08T20:36:00,,2025-04-08T20:32:00
55c95293-ebd3-4a7c-b175-c2317ac05829,5679aa75-008a-40c2-b4af-d63550ca5aff,b28c5ded-195b-4262-9bb7-b808a353150d,ACCEPTED,2025-04-08T20:33:00,2025-04-08T20:36:00,2025-04-08T20:36:00,,2025-04-08T20:33:00
c15fd565-edcb-47a0-8380-226bc8b5f6bd,5679aa75-008a-40c2-b4af-d63550ca5aff,3d9f3b15-c774-4537-9706-6a9c0ce3bcd0,ACCEPTED,2025-04-08T20:35:00,2025-04-08T20:45:00,2025-04-08T20:45:00,,2025-04-08T20:35:00
e76787ae-171b-4a3d-a77d-e208323b6034,b6e7d79a-50af-4e63-8b92-278fa5e2b239,03eeb252-1e41-4f67-91f0-687b64393568,COMPLETED,2025-04-08T20:45:00,2025-04-08T20:53:00,2025-04-08T20:53:00,2025-04-08T21:45:00,2025-04-08T20:45:00
7a43aa54-43ca-458d-9778-8ea97dd63a41,b6e7d79a-50af-4e63-8b92-278fa5e2b239,b649daf0-45a0-4879-bceb-08f29bf19ce2,COMPLETED,2025-04-08T20:51:00,2025-04-08T21:02:00,2025-04-08T21:02:00,2025-04-08T23:51:00,2025-04-08T20:51:00
113251ff-bf35-4a34-ad69-ddd714fefa8b,b6e7d79a-50af-4e63-8b92-278fa5e2b239,468555a1-384e-4985-9c39-f4333176e51f,ACCEPTED,2025-04-08T20:51:00,2025-04-08T21:03:00,2025-04-08T21:03:00,,2025-04-08T20:51:00
12d6c2fd-3c03-4b9c-852d-59b81dec60cb,e8bbe160-1cce-4f78-b910-db653dca3f4a,ed3b9800-2f5e-489d-92bb-8bb1332538be,ACCEPTED,2025-04-08T23:17:00,2025-04-08T23:27:00,2025-04-08T23:27:00,,2025-04-08T23:17:00
3269036d-04c4-4188-b909-483d1904849d,e8bbe160-1cce-4f78-b910-db653dca3f4a,3fbab77f-078b-48d4-ab31-908df43ab95e,ACCEPTED,2025-04-08T23:17:00,2025-04-08T23:23:00,2025-04-08T23:23:00,,2025-04-08T23:17:00
02babe36-b680-4432-b6f5-14b4674c52c6,e8bbe160-1cce-4f78-b910-db653dca3f4a,9a08a817-eaf1-4182-9eb1-290121129ead,ACCEPTED,2025-04-08T23:22:00,2025-04-08T23:25:00,2025-04-08T23:25:00,,2025-04-08T23:22:00
464c11f2-610a-4fe7-84c9-9c2aff335b9a,6d993c2c-856a-4159-a7de-c6122e6ed121,887c04b7-3558-4cd6-b634-cf5a4cd93877,COMPLETED,2025-04-08T23:24:00,2025-04-08T23:28:00,2025-04-08T23:28:00,2025-04-09T01:24:00,2025-04-08T23:24:00
b5650119-1cf4-4bc7-8734-76cbd1f3b76d,e8bbe160-1cce-4f78-b910-db653dca3f4a,d00a6ed9-0c78-4d11-8599-3f98cf750bc5,ACCEPTED,2025-04-08T23:24:00,2025-04-08T23:32:00,2025-04-08T23:32:00,,2025-04-08T23:24:00
d0f7762f-e349-42eb-938f-3307c2a6d7c9,6d993c2c-856a-4159-a7de-c6122e6ed121,03dd11aa-3bce-44bb-af81-d893187d3f9b,COMPLETED,2025-04-08T23:25:00,2025-04-08T23:38:00,2025-04-08T23:38:00,2025-04-09T02:25:00,2025-04-08T23:25:00
3faf75d2-a2df-403a-ab92-b0811dd54751,6d993c2c-856a-4159-a7de-c6122e6ed121,5b144804-32b7-4e82-9f3c-1b20f6f52721,ACCEPTED,2025-04-08T23:27:00,2025-04-08T23:28:00,2025-04-08T23:28:00,,2025-04-08T23:27:00
bb6c2710-5f3d-4a5b-9ec1-fed586f07e23,6d993c2c-856a-4159-a7de-c6122e6ed121,19cad05e-ae8b-4d86-b026-69fbb73b2e76,ACCEPTED,2025-04-08T23:28:00,2025-04-08T23:30:00,2025-04-08T23:30:00,,2025-04-08T23:28:00
3ed3222d-e11a-4a3f-965f-acd1ae4d1744,e8bbe160-1cce-4f78-b910-db653dca3f4a,3b9f8b84-9d78-41c0-8faf-289fde279e85,NO_RESPONSE,2025-04-08T23:28:00,,,,2025-04-08T23:28:00
b1a9c904-a828-4368-abcd-dbb3d38b90f6,e8bbe160-1cce-4f78-b910-db653dca3f4a,af32b242-6347-4914-8703-8bc3222ac8c4,COMPLETED,2025-04-08T23:29:00,2025-04-08T23:41:00,2025-04-08T23:41:00,2025-04-09T01:29:00,2025-04-08T23:29:00
9c316640-844e-429a-ae24-a7ca70c591b7,1d99ed76-6be0-40d1-b0a1-8641fe58efdd,8472b4dc-b0f7-4b8e-aeb1-10bfb842eb2f,COMPLETED,2025-04-09T03:20:00,2025-04-09T03:30:00,2025-04-09T03:30:00,2025-04-09T06:20:00,2025-04-09T03:20:00
029f0297-080b-4fae-af7f-462c890d3a3a,1d99ed76-6be0-40d1-b0a1-8641fe58efdd,ac4e88c1-0595-40f7-bf14-b77ad397e5dd,MISSED,2025-04-09T03:26:00,,,,2025-04-09T03:26:00
0b785885-5095-456a-af00-a7692faa38d0,1d99ed76-6be0-40d1-b0a1-8641fe58efdd,5af7e665-37a6-4d00-a895-44a3a239f4cf,ACCEPTED,2025-04-09T03:27:00,2025-04-09T03:39:00,2025-04-09T03:39:00,,2025-04-09T03:27:00
05cb9e1c-b0cb-4524-ad9d-29e84ba25f24,1d99ed76-6be0-40d1-b0a1-8641fe58efdd,96b33493-7f4b-4752-a880-e07a1deccfc8,COMPLETED,2025-04-09T03:27:00,2025-04-09T03:30:00,2025-04-09T03:30:00,2025-04-09T05:27:00,2025-04-09T03:27:00
d590d5b2-402a-4935-b2fb-c233bb497c17,1d99ed76-6be0-40d1-b0a1-8641fe58efdd,ad71dc4d-d139-444d-a8ee-c755441c0f54,ACCEPTED,2025-04-09T03:27:00,2025-04-09T03:32:00,2025-04-09T03:32:00,,2025-04-09T03:27:00
bd7faeef-275a-40c4-973a-54bc7cba3f5d,41f1fbb3-2dd1-40fe-ac0c-9ad022dd63bd,3cad9af4-3e76-49e7-a472-17fbf3b30322,ACCEPTED,2025-04-09T04:45:00,2025-04-09T04:58:00,2025-04-09T04:58:00,,2025-04-09T04:45:00
b4084a2b-214a-41c2-b983-097d14dc47a1,41f1fbb3-2dd1-40fe-ac0c-9ad022dd63bd,1dc62eea-d501-4cc2-8b28-21af417cd2bd,NO_RESPONSE,2025-04-09T04:46:00,,,,2025-04-09T04:46:00
002201d9-427d-4f97-aba8-080ff560473d,41f1fbb3-2dd1-40fe-ac0c-9ad022dd63bd,6c926c1e-7975-4345-a762-128c25695f2b,ACCEPTED,2025-04-09T04:46:00,2025-04-09T04:59:00,2025-04-09T04:59:00,,2025-04-09T04:46:00
2bdaee7d-1e5d-4bfb-9f2a-e14af6d7d200,41f1fbb3-2dd1-40fe-ac0c-9ad022dd63bd,8cd1af9c-4aae-4740-868c-146279a15912,NO_RESPONSE,2025-04-09T04:47:00,,,,2025-04-09T04:47:00
de3ffad7-336a-4217-bad7-57b25adc2c5b,41f1fbb3-2dd1-40fe-ac0c-9ad022dd63bd,7b16f6d6-0f6b-446d-89fe-87723b0ad83c,ACCEPTED,2025-04-09T04:48:00,2025-04-09T04:56:00,2025-04-09T04:56:00,,2025-04-09T04:48:00
399ff7ec-f298-429c-aa90-279890aa7783,41f1fbb3-2dd1-40fe-ac0c-9ad022dd63bd,866f151d-9b2b-4c13-9341-f46f866efb61,NO_RESPONSE,2025-04-09T04:48:00,,,,2025-04-09T04:48:00
416a55dd-ef2f-4b64-820b-f7c09d7af22d,7c01179d-c410-4337-9f49-e80047137f68,56788efb-19f3-4d23-8b92-d96dc8d14718,ACCEPTED,2025-04-09T05:15:00,2025-04-09T05:20:00,2025-04-09T05:20:00,,2025-04-09T05:15:00
130abc61-f145-492f-9082-3a0073424b88,7c01179d-c410-4337-9f49-e80047137f68,8472b4dc-b0f7-4b8e-aeb1-10bfb842eb2f,NO_RESPONSE,2025-04-09T05:15:00,,,,2025-04-09T05:15:00
7b764fc4-4065-44d1-a2c4-e0af6365b065,7c01179d-c410-4337-9f49-e80047137f68,96b33493-7f4b-4752-a880-e07a1deccfc8,NO_RESPONSE,2025-04-09T05:16:00,,,,2025-04-09T05:16:00
357b3b7a-cdd8-4d5e-ba35-bcc226969394,7c01179d-c410-4337-9f49-e80047137f68,77222c64-5090-4b91-b802-e153a736f651,COMPLETED,2025-04-09T05:23:00,2025-04-09T05:25:00,2025-04-09T05:25:00,2025-04-09T08:23:00,2025-04-09T05:23:00
ffc47c21-ba2d-4a68-a0e4-82e622f5c301,7c01179d-c410-4337-9f49-e80047137f68,3f72d86e-c11c-497f-b6d0-5f2e08b013cd,ACCEPTED,2025-04-09T05:26:00,2025-04-09T05:41:00,2025-04-09T05:41:00,,2025-04-09T05:26:00
be89bf88-5fed-4543-9eb0-72102fc366fe,eda7c589-7647-4a81-a6e4-4d551b69ca02,cfca1fba-b8fd-43a2-8e84-7c868fae649d,ACCEPTED,2025-04-09T06:55:00,2025-04-09T07:05:00,2025-04-09T07:05:00,,2025-04-09T06:55:00
330c9393-78d1-45ae-ab31-d876fae49588,eda7c589-7647-4a81-a6e4-4d551b69ca02,40e2e31f-1e2d-4f70-9de8-91ad096fe41a,COMPLETED,2025-04-09T06:58:00,2025-04-09T07:05:00,2025-04-09T07:05:00,2025-04-09T09:58:00,2025-04-09T06:58:00
0429523d-c3a7-48a2-b4d6-d8feff8fe671,06e15e95-ce27-492f-81c6-ca595d64b825,aed96858-5a79-4453-afc9-995064972c5b,ACCEPTED,2025-04-09T07:26:00,2025-04-09T07:34:00,2025-04-09T07:34:00,,2025-04-09T07:26:00
87a4aa9f-43e9-4bcd-bd8d-92f415491adf,06e15e95-ce27-492f-81c6-ca595d64b825,6c42715a-7792-4ae5-bd27-72ddeffdf209,ACCEPTED,2025-04-09T07:27:00,2025-04-09T07:31:00,2025-04-09T07:31:00,,2025-04-09T07:27:00
bd3b5980-8b50-4663-8a3c-f412fe0e6007,06e15e95-ce27-492f-81c6-ca595d64b825,4408ab43-7f7a-4a44-b781-4dd2edca4a74,ACCEPTED,2025-04-09T07:32:00,2025-04-09T07:41:00,2025-04-09T07:41:00,,2025-04-09T07:32:00
b33e9f12-97ef-445c-bafa-f9ed4ce22e46,06e15e95-ce27-492f-81c6-ca595d64b825,8d54dd37-108d-4ec9-87e8-552d73629a00,ACCEPTED,2025-04-09T07:32:00,2025-04-09T07:33:00,2025-04-09T07:33:00,,2025-04-09T07:32:00
e85b7006-54dd-4cd8-aae2-59e7c3fe559c,06e15e95-ce27-492f-81c6-ca595d64b825,74de697e-ecd0-4975-8057-f21088a888b4,COMPLETED,2025-04-09T07:33:00,2025-04-09T07:39:00,2025-04-09T07:39:00,2025-04-09T09:33:00,2025-04-09T07:33:00
f0a95f8d-be0e-4066-9729-f78ce9f01639,12275b8b-c0b1-416e-a85f-8ec24b77b1a7,a8a1af91-93b6-4f04-8e14-d38aa8302607,EXPIRED,2025-04-09T08:06:00,,,,2025-04-09T08:06:00
9e001e1f-16a0-4f85-baa8-fa72c78be271,12275b8b-c0b1-416e-a85f-8ec24b77b1a7,63e1e7de-8090-46e0-a921-6add4ddcfef9,ACCEPTED,2025-04-09T08:09:00,2025-04-09T08:19:00,2025-04-09T08:19:00,,2025-04-09T08:09:00
484a9b33-e735-419e-a6ff-b5f86ef2e61e,12275b8b-c0b1-416e-a85f-8ec24b77b1a7,3b9f8b84-9d78-41c0-8faf-289fde279e85,NO_RESPONSE,2025-04-09T08:17:00,,,,2025-04-09T08:17:00
83bd46c5-b64a-422a-89bb-dec6f2413350,225be3c6-f47e-4305-9858-238d2a2250c7,6c25e2ff-8bc0-4abc-a978-052ba5e4650a,COMPLETED,2025-04-09T10:19:00,2025-04-09T10:27:00,2025-04-09T10:27:00,2025-04-09T11:19:00,2025-04-09T10:19:00
d9e6a726-ac35-465c-b0f9-21564764aa4b,225be3c6-f47e-4305-9858-238d2a2250c7,8e9081d8-32bc-44c1-9c03-cec99543a8c8,ACCEPTED,2025-04-09T10:25:00,2025-04-09T10:38:00,2025-04-09T10:38:00,,2025-04-09T10:25:00
81bf0492-493f-4318-86ee-138d84068eee,225be3c6-f47e-4305-9858-238d2a2250c7,878b86c2-438d-4767-ad44-f8c58de74bd2,COMPLETED,2025-04-09T10:25:00,2025-04-09T10:40:00,2025-04-09T10:40:00,2025-04-09T11:25:00,2025-04-09T10:25:00
5ea986d4-fb80-42a4-9f2f-a78dcf721e2f,225be3c6-f47e-4305-9858-238d2a2250c7,e00b0ffc-7f24-4a41-8150-e710ef1d3730,ACCEPTED,2025-04-09T10:29:00,2025-04-09T10:34:00,2025-04-09T10:34:00,,2025-04-09T10:29:00
0d23029c-26ca-4b69-a17e-780d0759f2c0,d11859a0-34ee-4083-ac9e-4f43788379e9,2ef47c0b-e8fe-448b-93ff-36c85588d2fd,ACCEPTED,2025-04-09T11:49:00,2025-04-09T11:56:00,2025-04-09T11:56:00,,2025-04-09T11:49:00
0c21a159-3f58-4287-a426-a7dda5ad5146,d11859a0-34ee-4083-ac9e-4f43788379e9,7b16f6d6-0f6b-446d-89fe-87723b0ad83c,COMPLETED,2025-04-09T11:55:00,2025-04-09T11:56:00,2025-04-09T11:56:00,2025-04-09T13:55:00,2025-04-09T11:55:00
1f12aee7-62eb-4245-957b-f8d1e5400cfb,3754b9d5-d06b-4765-a37c-ec88b73f5297,ef2b35e1-aedc-4a84-a9b0-5f90c4eca927,COMPLETED,2025-04-09T13:18:00,2025-04-09T13:22:00,2025-04-09T13:22:00,2025-04-09T15:18:00,2025-04-09T13:18:00
eac42186-6487-43d6-986d-37cc2a488252,3754b9d5-d06b-4765-a37c-ec88b73f5297,c52b0995-269e-4253-8965-8f14d5fd2b13,ACCEPTED,2025-04-09T13:19:00,2025-04-09T13:27:00,2025-04-09T13:27:00,,2025-04-09T13:19:00
e570af96-bf5a-4f3e-be50-1b64353f34c1,3754b9d5-d06b-4765-a37c-ec88b73f5297,c2a90a3b-30e9-4457-987f-0a655b5556d2,ACCEPTED,2025-04-09T13:25:00,2025-04-09T13:30:00,2025-04-09T13:30:00,,2025-04-09T13:25:00
0f94e19c-6856-4a7a-a168-d3bdff0b73ba,8d76ef02-9599-49ff-b05b-58273e648111,2c4d68b2-c9d6-4244-9ac3-ce7b208c9147,COMPLETED,2025-04-09T14:48:00,2025-04-09T15:01:00,2025-04-09T15:01:00,2025-04-09T17:48:00,2025-04-09T14:48:00
4aa33de6-bad9-414c-b739-7141b8948913,8d76ef02-9599-49ff-b05b-58273e648111,2fe42234-9f74-4aa2-8d63-a0c3cf398172,ACCEPTED,2025-04-09T14:50:00,2025-04-09T15:00:00,2025-04-09T15:00:00,,2025-04-09T14:50:00
0aba2ebc-1d1b-4527-b3c5-f3d5bbe72e9d,8d76ef02-9599-49ff-b05b-58273e648111,64333604-4c8c-43e1-a6e9-7c4582414c02,COMPLETED,2025-04-09T14:59:00,2025-04-09T15:14:00,2025-04-09T15:14:00,2025-04-09T15:59:00,2025-04-09T14:59:00
3822245b-6095-4d99-9156-f590ce780f69,23725929-4113-474a-8790-72c4fb98d71e,11955be9-03b2-4274-9002-7a2a5ae499a8,NO_RESPONSE,2025-04-09T15:37:00,,,,2025-04-09T15:37:00
6a36fcb8-2713-4242-8ce8-8045b0556b08,23725929-4113-474a-8790-72c4fb98d71e,f63c50b9-9712-4146-b62f-580951ca12c3,ACCEPTED,2025-04-09T15:39:00,2025-04-09T15:42:00,2025-04-09T15:42:00,,2025-04-09T15:39:00
972a63d1-b42b-41f3-bc5a-db289cdd940a,23725929-4113-474a-8790-72c4fb98d71e,8f0171fa-2b4f-4a99-912e-358eb8726b6c,NO_RESPONSE,2025-04-09T15:42:00,,,,2025-04-09T15:42:00
918d771c-af84-4325-a5c4-5333094f8823,23725929-4113-474a-8790-72c4fb98d71e,556bf703-12c9-40e6-98a3-1835bb3d53a7,COMPLETED,2025-04-09T15:43:00,2025-04-09T15:54:00,2025-04-09T15:54:00,2025-04-09T16:43:00,2025-04-09T15:43:00
884721ef-8569-4f12-8ee6-2e3b20bfdc87,23725929-4113-474a-8790-72c4fb98d71e,a77bcc83-4a3d-492d-bcd8-592aba88fc9d,ACCEPTED,2025-04-09T15:47:00,2025-04-09T16:02:00,2025-04-09T16:02:00,,2025-04-09T15:47:00
1e175328-ad3c-4edb-8a84-05f2b99e97ee,692e0d70-4459-4b01-9ce7-4e6313cf6067,628e4e35-5853-4d59-b32f-4056b7e3e27b,ACCEPTED,2025-04-09T16:07:00,2025-04-09T16:22:00,2025-04-09T16:22:00,,2025-04-09T16:07:00
e0369b72-a9f7-4180-9604-2262cff9453f,692e0d70-4459-4b01-9ce7-4e6313cf6067,543b149c-d59c-49f5-bb4f-e6ac6bd72dd3,NO_RESPONSE,2025-04-09T16:07:00,,,,2025-04-09T16:07:00
b5518e1f-494f-4ab3-852d-6ff26519c3c6,e995e140-2d12-4ff2-9fdd-651e83c10f50,ed86563a-268b-43b8-851a-f22f9296edc5,COMPLETED,2025-04-10T02:17:00,2025-04-10T02:26:00,2025-04-10T02:26:00,2025-04-10T03:17:00,2025-04-10T02:17:00
f7ff6d75-6e8f-4274-a004-4d311876c7bb,e995e140-2d12-4ff2-9fdd-651e83c10f50,dd1ab9ef-a26d-487b-9f4e-071ae247a999,ACCEPTED,2025-04-10T02:19:00,2025-04-10T02:20:00,2025-04-10T02:20:00,,2025-04-10T02:19:00
865b65c2-185e-464e-bba1-41dfaa7d86f3,e995e140-2d12-4ff2-9fdd-651e83c10f50,68cf86cf-66aa-443c-ae5b-e601c8cc76c7,MISSED,2025-04-10T02:20:00,,,,2025-04-10T02:20:00
35e9f9ae-209d-4aeb-8c05-415afa3d7e21,e995e140-2d12-4ff2-9fdd-651e83c10f50,83d13c8e-fd29-4343-bf35-4497b673a39d,ACCEPTED,2025-04-10T02:22:00,2025-04-10T02:25:00,2025-04-10T02:25:00,,2025-04-10T02:22:00
ca57e6e4-c5ce-45a8-a9b5-27da01be8a54,e995e140-2d12-4ff2-9fdd-651e83c10f50,846be435-a2e1-4850-bad5-07de99099078,COMPLETED,2025-04-10T02:22:00,2025-04-10T02:24:00,2025-04-10T02:24:00,2025-04-10T04:22:00,2025-04-10T02:22:00
c03f4fd8-e9ad-493a-ad4e-a095d4f7b8cc,0bfda94f-8fa1-433c-80f4-17a4d514ecb9,62758655-2759-47fd-8cfb-18e44d2da35e,ACCEPTED,2025-04-10T07:50:00,2025-04-10T08:01:00,2025-04-10T08:01:00,,2025-04-10T07:50:00
15e6dd4b-8eb2-4f0d-b1ba-1bbf426d6157,0bfda94f-8fa1-433c-80f4-17a4d514ecb9,64af186a-4a5e-4d8e-8b52-ff4a3c5bc1ec,MISSED,2025-04-10T07:51:00,,,,2025-04-10T07:51:00
1221cd0e-3029-4e67-a2f6-fd2fca14995b,0bfda94f-8fa1-433c-80f4-17a4d514ecb9,ef2b35e1-aedc-4a84-a9b0-5f90c4eca927,NO_RESPONSE,2025-04-10T07:52:00,,,,2025-04-10T07:52:00
69b1731a-3984-4156-973b-66a5f3bc2903,0bfda94f-8fa1-433c-80f4-17a4d514ecb9,7f3eb456-b77d-4612-a975-16e81b7af215,ACCEPTED,2025-04-10T07:57:00,2025-04-10T08:01:00,2025-04-10T08:01:00,,2025-04-10T07:57:00
4c647b3a-6bef-4a9b-bbfb-bbdaf54f3342,0bfda94f-8fa1-433c-80f4-17a4d514ecb9,836f20e8-ac46-4599-a783-92f86ea182c4,COMPLETED,2025-04-10T08:01:00,2025-04-10T08:13:00,2025-04-10T08:13:00,2025-04-10T09:01:00,2025-04-10T08:01:00
9c8bcae6-78d1-4cfb-b128-00d374440118,0bfda94f-8fa1-433c-80f4-17a4d514ecb9,4408ab43-7f7a-4a44-b781-4dd2edca4a74,COMPLETED,2025-04-10T08:02:00,2025-04-10T08:11:00,2025-04-10T08:11:00,2025-04-10T10:02:00,2025-04-10T08:02:00
d508bde9-6c98-4f05-83d2-8491778f76e8,adc3fef3-c995-4e0c-960b-5431cfe99ab1,7dce07a7-bf0e-49d0-8e10-0fae45654bf0,ACCEPTED,2025-04-10T10:51:00,2025-04-10T11:06:00,2025-04-10T11:06:00,,2025-04-10T10:51:00
336ce6b5-bc94-4bdf-97dd-fa2f0a92b092,adc3fef3-c995-4e0c-960b-5431cfe99ab1,b0102217-6663-410d-8e4b-e802cddf4baa,COMPLETED,2025-04-10T10:53:00,2025-04-10T10:55:00,2025-04-10T10:55:00,2025-04-10T12:53:00,2025-04-10T10:53:00
80d9e437-e0d4-4a70-951e-127046d6d70f,3e770bb8-1673-4b73-9457-4bff5e68b20b,ed732f11-698a-40e6-8fab-9a1b078261d2,ACCEPTED,2025-04-10T14:22:00,2025-04-10T14:37:00,2025-04-10T14:37:00,,2025-04-10T14:22:00
390e7629-5368-422b-81a5-eb1c792c8723,3e770bb8-1673-4b73-9457-4bff5e68b20b,1e051bc4-2ef6-4736-b427-d4e81bbdd5d3,MISSED,2025-04-10T14:26:00,,,,2025-04-10T14:26:00
56d6a42a-eded-488e-9677-c7aded4d30f3,3e770bb8-1673-4b73-9457-4bff5e68b20b,985ab403-ddfd-47f6-9b98-9ce2f7dcd16e,COMPLETED,2025-04-10T14:27:00,2025-04-10T14:29:00,2025-04-10T14:29:00,2025-04-10T16:27:00,2025-04-10T14:27:00
25cc4006-4249-4874-918e-574249f604b8,3e770bb8-1673-4b73-9457-4bff5e68b20b,445beb91-c8f4-47ed-b5c7-e8a70759c76b,COMPLETED,2025-04-10T14:28:00,2025-04-10T14:31:00,2025-04-10T14:31:00,2025-04-10T16:28:00,2025-04-10T14:28:00
a849ab74-4368-4196-961b-590a87fd26e4,3e770bb8-1673-4b73-9457-4bff5e68b20b,d2d58d90-c3b6-419c-80fc-cd468552f315,EXPIRED,2025-04-10T14:31:00,,,,2025-04-10T14:31:00
59fd6ede-fd9f-4059-91fb-00b3c0abf061,3e770bb8-1673-4b73-9457-4bff5e68b20b,4b4303f9-d680-4320-80ac-0fc7377998df,NO_RESPONSE,2025-04-10T14:31:00,,,,2025-04-10T14:31:00
bf5e41b1-7d9f-4923-b59f-ef3f02ffd2e3,15cda58f-8d74-4182-8a4a-249b550fdb8a,eb9471c8-ba19-42a2-94b9-9a533ce84d63,ACCEPTED,2025-04-11T03:23:00,2025-04-11T03:36:00,2025-04-11T03:36:00,,2025-04-11T03:23:00
0b393036-c0a3-4808-9654-f87c3b03ef7b,15cda58f-8d74-4182-8a4a-249b550fdb8a,2c1091c3-2c2e-4305-8524-f2651ddbea75,EXPIRED,2025-04-11T03:28:00,,,,2025-04-11T03:28:00
752f5cb0-cdfd-475f-bf6f-714cea73fbaf,15cda58f-8d74-4182-8a4a-249b550fdb8a,5a1a919b-115a-40fc-ad8a-b6ffd35a23eb,COMPLETED,2025-04-11T03:28:00,2025-04-11T03:41:00,2025-04-11T03:41:00,2025-04-11T04:28:00,2025-04-11T03:28:00
6fb92c54-1bcd-4ed7-9570-9c0ea53c3796,15cda58f-8d74-4182-8a4a-249b550fdb8a,f63c50b9-9712-4146-b62f-580951ca12c3,ACCEPTED,2025-04-11T03:29:00,2025-04-11T03:35:00,2025-04-11T03:35:00,,2025-04-11T03:29:00
676d2f01-67e9-4b78-9f54-2c8cb60aa12e,1492c3a9-ef67-417d-9081-d0524b9a7a5a,ffd6e179-bce4-414a-9aef-db47a3caea86,DECLINED,2025-04-11T04:42:00,2025-04-11T04:54:00,,,2025-04-11T04:42:00
a7480022-798b-4e70-81f0-eabf819b1f6b,1492c3a9-ef67-417d-9081-d0524b9a7a5a,606e67ca-9ccf-47a9-951e-95c0bc77f20d,EXPIRED,2025-04-11T04:45:00,,,,2025-04-11T04:45:00
3b7c46b1-b796-4a75-9845-b38236c1eb03,1492c3a9-ef67-417d-9081-d0524b9a7a5a,aed96858-5a79-4453-afc9-995064972c5b,COMPLETED,2025-04-11T04:46:00,2025-04-11T04:58:00,2025-04-11T04:58:00,2025-04-11T07:46:00,2025-04-11T04:46:00
29ab4ffa-89ed-4478-920e-5af5d674778c,1492c3a9-ef67-417d-9081-d0524b9a7a5a,2c4d68b2-c9d6-4244-9ac3-ce7b208c9147,ACCEPTED,2025-04-11T04:51:00,2025-04-11T04:54:00,2025-04-11T04:54:00,,2025-04-11T04:51:00
05f8f21b-7b75-4770-a04a-8d3abf1956ed,778b254d-53f4-4faf-bb05-7dd2f67900b1,f7f1655c-f8c2-4296-91c4-9f8f570ad765,COMPLETED,2025-04-11T05:50:00,2025-04-11T05:56:00,2025-04-11T05:56:00,2025-04-11T08:50:00,2025-04-11T05:50:00
f27659c8-9242-4503-94a9-97c88453fd42,778b254d-53f4-4faf-bb05-7dd2f67900b1,6c5114ec-b8e2-4c74-8e20-93ded422c3b1,DECLINED,2025-04-11T05:52:00,2025-04-11T06:10:00,,,2025-04-11T05:52:00
ad4ee337-80be-4aab-bfa1-59f428ac7dfc,778b254d-53f4-4faf-bb05-7dd2f67900b1,b55baffe-83af-4af1-b800-2efe44d895fa,ACCEPTED,2025-04-11T05:57:00,2025-04-11T06:05:00,2025-04-11T06:05:00,,2025-04-11T05:57:00
9ac16eb9-2c9e-441e-8f8a-ce7974ab1082,778b254d-53f4-4faf-bb05-7dd2f67900b1,1ee3aa44-6749-4c32-9bfe-c3306275fe48,COMPLETED,2025-04-11T06:01:00,2025-04-11T06:12:00,2025-04-11T06:12:00,2025-04-11T07:01:00,2025-04-11T06:01:00
45225362-6351-46da-a2a5-167ff4da67e7,5cde182a-90cc-4a2c-8fe2-58f2f4ed792d,8149a5a0-b1e9-4bb0-a980-b7f5bdcb02a4,ACCEPTED,2025-04-11T06:21:00,2025-04-11T06:36:00,2025-04-11T06:36:00,,2025-04-11T06:21:00
57faf596-8673-4a4b-a5a8-d5b41720f178,5cde182a-90cc-4a2c-8fe2-58f2f4ed792d,3f562206-66c9-45c7-94e1-a9dfde284d1b,MISSED,2025-04-11T06:21:00,,,,2025-04-11T06:21:00
4e4f2f5c-7f7b-49c1-83a3-836fe1abc78e,5cde182a-90cc-4a2c-8fe2-58f2f4ed792d,0f830c26-3d4f-4cf5-81cf-08041535d161,ACCEPTED,2025-04-11T06:22:00,2025-04-11T06:31:00,2025-04-11T06:31:00,,2025-04-11T06:22:00
de9e71bb-2ef8-43c4-a398-1995ad6ba609,47c3afe1-70c2-45cc-ae91-967caf0767f1,804fa05c-3d11-4c0b-acfe-70a082a82e75,COMPLETED,2025-04-11T12:34:00,2025-04-11T12:42:00,2025-04-11T12:42:00,2025-04-11T15:34:00,2025-04-11T12:34:00
89cc3847-ad6e-447c-8c13-ffadc20aea93,47c3afe1-70c2-45cc-ae91-967caf0767f1,553294c5-4565-4d5a-a069-6e8126905be4,ACCEPTED,2025-04-11T12:37:00,2025-04-11T12:43:00,2025-04-11T12:43:00,,2025-04-11T12:37:00
53ad6a75-2432-47bf-9f07-67da4ce7bfb8,47c3afe1-70c2-45cc-ae91-967caf0767f1,19e65af6-da1e-4052-bf71-1659737f5cc7,ACCEPTED,2025-04-11T12:40:00,2025-04-11T12:43:00,2025-04-11T12:43:00,,2025-04-11T12:40:00
347386e0-43c7-4852-8b79-e1327a329718,47c3afe1-70c2-45cc-ae91-967caf0767f1,5ae18917-1ec4-457c-a836-7efc4c4c8fff,ACCEPTED,2025-04-11T12:40:00,2025-04-11T12:42:00,2025-04-11T12:42:00,,2025-04-11T12:40:00
82280067-393c-4155-b961-d1ce29bf0176,a065f3d5-20e7-454d-8a10-d76c8808fcce,1ddad590-150e-4d2c-be85-cbcda276cb70,ACCEPTED,2025-04-11T15:00:00,2025-04-11T15:03:00,2025-04-11T15:03:00,,2025-04-11T15:00:00
0d18b5b8-d8ef-4a4b-9ad1-69d3a237ba57,a065f3d5-20e7-454d-8a10-d76c8808fcce,6a9c2430-d23f-4e3a-9d23-36289b5ec791,ACCEPTED,2025-04-11T15:02:00,2025-04-11T15:07:00,2025-04-11T15:07:00,,2025-04-11T15:02:00
447553ad-23ae-4e8f-b3ce-11921ad83f3f,0dce2985-3ed7-4b74-96ec-6318acd520d8,c5df4563-5594-46ee-912f-a3c37bc8f200,EXPIRED,2025-04-11T15:51:00,,,,2025-04-11T15:51:00
c6daf7de-fd93-4a34-b6f7-a1bec2877c40,0dce2985-3ed7-4b74-96ec-6318acd520d8,d74d726f-1a04-4093-9eb1-ae0ea06feb1c,ACCEPTED,2025-04-11T15:53:00,2025-04-11T16:08:00,2025-04-11T16:08:00,,2025-04-11T15:53:00
d5c24887-dc6c-4819-bfa9-de1d8b50d1d2,0dce2985-3ed7-4b74-96ec-6318acd520d8,979b5d05-d629-42eb-925c-ca3d093ceaca,EXPIRED,2025-04-11T15:56:00,,,,2025-04-11T15:56:00
84b8f21d-0d96-46cc-96bd-1727c5bde1c1,95d65516-f4ea-43b3-b976-06ac95c4f2bc,533414cd-671e-4157-a291-db237359e3c8,ACCEPTED,2025-04-11T22:05:00,2025-04-11T22:16:00,2025-04-11T22:16:00,,2025-04-11T22:05:00
1acbe871-ce2e-4f1e-ad71-762ea5bcf9f0,95d65516-f4ea-43b3-b976-06ac95c4f2bc,6c926c1e-7975-4345-a762-128c25695f2b,ACCEPTED,2025-04-11T22:08:00,2025-04-11T22:17:00,2025-04-11T22:17:00,,2025-04-11T22:08:00
ddb6b0e5-d915-4cec-a78b-78237a08e50a,95d65516-f4ea-43b3-b976-06ac95c4f2bc,cd532bc0-2367-446e-8e57-68c7cd6101f6,ACCEPTED,2025-04-11T22:09:00,2025-04-11T22:13:00,2025-04-11T22:13:00,,2025-04-11T22:09:00
222fd3a7-7cf6-48be-8d44-851dcfc7cdcc,95d65516-f4ea-43b3-b976-06ac95c4f2bc,ed3b9800-2f5e-489d-92bb-8bb1332538be,ACCEPTED,2025-04-11T22:12:00,2025-04-11T22:25:00,2025-04-11T22:25:00,,2025-04-11T22:12:00
d65e1a3e-7726-4221-a4eb-c58942db478a,95d65516-f4ea-43b3-b976-06ac95c4f2bc,972c2711-206c-49a4-b763-2a7319f31c08,ACCEPTED,2025-04-11T22:13:00,2025-04-11T22:14:00,2025-04-11T22:14:00,,2025-04-11T22:13:00
16c6f7c4-023b-42fc-b6cf-ba15550871e7,95d65516-f4ea-43b3-b976-06ac95c4f2bc,1693939d-11cb-4a60-bfb6-8f2fec00eb4f,COMPLETED,2025-04-11T22:18:00,2025-04-11T22:32:00,2025-04-11T22:32:00,2025-04-12T01:18:00,2025-04-11T22:18:00
77e6afee-2e2d-488a-968f-aef8aa9d0bc3,45bba960-ddd3-4f9e-9e59-9472735f6411,7689a61a-5823-4dd9-8e3c-29c2d4415219,EXPIRED,2025-04-11T23:59:00,,,,2025-04-11T23:59:00
56bff18e-2e71-46c3-9355-c09dfcec731f,45bba960-ddd3-4f9e-9e59-9472735f6411,3f72d86e-c11c-497f-b6d0-5f2e08b013cd,COMPLETED,2025-04-12T00:00:00,2025-04-12T00:10:00,2025-04-12T00:10:00,2025-04-12T03:00:00,2025-04-12T00:00:00
86737d44-8fc7-4093-916b-1895ce4deb42,6f9ee44a-fcc5-46f4-9cf8-26a040dc6ae2,14dd9b4c-5ebc-4843-9f14-a7de9f6c0f44,NO_RESPONSE,2025-04-12T00:38:00,,,,2025-04-12T00:38:00
57cee2b9-e52d-4a53-b3a0-a1ccfd571546,6f9ee44a-fcc5-46f4-9cf8-26a040dc6ae2,1b81506a-481d-42f6-b01c-dbb52717cc9e,ACCEPTED,2025-04-12T00:38:00,2025-04-12T00:52:00,2025-04-12T00:52:00,,2025-04-12T00:38:00
d8d9349b-b67e-4ea4-96ec-30f17cf405e6,6f9ee44a-fcc5-46f4-9cf8-26a040dc6ae2,89351c19-fb07-4021-8981-38f3a660e1f1,NO_RESPONSE,2025-04-12T00:42:00,,,,2025-04-12T00:42:00
1a5816fd-1f81-495c-8199-1505fa8daed5,d84fdded-d747-43ce-9938-ca60a5af2f73,797a96d3-916e-44ca-9537-0bd455606d82,EXPIRED,2025-04-12T02:23:00,,,,2025-04-12T02:23:00
cb7e4bfb-addd-455f-b4a7-b4a1969ea673,d84fdded-d747-43ce-9938-ca60a5af2f73,d74d726f-1a04-4093-9eb1-ae0ea06feb1c,COMPLETED,2025-04-12T02:24:00,2025-04-12T02:26:00,2025-04-12T02:26:00,2025-04-12T03:24:00,2025-04-12T02:24:00
f2b3ebb6-ef4b-4b9d-bc8f-67995356c094,d84fdded-d747-43ce-9938-ca60a5af2f73,34dc13fa-a9a1-4b88-8692-d63511225a68,ACCEPTED,2025-04-12T02:24:00,2025-04-12T02:36:00,2025-04-12T02:36:00,,2025-04-12T02:24:00
1887fbab-8727-4e55-ba7d-a6546c31fbd4,d84fdded-d747-43ce-9938-ca60a5af2f73,763f9657-b714-4ebf-a75d-03a0bd961883,ACCEPTED,2025-04-12T02:31:00,2025-04-12T02:42:00,2025-04-12T02:42:00,,2025-04-12T02:31:00
90f4c40c-254a-4c94-82f0-07c3b6fdff36,d84fdded-d747-43ce-9938-ca60a5af2f73,ed732f11-698a-40e6-8fab-9a1b078261d2,ACCEPTED,2025-04-12T02:31:00,2025-04-12T02:37:00,2025-04-12T02:37:00,,2025-04-12T02:31:00
a52687c5-485e-4034-b410-0f5389bb8da0,d84fdded-d747-43ce-9938-ca60a5af2f73,64af186a-4a5e-4d8e-8b52-ff4a3c5bc1ec,ACCEPTED,2025-04-12T02:32:00,2025-04-12T02:39:00,2025-04-12T02:39:00,,2025-04-12T02:32:00
fdf261f1-bc53-429f-8444-808c2111d18b,a384081e-3118-4783-847a-b8f74e013dad,1fac9453-e829-479d-ae5f-008babfc456d,NO_RESPONSE,2025-04-12T07:25:00,,,,2025-04-12T07:25:00
dbe0195e-9507-42e5-8874-fb7f50a0e723,a384081e-3118-4783-847a-b8f74e013dad,927dc24f-3e95-4ab2-a387-73907d3af8e7,COMPLETED,2025-04-12T07:28:00,2025-04-12T07:30:00,2025-04-12T07:30:00,2025-04-12T08:28:00,2025-04-12T07:28:00
39525b7b-71b6-4765-9b7e-858bd8ef9575,a384081e-3118-4783-847a-b8f74e013dad,74de697e-ecd0-4975-8057-f21088a888b4,DECLINED,2025-04-12T07:28:00,2025-04-12T07:35:00,,,2025-04-12T07:28:00
8a00c13a-3712-4801-873d-ea8708dc3e81,a384081e-3118-4783-847a-b8f74e013dad,f2f92179-5d28-4944-970e-4735cb6d6a92,ACCEPTED,2025-04-12T07:30:00,2025-04-12T07:31:00,2025-04-12T07:31:00,,2025-04-12T07:30:00
378e8fd8-e43c-49eb-ac8f-7511e9c12dda,a384081e-3118-4783-847a-b8f74e013dad,bbaea4a2-227b-4e8f-9f8b-61615adfff9f,ACCEPTED,2025-04-12T07:33:00,2025-04-12T07:40:00,2025-04-12T07:40:00,,2025-04-12T07:33:00
8d1f71d7-1604-4408-bfb8-f7a391001421,a384081e-3118-4783-847a-b8f74e013dad,d2112070-a709-4a6f-a1fe-b83a282d0da2,ACCEPTED,2025-04-12T07:34:00,2025-04-12T07:37:00,2025-04-12T07:37:00,,2025-04-12T07:34:00
f0ad3071-8215-44d8-9161-5b3766453b66,feebb4bf-2b6b-4d04-a6a8-507c9192a449,78b96bf4-a937-44e7-9a3a-544dd63de549,ACCEPTED,2025-04-12T08:33:00,2025-04-12T08:44:00,2025-04-12T08:44:00,,2025-04-12T08:33:00
a4b9ac2a-d346-4c22-a379-34b67a9fb648,feebb4bf-2b6b-4d04-a6a8-507c9192a449,ed05badd-17a9-4ad2-99b1-3e60e0cb321e,ACCEPTED,2025-04-12T08:38:00,2025-04-12T08:50:00,2025-04-12T08:50:00,,2025-04-12T08:38:00
f607b48f-df22-4ad4-a20d-20f3aaa40bb4,feebb4bf-2b6b-4d04-a6a8-507c9192a449,ac4e88c1-0595-40f7-bf14-b77ad397e5dd,DECLINED,2025-04-12T08:45:00,2025-04-12T08:54:00,,,2025-04-12T08:45:00
4bddd550-b91c-413e-b49c-b8493e300d0b,9b175a16-b193-4970-afb7-5acce3887c87,103eb3c6-8619-4c37-b55b-6a3438e71b7a,EXPIRED,2025-04-12T14:23:00,,,,2025-04-12T14:23:00
0272537b-dcf2-4565-b5bd-6a99329c4df7,9b175a16-b193-4970-afb7-5acce3887c87,c57abeef-b6d8-4cf7-ae50-3774b55c6768,NO_RESPONSE,2025-04-12T14:26:00,,,,2025-04-12T14:26:00
dfb6ccf6-8a92-462f-a274-8923603b25d8,9b175a16-b193-4970-afb7-5acce3887c87,3fbab77f-078b-48d4-ab31-908df43ab95e,ACCEPTED,2025-04-12T14:28:00,2025-04-12T14:35:00,2025-04-12T14:35:00,,2025-04-12T14:28:00
2f06304d-7757-4724-9776-8d1ac25a3e43,9b175a16-b193-4970-afb7-5acce3887c87,415a8ed8-6bf8-47ec-9265-7eacc19a825f,ACCEPTED,2025-04-12T14:35:00,2025-04-12T14:43:00,2025-04-12T14:43:00,,2025-04-12T14:35:00
f6de6efc-13b2-4cc0-8d23-5323e4cd4964,9b175a16-b193-4970-afb7-5acce3887c87,f4f6b626-e397-4f44-8dde-9d51ac118ff6,ACCEPTED,2025-04-12T14:35:00,2025-04-12T14:41:00,2025-04-12T14:41:00,,2025-04-12T14:35:00
42d9c89b-38fb-46c8-9e3a-5a42a305b2f0,fd3a1746-2a4d-45a8-9c02-cc71c942efcd,ab824e7b-6c52-415c-9b45-3252ae8f2969,ACCEPTED,2025-04-12T17:04:00,2025-04-12T17:09:00,2025-04-12T17:09:00,,2025-04-12T17:04:00
8d6e6464-a44f-452b-9f18-fe5681137ba3,fd3a1746-2a4d-45a8-9c02-cc71c942efcd,82fb79bc-bd6e-47a9-a67a-99fac9655589,ACCEPTED,2025-04-12T17:05:00,2025-04-12T17:06:00,2025-04-12T17:06:00,,2025-04-12T17:05:00
757270e7-3c74-497d-945f-387ac9426e5f,fd3a1746-2a4d-45a8-9c02-cc71c942efcd,0b51ced4-84e3-45ad-a67a-de86af260d64,EXPIRED,2025-04-12T17:07:00,,,,2025-04-12T17:07:00
876a8b9f-9f7e-40fd-bbca-b31ec2ebabbe,fd3a1746-2a4d-45a8-9c02-cc71c942efcd,5ae18917-1ec4-457c-a836-7efc4c4c8fff,ACCEPTED,2025-04-12T17:07:00,2025-04-12T17:11:00,2025-04-12T17:11:00,,2025-04-12T17:07:00
1646da52-f3a3-45d2-bcea-45defd787692,fd3a1746-2a4d-45a8-9c02-cc71c942efcd,b7e02dd5-bc57-4ce1-89ca-6341da919a60,COMPLETED,2025-04-12T17:10:00,2025-04-12T17:11:00,2025-04-12T17:11:00,2025-04-12T20:10:00,2025-04-12T17:10:00
0033fac2-ad03-4924-96cc-1b2466655d60,fd3a1746-2a4d-45a8-9c02-cc71c942efcd,f9c29be2-ddc0-4390-8bf7-68d4469a289f,ACCEPTED,2025-04-12T17:12:00,2025-04-12T17:15:00,2025-04-12T17:15:00,,2025-04-12T17:12:00
6bd633b0-6657-47a9-8e2c-b12c1029775a,bdab8855-c707-4642-b993-2cdc614f0cf6,6fe6108b-0137-4ed4-bb54-e1ed13a743e9,ACCEPTED,2025-04-12T18:09:00,2025-04-12T18:23:00,2025-04-12T18:23:00,,2025-04-12T18:09:00
2854c2e2-3a2c-4425-a750-d9d46032582a,bdab8855-c707-4642-b993-2cdc614f0cf6,c0eaa600-b15c-463a-b278-86b3ca57fd5c,COMPLETED,2025-04-12T18:11:00,2025-04-12T18:25:00,2025-04-12T18:25:00,2025-04-12T20:11:00,2025-04-12T18:11:00
897916fb-4a4c-4baa-8dc4-fe6434692a8c,bdab8855-c707-4642-b993-2cdc614f0cf6,b28c5ded-195b-4262-9bb7-b808a353150d,NO_RESPONSE,2025-04-12T18:13:00,,,,2025-04-12T18:13:00
2a2159e3-a2df-4b97-91cc-10bd01a66def,bdab8855-c707-4642-b993-2cdc614f0cf6,5a9cd770-f74a-4cdd-87d0-646aa0e13b89,ACCEPTED,2025-04-12T18:15:00,2025-04-12T18:22:00,2025-04-12T18:22:00,,2025-04-12T18:15:00
90ae79e8-30d3-4b6d-b425-1df65818bd0b,bdab8855-c707-4642-b993-2cdc614f0cf6,a5412686-ad1b-4800-b166-5b72f3faa02d,ACCEPTED,2025-04-12T18:18:00,2025-04-12T18:33:00,2025-04-12T18:33:00,,2025-04-12T18:18:00
7f36e922-f222-4f7b-86fe-dab76265659f,bdab8855-c707-4642-b993-2cdc614f0cf6,eda6ff35-1d22-4a35-b25d-3279ba02175c,NO_RESPONSE,2025-04-12T18:20:00,,,,2025-04-12T18:20:00
37b6f0ca-4de7-4328-88f7-ec617a346cd4,e4b2eb4e-12b9-4923-8f1c-2314e099e2a6,c1a1cac9-8c8d-4709-b171-00b08bdbc45b,ACCEPTED,2025-04-12T20:24:00,2025-04-12T20:37:00,2025-04-12T20:37:00,,2025-04-12T20:24:00
cd8ac2ac-5c87-430d-855c-a3f770b5924a,e4b2eb4e-12b9-4923-8f1c-2314e099e2a6,3f562206-66c9-45c7-94e1-a9dfde284d1b,ACCEPTED,2025-04-12T20:28:00,2025-04-12T20:34:00,2025-04-12T20:34:00,,2025-04-12T20:28:00
284185f9-50c9-4a03-8cc2-262a40ef7f7c,50d57dcc-5e57-4609-a92e-466f839f9c0a,75455c5a-fc28-4e12-ab1d-c5bf91975e07,ACCEPTED,2025-04-12T20:39:00,2025-04-12T20:41:00,2025-04-12T20:41:00,,2025-04-12T20:39:00
715d6d75-eb95-464c-938f-ddc40c633b3c,50d57dcc-5e57-4609-a92e-466f839f9c0a,ed3b9800-2f5e-489d-92bb-8bb1332538be,COMPLETED,2025-04-12T20:40:00,2025-04-12T20:43:00,2025-04-12T20:43:00,2025-04-12T22:40:00,2025-04-12T20:40:00
0278fd0a-9de1-4374-b44d-83a6af015221,50d57dcc-5e57-4609-a92e-466f839f9c0a,f53bf753-a0a3-4d28-99f6-434168f98cb2,ACCEPTED,2025-04-12T20:44:00,2025-04-12T20:45:00,2025-04-12T20:45:00,,2025-04-12T20:44:00
6d9ded37-0cde-4a7c-823e-9f0420c4c031,c851f660-0fc5-45f0-8b85-efe93539625a,8aadad3e-4591-4c88-a738-78b84530fbda,COMPLETED,2025-04-12T21:06:00,2025-04-12T21:19:00,2025-04-12T21:19:00,2025-04-12T22:06:00,2025-04-12T21:06:00
3f6563e4-f4ff-4477-9409-6395ba345f69,c851f660-0fc5-45f0-8b85-efe93539625a,3b9f8b84-9d78-41c0-8faf-289fde279e85,COMPLETED,2025-04-12T21:07:00,2025-04-12T21:18:00,2025-04-12T21:18:00,2025-04-12T23:07:00,2025-04-12T21:07:00
8927b27d-2771-4775-8557-fe0ec03c49ed,c851f660-0fc5-45f0-8b85-efe93539625a,56fc804f-b101-461b-a304-d6f9c28ae2ef,ACCEPTED,2025-04-12T21:07:00,2025-04-12T21:09:00,2025-04-12T21:09:00,,2025-04-12T21:07:00
698ade27-1ad9-445a-a40a-b163fe1d7318,c851f660-0fc5-45f0-8b85-efe93539625a,2c1091c3-2c2e-4305-8524-f2651ddbea75,ACCEPTED,2025-04-12T21:08:00,2025-04-12T21:23:00,2025-04-12T21:23:00,,2025-04-12T21:08:00
e421d436-00f7-41cf-9b09-a0554044e0f3,c851f660-0fc5-45f0-8b85-efe93539625a,bf160ba0-ac86-4d11-b5e7-904beff9cc2d,ACCEPTED,2025-04-12T21:08:00,2025-04-12T21:16:00,2025-04-12T21:16:00,,2025-04-12T21:08:00
a070bdbd-3522-458e-a461-a40558fc8ecf,0547e66b-a8a7-4803-badf-853b147452dc,90f0edf1-053b-433f-b7d0-041be1e882d4,MISSED,2025-04-13T01:57:00,,,,2025-04-13T01:57:00
c8130c29-4753-494f-8b64-59155a1bc0d0,0547e66b-a8a7-4803-badf-853b147452dc,f53bf753-a0a3-4d28-99f6-434168f98cb2,ACCEPTED,2025-04-13T02:00:00,2025-04-13T02:10:00,2025-04-13T02:10:00,,2025-04-13T02:00:00
730714f8-7a53-43ab-a48d-a81aecdbfbf9,0547e66b-a8a7-4803-badf-853b147452dc,dc3945d5-6321-4ff3-a949-9cc365303d45,ACCEPTED,2025-04-13T02:03:00,2025-04-13T02:16:00,2025-04-13T02:16:00,,2025-04-13T02:03:00
7f358be3-b1c4-4461-92f7-305bff2b5ecc,417af00b-7509-4566-aa17-6920afe383b5,75455c5a-fc28-4e12-ab1d-c5bf91975e07,ACCEPTED,2025-04-13T06:11:00,2025-04-13T06:26:00,2025-04-13T06:26:00,,2025-04-13T06:11:00
0802ac42-c15c-4fe1-9215-1c96931d039c,417af00b-7509-4566-aa17-6920afe383b5,a1bc2676-aad3-49f3-9131-e812c904d689,MISSED,2025-04-13T06:17:00,,,,2025-04-13T06:17:00
0bcc5a3f-a8b4-4b84-b68c-01a3e1e227f4,b8117eef-c6aa-4d05-9b7f-7186932db0f4,c0eaa600-b15c-463a-b278-86b3ca57fd5c,ACCEPTED,2025-04-13T19:54:00,2025-04-13T19:57:00,2025-04-13T19:57:00,,2025-04-13T19:54:00
099d4315-5c74-4ffc-a346-117f8b64ad90,b8117eef-c6aa-4d05-9b7f-7186932db0f4,cf15cd3c-d017-49b8-af4a-bd4471976dd4,DECLINED,2025-04-13T19:55:00,2025-04-13T20:04:00,,,2025-04-13T19:55:00
6d2c2ade-9b9a-41fb-8738-dfadbac6b389,b8117eef-c6aa-4d05-9b7f-7186932db0f4,e00b0ffc-7f24-4a41-8150-e710ef1d3730,COMPLETED,2025-04-13T19:56:00,2025-04-13T20:05:00,2025-04-13T20:05:00,2025-04-13T20:56:00,2025-04-13T19:56:00
62984b5a-cfc7-460d-aef3-dc3edbae182d,b8117eef-c6aa-4d05-9b7f-7186932db0f4,ed3b9800-2f5e-489d-92bb-8bb1332538be,NO_RESPONSE,2025-04-13T19:58:00,,,,2025-04-13T19:58:00
7917fa5d-29dc-4a97-a262-ef17bab897e8,b8117eef-c6aa-4d05-9b7f-7186932db0f4,18663a26-c010-4e4e-8471-6194347da84d,COMPLETED,2025-04-13T20:02:00,2025-04-13T20:06:00,2025-04-13T20:06:00,2025-04-13T23:02:00,2025-04-13T20:02:00
0f31a070-9f62-4fe1-b2fc-23cf3571bc56,b8117eef-c6aa-4d05-9b7f-7186932db0f4,c5df4563-5594-46ee-912f-a3c37bc8f200,ACCEPTED,2025-04-13T20:03:00,2025-04-13T20:08:00,2025-04-13T20:08:00,,2025-04-13T20:03:00
b7fe3b3a-206a-4840-b9f2-cf96fef87cbc,fe0ed402-7514-4263-baeb-e929cfcb5fdb,eca2c7b8-3bf7-4912-8e53-7666a464dbfc,ACCEPTED,2025-04-13T20:08:00,2025-04-13T20:20:00,2025-04-13T20:20:00,,2025-04-13T20:08:00
4deb944e-c89c-481e-a8ae-d187dcf03ccf,fe0ed402-7514-4263-baeb-e929cfcb5fdb,54d5caa7-5a58-4175-a139-ece2d4e285d1,MISSED,2025-04-13T20:13:00,,,,2025-04-13T20:13:00
3e5453f1-031c-4da6-89aa-b7df285c7878,fe0ed402-7514-4263-baeb-e929cfcb5fdb,eb9471c8-ba19-42a2-94b9-9a533ce84d63,COMPLETED,2025-04-13T20:14:00,2025-04-13T20:22:00,2025-04-13T20:22:00,2025-04-13T23:14:00,2025-04-13T20:14:00
4f6cfe0e-c28c-4d75-bb5b-935e1e756378,fe0ed402-7514-4263-baeb-e929cfcb5fdb,4ca593a6-6883-4ff4-b14b-a47593e71ecc,COMPLETED,2025-04-13T20:17:00,2025-04-13T20:19:00,2025-04-13T20:19:00,2025-04-13T23:17:00,2025-04-13T20:17:00
36363f06-2a3d-43ec-8563-0bd3b0ec992a,eb5f3493-df11-455a-b5f9-a465cb594f65,0bd74d79-c6ed-4e86-a612-e698b486ec29,COMPLETED,2025-04-13T21:04:00,2025-04-13T21:11:00,2025-04-13T21:11:00,2025-04-13T22:04:00,2025-04-13T21:04:00
c13271a5-2747-41cc-bbf4-8df8a54ec901,eb5f3493-df11-455a-b5f9-a465cb594f65,b28c5ded-195b-4262-9bb7-b808a353150d,EXPIRED,2025-04-13T21:05:00,,,,2025-04-13T21:05:00
a7e31344-d019-4efa-9e74-26b7dac2fd61,eb5f3493-df11-455a-b5f9-a465cb594f65,12fc0202-67a8-417a-a936-b348c6432014,ACCEPTED,2025-04-13T21:11:00,2025-04-13T21:21:00,2025-04-13T21:21:00,,2025-04-13T21:11:00
349bddfc-b757-4d30-837f-9dacefedbc93,eb5f3493-df11-455a-b5f9-a465cb594f65,5d69d39a-573c-4fc2-b61f-084eeb974f10,ACCEPTED,2025-04-13T21:13:00,2025-04-13T21:23:00,2025-04-13T21:23:00,,2025-04-13T21:13:00
a0a12b93-1034-4d85-83b5-0a44bdf5886f,eb5f3493-df11-455a-b5f9-a465cb594f65,3e6e3033-9a9c-4988-9e45-362e43ee98e6,ACCEPTED,2025-04-13T21:15:00,2025-04-13T21:28:00,2025-04-13T21:28:00,,2025-04-13T21:15:00
9d8a0172-e59b-44ec-b990-95bfa88688b5,2b57b56d-4a69-40e4-8e01-ba237e97471f,b16f7848-a2a4-4c2c-8a3b-0bf76ecdf857,ACCEPTED,2025-04-14T00:19:00,2025-04-14T00:30:00,2025-04-14T00:30:00,,2025-04-14T00:19:00
61872091-47b3-4ffd-82b6-33b549c3924f,2b57b56d-4a69-40e4-8e01-ba237e97471f,c9e3038e-7436-4df3-9f2a-fc2746763273,ACCEPTED,2025-04-14T00:23:00,2025-04-14T00:27:00,2025-04-14T00:27:00,,2025-04-14T00:23:00
54de923f-da3b-428b-957d-c612b0963398,2b57b56d-4a69-40e4-8e01-ba237e97471f,429de809-3eeb-42af-94fa-c9c8fc3dda46,ACCEPTED,2025-04-14T00:26:00,2025-04-14T00:34:00,2025-04-14T00:34:00,,2025-04-14T00:26:00
08c1b2fc-aae5-4398-85ae-813e1b5d554c,2b57b56d-4a69-40e4-8e01-ba237e97471f,075750fe-b6ad-4c6a-a4e3-91e723ad0bdf,ACCEPTED,2025-04-14T00:27:00,2025-04-14T00:30:00,2025-04-14T00:30:00,,2025-04-14T00:27:00
2eafd1a0-7f3a-4a37-a0ec-d72d7a489ce9,2b57b56d-4a69-40e4-8e01-ba237e97471f,d2112070-a709-4a6f-a1fe-b83a282d0da2,ACCEPTED,2025-04-14T00:29:00,2025-04-14T00:31:00,2025-04-14T00:31:00,,2025-04-14T00:29:00
762dba10-e6d8-4719-a293-e9d72ff031eb,2b57b56d-4a69-40e4-8e01-ba237e97471f,d25bbe98-216b-4faf-8f76-0d3dd2269a66,COMPLETED,2025-04-14T00:29:00,2025-04-14T00:44:00,2025-04-14T00:44:00,2025-04-14T01:29:00,2025-04-14T00:29:00
d434574e-53a3-41e3-b4e1-1418c29d06c7,02a33fe0-0186-4678-8a7c-c52d8109f2d9,2d67b8f1-6839-41a5-a4f9-ed87959a5394,COMPLETED,2025-04-14T04:13:00,2025-04-14T04:25:00,2025-04-14T04:25:00,2025-04-14T07:13:00,2025-04-14T04:13:00
2481946c-5477-46cb-af62-028e02283537,02a33fe0-0186-4678-8a7c-c52d8109f2d9,6fe6108b-0137-4ed4-bb54-e1ed13a743e9,COMPLETED,2025-04-14T04:19:00,2025-04-14T04:24:00,2025-04-14T04:24:00,2025-04-14T07:19:00,2025-04-14T04:19:00
c9feb73c-cd60-40e7-9ff2-9fead9b74124,02a33fe0-0186-4678-8a7c-c52d8109f2d9,0db56994-7b77-4dee-bd9c-894ba39fcd46,COMPLETED,2025-04-14T04:21:00,2025-04-14T04:29:00,2025-04-14T04:29:00,2025-04-14T05:21:00,2025-04-14T04:21:00
000ba39b-20da-47d6-8cdd-8805bd21d458,945ca506-79b0-480f-a940-a5da4dcb00de,83d13c8e-fd29-4343-bf35-4497b673a39d,EXPIRED,2025-04-14T06:32:00,,,,2025-04-14T06:32:00
55b664e0-2ed6-4635-8208-6466c9ba6b70,cfa23e73-1cb0-45f3-ae99-fcf5c5e32893,2c1091c3-2c2e-4305-8524-f2651ddbea75,COMPLETED,2025-04-14T06:35:00,2025-04-14T06:41:00,2025-04-14T06:41:00,2025-04-14T08:35:00,2025-04-14T06:35:00
371fce51-6a67-43a1-b2ba-5b8ee4cde0fa,cfa23e73-1cb0-45f3-ae99-fcf5c5e32893,5ae18917-1ec4-457c-a836-7efc4c4c8fff,MISSED,2025-04-14T06:35:00,,,,2025-04-14T06:35:00
aa55afaa-40ec-4244-bdbd-675ddbd546c6,945ca506-79b0-480f-a940-a5da4dcb00de,5b144804-32b7-4e82-9f3c-1b20f6f52721,ACCEPTED,2025-04-14T06:35:00,2025-04-14T06:43:00,2025-04-14T06:43:00,,2025-04-14T06:35:00
06b0b774-a181-4eb5-b658-e09a72ea0058,945ca506-79b0-480f-a940-a5da4dcb00de,2ca5443d-9c69-4b59-a783-d0c9ad1c7da7,ACCEPTED,2025-04-14T06:35:00,2025-04-14T06:41:00,2025-04-14T06:41:00,,2025-04-14T06:35:00
86cb6977-87d9-4221-91a4-65c853274691,cfa23e73-1cb0-45f3-ae99-fcf5c5e32893,8465564b-f0a3-4480-b044-c0a4cf6d01a0,ACCEPTED,2025-04-14T06:41:00,2025-04-14T06:42:00,2025-04-14T06:42:00,,2025-04-14T06:41:00
b39d47b7-ba62-4faf-b2ba-2f53b7187eb9,cfa23e73-1cb0-45f3-ae99-fcf5c5e32893,53ed2f86-5a3a-4240-86cc-9f9f609bdea0,NO_RESPONSE,2025-04-14T06:43:00,,,,2025-04-14T06:43:00
aea7ddb6-b13b-41f3-bc31-a170ca48757d,73942ffc-57cf-4339-bba5-a6bf8da0b8f7,b55baffe-83af-4af1-b800-2efe44d895fa,ACCEPTED,2025-04-14T07:34:00,2025-04-14T07:36:00,2025-04-14T07:36:00,,2025-04-14T07:34:00
d7549c0a-a206-4de8-8508-da964fc01aea,73942ffc-57cf-4339-bba5-a6bf8da0b8f7,1191fc52-63be-4740-bba1-06592a0f8eb5,ACCEPTED,2025-04-14T07:35:00,2025-04-14T07:43:00,2025-04-14T07:43:00,,2025-04-14T07:35:00
1f557aa0-cc3c-4f3c-8954-949d5d8ab535,73942ffc-57cf-4339-bba5-a6bf8da0b8f7,126fbc28-6b03-407e-b020-19175754625a,COMPLETED,2025-04-14T07:38:00,2025-04-14T07:43:00,2025-04-14T07:43:00,2025-04-14T10:38:00,2025-04-14T07:38:00
553be814-614d-4ea8-b6ee-95148b4016f2,73942ffc-57cf-4339-bba5-a6bf8da0b8f7,12fc0202-67a8-417a-a936-b348c6432014,ACCEPTED,2025-04-14T07:42:00,2025-04-14T07:46:00,2025-04-14T07:46:00,,2025-04-14T07:42:00
ddd331b6-20c6-403a-b660-3424024afb66,f3d1eba6-9c42-4835-9b40-6f09da0864bd,d6b5ae43-d86a-4b5f-abd6-b4e06091ee44,ACCEPTED,2025-04-14T09:29:00,2025-04-14T09:34:00,2025-04-14T09:34:00,,2025-04-14T09:29:00
575d8581-dbde-4eeb-b604-4b4184d75ab1,f3d1eba6-9c42-4835-9b40-6f09da0864bd,6b1ba131-fea8-4018-9f7b-bb75d5846414,NO_RESPONSE,2025-04-14T09:36:00,,,,2025-04-14T09:36:00
83bd8401-6bb2-474a-b6a1-5741979f2834,e9b032d2-ab35-49c2-853f-e2c0f898f980,0bd74d79-c6ed-4e86-a612-e698b486ec29,COMPLETED,2025-04-14T12:00:00,2025-04-14T12:02:00,2025-04-14T12:02:00,2025-04-14T14:00:00,2025-04-14T12:00:00
947c188f-494e-4c4a-a954-feff24bef13f,e9b032d2-ab35-49c2-853f-e2c0f898f980,6c42715a-7792-4ae5-bd27-72ddeffdf209,ACCEPTED,2025-04-14T12:05:00,2025-04-14T12:08:00,2025-04-14T12:08:00,,2025-04-14T12:05:00
22000e79-4280-4eb7-a836-2e93912535a4,e9b032d2-ab35-49c2-853f-e2c0f898f980,29e49c87-bf5c-4e0a-844a-7ce3f4f2d13d,EXPIRED,2025-04-14T12:05:00,,,,2025-04-14T12:05:00
53dae7a1-0687-43af-a8bf-daf377218bcd,e9b032d2-ab35-49c2-853f-e2c0f898f980,d3edbff9-b137-4f59-9b59-c049d8cda101,ACCEPTED,2025-04-14T12:06:00,2025-04-14T12:11:00,2025-04-14T12:11:00,,2025-04-14T12:06:00
980a5fb5-3147-4ae8-b901-f478e4280841,81cabe4d-1c7e-4b79-ad7f-a469aa2f6d1a,ffd6e179-bce4-414a-9aef-db47a3caea86,ACCEPTED,2025-04-14T12:49:00,2025-04-14T12:54:00,2025-04-14T12:54:00,,2025-04-14T12:49:00
323e9cd1-ebc0-4084-a947-c03727c0e4ab,81cabe4d-1c7e-4b79-ad7f-a469aa2f6d1a,cf15cd3c-d017-49b8-af4a-bd4471976dd4,ACCEPTED,2025-04-14T12:49:00,2025-04-14T13:03:00,2025-04-14T13:03:00,,2025-04-14T12:49:00
ba9b64b6-966b-414d-a108-e93a417bb535,81cabe4d-1c7e-4b79-ad7f-a469aa2f6d1a,4c569839-3efa-4170-b6a4-f0a4d13d4639,ACCEPTED,2025-04-14T12:50:00,2025-04-14T12:53:00,2025-04-14T12:53:00,,2025-04-14T12:50:00
2c5dd702-8976-4e80-b900-165fa959083f,81cabe4d-1c7e-4b79-ad7f-a469aa2f6d1a,ed05badd-17a9-4ad2-99b1-3e60e0cb321e,ACCEPTED,2025-04-14T12:52:00,2025-04-14T12:58:00,2025-04-14T12:58:00,,2025-04-14T12:52:00
275d8be4-8ab9-4e17-90cf-65f41231751b,81cabe4d-1c7e-4b79-ad7f-a469aa2f6d1a,c436515f-d954-43ab-83ea-71d7b85b1ab2,COMPLETED,2025-04-14T12:54:00,2025-04-14T13:05:00,2025-04-14T13:05:00,2025-04-14T14:54:00,2025-04-14T12:54:00
74b9c05e-f123-429e-9190-8c4465933c6d,81cabe4d-1c7e-4b79-ad7f-a469aa2f6d1a,6a9c2430-d23f-4e3a-9d23-36289b5ec791,ACCEPTED,2025-04-14T12:55:00,2025-04-14T13:01:00,2025-04-14T13:01:00,,2025-04-14T12:55:00
e1ce5490-b75a-420a-ad78-569c41940538,6c067fa7-2991-4aa2-b15c-d13f158c8f35,985ab403-ddfd-47f6-9b98-9ce2f7dcd16e,ACCEPTED,2025-04-14T15:50:00,2025-04-14T15:57:00,2025-04-14T15:57:00,,2025-04-14T15:50:00
f6a1a160-b5b4-4bb3-93be-2a4f6c3fac8b,6c067fa7-2991-4aa2-b15c-d13f158c8f35,5ed79810-0c9b-4377-870c-58916ee465a7,ACCEPTED,2025-04-14T15:53:00,2025-04-14T15:57:00,2025-04-14T15:57:00,,2025-04-14T15:53:00
ef3159f7-5acd-4da5-a9b3-26bf6b480793,6c067fa7-2991-4aa2-b15c-d13f158c8f35,4b4303f9-d680-4320-80ac-0fc7377998df,COMPLETED,2025-04-14T15:57:00,2025-04-14T16:12:00,2025-04-14T16:12:00,2025-04-14T18:57:00,2025-04-14T15:57:00
8a79dc11-280f-4b86-ad42-ee02f05d0995,6c067fa7-2991-4aa2-b15c-d13f158c8f35,5805c9e4-e8a0-4c33-9ca3-70004d94c948,ACCEPTED,2025-04-14T15:57:00,2025-04-14T16:08:00,2025-04-14T16:08:00,,2025-04-14T15:57:00
ac7de6da-b779-41a1-a70d-8aa8f593a9d7,41c78d07-72d2-4fb3-a6b6-80d50bdd0a55,36ab981c-07be-4841-8992-11118d375327,ACCEPTED,2025-04-14T21:36:00,2025-04-14T21:37:00,2025-04-14T21:37:00,,2025-04-14T21:36:00
a7d06f10-7987-4165-af0a-78eb8a11e2c0,41c78d07-72d2-4fb3-a6b6-80d50bdd0a55,9af05ac7-06a8-49dd-abb8-7a4c2f508938,EXPIRED,2025-04-14T21:37:00,,,,2025-04-14T21:37:00
16abe1b0-c447-4e77-80ad-cfcf6c19ea77,41c78d07-72d2-4fb3-a6b6-80d50bdd0a55,86982baf-89fb-453b-bd13-a6cfe928ea51,ACCEPTED,2025-04-14T21:38:00,2025-04-14T21:40:00,2025-04-14T21:40:00,,2025-04-14T21:38:00
0c5540e9-fe5a-4561-b4e3-d1787e18ac90,41c78d07-72d2-4fb3-a6b6-80d50bdd0a55,18663a26-c010-4e4e-8471-6194347da84d,ACCEPTED,2025-04-14T21:43:00,2025-04-14T21:47:00,2025-04-14T21:47:00,,2025-04-14T21:43:00
6c687186-d29e-436a-9e3e-269d8d61948d,41c78d07-72d2-4fb3-a6b6-80d50bdd0a55,1dc62eea-d501-4cc2-8b28-21af417cd2bd,NO_RESPONSE,2025-04-14T21:45:00,,,,2025-04-14T21:45:00
a8408bf9-1138-41dd-9435-f41a695c4aaa,b78c0ee7-de65-4161-9f10-996e31dc6553,b31f3223-35d1-446c-9991-79665d0b1ef3,ACCEPTED,2025-04-15T01:04:00,2025-04-15T01:06:00,2025-04-15T01:06:00,,2025-04-15T01:04:00
3792c5d4-53e2-4499-90fb-e09427fd76ba,b78c0ee7-de65-4161-9f10-996e31dc6553,253205df-9c22-4418-a061-b758af343928,COMPLETED,2025-04-15T01:10:00,2025-04-15T01:12:00,2025-04-15T01:12:00,2025-04-15T03:10:00,2025-04-15T01:10:00
b7c73b5e-1eb9-473f-a59b-c6dfdb451d00,dc9bca1d-519d-474f-931c-2be8b18b24c1,d3edbff9-b137-4f59-9b59-c049d8cda101,COMPLETED,2025-04-15T07:56:00,2025-04-15T08:00:00,2025-04-15T08:00:00,2025-04-15T08:56:00,2025-04-15T07:56:00
5425fef3-3fe5-4715-a543-3b5280e7fa38,dc9bca1d-519d-474f-931c-2be8b18b24c1,8aadad3e-4591-4c88-a738-78b84530fbda,COMPLETED,2025-04-15T08:00:00,2025-04-15T08:13:00,2025-04-15T08:13:00,2025-04-15T09:00:00,2025-04-15T08:00:00
b5443132-6b42-43d3-9a4a-a50304ee8b9f,dc9bca1d-519d-474f-931c-2be8b18b24c1,89351c19-fb07-4021-8981-38f3a660e1f1,COMPLETED,2025-04-15T08:03:00,2025-04-15T08:10:00,2025-04-15T08:10:00,2025-04-15T10:03:00,2025-04-15T08:03:00
867d9ce0-6e6a-4fbe-9d38-df01635e5209,dc9bca1d-519d-474f-931c-2be8b18b24c1,11955be9-03b2-4274-9002-7a2a5ae499a8,ACCEPTED,2025-04-15T08:05:00,2025-04-15T08:18:00,2025-04-15T08:18:00,,2025-04-15T08:05:00
57b0ae41-fa69-4c96-b548-0ac5fca4a8ec,dc9bca1d-519d-474f-931c-2be8b18b24c1,3e6e3033-9a9c-4988-9e45-362e43ee98e6,COMPLETED,2025-04-15T08:09:00,2025-04-15T08:12:00,2025-04-15T08:12:00,2025-04-15T10:09:00,2025-04-15T08:09:00
606c3b15-0088-4b59-b50f-c364cb9d6513,6dcaf184-c874-4477-98f2-d116b98c935d,628e4e35-5853-4d59-b32f-4056b7e3e27b,ACCEPTED,2025-04-15T13:54:00,2025-04-15T14:09:00,2025-04-15T14:09:00,,2025-04-15T13:54:00
9acc9b0d-7e28-4bfc-aabb-e310b681e130,6dcaf184-c874-4477-98f2-d116b98c935d,ba0652ab-674d-480e-b23d-7fb7301f9218,COMPLETED,2025-04-15T13:55:00,2025-04-15T14:08:00,2025-04-15T14:08:00,2025-04-15T15:55:00,2025-04-15T13:55:00
2039320a-b4bb-4601-9908-5c6c436508ab,6dcaf184-c874-4477-98f2-d116b98c935d,533414cd-671e-4157-a291-db237359e3c8,DECLINED,2025-04-15T13:59:00,2025-04-15T14:02:00,,,2025-04-15T13:59:00
28162f31-35ae-4e55-bef9-999931a87841,6dcaf184-c874-4477-98f2-d116b98c935d,6f397cf4-9959-4fad-93f5-e6397f2f273d,ACCEPTED,2025-04-15T14:00:00,2025-04-15T14:12:00,2025-04-15T14:12:00,,2025-04-15T14:00:00
a3b170e9-8edd-40de-b983-29708e40c1b0,6dcaf184-c874-4477-98f2-d116b98c935d,40c6fe05-f02d-4157-ba15-09913e067c14,ACCEPTED,2025-04-15T14:01:00,2025-04-15T14:02:00,2025-04-15T14:02:00,,2025-04-15T14:01:00
ab801b8b-3b69-426c-a926-ad95b937f06a,6dcaf184-c874-4477-98f2-d116b98c935d,74de697e-ecd0-4975-8057-f21088a888b4,NO_RESPONSE,2025-04-15T14:07:00,,,,2025-04-15T14:07:00
25382454-6f10-4e1e-a954-b6922c520562,bf5b19f2-f998-4536-b53c-ed2f08a966cb,8149a5a0-b1e9-4bb0-a980-b7f5bdcb02a4,ACCEPTED,2025-04-15T17:50:00,2025-04-15T18:02:00,2025-04-15T18:02:00,,2025-04-15T17:50:00
c310e3fd-9ba2-4828-8569-bb9dbbfda708,bf5b19f2-f998-4536-b53c-ed2f08a966cb,d346ac11-9b08-4a8a-b887-845a17ae7266,ACCEPTED,2025-04-15T17:50:00,2025-04-15T17:51:00,2025-04-15T17:51:00,,2025-04-15T17:50:00
bfe4c426-d936-4f67-ad32-43975f540619,bf5b19f2-f998-4536-b53c-ed2f08a966cb,0f830c26-3d4f-4cf5-81cf-08041535d161,COMPLETED,2025-04-15T17:52:00,2025-04-15T17:56:00,2025-04-15T17:56:00,2025-04-15T19:52:00,2025-04-15T17:52:00
cb912db4-6f58-4838-bba7-6f911f1f3b46,bf5b19f2-f998-4536-b53c-ed2f08a966cb,deac09c6-92df-437d-890a-ec1f48406829,COMPLETED,2025-04-15T17:55:00,2025-04-15T17:56:00,2025-04-15T17:56:00,2025-04-15T20:55:00,2025-04-15T17:55:00
02449172-b4ed-40b1-9ecb-b9a2876c4d23,bf5b19f2-f998-4536-b53c-ed2f08a966cb,f6612e9b-17e3-4407-bad5-87d18f75c172,DECLINED,2025-04-15T17:55:00,2025-04-15T18:04:00,,,2025-04-15T17:55:00
0c1a054e-ab31-4c63-b9f2-a49e10f94771,bf5b19f2-f998-4536-b53c-ed2f08a966cb,d2112070-a709-4a6f-a1fe-b83a282d0da2,NO_RESPONSE,2025-04-15T17:57:00,,,,2025-04-15T17:57:00
b97aeebb-6ae2-4be4-a634-7486446c342f,06a91131-2d14-48c7-a20d-c2042d42295d,0163ca09-1636-4809-8246-282d82afd3a3,NO_RESPONSE,2025-04-15T22:34:00,,,,2025-04-15T22:34:00
4d7f6428-e9c5-4185-9b0b-46c903b6c3e2,06a91131-2d14-48c7-a20d-c2042d42295d,05088ba7-5428-4853-8cc9-e76f460fddd4,COMPLETED,2025-04-15T22:39:00,2025-04-15T22:46:00,2025-04-15T22:46:00,2025-04-16T01:39:00,2025-04-15T22:39:00
e20cab01-ff40-4740-aa90-afa6196d5d2d,966ac386-8fb6-4261-a2e4-7c8ebffd2d67,f7c3f29d-48af-49aa-bce7-bec02869395a,ACCEPTED,2025-04-15T23:40:00,2025-04-15T23:49:00,2025-04-15T23:49:00,,2025-04-15T23:40:00
20bd197b-67be-4b7b-bd7a-6cf1ac30f84f,966ac386-8fb6-4261-a2e4-7c8ebffd2d67,d3edbff9-b137-4f59-9b59-c049d8cda101,COMPLETED,2025-04-15T23:44:00,2025-04-15T23:51:00,2025-04-15T23:51:00,2025-04-16T01:44:00,2025-04-15T23:44:00
233085cc-163c-468c-9ef4-310397e1fd81,966ac386-8fb6-4261-a2e4-7c8ebffd2d67,7874fffd-6a3d-4885-92ad-f115c4f7779f,NO_RESPONSE,2025-04-15T23:46:00,,,,2025-04-15T23:46:00
301e9339-53cc-4216-a1cc-03bc6068bd35,966ac386-8fb6-4261-a2e4-7c8ebffd2d67,86982baf-89fb-453b-bd13-a6cfe928ea51,COMPLETED,2025-04-15T23:49:00,2025-04-15T23:51:00,2025-04-15T23:51:00,2025-04-16T00:49:00,2025-04-15T23:49:00
b722dd78-455e-4b14-822f-4bd95c506570,966ac386-8fb6-4261-a2e4-7c8ebffd2d67,5849a59e-7a49-4c31-a079-4e89867a7e98,COMPLETED,2025-04-15T23:52:00,2025-04-16T00:03:00,2025-04-16T00:03:00,2025-04-16T00:52:00,2025-04-15T23:52:00
50db27b6-ff9f-43d0-966d-0e0e39dbe752,c3c1d9c4-04fd-42f9-b1ef-adc737d5473c,d2d58d90-c3b6-419c-80fc-cd468552f315,MISSED,2025-04-16T00:30:00,,,,2025-04-16T00:30:00
687808a4-59e6-45b2-84a6-e918b29edbcd,c3c1d9c4-04fd-42f9-b1ef-adc737d5473c,074daa7c-485e-4264-a9c2-962e30d5b672,COMPLETED,2025-04-16T00:31:00,2025-04-16T00:42:00,2025-04-16T00:42:00,2025-04-16T02:31:00,2025-04-16T00:31:00
4fffa51e-bf2e-462a-bab1-0761e731a24c,c3c1d9c4-04fd-42f9-b1ef-adc737d5473c,d346ac11-9b08-4a8a-b887-845a17ae7266,MISSED,2025-04-16T00:36:00,,,,2025-04-16T00:36:00
56a763a0-8d1f-4962-b317-a84ccd9d330d,c3c1d9c4-04fd-42f9-b1ef-adc737d5473c,aed96858-5a79-4453-afc9-995064972c5b,MISSED,2025-04-16T00:37:00,,,,2025-04-16T00:37:00
d56402aa-8dca-4d23-a777-3b9bfa47707a,c3c1d9c4-04fd-42f9-b1ef-adc737d5473c,b34b9ff4-c6a5-4e42-9619-75d5b29e68d4,NO_RESPONSE,2025-04-16T00:39:00,,,,2025-04-16T00:39:00
4459dae9-f925-4630-b4e4-45d8c75bac7f,c3c1d9c4-04fd-42f9-b1ef-adc737d5473c,b61abfe1-9a4f-45c1-ac54-daa9a9a0b274,ACCEPTED,2025-04-16T00:41:00,2025-04-16T00:54:00,2025-04-16T00:54:00,,2025-04-16T00:41:00
1b67c289-c1b7-47aa-b1e7-e20dd22d41f4,cc9ba50b-abd5-4a9f-a7dc-ed8bc95924d1,40c6fe05-f02d-4157-ba15-09913e067c14,ACCEPTED,2025-04-16T01:29:00,2025-04-16T01:44:00,2025-04-16T01:44:00,,2025-04-16T01:29:00
8806ffc5-ae62-4930-b807-aef45f42cb89,cc9ba50b-abd5-4a9f-a7dc-ed8bc95924d1,f3cd1be3-bc16-4a73-961d-f832dfb5f084,COMPLETED,2025-04-16T01:31:00,2025-04-16T01:39:00,2025-04-16T01:39:00,2025-04-16T04:31:00,2025-04-16T01:31:00
cb67ac38-282a-44a7-83f1-bcba479a6847,82d3804f-6a50-4978-9d80-90b39af9c40f,2fe42234-9f74-4aa2-8d63-a0c3cf398172,COMPLETED,2025-04-16T01:43:00,2025-04-16T01:45:00,2025-04-16T01:45:00,2025-04-16T04:43:00,2025-04-16T01:43:00
d601fa8d-ed5c-4044-bd31-fbdae279689d,82d3804f-6a50-4978-9d80-90b39af9c40f,8e9081d8-32bc-44c1-9c03-cec99543a8c8,ACCEPTED,2025-04-16T01:47:00,2025-04-16T02:01:00,2025-04-16T02:01:00,,2025-04-16T01:47:00
4fbc514d-bfee-4c41-add3-048536c94ed4,489b7a57-98cd-4573-ae6b-b142748d86c2,5b144804-32b7-4e82-9f3c-1b20f6f52721,COMPLETED,2025-04-16T02:55:00,2025-04-16T02:56:00,2025-04-16T02:56:00,2025-04-16T05:55:00,2025-04-16T02:55:00
4a6897bd-54c3-4ded-ae50-239e2e6b5efa,489b7a57-98cd-4573-ae6b-b142748d86c2,97dbbf0c-d2b5-452c-b22a-e11e30701e99,DECLINED,2025-04-16T02:56:00,2025-04-16T03:10:00,,,2025-04-16T02:56:00
2c51bd45-b6bc-472d-9a55-a821a0de4820,489b7a57-98cd-4573-ae6b-b142748d86c2,7b16f6d6-0f6b-446d-89fe-87723b0ad83c,ACCEPTED,2025-04-16T03:00:00,2025-04-16T03:05:00,2025-04-16T03:05:00,,2025-04-16T03:00:00
3ebf2fa0-3fc9-4abc-b717-c4e9c7082e94,489b7a57-98cd-4573-ae6b-b142748d86c2,4dbf9849-ac53-4f89-9962-e94bf0dccfbc,ACCEPTED,2025-04-16T03:03:00,2025-04-16T03:14:00,2025-04-16T03:14:00,,2025-04-16T03:03:00
6aae026d-6e6e-4742-a355-25c8b98b2011,2a04ca2c-ef77-45a4-a4f6-4ef1ed177495,b7e02dd5-bc57-4ce1-89ca-6341da919a60,ACCEPTED,2025-04-16T05:49:00,2025-04-16T05:52:00,2025-04-16T05:52:00,,2025-04-16T05:49:00
e4f30267-3b18-4ead-a135-a309073f860b,2a04ca2c-ef77-45a4-a4f6-4ef1ed177495,cde8f468-ab23-43e9-8462-c07f508baa7f,ACCEPTED,2025-04-16T05:51:00,2025-04-16T05:57:00,2025-04-16T05:57:00,,2025-04-16T05:51:00
d067c701-31e7-4638-970e-52943a852a43,2a04ca2c-ef77-45a4-a4f6-4ef1ed177495,a8a1af91-93b6-4f04-8e14-d38aa8302607,ACCEPTED,2025-04-16T05:53:00,2025-04-16T05:57:00,2025-04-16T05:57:00,,2025-04-16T05:53:00
0845753b-5d43-4373-abeb-73c4ccac8e85,2a04ca2c-ef77-45a4-a4f6-4ef1ed177495,bdc0370d-62f2-4b37-aaa3-b2871252b644,ACCEPTED,2025-04-16T05:58:00,2025-04-16T06:10:00,2025-04-16T06:10:00,,2025-04-16T05:58:00
f1d8dbd9-7434-436d-bc2b-8af581263c04,2a04ca2c-ef77-45a4-a4f6-4ef1ed177495,8a40fb38-7cf4-468d-954f-bebd5270f111,ACCEPTED,2025-04-16T05:59:00,2025-04-16T06:11:00,2025-04-16T06:11:00,,2025-04-16T05:59:00
9d892f97-a80e-4942-9f04-cba570807983,12f41518-da26-410d-ae75-cfb83b61e1ca,0163ca09-1636-4809-8246-282d82afd3a3,NO_RESPONSE,2025-04-16T13:21:00,,,,2025-04-16T13:21:00
48a027c0-86d1-4fa8-8ce5-029ca4b450a7,12f41518-da26-410d-ae75-cfb83b61e1ca,3e6e3033-9a9c-4988-9e45-362e43ee98e6,ACCEPTED,2025-04-16T13:25:00,2025-04-16T13:31:00,2025-04-16T13:31:00,,2025-04-16T13:25:00
85741038-ce8d-42ba-a0ee-b4a301f9dcae,85b5c232-5c75-405f-bcae-9b7a583de9c6,d34c976e-433f-4254-8ff9-9f722de3d7df,ACCEPTED,2025-04-16T18:46:00,2025-04-16T18:58:00,2025-04-16T18:58:00,,2025-04-16T18:46:00
003516ee-8dfc-47ac-9e9b-08a95ea13ec7,85b5c232-5c75-405f-bcae-9b7a583de9c6,199debac-e563-46ab-8829-e7e1973cebc1,NO_RESPONSE,2025-04-16T18:48:00,,,,2025-04-16T18:48:00
509a6508-3fc0-4898-abc6-12c1f85e32cf,85b5c232-5c75-405f-bcae-9b7a583de9c6,90226cb0-70e6-4d51-8a71-165165d84910,ACCEPTED,2025-04-16T18:54:00,2025-04-16T18:56:00,2025-04-16T18:56:00,,2025-04-16T18:54:00
a2d25dcd-f86d-4c33-9568-ddb58cd2b127,85b5c232-5c75-405f-bcae-9b7a583de9c6,d6f6800e-5c63-432b-93d2-8d7c32142867,EXPIRED,2025-04-16T18:54:00,,,,2025-04-16T18:54:00
00c6d731-7ddf-47e4-a3ec-8b7c75574e1a,b6f8b6b2-31e9-4458-931f-41dc5713bac3,d74d726f-1a04-4093-9eb1-ae0ea06feb1c,EXPIRED,2025-04-16T18:56:00,,,,2025-04-16T18:56:00
624d1fb2-56d9-4c55-98ad-0c4413221bbc,b6f8b6b2-31e9-4458-931f-41dc5713bac3,90226cb0-70e6-4d51-8a71-165165d84910,MISSED,2025-04-16T18:56:00,,,,2025-04-16T18:56:00
d0ceede8-2d59-4ed1-83e5-280762296dec,b6f8b6b2-31e9-4458-931f-41dc5713bac3,5d69d39a-573c-4fc2-b61f-084eeb974f10,ACCEPTED,2025-04-16T18:58:00,2025-04-16T19:05:00,2025-04-16T19:05:00,,2025-04-16T18:58:00
7e6333ee-9623-4231-97b5-2550118cad3c,b6f8b6b2-31e9-4458-931f-41dc5713bac3,cf15cd3c-d017-49b8-af4a-bd4471976dd4,ACCEPTED,2025-04-16T18:58:00,2025-04-16T19:13:00,2025-04-16T19:13:00,,2025-04-16T18:58:00
066a3700-766f-4e0a-bbb9-5a521d0c5709,b6f8b6b2-31e9-4458-931f-41dc5713bac3,d81e4f34-385a-4f91-a183-890ca677d88c,COMPLETED,2025-04-16T19:01:00,2025-04-16T19:07:00,2025-04-16T19:07:00,2025-04-16T21:01:00,2025-04-16T19:01:00
2f804213-9a72-49dd-82a4-b155f62c0c68,d777310e-e015-4ebe-9e56-519f3b3a370f,19e65af6-da1e-4052-bf71-1659737f5cc7,EXPIRED,2025-04-16T23:05:00,,,,2025-04-16T23:05:00
78bd17cb-3960-4483-9b6f-6b0619a4a95c,d777310e-e015-4ebe-9e56-519f3b3a370f,facc5b5b-c0fa-45e8-8b9d-e13559d60097,DECLINED,2025-04-16T23:15:00,2025-04-16T23:35:00,,,2025-04-16T23:15:00
87dae72d-29b4-47db-be3b-e598322b1f73,8d7ea2ab-8661-4fad-b676-dfca0470f153,8465564b-f0a3-4480-b044-c0a4cf6d01a0,COMPLETED,2025-04-16T23:21:00,2025-04-16T23:36:00,2025-04-16T23:36:00,2025-04-17T01:21:00,2025-04-16T23:21:00
834a2475-1ea3-4882-bdbd-3ff8ca141d0c,8d7ea2ab-8661-4fad-b676-dfca0470f153,6c42715a-7792-4ae5-bd27-72ddeffdf209,ACCEPTED,2025-04-16T23:26:00,2025-04-16T23:33:00,2025-04-16T23:33:00,,2025-04-16T23:26:00
8c5195f1-7eee-4c6a-ae5d-07f8f91985d9,8d7ea2ab-8661-4fad-b676-dfca0470f153,4dbf9849-ac53-4f89-9962-e94bf0dccfbc,COMPLETED,2025-04-16T23:27:00,2025-04-16T23:35:00,2025-04-16T23:35:00,2025-04-17T00:27:00,2025-04-16T23:27:00
becdc099-b840-4869-9b1b-fe90a2fa06f2,b3db2bff-ada5-42c3-bb56-2919841b05db,eda6ff35-1d22-4a35-b25d-3279ba02175c,ACCEPTED,2025-04-17T00:15:00,2025-04-17T00:19:00,2025-04-17T00:19:00,,2025-04-17T00:15:00
0618366a-ea50-4074-a282-24e46a550525,b3db2bff-ada5-42c3-bb56-2919841b05db,c9dc82a9-929e-4f50-b5b7-c81e47b0668c,DECLINED,2025-04-17T00:16:00,2025-04-17T00:25:00,,,2025-04-17T00:16:00
636b8109-b488-47c6-9ec9-66d608835d9d,b3db2bff-ada5-42c3-bb56-2919841b05db,05088ba7-5428-4853-8cc9-e76f460fddd4,ACCEPTED,2025-04-17T00:16:00,2025-04-17T00:19:00,2025-04-17T00:19:00,,2025-04-17T00:16:00
e18db5f0-27cf-4f19-8183-22025ab3671a,b3db2bff-ada5-42c3-bb56-2919841b05db,62758655-2759-47fd-8cfb-18e44d2da35e,ACCEPTED,2025-04-17T00:16:00,2025-04-17T00:17:00,2025-04-17T00:17:00,,2025-04-17T00:16:00
50c4211b-616f-4c9f-a9c7-7c505f4c6674,b3db2bff-ada5-42c3-bb56-2919841b05db,628e4e35-5853-4d59-b32f-4056b7e3e27b,ACCEPTED,2025-04-17T00:21:00,2025-04-17T00:35:00,2025-04-17T00:35:00,,2025-04-17T00:21:00
6c180f4f-0c00-4d35-acab-12b8e2c2e1ba,b3db2bff-ada5-42c3-bb56-2919841b05db,4ac85ad1-81f9-4db3-a7c9-2bd4d3df0e31,COMPLETED,2025-04-17T00:22:00,2025-04-17T00:33:00,2025-04-17T00:33:00,2025-04-17T03:22:00,2025-04-17T00:22:00
69159ef9-37a5-424f-a4c9-1a3d16961094,ac1f5a87-b64b-4c23-9fd2-3be26389a64a,c2d25642-919c-4075-a54a-aedcf9642a56,NO_RESPONSE,2025-04-17T06:53:00,,,,2025-04-17T06:53:00
234edbff-884f-4421-bbe2-565de28494e1,ac1f5a87-b64b-4c23-9fd2-3be26389a64a,e407e92f-fbeb-4577-975a-db39c26f5872,ACCEPTED,2025-04-17T06:54:00,2025-04-17T06:56:00,2025-04-17T06:56:00,,2025-04-17T06:54:00
2b2a92cd-54e5-4200-9e22-ba606c169002,ac1f5a87-b64b-4c23-9fd2-3be26389a64a,4408ab43-7f7a-4a44-b781-4dd2edca4a74,ACCEPTED,2025-04-17T06:58:00,2025-04-17T07:01:00,2025-04-17T07:01:00,,2025-04-17T06:58:00
1a426514-e0f7-47cc-ba39-879298cb491f,ac1f5a87-b64b-4c23-9fd2-3be26389a64a,985ab403-ddfd-47f6-9b98-9ce2f7dcd16e,ACCEPTED,2025-04-17T07:03:00,2025-04-17T07:04:00,2025-04-17T07:04:00,,2025-04-17T07:03:00
7da867f0-1caf-4e4e-9baa-06f71c3cd39d,ac1f5a87-b64b-4c23-9fd2-3be26389a64a,2d8800e7-4323-4d12-918d-a987209ae260,ACCEPTED,2025-04-17T07:03:00,2025-04-17T07:17:00,2025-04-17T07:17:00,,2025-04-17T07:03:00
9cd0e1e8-9d29-42d5-b660-499525be9f5c,17e88438-ad78-4fd2-a9cd-bbb24320153a,4b4303f9-d680-4320-80ac-0fc7377998df,ACCEPTED,2025-04-17T13:42:00,2025-04-17T13:45:00,2025-04-17T13:45:00,,2025-04-17T13:42:00
1d41640d-450a-4a9f-a77c-6f22c1e8cbb0,17e88438-ad78-4fd2-a9cd-bbb24320153a,1b1c6a4c-9521-43d0-af56-40e628a2cb1d,COMPLETED,2025-04-17T13:44:00,2025-04-17T13:57:00,2025-04-17T13:57:00,2025-04-17T16:44:00,2025-04-17T13:44:00
667a0f83-685c-4008-b5c4-77c6871ce0af,17e88438-ad78-4fd2-a9cd-bbb24320153a,56cb3f18-5215-48ce-a5e3-0cd1a2498d02,COMPLETED,2025-04-17T13:50:00,2025-04-17T13:52:00,2025-04-17T13:52:00,2025-04-17T14:50:00,2025-04-17T13:50:00
2a13289e-2384-431c-a899-072639fa8a87,17e88438-ad78-4fd2-a9cd-bbb24320153a,6a9c2430-d23f-4e3a-9d23-36289b5ec791,ACCEPTED,2025-04-17T13:51:00,2025-04-17T13:57:00,2025-04-17T13:57:00,,2025-04-17T13:51:00
c4862a02-2ecb-4b6a-b9f3-d4580934bdc4,17e88438-ad78-4fd2-a9cd-bbb24320153a,0648f122-df82-42c1-b7a4-513681226246,NO_RESPONSE,2025-04-17T13:51:00,,,,2025-04-17T13:51:00
277d096b-7012-40e3-847f-5e1fc373a693,17e88438-ad78-4fd2-a9cd-bbb24320153a,2f38acd6-86c3-4ffd-b869-1117ac2e0be7,NO_RESPONSE,2025-04-17T13:55:00,,,,2025-04-17T13:55:00
d5b38a8a-ab1c-48fc-9f7f-035a86c31dbb,42183af2-6a8c-49b2-8986-38614157d6d7,ed05badd-17a9-4ad2-99b1-3e60e0cb321e,ACCEPTED,2025-04-17T16:21:00,2025-04-17T16:26:00,2025-04-17T16:26:00,,2025-04-17T16:21:00
1bcb8875-d0d9-4101-82e3-cc1bce38230c,42183af2-6a8c-49b2-8986-38614157d6d7,258c585a-0983-4f1a-9632-3c358d253411,COMPLETED,2025-04-17T16:23:00,2025-04-17T16:25:00,2025-04-17T16:25:00,2025-04-17T17:23:00,2025-04-17T16:23:00
4fcdc6b6-b55f-4621-a348-5e3c850390b1,42183af2-6a8c-49b2-8986-38614157d6d7,7df3d0f3-a755-40a4-a102-6e1158275be1,COMPLETED,2025-04-17T16:24:00,2025-04-17T16:25:00,2025-04-17T16:25:00,2025-04-17T18:24:00,2025-04-17T16:24:00
993274a0-9779-40f8-87c4-99080ae511fe,42183af2-6a8c-49b2-8986-38614157d6d7,074daa7c-485e-4264-a9c2-962e30d5b672,COMPLETED,2025-04-17T16:24:00,2025-04-17T16:28:00,2025-04-17T16:28:00,2025-04-17T19:24:00,2025-04-17T16:24:00
6a7fa81f-7689-4362-a2e6-4565da7c1b53,a7348e2a-939a-4b66-9363-039032999b76,c16201b1-943e-4c96-8b98-654faa1c4f67,ACCEPTED,2025-04-17T17:41:00,2025-04-17T17:48:00,2025-04-17T17:48:00,,2025-04-17T17:41:00
b105222b-e0a4-4726-ae31-dfedda3b933e,a7348e2a-939a-4b66-9363-039032999b76,abdc90fb-c824-469f-8f0e-8dd72f8f977f,ACCEPTED,2025-04-17T17:42:00,2025-04-17T17:46:00,2025-04-17T17:46:00,,2025-04-17T17:42:00
664332ab-c198-414c-a989-f409900b3e20,77c960b0-5e6d-46ec-83fb-f83752721bf5,bfe6f01b-84b9-4986-b7ea-e375c91d0d8c,MISSED,2025-04-17T18:17:00,,,,2025-04-17T18:17:00
4b231076-f090-4a2d-a12c-1932d789df31,77c960b0-5e6d-46ec-83fb-f83752721bf5,6020fc90-bb4f-4cf6-939b-6d7429d5d3a1,ACCEPTED,2025-04-17T18:17:00,2025-04-17T18:27:00,2025-04-17T18:27:00,,2025-04-17T18:17:00
a2d482b4-b11f-47fb-a6c2-b329c59a9816,77c960b0-5e6d-46ec-83fb-f83752721bf5,a2c7df0e-ef10-4dcc-aaed-b693b2b5db03,NO_RESPONSE,2025-04-17T18:24:00,,,,2025-04-17T18:24:00
6cd2abc8-a2d7-447a-90f2-8a434c5393d3,77c960b0-5e6d-46ec-83fb-f83752721bf5,a12f0067-a0a7-4294-ae23-d9759cd6beb6,ACCEPTED,2025-04-17T18:25:00,2025-04-17T18:39:00,2025-04-17T18:39:00,,2025-04-17T18:25:00
56377ea9-bfe2-4bdb-a416-177a7ff8ba5b,77c960b0-5e6d-46ec-83fb-f83752721bf5,29863a10-f78d-4e41-9aa9-3e446b4fe73f,COMPLETED,2025-04-17T18:27:00,2025-04-17T18:38:00,2025-04-17T18:38:00,2025-04-17T19:27:00,2025-04-17T18:27:00
e53eeabb-e5aa-4347-9c79-50c640b97c88,77c960b0-5e6d-46ec-83fb-f83752721bf5,57d21420-eb05-457e-8d19-6289775c7ce5,EXPIRED,2025-04-17T18:27:00,,,,2025-04-17T18:27:00
c58415e6-90b4-4f28-9554-1f4221df5e16,f790aba5-0ba2-4934-99cb-1d265826a43f,27f63174-92e0-4ec5-a8d6-df307aa20f3b,ACCEPTED,2025-04-18T01:18:00,2025-04-18T01:21:00,2025-04-18T01:21:00,,2025-04-18T01:18:00
54643a0a-28a7-4162-a59a-166bcd590731,f790aba5-0ba2-4934-99cb-1d265826a43f,866f151d-9b2b-4c13-9341-f46f866efb61,COMPLETED,2025-04-18T01:19:00,2025-04-18T01:29:00,2025-04-18T01:29:00,2025-04-18T04:19:00,2025-04-18T01:19:00
ffa3fea2-a299-46a9-a53d-bbca0c279f05,f790aba5-0ba2-4934-99cb-1d265826a43f,950e5213-a1b0-4cdc-9127-044adb973cb5,COMPLETED,2025-04-18T01:21:00,2025-04-18T01:29:00,2025-04-18T01:29:00,2025-04-18T02:21:00,2025-04-18T01:21:00
16c06e80-99be-4fcc-a64e-74286824e7d8,f790aba5-0ba2-4934-99cb-1d265826a43f,e10f8499-9444-4031-828d-33425d7476a6,COMPLETED,2025-04-18T01:26:00,2025-04-18T01:39:00,2025-04-18T01:39:00,2025-04-18T03:26:00,2025-04-18T01:26:00
a432a3e7-92b9-43cd-ad1f-251b7f2622e5,f790aba5-0ba2-4934-99cb-1d265826a43f,57d21420-eb05-457e-8d19-6289775c7ce5,EXPIRED,2025-04-18T01:29:00,,,,2025-04-18T01:29:00
b71073d8-4ae6-4b16-8315-b7dee405459c,e303438b-3d23-4a73-9fb7-5fa0676acc65,6ea9a5eb-fa10-4a3a-b0ff-8ec7b4d27eff,ACCEPTED,2025-04-18T04:34:00,2025-04-18T04:41:00,2025-04-18T04:41:00,,2025-04-18T04:34:00
5e7083ff-77cc-40bf-9c47-f583e4cc36fa,e303438b-3d23-4a73-9fb7-5fa0676acc65,46c4620d-f466-43aa-86c4-b6bea05d529d,ACCEPTED,2025-04-18T04:35:00,2025-04-18T04:39:00,2025-04-18T04:39:00,,2025-04-18T04:35:00
cdf3b63c-1cca-4387-81bc-11d3c6a8efa2,e303438b-3d23-4a73-9fb7-5fa0676acc65,7dce07a7-bf0e-49d0-8e10-0fae45654bf0,ACCEPTED,2025-04-18T04:39:00,2025-04-18T04:41:00,2025-04-18T04:41:00,,2025-04-18T04:39:00
a781f57a-7d85-438c-86e4-ea4ffe5fabc2,e303438b-3d23-4a73-9fb7-5fa0676acc65,2b53fe55-2a72-4432-a6b9-13c5a851be2a,ACCEPTED,2025-04-18T04:40:00,2025-04-18T04:46:00,2025-04-18T04:46:00,,2025-04-18T04:40:00
8aef88d7-6dc4-4933-ac55-c40dca304139,f68144dc-32ad-438c-bdcf-6c3aa561fec7,2361c7a1-b851-4b64-97aa-0cf019d4b69d,NO_RESPONSE,2025-04-18T05:08:00,,,,2025-04-18T05:08:00
9e269a9c-8051-4bcb-959f-76dd1a8d080e,f68144dc-32ad-438c-bdcf-6c3aa561fec7,8a51ac8d-1598-4fa0-bf75-085c49cbc370,EXPIRED,2025-04-18T05:14:00,,,,2025-04-18T05:14:00
a438fb79-acfd-44ff-aa90-f528b70f5adc,f68144dc-32ad-438c-bdcf-6c3aa561fec7,86adaeeb-d381-4c0f-87c8-ba59ce1cad28,ACCEPTED,2025-04-18T05:16:00,2025-04-18T05:18:00,2025-04-18T05:18:00,,2025-04-18T05:16:00
b34adff9-ca6a-4fae-b480-9b2b27866bc7,f68144dc-32ad-438c-bdcf-6c3aa561fec7,cd532bc0-2367-446e-8e57-68c7cd6101f6,ACCEPTED,2025-04-18T05:21:00,2025-04-18T05:35:00,2025-04-18T05:35:00,,2025-04-18T05:21:00
7c2411c4-891c-4295-8f10-5030b99425d1,abec1f26-1ede-43a3-a182-3969f60b1d48,075750fe-b6ad-4c6a-a4e3-91e723ad0bdf,ACCEPTED,2025-04-18T12:47:00,2025-04-18T12:58:00,2025-04-18T12:58:00,,2025-04-18T12:47:00
69110c51-e6a3-4699-9f62-3ee5a26a507e,abec1f26-1ede-43a3-a182-3969f60b1d48,804fa05c-3d11-4c0b-acfe-70a082a82e75,ACCEPTED,2025-04-18T12:49:00,2025-04-18T13:04:00,2025-04-18T13:04:00,,2025-04-18T12:49:00
d7d0bb33-86af-4461-9d55-2e501751f79b,1a3505e4-9529-48f6-9cdf-4a93b0e450c7,ed86563a-268b-43b8-851a-f22f9296edc5,COMPLETED,2025-04-18T16:44:00,2025-04-18T16:57:00,2025-04-18T16:57:00,2025-04-18T17:44:00,2025-04-18T16:44:00
ada48fdf-18a8-48d7-8b7d-db208951ab32,1a3505e4-9529-48f6-9cdf-4a93b0e450c7,846be435-a2e1-4850-bad5-07de99099078,ACCEPTED,2025-04-18T16:46:00,2025-04-18T16:49:00,2025-04-18T16:49:00,,2025-04-18T16:46:00
aff42c6b-c7c5-48bf-9d45-502a2f328479,1a3505e4-9529-48f6-9cdf-4a93b0e450c7,074daa7c-485e-4264-a9c2-962e30d5b672,ACCEPTED,2025-04-18T16:48:00,2025-04-18T16:50:00,2025-04-18T16:50:00,,2025-04-18T16:48:00
04625ad1-c54f-4eee-a973-13af8479a216,1a3505e4-9529-48f6-9cdf-4a93b0e450c7,68cf86cf-66aa-443c-ae5b-e601c8cc76c7,ACCEPTED,2025-04-18T16:49:00,2025-04-18T17:04:00,2025-04-18T17:04:00,,2025-04-18T16:49:00
49d9b99c-94cc-4cae-aef8-16102725b421,1a3505e4-9529-48f6-9cdf-4a93b0e450c7,f7f1655c-f8c2-4296-91c4-9f8f570ad765,ACCEPTED,2025-04-18T16:54:00,2025-04-18T17:06:00,2025-04-18T17:06:00,,2025-04-18T16:54:00
c6337526-9077-4106-8213-2979065cc204,baca3cff-3f64-4b9e-beb6-866786d12a6b,5ed79810-0c9b-4377-870c-58916ee465a7,COMPLETED,2025-04-18T18:21:00,2025-04-18T18:36:00,2025-04-18T18:36:00,2025-04-18T20:21:00,2025-04-18T18:21:00
247e4fc7-3547-46a6-8362-60b590caabfa,baca3cff-3f64-4b9e-beb6-866786d12a6b,89351c19-fb07-4021-8981-38f3a660e1f1,COMPLETED,2025-04-18T18:21:00,2025-04-18T18:32:00,2025-04-18T18:32:00,2025-04-18T21:21:00,2025-04-18T18:21:00
d83c214c-37c6-4123-8da2-dcde0e404937,baca3cff-3f64-4b9e-beb6-866786d12a6b,ca5ce99f-cf40-4ef6-9c3d-4a4177383ff2,ACCEPTED,2025-04-18T18:22:00,2025-04-18T18:34:00,2025-04-18T18:34:00,,2025-04-18T18:22:00
a848a143-0158-4b7c-9424-795399f1a955,baca3cff-3f64-4b9e-beb6-866786d12a6b,5d834b3d-0d58-4d16-bdc4-32869531ea10,COMPLETED,2025-04-18T18:25:00,2025-04-18T18:36:00,2025-04-18T18:36:00,2025-04-18T19:25:00,2025-04-18T18:25:00
9dd1b3e5-69bc-4912-b6a8-c2cfa52976a0,baca3cff-3f64-4b9e-beb6-866786d12a6b,5363b68d-8ce8-4929-9246-6d22798f9caf,COMPLETED,2025-04-18T18:31:00,2025-04-18T18:33:00,2025-04-18T18:33:00,2025-04-18T19:31:00,2025-04-18T18:31:00
be6cfa76-00f4-4f4d-af2f-343ca4dfa05d,baca3cff-3f64-4b9e-beb6-866786d12a6b,cfca1fba-b8fd-43a2-8e84-7c868fae649d,ACCEPTED,2025-04-18T18:32:00,2025-04-18T18:43:00,2025-04-18T18:43:00,,2025-04-18T18:32:00
430a38cc-bfd8-46c5-95dd-c3a6f4f7a092,b4e1327b-4c38-42ad-b6b4-4e3d67951e2b,19cad05e-ae8b-4d86-b026-69fbb73b2e76,ACCEPTED,2025-04-18T19:15:00,2025-04-18T19:29:00,2025-04-18T19:29:00,,2025-04-18T19:15:00
c1693fb1-7476-415e-bab6-9c283e6da1b0,b4e1327b-4c38-42ad-b6b4-4e3d67951e2b,5805c9e4-e8a0-4c33-9ca3-70004d94c948,COMPLETED,2025-04-18T19:18:00,2025-04-18T19:33:00,2025-04-18T19:33:00,2025-04-18T20:18:00,2025-04-18T19:18:00
3be4ad9e-758d-406a-9a6f-1cb126a31808,b4e1327b-4c38-42ad-b6b4-4e3d67951e2b,f6612e9b-17e3-4407-bad5-87d18f75c172,ACCEPTED,2025-04-18T19:19:00,2025-04-18T19:28:00,2025-04-18T19:28:00,,2025-04-18T19:19:00
a91f2ff9-3cba-423f-9a4e-b49cf86e9e30,b4e1327b-4c38-42ad-b6b4-4e3d67951e2b,7df3d0f3-a755-40a4-a102-6e1158275be1,EXPIRED,2025-04-18T19:21:00,,,,2025-04-18T19:21:00
83bee2c2-56c8-426b-97ec-a15c63d3b9a7,b4e1327b-4c38-42ad-b6b4-4e3d67951e2b,cfca1fba-b8fd-43a2-8e84-7c868fae649d,ACCEPTED,2025-04-18T19:22:00,2025-04-18T19:24:00,2025-04-18T19:24:00,,2025-04-18T19:22:00
8e71d517-536e-439f-9eb5-9a91ea58d560,b4e1327b-4c38-42ad-b6b4-4e3d67951e2b,4e738475-88e6-4df8-90b2-45dacfb7c6e2,ACCEPTED,2025-04-18T19:26:00,2025-04-18T19:32:00,2025-04-18T19:32:00,,2025-04-18T19:26:00
20d825e8-8989-4ead-b077-aa96311e7422,cff20654-eee6-4fa6-8575-42557c17b6ba,2c1091c3-2c2e-4305-8524-f2651ddbea75,DECLINED,2025-04-19T00:41:00,2025-04-19T00:51:00,,,2025-04-19T00:41:00
100f302a-27c0-4271-9d30-b421c8ad165e,cff20654-eee6-4fa6-8575-42557c17b6ba,c2d25642-919c-4075-a54a-aedcf9642a56,EXPIRED,2025-04-19T00:44:00,,,,2025-04-19T00:44:00
ad4b799b-bb56-47f0-9aee-3c6d6a057169,cff20654-eee6-4fa6-8575-42557c17b6ba,3e9272f3-ed0f-4e1e-9e75-ffeefc9ff8be,MISSED,2025-04-19T00:44:00,,,,2025-04-19T00:44:00
64bffe50-51f8-4fdc-ad6b-baa7ae941b7f,cff20654-eee6-4fa6-8575-42557c17b6ba,d2d58d90-c3b6-419c-80fc-cd468552f315,COMPLETED,2025-04-19T00:49:00,2025-04-19T01:01:00,2025-04-19T01:01:00,2025-04-19T03:49:00,2025-04-19T00:49:00
86ffa987-4441-4d1c-a5d8-0dcb9fe0399f,cff20654-eee6-4fa6-8575-42557c17b6ba,7f3eb456-b77d-4612-a975-16e81b7af215,EXPIRED,2025-04-19T00:52:00,,,,2025-04-19T00:52:00
82122db4-808d-48e8-82e4-b6c01b86bad9,2a139a7e-b6eb-44ba-918b-5b0e5d00d8a2,d25bbe98-216b-4faf-8f76-0d3dd2269a66,MISSED,2025-04-19T01:05:00,,,,2025-04-19T01:05:00
669222e3-5839-402b-b4a3-21eeab21a03b,2a139a7e-b6eb-44ba-918b-5b0e5d00d8a2,c2695e79-4d08-4f69-b539-6de83b562463,NO_RESPONSE,2025-04-19T01:06:00,,,,2025-04-19T01:06:00
9eb8228e-4902-4ba9-8cc8-076dfa366d3b,57f7b34c-aeb1-43d4-8e58-2b0fbe5b7fb5,c26464e8-28b6-4923-b2ea-5e7dbf4e5c58,MISSED,2025-04-19T01:13:00,,,,2025-04-19T01:13:00
35496799-245e-4732-897d-51563b0d6c8a,2a139a7e-b6eb-44ba-918b-5b0e5d00d8a2,a92ac821-12c7-40b8-bbb8-e287da0564eb,COMPLETED,2025-04-19T01:14:00,2025-04-19T01:18:00,2025-04-19T01:18:00,2025-04-19T03:14:00,2025-04-19T01:14:00
fca6e2e9-fb3d-4737-be33-425fce41eae0,57f7b34c-aeb1-43d4-8e58-2b0fbe5b7fb5,6c42715a-7792-4ae5-bd27-72ddeffdf209,COMPLETED,2025-04-19T01:15:00,2025-04-19T01:27:00,2025-04-19T01:27:00,2025-04-19T04:15:00,2025-04-19T01:15:00
f2b89047-fd23-4a9b-a394-99881a9f3454,2a139a7e-b6eb-44ba-918b-5b0e5d00d8a2,e0e3fb99-db30-4123-b346-7f11de4197c6,ACCEPTED,2025-04-19T01:16:00,2025-04-19T01:26:00,2025-04-19T01:26:00,,2025-04-19T01:16:00
a383d61d-8eb6-45aa-b958-8b7da84dc90c,57f7b34c-aeb1-43d4-8e58-2b0fbe5b7fb5,4d0e1b54-5e79-4df5-b9bd-bd996b9c9642,ACCEPTED,2025-04-19T01:18:00,2025-04-19T01:29:00,2025-04-19T01:29:00,,2025-04-19T01:18:00
880bae12-fa34-479c-be5b-7d61c6472080,57f7b34c-aeb1-43d4-8e58-2b0fbe5b7fb5,885c50e2-3162-47fa-90f5-23d9287648cc,ACCEPTED,2025-04-19T01:19:00,2025-04-19T01:34:00,2025-04-19T01:34:00,,2025-04-19T01:19:00
c57727b9-a178-4844-a7e1-09b443e62752,57f7b34c-aeb1-43d4-8e58-2b0fbe5b7fb5,253205df-9c22-4418-a061-b758af343928,EXPIRED,2025-04-19T01:20:00,,,,2025-04-19T01:20:00
51214ca9-6bea-45c8-9422-28fd27b34bf6,329c92f9-1e35-42c2-a386-c5d3fcb3347b,553294c5-4565-4d5a-a069-6e8126905be4,NO_RESPONSE,2025-04-19T03:51:00,,,,2025-04-19T03:51:00
bf6b617c-b4bf-4eb9-b9ac-b1e6ebe57ec5,329c92f9-1e35-42c2-a386-c5d3fcb3347b,5805c9e4-e8a0-4c33-9ca3-70004d94c948,ACCEPTED,2025-04-19T03:54:00,2025-04-19T04:09:00,2025-04-19T04:09:00,,2025-04-19T03:54:00
2eb8af54-c4f1-4205-8ba8-5067c6eb5567,36932723-1a93-4a3d-b1f8-b8f718ff981c,0ad41086-120a-480a-a25e-68be9c95144c,COMPLETED,2025-04-19T08:55:00,2025-04-19T08:58:00,2025-04-19T08:58:00,2025-04-19T09:55:00,2025-04-19T08:55:00
cca5a728-77eb-4a18-8318-8989b0bf1892,36932723-1a93-4a3d-b1f8-b8f718ff981c,ffd6e179-bce4-414a-9aef-db47a3caea86,ACCEPTED,2025-04-19T08:57:00,2025-04-19T09:05:00,2025-04-19T09:05:00,,2025-04-19T08:57:00
7fdc3fe2-7f6f-4b1a-b8c8-e088f3c9fe8a,36932723-1a93-4a3d-b1f8-b8f718ff981c,643a2cfd-c940-4060-89e8-05b38ecebd84,COMPLETED,2025-04-19T09:02:00,2025-04-19T09:03:00,2025-04-19T09:03:00,2025-04-19T11:02:00,2025-04-19T09:02:00
069899b6-3674-4adb-8747-7cd90650d1f1,36932723-1a93-4a3d-b1f8-b8f718ff981c,443aebc7-b493-44c6-bde3-762b445ca7e3,COMPLETED,2025-04-19T09:07:00,2025-04-19T09:09:00,2025-04-19T09:09:00,2025-04-19T11:07:00,2025-04-19T09:07:00
9539acb2-d914-4cac-b02a-42797d43a30b,bc2538bb-d6c7-4a6b-a0fa-9e1d102ab57c,ad71dc4d-d139-444d-a8ee-c755441c0f54,COMPLETED,2025-04-19T10:54:00,2025-04-19T11:04:00,2025-04-19T11:04:00,2025-04-19T11:54:00,2025-04-19T10:54:00
0bbb1870-8764-4b21-88ca-75f6359850b3,bc2538bb-d6c7-4a6b-a0fa-9e1d102ab57c,97b426ef-09b1-4692-8010-6897b909efc6,DECLINED,2025-04-19T10:56:00,2025-04-19T11:04:00,,,2025-04-19T10:56:00
efd8dffb-00a3-4041-be6b-8c33b1b3e339,bc2538bb-d6c7-4a6b-a0fa-9e1d102ab57c,bf16397a-e456-456e-98bd-2730736c43f3,ACCEPTED,2025-04-19T11:01:00,2025-04-19T11:03:00,2025-04-19T11:03:00,,2025-04-19T11:01:00
d39e750a-149b-48a3-843f-f561666e03fe,bc2538bb-d6c7-4a6b-a0fa-9e1d102ab57c,5805c9e4-e8a0-4c33-9ca3-70004d94c948,COMPLETED,2025-04-19T11:01:00,2025-04-19T11:15:00,2025-04-19T11:15:00,2025-04-19T13:01:00,2025-04-19T11:01:00
229dc669-741d-4262-975a-a9173a5e73ba,bc2538bb-d6c7-4a6b-a0fa-9e1d102ab57c,18425d44-6ba9-45d1-a297-f3778d4b10e7,COMPLETED,2025-04-19T11:06:00,2025-04-19T11:17:00,2025-04-19T11:17:00,2025-04-19T13:06:00,2025-04-19T11:06:00
7d213edb-a355-49c8-ab35-9221f297dff8,2f901cd5-7b13-4e8b-a1bd-fdcdd58c69fd,265b1191-c474-4c10-b744-2accb997520e,COMPLETED,2025-04-19T20:22:00,2025-04-19T20:31:00,2025-04-19T20:31:00,2025-04-19T22:22:00,2025-04-19T20:22:00
4f0db0ff-3956-4760-8ab3-81afeb2d44ef,2f901cd5-7b13-4e8b-a1bd-fdcdd58c69fd,02ab37f8-95ba-4069-b113-066bd5d1f267,ACCEPTED,2025-04-19T20:23:00,2025-04-19T20:35:00,2025-04-19T20:35:00,,2025-04-19T20:23:00
f88e1b90-f1a2-4edc-85a4-b0b951e8a2f4,2f901cd5-7b13-4e8b-a1bd-fdcdd58c69fd,05088ba7-5428-4853-8cc9-e76f460fddd4,NO_RESPONSE,2025-04-19T20:28:00,,,,2025-04-19T20:28:00
3e1f9b14-b69f-4980-b3f3-a9d3247641b7,2f901cd5-7b13-4e8b-a1bd-fdcdd58c69fd,fe02ea3a-03d9-4d57-94a7-47e4a11e404f,ACCEPTED,2025-04-19T20:29:00,2025-04-19T20:34:00,2025-04-19T20:34:00,,2025-04-19T20:29:00
88570a2d-c0a8-4a3a-a09d-b6b53d8287eb,2f901cd5-7b13-4e8b-a1bd-fdcdd58c69fd,556bf703-12c9-40e6-98a3-1835bb3d53a7,ACCEPTED,2025-04-19T20:30:00,2025-04-19T20:35:00,2025-04-19T20:35:00,,2025-04-19T20:30:00
6e4957e2-d474-46ba-affa-82a85043943e,2f901cd5-7b13-4e8b-a1bd-fdcdd58c69fd,a2c7df0e-ef10-4dcc-aaed-b693b2b5db03,DECLINED,2025-04-19T20:30:00,2025-04-19T20:35:00,,,2025-04-19T20:30:00
c5ff5615-6785-4993-b21f-cc8219da36a9,36edb820-08c9-4826-a171-509f8e79fa8d,afa47c4e-62b3-4586-9824-3169d0ae4f73,ACCEPTED,2025-04-19T23:25:00,2025-04-19T23:28:00,2025-04-19T23:28:00,,2025-04-19T23:25:00
5778c80c-fabf-4a78-a627-6d7a5b638216,36edb820-08c9-4826-a171-509f8e79fa8d,e116edc5-9b26-4e7c-88d9-765a7676524f,COMPLETED,2025-04-19T23:26:00,2025-04-19T23:38:00,2025-04-19T23:38:00,2025-04-20T01:26:00,2025-04-19T23:26:00
b66dfcb5-3775-47c4-bff8-cdbfdc63d25b,36edb820-08c9-4826-a171-509f8e79fa8d,5af7e665-37a6-4d00-a895-44a3a239f4cf,COMPLETED,2025-04-19T23:35:00,2025-04-19T23:36:00,2025-04-19T23:36:00,2025-04-20T00:35:00,2025-04-19T23:35:00
bc1fe5c0-59bc-4c61-aeba-318a486d634a,36edb820-08c9-4826-a171-509f8e79fa8d,088b5742-8640-45a5-9823-8486f1015782,ACCEPTED,2025-04-19T23:35:00,2025-04-19T23:40:00,2025-04-19T23:40:00,,2025-04-19T23:35:00
29b834f3-aa72-4049-89ef-4c893d12faf3,36edb820-08c9-4826-a171-509f8e79fa8d,2e3af94c-8ff5-4a35-ac8a-571d4fa070d4,MISSED,2025-04-19T23:37:00,,,,2025-04-19T23:37:00
4dc6b72a-73b3-4da0-8ae2-c32cd75164f8,85e34145-9033-4315-9947-af5dd4ef45d0,0b47310a-57de-411d-a3af-67fcc8e4038f,ACCEPTED,2025-04-20T01:00:00,2025-04-20T01:12:00,2025-04-20T01:12:00,,2025-04-20T01:00:00
146e372f-a2f3-4ac7-98c2-6d9eaf3eeef9,85e34145-9033-4315-9947-af5dd4ef45d0,553294c5-4565-4d5a-a069-6e8126905be4,MISSED,2025-04-20T01:03:00,,,,2025-04-20T01:03:00
05605510-86a7-4670-9680-d90137ec398e,85e34145-9033-4315-9947-af5dd4ef45d0,cd36ff59-5ea4-42e6-93c5-5e86da3a1bf9,COMPLETED,2025-04-20T01:04:00,2025-04-20T01:13:00,2025-04-20T01:13:00,2025-04-20T04:04:00,2025-04-20T01:04:00
34b772c1-baea-4f91-84a2-dcb246610551,85e34145-9033-4315-9947-af5dd4ef45d0,34dc13fa-a9a1-4b88-8692-d63511225a68,COMPLETED,2025-04-20T01:06:00,2025-04-20T01:11:00,2025-04-20T01:11:00,2025-04-20T03:06:00,2025-04-20T01:06:00
905094d3-33df-41a4-a8e6-e275415c5d7a,85e34145-9033-4315-9947-af5dd4ef45d0,2c4d68b2-c9d6-4244-9ac3-ce7b208c9147,NO_RESPONSE,2025-04-20T01:06:00,,,,2025-04-20T01:06:00
4ee86b2d-f594-4066-960f-0bbdde708c7c,85e34145-9033-4315-9947-af5dd4ef45d0,c9dc82a9-929e-4f50-b5b7-c81e47b0668c,EXPIRED,2025-04-20T01:12:00,,,,2025-04-20T01:12:00
b643ff92-6aa4-4c04-846e-382091b8ef9a,212cd37e-d696-4dbd-88c0-57ddaf689399,63e1e7de-8090-46e0-a921-6add4ddcfef9,ACCEPTED,2025-04-20T01:56:00,2025-04-20T02:05:00,2025-04-20T02:05:00,,2025-04-20T01:56:00
56c0523a-8f8c-40b6-aadc-b05901eca0db,212cd37e-d696-4dbd-88c0-57ddaf689399,bbaea4a2-227b-4e8f-9f8b-61615adfff9f,ACCEPTED,2025-04-20T01:57:00,2025-04-20T02:09:00,2025-04-20T02:09:00,,2025-04-20T01:57:00
3e00d3bd-b28f-4d77-bc2f-c8ef639712e9,212cd37e-d696-4dbd-88c0-57ddaf689399,7dce07a7-bf0e-49d0-8e10-0fae45654bf0,ACCEPTED,2025-04-20T01:59:00,2025-04-20T02:02:00,2025-04-20T02:02:00,,2025-04-20T01:59:00
58244a9d-a94d-45b3-8ae9-f2d20f49faf2,212cd37e-d696-4dbd-88c0-57ddaf689399,543b149c-d59c-49f5-bb4f-e6ac6bd72dd3,ACCEPTED,2025-04-20T02:01:00,2025-04-20T02:03:00,2025-04-20T02:03:00,,2025-04-20T02:01:00
aa1a5401-25cc-471e-b11d-12e8cbc32280,de39e5f9-873c-42e4-bfdf-c285870ef0e8,62dcf5be-c7c7-4332-ba46-a97ff4593dd6,COMPLETED,2025-04-20T03:56:00,2025-04-20T04:10:00,2025-04-20T04:10:00,2025-04-20T04:56:00,2025-04-20T03:56:00
445e61a0-2bee-45ab-9ce8-18de3f1d75ec,de39e5f9-873c-42e4-bfdf-c285870ef0e8,f44d8cd1-1833-4e30-b14f-417870b4502a,ACCEPTED,2025-04-20T03:56:00,2025-04-20T04:09:00,2025-04-20T04:09:00,,2025-04-20T03:56:00
147d28ec-9dfc-419c-8d24-f6b5513b85e3,de39e5f9-873c-42e4-bfdf-c285870ef0e8,a1bc2676-aad3-49f3-9131-e812c904d689,ACCEPTED,2025-04-20T03:57:00,2025-04-20T04:08:00,2025-04-20T04:08:00,,2025-04-20T03:57:00
1a60a1ed-86a9-4fbc-9106-02e8ba528e93,de39e5f9-873c-42e4-bfdf-c285870ef0e8,bf16397a-e456-456e-98bd-2730736c43f3,COMPLETED,2025-04-20T03:58:00,2025-04-20T04:10:00,2025-04-20T04:10:00,2025-04-20T04:58:00,2025-04-20T03:58:00
24ba7804-7eb6-4a1d-87e4-f3bd03e2e328,de39e5f9-873c-42e4-bfdf-c285870ef0e8,82fb79bc-bd6e-47a9-a67a-99fac9655589,ACCEPTED,2025-04-20T04:00:00,2025-04-20T04:05:00,2025-04-20T04:05:00,,2025-04-20T04:00:00
9d78a952-7205-4480-8c08-104f4adaa0a5,1aa2712a-1a48-4b74-a5d1-f31f88c98f62,ad32e776-9492-4189-a4eb-d73ed256a7ea,ACCEPTED,2025-04-20T04:44:00,2025-04-20T04:48:00,2025-04-20T04:48:00,,2025-04-20T04:44:00
7a2d8840-5888-430c-b6da-6a1416dea17a,1aa2712a-1a48-4b74-a5d1-f31f88c98f62,606e67ca-9ccf-47a9-951e-95c0bc77f20d,ACCEPTED,2025-04-20T04:47:00,2025-04-20T04:50:00,2025-04-20T04:50:00,,2025-04-20T04:47:00
128d23e6-aea1-40df-b10e-83c14652d077,1aa2712a-1a48-4b74-a5d1-f31f88c98f62,90226cb0-70e6-4d51-8a71-165165d84910,NO_RESPONSE,2025-04-20T04:50:00,,,,2025-04-20T04:50:00
32181eef-7b21-4ad2-bf57-debdeedf0178,1aa2712a-1a48-4b74-a5d1-f31f88c98f62,533414cd-671e-4157-a291-db237359e3c8,DECLINED,2025-04-20T04:50:00,2025-04-20T04:59:00,,,2025-04-20T04:50:00
64e06284-5388-4c78-bd76-10a04e462692,1aa2712a-1a48-4b74-a5d1-f31f88c98f62,cf15cd3c-d017-49b8-af4a-bd4471976dd4,ACCEPTED,2025-04-20T04:52:00,2025-04-20T04:58:00,2025-04-20T04:58:00,,2025-04-20T04:52:00
bd60cc45-c83a-4990-805f-01db92bc0305,51fa76f4-2eca-4afb-85ee-f3b5e642d9fa,74de697e-ecd0-4975-8057-f21088a888b4,MISSED,2025-04-20T06:32:00,,,,2025-04-20T06:32:00
76ea1839-119d-4f0f-b7a5-f1423952d1a8,51fa76f4-2eca-4afb-85ee-f3b5e642d9fa,b7b35df4-cc30-48d4-b856-21583b9c43c1,NO_RESPONSE,2025-04-20T06:34:00,,,,2025-04-20T06:34:00
90abf815-7cfa-44bb-8f1c-7713eda8794a,51fa76f4-2eca-4afb-85ee-f3b5e642d9fa,ed05badd-17a9-4ad2-99b1-3e60e0cb321e,ACCEPTED,2025-04-20T06:38:00,2025-04-20T06:41:00,2025-04-20T06:41:00,,2025-04-20T06:38:00
634e69ce-c86e-425c-951a-ab6a0a9e7d3c,51fa76f4-2eca-4afb-85ee-f3b5e642d9fa,e116edc5-9b26-4e7c-88d9-765a7676524f,ACCEPTED,2025-04-20T06:40:00,2025-04-20T06:53:00,2025-04-20T06:53:00,,2025-04-20T06:40:00
69994691-31f1-4280-9292-4caf33a282d9,20e59d04-0c4d-49e4-855d-0459d8507e39,bd48baab-9e75-48be-85b5-d5b192d7bba9,ACCEPTED,2025-04-20T09:13:00,2025-04-20T09:14:00,2025-04-20T09:14:00,,2025-04-20T09:13:00
54f7bd4f-7347-42e3-aff9-f80f3018429e,20e59d04-0c4d-49e4-855d-0459d8507e39,ed86563a-268b-43b8-851a-f22f9296edc5,NO_RESPONSE,2025-04-20T09:17:00,,,,2025-04-20T09:17:00
ea263391-04e2-432f-bfa8-9b896ab5249c,7ab5a07e-bbf6-4bc3-bccf-217d53a4d3b4,b28c5ded-195b-4262-9bb7-b808a353150d,ACCEPTED,2025-04-20T11:50:00,2025-04-20T12:00:00,2025-04-20T12:00:00,,2025-04-20T11:50:00
56c7d239-11b6-4520-b20d-cc6c2e87c5b2,7ab5a07e-bbf6-4bc3-bccf-217d53a4d3b4,5b144804-32b7-4e82-9f3c-1b20f6f52721,ACCEPTED,2025-04-20T11:53:00,2025-04-20T12:03:00,2025-04-20T12:03:00,,2025-04-20T11:53:00
f3897cea-9bc8-485e-872d-b61016eeab81,7ab5a07e-bbf6-4bc3-bccf-217d53a4d3b4,3e5bcb3e-d421-4d2e-b8ee-6482c43242d7,COMPLETED,2025-04-20T11:54:00,2025-04-20T12:04:00,2025-04-20T12:04:00,2025-04-20T12:54:00,2025-04-20T11:54:00
6edabaeb-d0a7-4418-8c47-013d3893cd06,7ab5a07e-bbf6-4bc3-bccf-217d53a4d3b4,4408ab43-7f7a-4a44-b781-4dd2edca4a74,ACCEPTED,2025-04-20T11:58:00,2025-04-20T12:06:00,2025-04-20T12:06:00,,2025-04-20T11:58:00
f7bf853c-46bd-4633-b4d0-baff8ad5f53d,717794d8-a138-4cc1-999d-6e4de6f6d465,35c97ba1-3b93-4844-a896-f8caf863e1ad,ACCEPTED,2025-04-20T15:07:00,2025-04-20T15:17:00,2025-04-20T15:17:00,,2025-04-20T15:07:00
ace6ee22-e872-4609-ac54-c2ee1c234e1c,717794d8-a138-4cc1-999d-6e4de6f6d465,1191fc52-63be-4740-bba1-06592a0f8eb5,ACCEPTED,2025-04-20T15:07:00,2025-04-20T15:10:00,2025-04-20T15:10:00,,2025-04-20T15:07:00
d4ee1ba6-641f-4baa-91ec-0df69bd621bc,717794d8-a138-4cc1-999d-6e4de6f6d465,12cb054b-3ad8-409d-879c-911bba186c06,COMPLETED,2025-04-20T15:12:00,2025-04-20T15:17:00,2025-04-20T15:17:00,2025-04-20T16:12:00,2025-04-20T15:12:00
de7297a3-622f-43f7-b896-e79ef22be3c9,717794d8-a138-4cc1-999d-6e4de6f6d465,46c4620d-f466-43aa-86c4-b6bea05d529d,ACCEPTED,2025-04-20T15:18:00,2025-04-20T15:32:00,2025-04-20T15:32:00,,2025-04-20T15:18:00
94ae75ed-9958-45ca-8a02-a56c294049c0,6f4198a7-305d-4aa1-9ec9-4cedfc352eca,3a844307-c065-40ea-b773-262c476a0e2a,ACCEPTED,2025-04-20T17:43:00,2025-04-20T17:49:00,2025-04-20T17:49:00,,2025-04-20T17:43:00
a0f0aeb8-6a83-4e51-bded-b04ec2a7892c,6f4198a7-305d-4aa1-9ec9-4cedfc352eca,91080d43-a198-4089-b53a-109a95c5e635,MISSED,2025-04-20T17:51:00,,,,2025-04-20T17:51:00
6d221d82-1728-4fec-ac61-c1f7a7e178b7,6f4198a7-305d-4aa1-9ec9-4cedfc352eca,4ca593a6-6883-4ff4-b14b-a47593e71ecc,ACCEPTED,2025-04-20T17:51:00,2025-04-20T17:52:00,2025-04-20T17:52:00,,2025-04-20T17:51:00
95361117-54e8-42f7-9f53-6bb982f2591c,0cd8aa33-3577-4826-85bb-4d345adc9094,75455c5a-fc28-4e12-ab1d-c5bf91975e07,ACCEPTED,2025-04-21T05:08:00,2025-04-21T05:22:00,2025-04-21T05:22:00,,2025-04-21T05:08:00
bfcace01-89d0-47c7-9356-f2c511f10bd9,0cd8aa33-3577-4826-85bb-4d345adc9094,20f6053d-1512-49be-a186-de29bf5ec234,COMPLETED,2025-04-21T05:10:00,2025-04-21T05:22:00,2025-04-21T05:22:00,2025-04-21T08:10:00,2025-04-21T05:10:00
416a50c4-73b7-47d8-a409-e0941bc267ec,0cd8aa33-3577-4826-85bb-4d345adc9094,5a9cd770-f74a-4cdd-87d0-646aa0e13b89,COMPLETED,2025-04-21T05:13:00,2025-04-21T05:25:00,2025-04-21T05:25:00,2025-04-21T07:13:00,2025-04-21T05:13:00
d8a585da-dd3a-4a4b-8c4a-d16baeb96aa8,0cd8aa33-3577-4826-85bb-4d345adc9094,e07bda41-053d-4aac-9836-2124ef24f237,ACCEPTED,2025-04-21T05:14:00,2025-04-21T05:16:00,2025-04-21T05:16:00,,2025-04-21T05:14:00
2994d9d8-5d05-4bd7-a2aa-599d22df8c8b,0cd8aa33-3577-4826-85bb-4d345adc9094,3e19e0d8-1f00-40bc-8358-1472a358eb9a,ACCEPTED,2025-04-21T05:14:00,2025-04-21T05:27:00,2025-04-21T05:27:00,,2025-04-21T05:14:00
08005364-22f1-4584-a6cf-13397332a18d,0cd8aa33-3577-4826-85bb-4d345adc9094,4dbf9849-ac53-4f89-9962-e94bf0dccfbc,ACCEPTED,2025-04-21T05:14:00,2025-04-21T05:25:00,2025-04-21T05:25:00,,2025-04-21T05:14:00
3db2d18a-e31f-4021-97c6-19d1d3628c60,7f3565a8-88ff-461e-aaf8-e0f84e26a891,c5f535ca-0ce9-4d6a-9653-50c63468cb62,COMPLETED,2025-04-21T05:53:00,2025-04-21T06:07:00,2025-04-21T06:07:00,2025-04-21T07:53:00,2025-04-21T05:53:00
48446b9a-b4b0-4f48-92fe-dc5520a37b0d,7f3565a8-88ff-461e-aaf8-e0f84e26a891,cc255119-86e4-43ad-b1f0-6c24ac17d920,ACCEPTED,2025-04-21T05:54:00,2025-04-21T06:08:00,2025-04-21T06:08:00,,2025-04-21T05:54:00
b930b6a7-6d53-478b-b8fc-a801c391e4f5,7f3565a8-88ff-461e-aaf8-e0f84e26a891,346ece9f-9eed-4c58-95d7-1c3e38d7cceb,MISSED,2025-04-21T05:59:00,,,,2025-04-21T05:59:00
63beaae0-c95f-48bb-8844-8d23f46bacbc,52b5e7ba-f772-4b25-85c0-1a9ba1474959,2b53fe55-2a72-4432-a6b9-13c5a851be2a,ACCEPTED,2025-04-21T07:06:00,2025-04-21T07:15:00,2025-04-21T07:15:00,,2025-04-21T07:06:00
8f56e92f-c52c-4d54-bf09-e272d66a07b3,52b5e7ba-f772-4b25-85c0-1a9ba1474959,d346ac11-9b08-4a8a-b887-845a17ae7266,COMPLETED,2025-04-21T07:07:00,2025-04-21T07:10:00,2025-04-21T07:10:00,2025-04-21T09:07:00,2025-04-21T07:07:00
1f5e719a-b064-4350-802d-af891ab83837,52b5e7ba-f772-4b25-85c0-1a9ba1474959,c541fa0d-e389-41e3-8fbc-f794813f5148,ACCEPTED,2025-04-21T07:10:00,2025-04-21T07:19:00,2025-04-21T07:19:00,,2025-04-21T07:10:00
60cdf87b-f5b0-435d-86e0-175f45fab70b,52b5e7ba-f772-4b25-85c0-1a9ba1474959,a92ac821-12c7-40b8-bbb8-e287da0564eb,NO_RESPONSE,2025-04-21T07:10:00,,,,2025-04-21T07:10:00
fea37179-ef46-4c13-918c-0cb0f567f056,52b5e7ba-f772-4b25-85c0-1a9ba1474959,273ddb7f-7af3-44a5-b945-f6705e9f338f,ACCEPTED,2025-04-21T07:17:00,2025-04-21T07:20:00,2025-04-21T07:20:00,,2025-04-21T07:17:00
52bbdf21-ee6b-4807-8b51-05a9e0e95c95,9d692228-1073-40b5-b323-9ddbeb7774f2,e0e3fb99-db30-4123-b346-7f11de4197c6,ACCEPTED,2025-04-21T08:18:00,2025-04-21T08:24:00,2025-04-21T08:24:00,,2025-04-21T08:18:00
1eef516f-3d54-46d1-af1d-36909ef2e1e8,9d692228-1073-40b5-b323-9ddbeb7774f2,40e2e31f-1e2d-4f70-9de8-91ad096fe41a,COMPLETED,2025-04-21T08:20:00,2025-04-21T08:35:00,2025-04-21T08:35:00,2025-04-21T09:20:00,2025-04-21T08:20:00
69363630-d21a-4d9e-860e-b098db83e1ae,1d993c2d-a33a-41c7-b0a2-2d3fe199ea28,0163ca09-1636-4809-8246-282d82afd3a3,COMPLETED,2025-04-21T09:15:00,2025-04-21T09:28:00,2025-04-21T09:28:00,2025-04-21T10:15:00,2025-04-21T09:15:00
2c7c4dbf-4213-45f5-9d35-2d90ecd00ed9,1d993c2d-a33a-41c7-b0a2-2d3fe199ea28,ac4e88c1-0595-40f7-bf14-b77ad397e5dd,EXPIRED,2025-04-21T09:27:00,,,,2025-04-21T09:27:00
cb8b830c-13c8-4613-bd5b-2947dfe48671,85420004-4b82-47df-a019-cc4e7e9687f5,c5df4563-5594-46ee-912f-a3c37bc8f200,ACCEPTED,2025-04-21T17:25:00,2025-04-21T17:36:00,2025-04-21T17:36:00,,2025-04-21T17:25:00
04695858-8df2-4f8f-8aed-ffb2eab5dbb9,85420004-4b82-47df-a019-cc4e7e9687f5,ab6072b4-0254-40d6-8861-f0f1506fcbb7,ACCEPTED,2025-04-21T17:28:00,2025-04-21T17:36:00,2025-04-21T17:36:00,,2025-04-21T17:28:00
aa8d19d4-43ee-42dc-8e89-bb81463aaa4e,85420004-4b82-47df-a019-cc4e7e9687f5,2f38acd6-86c3-4ffd-b869-1117ac2e0be7,ACCEPTED,2025-04-21T17:29:00,2025-04-21T17:38:00,2025-04-21T17:38:00,,2025-04-21T17:29:00
89f6ee49-2373-40b7-99f4-e3a716411e7d,85420004-4b82-47df-a019-cc4e7e9687f5,cd36ff59-5ea4-42e6-93c5-5e86da3a1bf9,ACCEPTED,2025-04-21T17:29:00,2025-04-21T17:44:00,2025-04-21T17:44:00,,2025-04-21T17:29:00
e14693d6-8d06-4b7a-9f19-05cc0f86ea2a,3a420c66-0f36-443e-848a-f46d54e094d5,6c926c1e-7975-4345-a762-128c25695f2b,ACCEPTED,2025-04-21T22:24:00,2025-04-21T22:28:00,2025-04-21T22:28:00,,2025-04-21T22:24:00
3f5562f1-1888-46db-926e-18379bb0fb7f,3a420c66-0f36-443e-848a-f46d54e094d5,89351c19-fb07-4021-8981-38f3a660e1f1,NO_RESPONSE,2025-04-21T22:24:00,,,,2025-04-21T22:24:00
0300e052-4a94-4ce5-b106-ef81ce45e584,3a420c66-0f36-443e-848a-f46d54e094d5,0b47310a-57de-411d-a3af-67fcc8e4038f,ACCEPTED,2025-04-21T22:28:00,2025-04-21T22:29:00,2025-04-21T22:29:00,,2025-04-21T22:28:00
31b4d0a0-8c8e-41dc-b632-1cc84443bd0a,9b64ef70-aae2-461a-bd59-d56300cf23c6,c5f535ca-0ce9-4d6a-9653-50c63468cb62,ACCEPTED,2025-04-22T03:00:00,2025-04-22T03:06:00,2025-04-22T03:06:00,,2025-04-22T03:00:00
dae00e57-aee3-431c-bf1e-a1cfcbf23ba6,9b64ef70-aae2-461a-bd59-d56300cf23c6,cf15cd3c-d017-49b8-af4a-bd4471976dd4,ACCEPTED,2025-04-22T03:01:00,2025-04-22T03:05:00,2025-04-22T03:05:00,,2025-04-22T03:01:00
8fef2885-9312-4fc2-9503-d82c8f58d93c,9b64ef70-aae2-461a-bd59-d56300cf23c6,afa47c4e-62b3-4586-9824-3169d0ae4f73,ACCEPTED,2025-04-22T03:01:00,2025-04-22T03:13:00,2025-04-22T03:13:00,,2025-04-22T03:01:00
6cf33a98-7c14-45ed-b345-c609e72073b4,9b64ef70-aae2-461a-bd59-d56300cf23c6,ed732f11-698a-40e6-8fab-9a1b078261d2,NO_RESPONSE,2025-04-22T03:05:00,,,,2025-04-22T03:05:00
7c8bd0fb-6380-46dc-bd99-0d3bb189f0e0,9b64ef70-aae2-461a-bd59-d56300cf23c6,eb9471c8-ba19-42a2-94b9-9a533ce84d63,ACCEPTED,2025-04-22T03:07:00,2025-04-22T03:09:00,2025-04-22T03:09:00,,2025-04-22T03:07:00
3b81604d-a3d6-4928-8c60-5b6cba229f5a,576d14a4-96f6-41b1-93b7-79398972d420,30c6a854-5681-4fda-b9bc-b5f82a1567dc,ACCEPTED,2025-04-22T05:10:00,2025-04-22T05:22:00,2025-04-22T05:22:00,,2025-04-22T05:10:00
88675614-49c3-4664-8ec6-ed3d97c579ca,576d14a4-96f6-41b1-93b7-79398972d420,0b51ced4-84e3-45ad-a67a-de86af260d64,ACCEPTED,2025-04-22T05:13:00,2025-04-22T05:17:00,2025-04-22T05:17:00,,2025-04-22T05:13:00
13f2b1d1-9003-4d6d-ade9-579a06de20da,576d14a4-96f6-41b1-93b7-79398972d420,5ae18917-1ec4-457c-a836-7efc4c4c8fff,COMPLETED,2025-04-22T05:14:00,2025-04-22T05:28:00,2025-04-22T05:28:00,2025-04-22T06:14:00,2025-04-22T05:14:00
c7308293-ba8e-4394-ba6e-d7c06eed30e4,576d14a4-96f6-41b1-93b7-79398972d420,cf15cd3c-d017-49b8-af4a-bd4471976dd4,ACCEPTED,2025-04-22T05:15:00,2025-04-22T05:18:00,2025-04-22T05:18:00,,2025-04-22T05:15:00
ea847166-33e4-4f45-97dc-3ead9eebc6cd,8c176475-8fb9-46a7-8778-40451da7091e,2ef47c0b-e8fe-448b-93ff-36c85588d2fd,ACCEPTED,2025-04-22T05:15:00,2025-04-22T05:17:00,2025-04-22T05:17:00,,2025-04-22T05:15:00
ca22809d-01e5-407d-a7de-b1a9f9c746f1,8c176475-8fb9-46a7-8778-40451da7091e,f2f92179-5d28-4944-970e-4735cb6d6a92,ACCEPTED,2025-04-22T05:18:00,2025-04-22T05:22:00,2025-04-22T05:22:00,,2025-04-22T05:18:00
978a8619-ea8a-4195-a692-db374b628cf3,8c176475-8fb9-46a7-8778-40451da7091e,ea9269ef-352d-4ec8-93a1-f6e436740b10,DECLINED,2025-04-22T05:20:00,2025-04-22T05:26:00,,,2025-04-22T05:20:00
723f7ab6-1f4b-4048-9032-fe0ef0c60fd5,8c176475-8fb9-46a7-8778-40451da7091e,b649daf0-45a0-4879-bceb-08f29bf19ce2,COMPLETED,2025-04-22T05:23:00,2025-04-22T05:36:00,2025-04-22T05:36:00,2025-04-22T07:23:00,2025-04-22T05:23:00
3eb7e2bd-a220-4f7c-8d7a-e2a0f924b8bb,8c176475-8fb9-46a7-8778-40451da7091e,82f273c1-a6d9-473e-b339-93f7a0379a64,NO_RESPONSE,2025-04-22T05:24:00,,,,2025-04-22T05:24:00
ac36a6cf-45a7-44f2-b09c-10fa652883ad,8c176475-8fb9-46a7-8778-40451da7091e,3e19e0d8-1f00-40bc-8358-1472a358eb9a,EXPIRED,2025-04-22T05:25:00,,,,2025-04-22T05:25:00
49c8fdd7-051a-4ca6-9405-6a41eb4f4c83,18a527fe-647f-4423-967d-29c958ddeda6,a92ac821-12c7-40b8-bbb8-e287da0564eb,DECLINED,2025-04-22T07:39:00,2025-04-22T07:48:00,,,2025-04-22T07:39:00
7bc2bdd2-8f65-4c10-bea5-87574a37b1f3,18a527fe-647f-4423-967d-29c958ddeda6,b535926f-1249-45e1-8443-3898d91728ed,MISSED,2025-04-22T07:46:00,,,,2025-04-22T07:46:00
0a99d482-c874-438c-aec2-92eb8f4ea5fb,18a527fe-647f-4423-967d-29c958ddeda6,c4ccc935-dd86-4d48-92ab-3e02bfbbdedd,COMPLETED,2025-04-22T07:47:00,2025-04-22T07:57:00,2025-04-22T07:57:00,2025-04-22T10:47:00,2025-04-22T07:47:00
47c8b900-e9d9-4bee-a6f4-283ca33176ee,e0b24d6d-01d3-4d27-b7ea-7da3999dac0e,979e4feb-883b-4b84-a316-add5625c20c0,COMPLETED,2025-04-22T13:26:00,2025-04-22T13:32:00,2025-04-22T13:32:00,2025-04-22T15:26:00,2025-04-22T13:26:00
2d16f346-c216-4175-b5fd-aeb8b651b6a2,e0b24d6d-01d3-4d27-b7ea-7da3999dac0e,63e1e7de-8090-46e0-a921-6add4ddcfef9,EXPIRED,2025-04-22T13:37:00,,,,2025-04-22T13:37:00
50a00805-37af-4f7a-8a50-5fbf44003f1d,6e740893-7f7b-4822-8315-b6daa343a318,346ece9f-9eed-4c58-95d7-1c3e38d7cceb,COMPLETED,2025-04-22T15:46:00,2025-04-22T15:59:00,2025-04-22T15:59:00,2025-04-22T18:46:00,2025-04-22T15:46:00
d76ebcd0-109c-4504-beea-bae4b0ced6b9,6e740893-7f7b-4822-8315-b6daa343a318,64333604-4c8c-43e1-a6e9-7c4582414c02,ACCEPTED,2025-04-22T15:47:00,2025-04-22T15:58:00,2025-04-22T15:58:00,,2025-04-22T15:47:00
98e8059a-a7d3-48fd-ab07-6be09302c922,6e740893-7f7b-4822-8315-b6daa343a318,443aebc7-b493-44c6-bde3-762b445ca7e3,COMPLETED,2025-04-22T15:48:00,2025-04-22T15:56:00,2025-04-22T15:56:00,2025-04-22T17:48:00,2025-04-22T15:48:00
3c06b5e0-921b-4503-a2ce-c2d97f11b197,6e740893-7f7b-4822-8315-b6daa343a318,d869910e-02c0-4d29-a1fd-9bdef530d653,ACCEPTED,2025-04-22T15:49:00,2025-04-22T16:02:00,2025-04-22T16:02:00,,2025-04-22T15:49:00
84d7780c-20f3-40e9-87d7-392e6ac5f034,6e740893-7f7b-4822-8315-b6daa343a318,1b81506a-481d-42f6-b01c-dbb52717cc9e,COMPLETED,2025-04-22T15:58:00,2025-04-22T16:03:00,2025-04-22T16:03:00,2025-04-22T17:58:00,2025-04-22T15:58:00
c5751dcc-2854-4876-bfcf-37dc4cf34c48,94cfaab3-0f43-42c8-8805-6af6bd73f2e3,443aebc7-b493-44c6-bde3-762b445ca7e3,COMPLETED,2025-04-22T18:09:00,2025-04-22T18:10:00,2025-04-22T18:10:00,2025-04-22T21:09:00,2025-04-22T18:09:00
a0ea1a8e-4dd6-447a-ad18-0dd2cd5c1610,94cfaab3-0f43-42c8-8805-6af6bd73f2e3,074daa7c-485e-4264-a9c2-962e30d5b672,ACCEPTED,2025-04-22T18:10:00,2025-04-22T18:23:00,2025-04-22T18:23:00,,2025-04-22T18:10:00
f981dd23-3c0a-45a7-be9b-aa109199bb5f,94cfaab3-0f43-42c8-8805-6af6bd73f2e3,030d9e23-9b13-43d8-8711-c5c4d8470363,ACCEPTED,2025-04-22T18:17:00,2025-04-22T18:18:00,2025-04-22T18:18:00,,2025-04-22T18:17:00
51b935cc-f1d3-4863-aa34-ca4bfe833c24,a61a2d31-d2b9-4310-9281-9d177a8c0316,1f6fb1c2-eed4-453e-843e-8dcf8faefb39,ACCEPTED,2025-04-22T20:07:00,2025-04-22T20:16:00,2025-04-22T20:16:00,,2025-04-22T20:07:00
24fc771d-bca0-4d3d-8177-972c6a3f84a7,a61a2d31-d2b9-4310-9281-9d177a8c0316,3f562206-66c9-45c7-94e1-a9dfde284d1b,COMPLETED,2025-04-22T20:12:00,2025-04-22T20:24:00,2025-04-22T20:24:00,2025-04-22T21:12:00,2025-04-22T20:12:00
789c4a83-6818-4bf8-92d9-67b7bbfbb2a3,a61a2d31-d2b9-4310-9281-9d177a8c0316,d9bd2841-036c-4f1f-91b6-419ea0458f8e,COMPLETED,2025-04-22T20:15:00,2025-04-22T20:18:00,2025-04-22T20:18:00,2025-04-22T23:15:00,2025-04-22T20:15:00
e2c4a23b-ba87-45ed-8564-47afe4758f09,a61a2d31-d2b9-4310-9281-9d177a8c0316,e116edc5-9b26-4e7c-88d9-765a7676524f,ACCEPTED,2025-04-22T20:15:00,2025-04-22T20:29:00,2025-04-22T20:29:00,,2025-04-22T20:15:00
5b2358c6-f7fd-4128-a774-906cc4acae70,acf76347-d2e6-49b7-afdc-0269ac0eb047,b34b9ff4-c6a5-4e42-9619-75d5b29e68d4,EXPIRED,2025-04-22T21:27:00,,,,2025-04-22T21:27:00
985bc508-a7b4-46ac-9e57-48125e7bb270,acf76347-d2e6-49b7-afdc-0269ac0eb047,4ca593a6-6883-4ff4-b14b-a47593e71ecc,MISSED,2025-04-22T21:29:00,,,,2025-04-22T21:29:00
7aeab684-2e83-429f-888a-eaa59cf8a59c,49af40b3-3d2f-471c-8633-c7de5d642341,126fbc28-6b03-407e-b020-19175754625a,ACCEPTED,2025-04-22T21:53:00,2025-04-22T22:01:00,2025-04-22T22:01:00,,2025-04-22T21:53:00
dd3a51c5-791b-481b-bc49-89898a56a764,49af40b3-3d2f-471c-8633-c7de5d642341,2ae377b5-178c-428d-8503-302dc4d6f806,ACCEPTED,2025-04-22T21:56:00,2025-04-22T22:03:00,2025-04-22T22:03:00,,2025-04-22T21:56:00
9622ee2a-c8cf-4e48-baaa-88f6562f4696,49af40b3-3d2f-471c-8633-c7de5d642341,54d5caa7-5a58-4175-a139-ece2d4e285d1,ACCEPTED,2025-04-22T21:56:00,2025-04-22T22:02:00,2025-04-22T22:02:00,,2025-04-22T21:56:00
d7863aa3-3cf6-42cc-a5de-3e67c8286419,49af40b3-3d2f-471c-8633-c7de5d642341,caedcc90-6c34-4e03-8f0b-b86ff3cda6a7,COMPLETED,2025-04-22T21:56:00,2025-04-22T22:07:00,2025-04-22T22:07:00,2025-04-23T00:56:00,2025-04-22T21:56:00
67ccfb68-71bd-447c-9a4b-236a3a61fd96,49af40b3-3d2f-471c-8633-c7de5d642341,2ef47c0b-e8fe-448b-93ff-36c85588d2fd,DECLINED,2025-04-22T21:57:00,2025-04-22T22:00:00,,,2025-04-22T21:57:00
85b40c7b-e4c4-40c7-a0fb-f37f3ddbc2a5,55984760-98c6-4c58-8205-ee876d2af86b,1f112d30-78c2-428c-a403-aea38638cdce,ACCEPTED,2025-04-22T22:19:00,2025-04-22T22:28:00,2025-04-22T22:28:00,,2025-04-22T22:19:00
acf027d6-d4fd-4a7f-91f2-bbc54fc9a5ed,55984760-98c6-4c58-8205-ee876d2af86b,76c87fab-4634-487d-a03f-d4c7ee94749e,MISSED,2025-04-22T22:21:00,,,,2025-04-22T22:21:00
45c36102-94f8-44d0-bbb6-e7feac73a17a,07dc6ed1-d010-422a-86a0-cea71c5a8414,edf481eb-bab0-46c2-a7e6-67b59a510550,COMPLETED,2025-04-22T23:47:00,2025-04-22T23:48:00,2025-04-22T23:48:00,2025-04-23T00:47:00,2025-04-22T23:47:00
119d4107-86b2-4543-aa81-cbb838948910,07dc6ed1-d010-422a-86a0-cea71c5a8414,309497b0-41ad-483a-a10a-7040ec34710d,EXPIRED,2025-04-22T23:49:00,,,,2025-04-22T23:49:00
74984d42-0b50-43d4-9112-37c1bc4336c4,07dc6ed1-d010-422a-86a0-cea71c5a8414,40e2e31f-1e2d-4f70-9de8-91ad096fe41a,ACCEPTED,2025-04-22T23:50:00,2025-04-22T23:55:00,2025-04-22T23:55:00,,2025-04-22T23:50:00
53f0afa1-4777-4933-9b7d-708e5abee63c,07dc6ed1-d010-422a-86a0-cea71c5a8414,2bc00f4d-1415-492e-ab45-855a39d62175,ACCEPTED,2025-04-22T23:50:00,2025-04-23T00:03:00,2025-04-23T00:03:00,,2025-04-22T23:50:00
dafe87ff-b9fd-4d63-aa35-f428900787b7,07dc6ed1-d010-422a-86a0-cea71c5a8414,dc3945d5-6321-4ff3-a949-9cc365303d45,COMPLETED,2025-04-22T23:53:00,2025-04-23T00:05:00,2025-04-23T00:05:00,2025-04-23T01:53:00,2025-04-22T23:53:00
5c1fbbb6-a968-45ff-9ede-6baa7f49b914,63d3fbc1-3e19-4050-88e7-910ea5e80d31,fb360121-72e2-40f7-bcc1-c7c613c988c0,ACCEPTED,2025-04-23T02:08:00,2025-04-23T02:13:00,2025-04-23T02:13:00,,2025-04-23T02:08:00
07a80cdd-6912-4f00-8120-500fcf36b05b,63d3fbc1-3e19-4050-88e7-910ea5e80d31,dbebf1a3-387d-417a-abcb-ebdd3d136562,ACCEPTED,2025-04-23T02:13:00,2025-04-23T02:20:00,2025-04-23T02:20:00,,2025-04-23T02:13:00
bbb78703-6442-441d-8aae-276ab9b5f14c,4b472f50-5d3d-471f-9e48-70db20297b2f,f2f92179-5d28-4944-970e-4735cb6d6a92,COMPLETED,2025-04-23T03:44:00,2025-04-23T03:59:00,2025-04-23T03:59:00,2025-04-23T06:44:00,2025-04-23T03:44:00
aecd77e4-f877-4e5d-b1e3-a54cf078d4c9,4b472f50-5d3d-471f-9e48-70db20297b2f,346ece9f-9eed-4c58-95d7-1c3e38d7cceb,COMPLETED,2025-04-23T03:46:00,2025-04-23T03:50:00,2025-04-23T03:50:00,2025-04-23T06:46:00,2025-04-23T03:46:00
3e55ff78-f073-440c-acb9-0683a27780fb,4b472f50-5d3d-471f-9e48-70db20297b2f,c5df4563-5594-46ee-912f-a3c37bc8f200,ACCEPTED,2025-04-23T03:48:00,2025-04-23T03:59:00,2025-04-23T03:59:00,,2025-04-23T03:48:00
9a888303-efd2-40b3-a117-c06cec607cc8,4b472f50-5d3d-471f-9e48-70db20297b2f,ca5ce99f-cf40-4ef6-9c3d-4a4177383ff2,ACCEPTED,2025-04-23T03:51:00,2025-04-23T03:57:00,2025-04-23T03:57:00,,2025-04-23T03:51:00
99ea4f0f-cfd8-4bbe-84a4-a5edf76a4097,4b472f50-5d3d-471f-9e48-70db20297b2f,40c6fe05-f02d-4157-ba15-09913e067c14,DECLINED,2025-04-23T03:55:00,2025-04-23T04:09:00,,,2025-04-23T03:55:00
9a5753ed-351e-4fc8-8d7e-b4e1274e0dc8,c69af981-e4e2-437e-82d7-60fa85d194d2,7b16f6d6-0f6b-446d-89fe-87723b0ad83c,COMPLETED,2025-04-23T06:01:00,2025-04-23T06:13:00,2025-04-23T06:13:00,2025-04-23T09:01:00,2025-04-23T06:01:00
7bb1ec05-888c-493d-93d2-5de5eeb03f8d,c69af981-e4e2-437e-82d7-60fa85d194d2,5b144804-32b7-4e82-9f3c-1b20f6f52721,COMPLETED,2025-04-23T06:06:00,2025-04-23T06:17:00,2025-04-23T06:17:00,2025-04-23T08:06:00,2025-04-23T06:06:00
0a504ba3-00a7-452b-90e5-e3de653bc19d,c69af981-e4e2-437e-82d7-60fa85d194d2,97e19e53-5b1a-48ed-959a-3b8ab801c890,NO_RESPONSE,2025-04-23T06:09:00,,,,2025-04-23T06:09:00
f433fe09-4da5-4b66-8d2f-68c3a1927bfc,e08ec010-7262-41b7-bea7-17afba072eee,f6c6d337-db40-4e0d-a2a5-3f792a85ae63,ACCEPTED,2025-04-23T06:58:00,2025-04-23T07:02:00,2025-04-23T07:02:00,,2025-04-23T06:58:00
d3e14042-7cd0-4ab9-a60d-2bc7c47d83a2,e08ec010-7262-41b7-bea7-17afba072eee,bdc0370d-62f2-4b37-aaa3-b2871252b644,DECLINED,2025-04-23T07:01:00,2025-04-23T07:11:00,,,2025-04-23T07:01:00
92a5b255-00ac-47c2-8373-393d11e71f89,e08ec010-7262-41b7-bea7-17afba072eee,29863a10-f78d-4e41-9aa9-3e446b4fe73f,COMPLETED,2025-04-23T07:02:00,2025-04-23T07:08:00,2025-04-23T07:08:00,2025-04-23T10:02:00,2025-04-23T07:02:00
f4e25d75-0932-4fed-9818-3e6228da39b2,e08ec010-7262-41b7-bea7-17afba072eee,836f20e8-ac46-4599-a783-92f86ea182c4,ACCEPTED,2025-04-23T07:08:00,2025-04-23T07:23:00,2025-04-23T07:23:00,,2025-04-23T07:08:00
28f98fa8-4130-45c1-b2e9-d47af0a76f7f,e08ec010-7262-41b7-bea7-17afba072eee,972c2711-206c-49a4-b763-2a7319f31c08,ACCEPTED,2025-04-23T07:08:00,2025-04-23T07:22:00,2025-04-23T07:22:00,,2025-04-23T07:08:00
8dc6f700-05ac-400e-ab4c-a06cf6916833,16aee766-d71c-4cbd-9264-13d458ccf0a5,4c569839-3efa-4170-b6a4-f0a4d13d4639,ACCEPTED,2025-04-23T10:35:00,2025-04-23T10:40:00,2025-04-23T10:40:00,,2025-04-23T10:35:00
dd8640ff-04f2-4a79-8c20-7f634d78cfa0,16aee766-d71c-4cbd-9264-13d458ccf0a5,f09d1541-147b-4b19-b485-f9ad246bf702,NO_RESPONSE,2025-04-23T10:39:00,,,,2025-04-23T10:39:00
59e912b8-b61a-455a-b9a1-4ebc6326946e,16aee766-d71c-4cbd-9264-13d458ccf0a5,2c3259d5-3a5a-4a64-be43-cedbc92ce0dc,ACCEPTED,2025-04-23T10:40:00,2025-04-23T10:41:00,2025-04-23T10:41:00,,2025-04-23T10:40:00
30383d95-8376-4f63-bfba-52b3668b2883,16aee766-d71c-4cbd-9264-13d458ccf0a5,b7e02dd5-bc57-4ce1-89ca-6341da919a60,COMPLETED,2025-04-23T10:41:00,2025-04-23T10:56:00,2025-04-23T10:56:00,2025-04-23T12:41:00,2025-04-23T10:41:00
e9973791-ab7e-425b-9350-1caef15a2502,2fd798b1-8b69-4b29-9928-47964f7730aa,2f38acd6-86c3-4ffd-b869-1117ac2e0be7,NO_RESPONSE,2025-04-23T10:43:00,,,,2025-04-23T10:43:00
13e31d42-a4f3-405d-86e9-507e428df734,2fd798b1-8b69-4b29-9928-47964f7730aa,73461d9a-b17a-4f20-a132-39ca2f8c91ed,ACCEPTED,2025-04-23T10:44:00,2025-04-23T10:57:00,2025-04-23T10:57:00,,2025-04-23T10:44:00
67346378-b1f4-4d36-b128-7b4e02783395,2fd798b1-8b69-4b29-9928-47964f7730aa,28309fde-6955-4852-ae11-f09951df357a,ACCEPTED,2025-04-23T10:51:00,2025-04-23T10:53:00,2025-04-23T10:53:00,,2025-04-23T10:51:00
5a4b199d-6c08-4850-833d-3e19461bb55b,2fd798b1-8b69-4b29-9928-47964f7730aa,74de697e-ecd0-4975-8057-f21088a888b4,ACCEPTED,2025-04-23T10:51:00,2025-04-23T11:03:00,2025-04-23T11:03:00,,2025-04-23T10:51:00
925de2bb-7d15-43a3-a362-98002cc17574,2fd798b1-8b69-4b29-9928-47964f7730aa,75455c5a-fc28-4e12-ab1d-c5bf91975e07,COMPLETED,2025-04-23T10:51:00,2025-04-23T10:54:00,2025-04-23T10:54:00,2025-04-23T13:51:00,2025-04-23T10:51:00
35f1409d-2732-4d05-a774-011878d05e28,6fec73a5-e434-4825-bdef-d5d1e0dce69b,6bb36c9a-793f-4f90-bf6f-df150cb1f85a,COMPLETED,2025-04-23T12:46:00,2025-04-23T12:47:00,2025-04-23T12:47:00,2025-04-23T15:46:00,2025-04-23T12:46:00
6818fe50-d002-472f-8a8c-c58af48d2750,6fec73a5-e434-4825-bdef-d5d1e0dce69b,1711dff0-5b73-4336-ae3e-5003955b231a,ACCEPTED,2025-04-23T12:47:00,2025-04-23T12:48:00,2025-04-23T12:48:00,,2025-04-23T12:47:00
a230de5f-2dd7-4fb3-94f5-e1180a21fb9f,6fec73a5-e434-4825-bdef-d5d1e0dce69b,1693939d-11cb-4a60-bfb6-8f2fec00eb4f,COMPLETED,2025-04-23T12:51:00,2025-04-23T13:06:00,2025-04-23T13:06:00,2025-04-23T14:51:00,2025-04-23T12:51:00
20a35569-6aa3-4006-810c-55366b263e5f,6fec73a5-e434-4825-bdef-d5d1e0dce69b,58d8deb5-5531-43c5-81ae-7352d2d2b8c9,ACCEPTED,2025-04-23T12:53:00,2025-04-23T13:07:00,2025-04-23T13:07:00,,2025-04-23T12:53:00
e9bc523e-791d-41bd-b827-bf5880d4f3e7,2270a7de-0dc3-4912-917c-e528b3227991,c57abeef-b6d8-4cf7-ae50-3774b55c6768,ACCEPTED,2025-04-23T17:10:00,2025-04-23T17:15:00,2025-04-23T17:15:00,,2025-04-23T17:10:00
94d44166-c947-406a-afdd-e8e7e3e94772,2270a7de-0dc3-4912-917c-e528b3227991,126fbc28-6b03-407e-b020-19175754625a,ACCEPTED,2025-04-23T17:12:00,2025-04-23T17:13:00,2025-04-23T17:13:00,,2025-04-23T17:12:00
d4345ec8-a6a1-4c4e-a82b-8f4fa505f8a5,2270a7de-0dc3-4912-917c-e528b3227991,0ad41086-120a-480a-a25e-68be9c95144c,ACCEPTED,2025-04-23T17:13:00,2025-04-23T17:28:00,2025-04-23T17:28:00,,2025-04-23T17:13:00
5bb69ff8-a004-4f94-b3bb-fa72acda671c,2270a7de-0dc3-4912-917c-e528b3227991,cde8f468-ab23-43e9-8462-c07f508baa7f,ACCEPTED,2025-04-23T17:17:00,2025-04-23T17:26:00,2025-04-23T17:26:00,,2025-04-23T17:17:00
1bb37e03-ba9e-47f6-ace4-88283f62c8bf,2270a7de-0dc3-4912-917c-e528b3227991,f6556829-5e66-4e5a-aff5-3233c86566a8,NO_RESPONSE,2025-04-23T17:19:00,,,,2025-04-23T17:19:00
ad283b50-4bdb-4623-91c0-33713391fec1,e08fa123-21b2-4392-85ee-81155cd76427,887c04b7-3558-4cd6-b634-cf5a4cd93877,COMPLETED,2025-04-23T19:20:00,2025-04-23T19:24:00,2025-04-23T19:24:00,2025-04-23T20:20:00,2025-04-23T19:20:00
20e8c308-1638-4ace-a4d2-f090c22b0e97,e08fa123-21b2-4392-85ee-81155cd76427,664b1167-88df-4fdd-afcb-3e9296fb4ad6,COMPLETED,2025-04-23T19:21:00,2025-04-23T19:30:00,2025-04-23T19:30:00,2025-04-23T21:21:00,2025-04-23T19:21:00
64a8c84e-361a-4222-a2c0-aab27797f815,e08fa123-21b2-4392-85ee-81155cd76427,88dfaec5-4862-48de-a187-81674968acbd,ACCEPTED,2025-04-23T19:21:00,2025-04-23T19:32:00,2025-04-23T19:32:00,,2025-04-23T19:21:00
8c18e90b-1608-4fb3-ab1f-bc7e1a7965ff,e08fa123-21b2-4392-85ee-81155cd76427,a12f0067-a0a7-4294-ae23-d9759cd6beb6,ACCEPTED,2025-04-23T19:24:00,2025-04-23T19:33:00,2025-04-23T19:33:00,,2025-04-23T19:24:00
5415d9f5-daa7-4397-8654-6f0af592e482,e08fa123-21b2-4392-85ee-81155cd76427,67e602e6-39ad-4901-acb6-b01a84f70f34,ACCEPTED,2025-04-23T19:25:00,2025-04-23T19:32:00,2025-04-23T19:32:00,,2025-04-23T19:25:00
e7b531ed-4d2d-4b02-a295-daa1cbd2bad9,e08fa123-21b2-4392-85ee-81155cd76427,1f112d30-78c2-428c-a403-aea38638cdce,NO_RESPONSE,2025-04-23T19:26:00,,,,2025-04-23T19:26:00
b768ec67-c534-4599-b0d6-0f163904e3bf,0ca54a53-652e-4b70-9965-9dacdc0c8263,f7c3f29d-48af-49aa-bce7-bec02869395a,COMPLETED,2025-04-23T21:25:00,2025-04-23T21:38:00,2025-04-23T21:38:00,2025-04-23T22:25:00,2025-04-23T21:25:00
fc71c92d-f3f1-4391-9909-00c9429aa7b0,0ca54a53-652e-4b70-9965-9dacdc0c8263,ed732f11-698a-40e6-8fab-9a1b078261d2,ACCEPTED,2025-04-23T21:26:00,2025-04-23T21:38:00,2025-04-23T21:38:00,,2025-04-23T21:26:00
44c84602-cbca-4064-948f-08309b249637,0ca54a53-652e-4b70-9965-9dacdc0c8263,40c6fe05-f02d-4157-ba15-09913e067c14,ACCEPTED,2025-04-23T21:33:00,2025-04-23T21:36:00,2025-04-23T21:36:00,,2025-04-23T21:33:00
cdb94c96-bc16-4798-81a3-9ebda0876e0f,0ca54a53-652e-4b70-9965-9dacdc0c8263,265b1191-c474-4c10-b744-2accb997520e,EXPIRED,2025-04-23T21:37:00,,,,2025-04-23T21:37:00
1b9f0b46-b5c3-4e28-b9c9-afc830ee35c6,0ca54a53-652e-4b70-9965-9dacdc0c8263,bdc0370d-62f2-4b37-aaa3-b2871252b644,ACCEPTED,2025-04-23T21:38:00,2025-04-23T21:52:00,2025-04-23T21:52:00,,2025-04-23T21:38:00
9e5c0726-ff53-49ad-a586-f00ac91ab302,36ab9f37-06fe-43f8-bfde-348837c61d5b,d3edbff9-b137-4f59-9b59-c049d8cda101,EXPIRED,2025-04-23T23:00:00,,,,2025-04-23T23:00:00
f2748950-584a-4913-b8fd-292c59a3e16a,36ab9f37-06fe-43f8-bfde-348837c61d5b,caedcc90-6c34-4e03-8f0b-b86ff3cda6a7,COMPLETED,2025-04-23T23:01:00,2025-04-23T23:13:00,2025-04-23T23:13:00,2025-04-24T02:01:00,2025-04-23T23:01:00
648c8e8e-45c6-4548-a318-b9aa28f7e1da,36ab9f37-06fe-43f8-bfde-348837c61d5b,1b81506a-481d-42f6-b01c-dbb52717cc9e,NO_RESPONSE,2025-04-23T23:07:00,,,,2025-04-23T23:07:00
6feadcf7-12fa-44d2-b69f-2aef15b29ceb,36ab9f37-06fe-43f8-bfde-348837c61d5b,88dfaec5-4862-48de-a187-81674968acbd,ACCEPTED,2025-04-23T23:09:00,2025-04-23T23:12:00,2025-04-23T23:12:00,,2025-04-23T23:09:00
73821d92-cc37-4c7c-a17c-48060fb49bf1,36ab9f37-06fe-43f8-bfde-348837c61d5b,dc3945d5-6321-4ff3-a949-9cc365303d45,DECLINED,2025-04-23T23:09:00,2025-04-23T23:13:00,,,2025-04-23T23:09:00
fa01d187-07cc-4d36-baec-3fdb4454bc07,06a95900-215b-4076-8aea-6c99413a1135,4cad0555-38c1-454b-8686-939facccb986,ACCEPTED,2025-04-24T05:57:00,2025-04-24T06:04:00,2025-04-24T06:04:00,,2025-04-24T05:57:00
01f43b76-0956-4de7-8cfa-c9cb1fc18fae,06a95900-215b-4076-8aea-6c99413a1135,5e1e8005-4458-440a-9d56-64d0e7c3e96b,COMPLETED,2025-04-24T06:00:00,2025-04-24T06:14:00,2025-04-24T06:14:00,2025-04-24T07:00:00,2025-04-24T06:00:00
60c0efc6-138d-45f0-b53e-5d31aefe7e1d,06a95900-215b-4076-8aea-6c99413a1135,985ab403-ddfd-47f6-9b98-9ce2f7dcd16e,COMPLETED,2025-04-24T06:02:00,2025-04-24T06:10:00,2025-04-24T06:10:00,2025-04-24T07:02:00,2025-04-24T06:02:00
0b0c5e3c-16ee-46ee-88ac-be9598451cf1,06a95900-215b-4076-8aea-6c99413a1135,628e4e35-5853-4d59-b32f-4056b7e3e27b,COMPLETED,2025-04-24T06:06:00,2025-04-24T06:19:00,2025-04-24T06:19:00,2025-04-24T07:06:00,2025-04-24T06:06:00
cb4df774-1ade-4f4e-826c-479856b208e0,06a95900-215b-4076-8aea-6c99413a1135,54644cdc-6eb6-4ce1-ace4-1ba0ab1ae36a,ACCEPTED,2025-04-24T06:06:00,2025-04-24T06:18:00,2025-04-24T06:18:00,,2025-04-24T06:06:00
fc2b8bbb-00e2-4a02-a1db-7aa603fde3a4,de7f1bd4-e8ef-477a-ac10-5b19d76c2016,ea9269ef-352d-4ec8-93a1-f6e436740b10,ACCEPTED,2025-04-24T19:28:00,2025-04-24T19:38:00,2025-04-24T19:38:00,,2025-04-24T19:28:00
ef1b41cd-bebe-4207-a603-4b881b28f45c,de7f1bd4-e8ef-477a-ac10-5b19d76c2016,6c841b96-0d6c-4d4f-a647-602aca520949,NO_RESPONSE,2025-04-24T19:29:00,,,,2025-04-24T19:29:00
28d790bc-2b9b-415f-9150-180864e8a7fc,de7f1bd4-e8ef-477a-ac10-5b19d76c2016,c52b0995-269e-4253-8965-8f14d5fd2b13,NO_RESPONSE,2025-04-24T19:30:00,,,,2025-04-24T19:30:00
7a80e24d-0625-4156-8c26-e2009df2e285,de7f1bd4-e8ef-477a-ac10-5b19d76c2016,facc5b5b-c0fa-45e8-8b9d-e13559d60097,MISSED,2025-04-24T19:30:00,,,,2025-04-24T19:30:00
31d790a8-efd2-4d29-8d64-8647f03526a6,de7f1bd4-e8ef-477a-ac10-5b19d76c2016,3eeabab8-191e-4745-993a-32c183d79d3c,COMPLETED,2025-04-24T19:30:00,2025-04-24T19:34:00,2025-04-24T19:34:00,2025-04-24T22:30:00,2025-04-24T19:30:00
05d5467c-e358-4ce6-81f4-64f76eec5b24,de7f1bd4-e8ef-477a-ac10-5b19d76c2016,0bd74d79-c6ed-4e86-a612-e698b486ec29,COMPLETED,2025-04-24T19:36:00,2025-04-24T19:47:00,2025-04-24T19:47:00,2025-04-24T20:36:00,2025-04-24T19:36:00
0e6f721a-0bf3-418c-92e6-0662ce82b1f3,24347c1d-8cd8-4f50-8731-5587f204b89b,abdc90fb-c824-469f-8f0e-8dd72f8f977f,COMPLETED,2025-04-24T22:35:00,2025-04-24T22:37:00,2025-04-24T22:37:00,2025-04-25T01:35:00,2025-04-24T22:35:00
ec38af97-fa5c-4939-a122-680929fe13c7,24347c1d-8cd8-4f50-8731-5587f204b89b,8465564b-f0a3-4480-b044-c0a4cf6d01a0,ACCEPTED,2025-04-24T22:36:00,2025-04-24T22:45:00,2025-04-24T22:45:00,,2025-04-24T22:36:00
b4f30aef-ffe4-4881-b072-14c113771255,24347c1d-8cd8-4f50-8731-5587f204b89b,bb55dc49-18c5-486f-aa1d-2aa9a6fac646,ACCEPTED,2025-04-24T22:40:00,2025-04-24T22:48:00,2025-04-24T22:48:00,,2025-04-24T22:40:00
b4965fc5-e2d7-4957-8d51-8c597f0e3c5f,24347c1d-8cd8-4f50-8731-5587f204b89b,6bb36c9a-793f-4f90-bf6f-df150cb1f85a,EXPIRED,2025-04-24T22:40:00,,,,2025-04-24T22:40:00
f219f804-71bf-4b2b-a510-9f8a98d4d367,24347c1d-8cd8-4f50-8731-5587f204b89b,facc5b5b-c0fa-45e8-8b9d-e13559d60097,ACCEPTED,2025-04-24T22:46:00,2025-04-24T22:58:00,2025-04-24T22:58:00,,2025-04-24T22:46:00
2f36c00f-e091-4539-a18c-bf24259bb6ae,f4774da5-9d5d-4a8e-93b1-b8f0db872f81,b7b35df4-cc30-48d4-b856-21583b9c43c1,ACCEPTED,2025-04-25T00:57:00,2025-04-25T01:00:00,2025-04-25T01:00:00,,2025-04-25T00:57:00
e267e40a-ac7e-41b8-bda8-c90171cebf8e,f4774da5-9d5d-4a8e-93b1-b8f0db872f81,c541fa0d-e389-41e3-8fbc-f794813f5148,MISSED,2025-04-25T01:00:00,,,,2025-04-25T01:00:00
33bdcb64-191a-4783-8432-5d051372796b,f4774da5-9d5d-4a8e-93b1-b8f0db872f81,64333604-4c8c-43e1-a6e9-7c4582414c02,COMPLETED,2025-04-25T01:06:00,2025-04-25T01:10:00,2025-04-25T01:10:00,2025-04-25T02:06:00,2025-04-25T01:06:00
3e79b178-a0d2-4453-8420-aadf76a681f4,9c62728c-ac74-4702-8e29-67a1d3d8974e,a5412686-ad1b-4800-b166-5b72f3faa02d,COMPLETED,2025-04-25T03:56:00,2025-04-25T04:02:00,2025-04-25T04:02:00,2025-04-25T05:56:00,2025-04-25T03:56:00
4cbc852f-75a8-4c7f-b310-ff19983811e2,9c62728c-ac74-4702-8e29-67a1d3d8974e,553294c5-4565-4d5a-a069-6e8126905be4,MISSED,2025-04-25T03:57:00,,,,2025-04-25T03:57:00
be2ad628-ef04-4b60-ae42-4de2e4bea661,9c62728c-ac74-4702-8e29-67a1d3d8974e,cfdec3c3-1f55-4c1b-bf64-7c30eaf6fc9d,ACCEPTED,2025-04-25T03:58:00,2025-04-25T04:13:00,2025-04-25T04:13:00,,2025-04-25T03:58:00
69c69cba-9765-45fa-8365-d3d11624d6b3,0623d574-539d-4857-bc0b-1416f1d7a664,3cad9af4-3e76-49e7-a472-17fbf3b30322,COMPLETED,2025-04-25T08:12:00,2025-04-25T08:23:00,2025-04-25T08:23:00,2025-04-25T10:12:00,2025-04-25T08:12:00
51ea246d-dee5-469a-8334-3c0cfbb26d97,0623d574-539d-4857-bc0b-1416f1d7a664,878b86c2-438d-4767-ad44-f8c58de74bd2,ACCEPTED,2025-04-25T08:12:00,2025-04-25T08:25:00,2025-04-25T08:25:00,,2025-04-25T08:12:00
8030de4d-96fa-4e79-b718-e1e8f1dd2139,9fb1d87d-f728-4b5c-b910-80b128881360,7df3d0f3-a755-40a4-a102-6e1158275be1,ACCEPTED,2025-04-25T08:12:00,2025-04-25T08:17:00,2025-04-25T08:17:00,,2025-04-25T08:12:00
39bc7f57-d66e-455e-865b-de26883569c6,0623d574-539d-4857-bc0b-1416f1d7a664,aed96858-5a79-4453-afc9-995064972c5b,ACCEPTED,2025-04-25T08:13:00,2025-04-25T08:19:00,2025-04-25T08:19:00,,2025-04-25T08:13:00
c8ca1d57-a8f3-4b53-b3ac-bde7dc318d77,0623d574-539d-4857-bc0b-1416f1d7a664,273ddb7f-7af3-44a5-b945-f6705e9f338f,COMPLETED,2025-04-25T08:13:00,2025-04-25T08:18:00,2025-04-25T08:18:00,2025-04-25T11:13:00,2025-04-25T08:13:00
a6daa2d7-de7a-45ef-b429-21e690300832,0623d574-539d-4857-bc0b-1416f1d7a664,3e19e0d8-1f00-40bc-8358-1472a358eb9a,EXPIRED,2025-04-25T08:19:00,,,,2025-04-25T08:19:00
508a1b26-2cde-433e-9c45-563108be5edd,0623d574-539d-4857-bc0b-1416f1d7a664,8d54dd37-108d-4ec9-87e8-552d73629a00,NO_RESPONSE,2025-04-25T08:21:00,,,,2025-04-25T08:21:00
c2e4b006-fdea-4ee3-b2e3-ca479e281da8,9fb1d87d-f728-4b5c-b910-80b128881360,62758655-2759-47fd-8cfb-18e44d2da35e,ACCEPTED,2025-04-25T08:21:00,2025-04-25T08:35:00,2025-04-25T08:35:00,,2025-04-25T08:21:00
1d32f49b-dc72-4dfc-b52b-3bf25620ff2d,9fb1d87d-f728-4b5c-b910-80b128881360,103eb3c6-8619-4c37-b55b-6a3438e71b7a,EXPIRED,2025-04-25T08:22:00,,,,2025-04-25T08:22:00
c39c2ecf-cb38-4e40-948c-b1d32383db47,8dcc8776-b90e-45b3-aa6d-efaf5d350606,5053490e-deb6-4adb-911f-6fcef3832803,NO_RESPONSE,2025-04-25T10:14:00,,,,2025-04-25T10:14:00
c1c2b9f1-6675-4ceb-834e-8915615bb08c,8dcc8776-b90e-45b3-aa6d-efaf5d350606,eb58213e-ba40-46c3-9d6b-38ab2414fb43,EXPIRED,2025-04-25T10:14:00,,,,2025-04-25T10:14:00
d1fc1193-5ff4-40e8-91ca-a4c01d99ab54,8dcc8776-b90e-45b3-aa6d-efaf5d350606,5ae18917-1ec4-457c-a836-7efc4c4c8fff,ACCEPTED,2025-04-25T10:22:00,2025-04-25T10:28:00,2025-04-25T10:28:00,,2025-04-25T10:22:00
e76db3a0-ae22-4edf-a547-bc11b998b251,72c501ba-4988-4b85-aeae-70bdb3c41114,4dedcbdc-081b-4f07-a1d8-a65cfe88d71e,EXPIRED,2025-04-25T13:32:00,,,,2025-04-25T13:32:00
b0f1d5c4-f3fc-4de0-9c9c-f119309aab32,72c501ba-4988-4b85-aeae-70bdb3c41114,fb360121-72e2-40f7-bcc1-c7c613c988c0,ACCEPTED,2025-04-25T13:33:00,2025-04-25T13:35:00,2025-04-25T13:35:00,,2025-04-25T13:33:00
62b46d65-466f-4ddd-b348-fafdac68ce4c,e60b9d72-41b3-4f0b-8cfe-d1a852deb4d6,1bb18a0a-a6b4-48df-9096-d512f9773d9b,NO_RESPONSE,2025-04-25T14:41:00,,,,2025-04-25T14:41:00
747866b3-44c0-4292-aebc-3c5bb69c114a,e60b9d72-41b3-4f0b-8cfe-d1a852deb4d6,199debac-e563-46ab-8829-e7e1973cebc1,ACCEPTED,2025-04-25T14:45:00,2025-04-25T14:56:00,2025-04-25T14:56:00,,2025-04-25T14:45:00
2494e880-f6b3-4bb2-b377-ebcf4c174bd6,e60b9d72-41b3-4f0b-8cfe-d1a852deb4d6,5849a59e-7a49-4c31-a079-4e89867a7e98,COMPLETED,2025-04-25T14:50:00,2025-04-25T14:54:00,2025-04-25T14:54:00,2025-04-25T16:50:00,2025-04-25T14:50:00
2731d885-b89d-4e43-b1e9-d2a2379ff8b5,7df5667e-5ad3-44fb-8e19-630b35e0ad3f,cd532bc0-2367-446e-8e57-68c7cd6101f6,ACCEPTED,2025-04-25T17:59:00,2025-04-25T18:13:00,2025-04-25T18:13:00,,2025-04-25T17:59:00
50f09d63-b57b-4b10-86d9-627468be5437,7df5667e-5ad3-44fb-8e19-630b35e0ad3f,97e19e53-5b1a-48ed-959a-3b8ab801c890,ACCEPTED,2025-04-25T18:01:00,2025-04-25T18:13:00,2025-04-25T18:13:00,,2025-04-25T18:01:00
52f16174-2de2-48fe-b717-e2d37ddedb29,7df5667e-5ad3-44fb-8e19-630b35e0ad3f,64af186a-4a5e-4d8e-8b52-ff4a3c5bc1ec,ACCEPTED,2025-04-25T18:02:00,2025-04-25T18:11:00,2025-04-25T18:11:00,,2025-04-25T18:02:00
79d8532a-09fb-449b-9869-d8680fab3002,7df5667e-5ad3-44fb-8e19-630b35e0ad3f,f6612e9b-17e3-4407-bad5-87d18f75c172,ACCEPTED,2025-04-25T18:02:00,2025-04-25T18:08:00,2025-04-25T18:08:00,,2025-04-25T18:02:00
54cd0645-b5cf-449b-bd5a-ac832c7e6a68,7df5667e-5ad3-44fb-8e19-630b35e0ad3f,90226cb0-70e6-4d51-8a71-165165d84910,NO_RESPONSE,2025-04-25T18:04:00,,,,2025-04-25T18:04:00
f6bcd4c7-f0ba-475e-9ef9-fb2ab363de27,7df5667e-5ad3-44fb-8e19-630b35e0ad3f,1fac9453-e829-479d-ae5f-008babfc456d,ACCEPTED,2025-04-25T18:05:00,2025-04-25T18:06:00,2025-04-25T18:06:00,,2025-04-25T18:05:00
a5e2c44b-5e6c-4f8e-950a-71ae4b8e7db9,75765dc6-1af9-4f31-be1b-1952fdaa61c8,b452a2de-4232-41a0-814e-2651c197f192,NO_RESPONSE,2025-04-25T19:28:00,,,,2025-04-25T19:28:00
9c00fe89-ac83-4a87-9e37-bf02b5e19ec1,75765dc6-1af9-4f31-be1b-1952fdaa61c8,3b128aa7-53a1-48cc-ba33-cd0df14eac90,ACCEPTED,2025-04-25T19:28:00,2025-04-25T19:36:00,2025-04-25T19:36:00,,2025-04-25T19:28:00
5c7f9ca1-4b01-4721-87b2-c995711afe50,75765dc6-1af9-4f31-be1b-1952fdaa61c8,4d73646f-823d-4c1b-9fe9-150b22e01890,ACCEPTED,2025-04-25T19:29:00,2025-04-25T19:35:00,2025-04-25T19:35:00,,2025-04-25T19:29:00
76d5402e-efe6-40b6-8f71-2061c0d65bac,53af49a9-fd57-4d50-9136-488896315490,b7e02dd5-bc57-4ce1-89ca-6341da919a60,ACCEPTED,2025-04-25T19:51:00,2025-04-25T19:56:00,2025-04-25T19:56:00,,2025-04-25T19:51:00
ae15587d-5c14-4445-a2e3-c6675f6ed856,53af49a9-fd57-4d50-9136-488896315490,f609cf6c-d0e4-48e5-9d6b-2cb379d2f51c,ACCEPTED,2025-04-25T19:53:00,2025-04-25T19:56:00,2025-04-25T19:56:00,,2025-04-25T19:53:00
30b9620c-1e32-48a4-b469-d4b17fda67a7,7d115304-f916-45cf-9bd1-b2e89302fd6d,2c3db408-b5ed-488b-889b-94d27474e75e,ACCEPTED,2025-04-25T19:53:00,2025-04-25T20:07:00,2025-04-25T20:07:00,,2025-04-25T19:53:00
9887d56d-f80b-4a3e-87a5-67d266541d71,53af49a9-fd57-4d50-9136-488896315490,19cad05e-ae8b-4d86-b026-69fbb73b2e76,ACCEPTED,2025-04-25T19:55:00,2025-04-25T19:56:00,2025-04-25T19:56:00,,2025-04-25T19:55:00
7df90a57-cfd8-4c12-b780-335e6c622e13,53af49a9-fd57-4d50-9136-488896315490,eeafa879-969e-4fb1-b5cc-4bb4d3216e00,DECLINED,2025-04-25T19:56:00,2025-04-25T20:13:00,,,2025-04-25T19:56:00
0cce3295-eaa7-4d95-8b95-64854bc09325,7d115304-f916-45cf-9bd1-b2e89302fd6d,8aadad3e-4591-4c88-a738-78b84530fbda,COMPLETED,2025-04-25T19:59:00,2025-04-25T20:10:00,2025-04-25T20:10:00,2025-04-25T20:59:00,2025-04-25T19:59:00
e7c91528-345f-406a-898f-7ae5cc39fa28,53af49a9-fd57-4d50-9136-488896315490,d9bd2841-036c-4f1f-91b6-419ea0458f8e,ACCEPTED,2025-04-25T20:01:00,2025-04-25T20:08:00,2025-04-25T20:08:00,,2025-04-25T20:01:00
dd89ac85-0359-40ee-8bb8-b96ca348c28f,7d115304-f916-45cf-9bd1-b2e89302fd6d,11955be9-03b2-4274-9002-7a2a5ae499a8,DECLINED,2025-04-25T20:01:00,2025-04-25T20:15:00,,,2025-04-25T20:01:00
79c75912-f3ed-4450-b2bd-e71932721826,7d115304-f916-45cf-9bd1-b2e89302fd6d,94f4bd27-c237-4bb0-b104-cb7bb01c0fdc,NO_RESPONSE,2025-04-25T20:02:00,,,,2025-04-25T20:02:00
badcf95c-68d3-47fe-9c79-811581b3cfbc,7d115304-f916-45cf-9bd1-b2e89302fd6d,74de697e-ecd0-4975-8057-f21088a888b4,ACCEPTED,2025-04-25T20:03:00,2025-04-25T20:18:00,2025-04-25T20:18:00,,2025-04-25T20:03:00
3a8ae695-429f-479e-8db3-d2e9c557fa0b,7d115304-f916-45cf-9bd1-b2e89302fd6d,846be435-a2e1-4850-bad5-07de99099078,ACCEPTED,2025-04-25T20:04:00,2025-04-25T20:19:00,2025-04-25T20:19:00,,2025-04-25T20:04:00
93dda48c-0253-46aa-9058-c5b7cfc9c804,ee149707-4b0c-4176-a74e-5c49d46f8858,b0102217-6663-410d-8e4b-e802cddf4baa,ACCEPTED,2025-04-25T22:50:00,2025-04-25T22:55:00,2025-04-25T22:55:00,,2025-04-25T22:50:00
767a6879-f4de-49e6-8391-11dc65f03540,ee149707-4b0c-4176-a74e-5c49d46f8858,5d834b3d-0d58-4d16-bdc4-32869531ea10,ACCEPTED,2025-04-25T22:58:00,2025-04-25T23:05:00,2025-04-25T23:05:00,,2025-04-25T22:58:00
e89b649b-fd9c-4156-86d5-7b1e8c46809b,7080077f-9164-4bef-aac5-f9b31255639e,fe22cac5-c785-4cc2-a706-9b3cbd277ddf,ACCEPTED,2025-04-25T23:09:00,2025-04-25T23:16:00,2025-04-25T23:16:00,,2025-04-25T23:09:00
e8653ee2-ec4a-4653-ad67-f72c558c3137,7080077f-9164-4bef-aac5-f9b31255639e,19e65af6-da1e-4052-bf71-1659737f5cc7,NO_RESPONSE,2025-04-25T23:11:00,,,,2025-04-25T23:11:00
49c9d9ba-6b4a-4ca5-bc41-0cad1cbe5f05,7080077f-9164-4bef-aac5-f9b31255639e,05088ba7-5428-4853-8cc9-e76f460fddd4,ACCEPTED,2025-04-25T23:16:00,2025-04-25T23:20:00,2025-04-25T23:20:00,,2025-04-25T23:16:00
953cc9b1-8c0c-4146-94d2-33a90704da4f,7080077f-9164-4bef-aac5-f9b31255639e,02e664d4-0b6a-4921-9a18-18529c0b46fb,ACCEPTED,2025-04-25T23:22:00,2025-04-25T23:33:00,2025-04-25T23:33:00,,2025-04-25T23:22:00
5b5ff775-6dca-4ede-836d-509684b7a5f7,0d6d0f34-542e-444e-9c1c-a88ad8269419,4adfcc20-75f4-424d-8645-1ab7b11ade80,ACCEPTED,2025-04-26T03:02:00,2025-04-26T03:07:00,2025-04-26T03:07:00,,2025-04-26T03:02:00
62dd3c68-2573-4692-aea1-2af3fb2558f5,0d6d0f34-542e-444e-9c1c-a88ad8269419,19e65af6-da1e-4052-bf71-1659737f5cc7,COMPLETED,2025-04-26T03:03:00,2025-04-26T03:18:00,2025-04-26T03:18:00,2025-04-26T06:03:00,2025-04-26T03:03:00
647a2fe2-2e74-470a-94c9-5a936d968385,0d6d0f34-542e-444e-9c1c-a88ad8269419,e07bda41-053d-4aac-9836-2124ef24f237,ACCEPTED,2025-04-26T03:07:00,2025-04-26T03:10:00,2025-04-26T03:10:00,,2025-04-26T03:07:00
e5db1e18-524e-4261-b5e4-80a45f722625,0d6d0f34-542e-444e-9c1c-a88ad8269419,ab824e7b-6c52-415c-9b45-3252ae8f2969,ACCEPTED,2025-04-26T03:08:00,2025-04-26T03:23:00,2025-04-26T03:23:00,,2025-04-26T03:08:00
85386d18-5bce-4f8f-9f02-c6dcdd8d16ff,0ad4d87b-c61f-4184-baf4-6b175194c5ac,68cf86cf-66aa-443c-ae5b-e601c8cc76c7,MISSED,2025-04-26T04:23:00,,,,2025-04-26T04:23:00
bff88aec-3551-4f0c-9cf1-a4164e93ca16,0ad4d87b-c61f-4184-baf4-6b175194c5ac,d2112070-a709-4a6f-a1fe-b83a282d0da2,DECLINED,2025-04-26T04:25:00,2025-04-26T04:43:00,,,2025-04-26T04:25:00
dc40ecf5-12cf-44c7-8f38-26287081cc0d,0ad4d87b-c61f-4184-baf4-6b175194c5ac,199debac-e563-46ab-8829-e7e1973cebc1,MISSED,2025-04-26T04:27:00,,,,2025-04-26T04:27:00
cf10d607-6c93-40a8-85cd-d4b640cdbfda,b49ff9ea-aa8a-4301-b123-8fbe80f390ef,bf16397a-e456-456e-98bd-2730736c43f3,NO_RESPONSE,2025-04-26T07:17:00,,,,2025-04-26T07:17:00
7624ce6b-11aa-4e80-980b-5d45d84c7688,b49ff9ea-aa8a-4301-b123-8fbe80f390ef,553294c5-4565-4d5a-a069-6e8126905be4,COMPLETED,2025-04-26T07:17:00,2025-04-26T07:24:00,2025-04-26T07:24:00,2025-04-26T09:17:00,2025-04-26T07:17:00
12e3fe96-0dde-4998-9ff9-55224627ff69,b49ff9ea-aa8a-4301-b123-8fbe80f390ef,f44d8cd1-1833-4e30-b14f-417870b4502a,ACCEPTED,2025-04-26T07:18:00,2025-04-26T07:29:00,2025-04-26T07:29:00,,2025-04-26T07:18:00
15527c64-c52d-4b4b-82f3-df944b45ce04,b49ff9ea-aa8a-4301-b123-8fbe80f390ef,626cbf28-4c14-4dc1-a51b-9a94ba59000e,MISSED,2025-04-26T07:25:00,,,,2025-04-26T07:25:00
e7ec17e0-ad71-46c3-b02c-1aef64317b5a,b49ff9ea-aa8a-4301-b123-8fbe80f390ef,5ae18917-1ec4-457c-a836-7efc4c4c8fff,COMPLETED,2025-04-26T07:28:00,2025-04-26T07:30:00,2025-04-26T07:30:00,2025-04-26T09:28:00,2025-04-26T07:28:00
88b7d2b5-489d-4aac-a544-c3af8383e047,b51c8b05-f751-47ec-bb8b-489d1f21264a,c4ccc935-dd86-4d48-92ab-3e02bfbbdedd,ACCEPTED,2025-04-26T08:53:00,2025-04-26T08:55:00,2025-04-26T08:55:00,,2025-04-26T08:53:00
0c740053-b2cc-4d9d-87f4-5fddeb646f7b,b51c8b05-f751-47ec-bb8b-489d1f21264a,5d69d39a-573c-4fc2-b61f-084eeb974f10,COMPLETED,2025-04-26T08:56:00,2025-04-26T09:07:00,2025-04-26T09:07:00,2025-04-26T09:56:00,2025-04-26T08:56:00
df0ce568-8490-419a-a17e-555778b3d9c7,0a31d359-0ddb-4f43-8550-16080f4187aa,bc7ffdff-d62a-437c-9957-5c8739b97d73,ACCEPTED,2025-04-26T10:52:00,2025-04-26T10:57:00,2025-04-26T10:57:00,,2025-04-26T10:52:00
c7a5fe83-bb17-49b8-946c-bbef4721fa7e,0a31d359-0ddb-4f43-8550-16080f4187aa,62dcf5be-c7c7-4332-ba46-a97ff4593dd6,NO_RESPONSE,2025-04-26T10:53:00,,,,2025-04-26T10:53:00
68fdc4bc-9bc9-46e6-8b4a-cad5a06e0d02,8115eb6b-3b8d-44af-b89b-69185711e241,887c04b7-3558-4cd6-b634-cf5a4cd93877,ACCEPTED,2025-04-26T10:54:00,2025-04-26T10:58:00,2025-04-26T10:58:00,,2025-04-26T10:54:00
3c5dbda2-74aa-47f2-a43a-fe34d38d1273,8115eb6b-3b8d-44af-b89b-69185711e241,b822f3f2-bc12-474d-9f5a-b3cef19341f0,COMPLETED,2025-04-26T10:57:00,2025-04-26T10:58:00,2025-04-26T10:58:00,2025-04-26T12:57:00,2025-04-26T10:57:00
1b5f4937-3249-4815-bb56-75e8f142c1a1,0a31d359-0ddb-4f43-8550-16080f4187aa,6fe6108b-0137-4ed4-bb54-e1ed13a743e9,COMPLETED,2025-04-26T10:58:00,2025-04-26T11:05:00,2025-04-26T11:05:00,2025-04-26T12:58:00,2025-04-26T10:58:00
04a729e5-6526-47ed-b249-df064d28b2c7,8115eb6b-3b8d-44af-b89b-69185711e241,2fc6a399-7cab-4c0f-b2eb-9ae8bc2e8ef3,EXPIRED,2025-04-26T10:58:00,,,,2025-04-26T10:58:00
99c84ffc-1f98-4ad8-8efe-879adacce2e3,0a31d359-0ddb-4f43-8550-16080f4187aa,8ffc4077-593e-43ff-990a-16a84fd422b4,COMPLETED,2025-04-26T10:59:00,2025-04-26T11:09:00,2025-04-26T11:09:00,2025-04-26T11:59:00,2025-04-26T10:59:00
2d78948b-83ed-48af-b95a-6a999d8e2049,0a31d359-0ddb-4f43-8550-16080f4187aa,fdd10e56-22de-4a56-98b8-fcf4cc56744d,NO_RESPONSE,2025-04-26T11:00:00,,,,2025-04-26T11:00:00
57ff4675-6959-46c2-9b52-b6153fd2132c,8115eb6b-3b8d-44af-b89b-69185711e241,273ddb7f-7af3-44a5-b945-f6705e9f338f,ACCEPTED,2025-04-26T11:00:00,2025-04-26T11:14:00,2025-04-26T11:14:00,,2025-04-26T11:00:00
b564b736-fdbe-4083-86c8-0adb8785b30c,0a31d359-0ddb-4f43-8550-16080f4187aa,556bf703-12c9-40e6-98a3-1835bb3d53a7,NO_RESPONSE,2025-04-26T11:01:00,,,,2025-04-26T11:01:00
b6aba341-3599-456e-b67b-efe8909d1964,d4dbe096-c246-4e4e-9e4e-e5296fe0d66d,3e9272f3-ed0f-4e1e-9e75-ffeefc9ff8be,DECLINED,2025-04-26T14:51:00,2025-04-26T14:58:00,,,2025-04-26T14:51:00
6482ca54-38f0-47c5-abc2-1d6d23496b00,d4dbe096-c246-4e4e-9e4e-e5296fe0d66d,d346ac11-9b08-4a8a-b887-845a17ae7266,ACCEPTED,2025-04-26T14:53:00,2025-04-26T14:59:00,2025-04-26T14:59:00,,2025-04-26T14:53:00
5df49615-5112-49cb-ad6b-1e3403a3fe72,d4dbe096-c246-4e4e-9e4e-e5296fe0d66d,29863a10-f78d-4e41-9aa9-3e446b4fe73f,MISSED,2025-04-26T14:55:00,,,,2025-04-26T14:55:00
dc234903-cad0-4567-846c-97e17ad938bf,d4dbe096-c246-4e4e-9e4e-e5296fe0d66d,f7f1655c-f8c2-4296-91c4-9f8f570ad765,COMPLETED,2025-04-26T14:57:00,2025-04-26T15:06:00,2025-04-26T15:06:00,2025-04-26T16:57:00,2025-04-26T14:57:00
5374b751-0f0a-46ac-ae12-052c1b71e53f,d4dbe096-c246-4e4e-9e4e-e5296fe0d66d,445beb91-c8f4-47ed-b5c7-e8a70759c76b,ACCEPTED,2025-04-26T15:01:00,2025-04-26T15:03:00,2025-04-26T15:03:00,,2025-04-26T15:01:00
b04c76d5-5c7d-4525-bb21-98f06616e731,c8373f70-1833-47e3-a836-5a9f41b799c3,cd36ff59-5ea4-42e6-93c5-5e86da3a1bf9,COMPLETED,2025-04-26T15:45:00,2025-04-26T15:52:00,2025-04-26T15:52:00,2025-04-26T16:45:00,2025-04-26T15:45:00
c3278a88-8c24-4e9e-a307-157a65d7c8c9,c8373f70-1833-47e3-a836-5a9f41b799c3,5d834b3d-0d58-4d16-bdc4-32869531ea10,COMPLETED,2025-04-26T15:46:00,2025-04-26T16:00:00,2025-04-26T16:00:00,2025-04-26T16:46:00,2025-04-26T15:46:00
a755a131-1c6c-4fef-99fb-1447e65300d1,b1429a89-613d-4f32-b735-2e1fd19535eb,5849a59e-7a49-4c31-a079-4e89867a7e98,COMPLETED,2025-04-26T17:52:00,2025-04-26T18:03:00,2025-04-26T18:03:00,2025-04-26T20:52:00,2025-04-26T17:52:00
9f3a6eac-889a-43a0-9eca-2cebfccc9b57,b1429a89-613d-4f32-b735-2e1fd19535eb,4eee87b4-abdd-4100-ad14-aaafa8fd5f81,EXPIRED,2025-04-26T17:56:00,,,,2025-04-26T17:56:00
b2a699f4-2c91-40a4-ab49-5c832d924e08,b1429a89-613d-4f32-b735-2e1fd19535eb,763f9657-b714-4ebf-a75d-03a0bd961883,ACCEPTED,2025-04-26T17:58:00,2025-04-26T18:13:00,2025-04-26T18:13:00,,2025-04-26T17:58:00
ad0224b3-8660-4fd6-95db-acd28e664edb,b1429a89-613d-4f32-b735-2e1fd19535eb,00924f36-733f-4345-a507-751101551a9c,ACCEPTED,2025-04-26T18:05:00,2025-04-26T18:20:00,2025-04-26T18:20:00,,2025-04-26T18:05:00
0454d4da-f2a8-42f3-9449-a5362a4db9e2,771e0370-b378-4bad-adc5-83d70c6f326f,2c4d68b2-c9d6-4244-9ac3-ce7b208c9147,ACCEPTED,2025-04-26T19:39:00,2025-04-26T19:42:00,2025-04-26T19:42:00,,2025-04-26T19:39:00
666ae96d-d9b8-4980-a241-69be7b3813dd,771e0370-b378-4bad-adc5-83d70c6f326f,6c25e2ff-8bc0-4abc-a978-052ba5e4650a,ACCEPTED,2025-04-26T19:41:00,2025-04-26T19:46:00,2025-04-26T19:46:00,,2025-04-26T19:41:00
ae94d0c4-db06-4cda-9ccb-f42654e86134,771e0370-b378-4bad-adc5-83d70c6f326f,f6c6d337-db40-4e0d-a2a5-3f792a85ae63,COMPLETED,2025-04-26T19:43:00,2025-04-26T19:56:00,2025-04-26T19:56:00,2025-04-26T22:43:00,2025-04-26T19:43:00
9f3cec41-9ce3-4a02-a96d-c63e0551db72,771e0370-b378-4bad-adc5-83d70c6f326f,346ece9f-9eed-4c58-95d7-1c3e38d7cceb,MISSED,2025-04-26T19:45:00,,,,2025-04-26T19:45:00
4728e0d6-45c7-48a0-b87a-0ba69b26909e,771e0370-b378-4bad-adc5-83d70c6f326f,a9192324-9347-4f6f-998a-20066ce0209e,ACCEPTED,2025-04-26T19:46:00,2025-04-26T19:58:00,2025-04-26T19:58:00,,2025-04-26T19:46:00
65acce8b-a3e1-4659-aab3-c44a61db7c8c,771e0370-b378-4bad-adc5-83d70c6f326f,a92ac821-12c7-40b8-bbb8-e287da0564eb,ACCEPTED,2025-04-26T19:51:00,2025-04-26T19:53:00,2025-04-26T19:53:00,,2025-04-26T19:51:00
e7f777c9-7b6e-4f6d-8226-41ad54d9b7d0,316df559-b9b7-4220-909b-a4dbbb0f0411,6982ca50-e7c0-467d-8a70-8533e3077bd9,ACCEPTED,2025-04-26T20:44:00,2025-04-26T20:53:00,2025-04-26T20:53:00,,2025-04-26T20:44:00
c259ff57-827f-41d7-b638-56872c1258a6,316df559-b9b7-4220-909b-a4dbbb0f0411,c16201b1-943e-4c96-8b98-654faa1c4f67,NO_RESPONSE,2025-04-26T20:47:00,,,,2025-04-26T20:47:00
ec45e075-7c58-41d6-9e43-9c30b70d6399,316df559-b9b7-4220-909b-a4dbbb0f0411,9b2d4384-c4a9-4135-8458-c0c14e077dce,ACCEPTED,2025-04-26T20:48:00,2025-04-26T21:03:00,2025-04-26T21:03:00,,2025-04-26T20:48:00
d8cd2763-6356-43db-8e2a-5438416264b5,316df559-b9b7-4220-909b-a4dbbb0f0411,02e664d4-0b6a-4921-9a18-18529c0b46fb,ACCEPTED,2025-04-26T20:51:00,2025-04-26T20:52:00,2025-04-26T20:52:00,,2025-04-26T20:51:00
42a552f4-c916-498d-baba-9f6d5e530731,65e005aa-b24c-4fe6-88bf-f0e15c6c6a22,5805c9e4-e8a0-4c33-9ca3-70004d94c948,COMPLETED,2025-04-26T22:12:00,2025-04-26T22:20:00,2025-04-26T22:20:00,2025-04-26T23:12:00,2025-04-26T22:12:00
3a4542ac-eb70-4e90-a0e8-6e011b5f7da3,65e005aa-b24c-4fe6-88bf-f0e15c6c6a22,273ddb7f-7af3-44a5-b945-f6705e9f338f,NO_RESPONSE,2025-04-26T22:17:00,,,,2025-04-26T22:17:00
ee69757e-532b-4bc9-80fc-a02875b26a95,65e005aa-b24c-4fe6-88bf-f0e15c6c6a22,a927ec13-1431-4870-8c63-e98dc7bad4b8,COMPLETED,2025-04-26T22:18:00,2025-04-26T22:27:00,2025-04-26T22:27:00,2025-04-27T01:18:00,2025-04-26T22:18:00
a25069ee-0490-443d-a9b3-1c913f0ba159,65e005aa-b24c-4fe6-88bf-f0e15c6c6a22,4b933cd5-19a8-4e2e-8322-78978d1bb4b2,EXPIRED,2025-04-26T22:22:00,,,,2025-04-26T22:22:00
b1381037-15db-4bd7-a5e6-31ccd8f9b287,65e005aa-b24c-4fe6-88bf-f0e15c6c6a22,0a75681e-3c8c-4c6e-aee4-3ed6e64484f2,EXPIRED,2025-04-26T22:23:00,,,,2025-04-26T22:23:00
28d9d27b-8d2e-47a5-99d2-0cc8b7a65412,65e005aa-b24c-4fe6-88bf-f0e15c6c6a22,415a8ed8-6bf8-47ec-9265-7eacc19a825f,COMPLETED,2025-04-26T22:25:00,2025-04-26T22:26:00,2025-04-26T22:26:00,2025-04-27T01:25:00,2025-04-26T22:25:00
1f0605fa-397c-46db-8349-aa27ef883093,3d5d5a76-01d4-4fe6-959c-df1a894ba50c,0f830c26-3d4f-4cf5-81cf-08041535d161,DECLINED,2025-04-27T02:44:00,2025-04-27T02:46:00,,,2025-04-27T02:44:00
98f138c6-5064-49da-8acb-0317fa6583cc,3d5d5a76-01d4-4fe6-959c-df1a894ba50c,b7b35df4-cc30-48d4-b856-21583b9c43c1,DECLINED,2025-04-27T02:50:00,2025-04-27T02:52:00,,,2025-04-27T02:50:00
d22fcadf-96b3-46fa-a384-b208857d8a8f,14a75ce2-f6aa-4642-b364-0b5cb0263a8d,6c5114ec-b8e2-4c74-8e20-93ded422c3b1,NO_RESPONSE,2025-04-27T02:54:00,,,,2025-04-27T02:54:00
9807b795-8665-4945-a8e4-5298ad8f8bd6,14a75ce2-f6aa-4642-b364-0b5cb0263a8d,4ca593a6-6883-4ff4-b14b-a47593e71ecc,COMPLETED,2025-04-27T02:54:00,2025-04-27T03:05:00,2025-04-27T03:05:00,2025-04-27T03:54:00,2025-04-27T02:54:00
8102675e-6851-4fa8-b32d-d675edfb6a7f,14a75ce2-f6aa-4642-b364-0b5cb0263a8d,346ece9f-9eed-4c58-95d7-1c3e38d7cceb,NO_RESPONSE,2025-04-27T02:58:00,,,,2025-04-27T02:58:00
963d7bb4-2741-4cd8-8b41-f5f3c0e7d173,14a75ce2-f6aa-4642-b364-0b5cb0263a8d,b16f7848-a2a4-4c2c-8a3b-0bf76ecdf857,NO_RESPONSE,2025-04-27T02:59:00,,,,2025-04-27T02:59:00
9161994f-a7db-445c-af8a-83e0507b61d9,14a75ce2-f6aa-4642-b364-0b5cb0263a8d,6a793798-198b-46b9-85cd-0ec03d79cc88,COMPLETED,2025-04-27T02:59:00,2025-04-27T03:02:00,2025-04-27T03:02:00,2025-04-27T03:59:00,2025-04-27T02:59:00
c158bc3d-752f-492e-aadd-88c6c67341d1,14a75ce2-f6aa-4642-b364-0b5cb0263a8d,030d9e23-9b13-43d8-8711-c5c4d8470363,COMPLETED,2025-04-27T03:02:00,2025-04-27T03:14:00,2025-04-27T03:14:00,2025-04-27T05:02:00,2025-04-27T03:02:00
c7422b22-ccb6-4e3e-b46d-6cb5051351d4,4b2dca0c-5c5b-40dd-b22f-8a1cbb63dff2,4b0c223e-3977-4c3a-96bc-a4febeb624c3,ACCEPTED,2025-04-27T04:46:00,2025-04-27T04:51:00,2025-04-27T04:51:00,,2025-04-27T04:46:00
d043d6c2-a469-43f4-9abb-f9dbb0735938,4b2dca0c-5c5b-40dd-b22f-8a1cbb63dff2,8342ece1-dc13-431d-b735-f045953e170d,NO_RESPONSE,2025-04-27T04:46:00,,,,2025-04-27T04:46:00
cee024bd-899b-4771-9712-af30afae897d,4b2dca0c-5c5b-40dd-b22f-8a1cbb63dff2,556bf703-12c9-40e6-98a3-1835bb3d53a7,NO_RESPONSE,2025-04-27T04:47:00,,,,2025-04-27T04:47:00
fb39ca8b-0f37-4da5-97cb-85b61269e774,4b2dca0c-5c5b-40dd-b22f-8a1cbb63dff2,950e5213-a1b0-4cdc-9127-044adb973cb5,COMPLETED,2025-04-27T04:49:00,2025-04-27T05:02:00,2025-04-27T05:02:00,2025-04-27T05:49:00,2025-04-27T04:49:00
f336d9e3-d8b4-438a-be8f-1298dd7268cf,4b2dca0c-5c5b-40dd-b22f-8a1cbb63dff2,3b1c0630-6304-4f24-90a0-39e3fd579418,ACCEPTED,2025-04-27T04:50:00,2025-04-27T05:01:00,2025-04-27T05:01:00,,2025-04-27T04:50:00
1c0956ab-cd9b-4163-b334-cac81e851ddf,f5797968-13bf-427b-9960-309b01f1f7dd,c3fb4684-c1e0-4da0-a54b-9e8f789026c2,ACCEPTED,2025-04-27T08:52:00,2025-04-27T09:06:00,2025-04-27T09:06:00,,2025-04-27T08:52:00
efc6f71d-9b91-4fca-b266-fac3eb023e07,f5797968-13bf-427b-9960-309b01f1f7dd,54d5caa7-5a58-4175-a139-ece2d4e285d1,COMPLETED,2025-04-27T08:52:00,2025-04-27T09:02:00,2025-04-27T09:02:00,2025-04-27T11:52:00,2025-04-27T08:52:00
dcb1cdec-80fe-4424-a91c-87e1dc128317,f5797968-13bf-427b-9960-309b01f1f7dd,e5932f7a-3ade-43d3-b57c-3dd00eae2d48,ACCEPTED,2025-04-27T08:53:00,2025-04-27T08:55:00,2025-04-27T08:55:00,,2025-04-27T08:53:00
f363f100-cc33-4aff-a85c-847df6b69422,f5797968-13bf-427b-9960-309b01f1f7dd,d0a96683-1429-46b7-a70f-c0a765bdce73,ACCEPTED,2025-04-27T08:54:00,2025-04-27T08:55:00,2025-04-27T08:55:00,,2025-04-27T08:54:00
97585468-9e62-466a-a612-7697a7ec4be6,f5797968-13bf-427b-9960-309b01f1f7dd,c4a4b614-90de-4794-a555-76f6159de789,ACCEPTED,2025-04-27T08:56:00,2025-04-27T09:11:00,2025-04-27T09:11:00,,2025-04-27T08:56:00
0142e65b-41f7-431d-8f60-ba380febc694,f5797968-13bf-427b-9960-309b01f1f7dd,b55baffe-83af-4af1-b800-2efe44d895fa,NO_RESPONSE,2025-04-27T09:02:00,,,,2025-04-27T09:02:00
8dc2690e-cb58-4971-aa61-d871d28f9bb2,27f34b62-3bb5-4267-a571-f2339c9316ae,4eee87b4-abdd-4100-ad14-aaafa8fd5f81,ACCEPTED,2025-04-27T18:42:00,2025-04-27T18:49:00,2025-04-27T18:49:00,,2025-04-27T18:42:00
c4098404-5013-4cf5-8688-bcc5f28c7b83,27f34b62-3bb5-4267-a571-f2339c9316ae,b0102217-6663-410d-8e4b-e802cddf4baa,COMPLETED,2025-04-27T18:42:00,2025-04-27T18:52:00,2025-04-27T18:52:00,2025-04-27T21:42:00,2025-04-27T18:42:00
f5facd29-45eb-4132-9f23-140b3170f419,27f34b62-3bb5-4267-a571-f2339c9316ae,78548b9a-a9e8-46f5-9d4b-45f2377b352b,ACCEPTED,2025-04-27T18:49:00,2025-04-27T18:50:00,2025-04-27T18:50:00,,2025-04-27T18:49:00
0a8dd1e6-844e-4aa3-b2b4-d53a85d511f6,27f34b62-3bb5-4267-a571-f2339c9316ae,f09d1541-147b-4b19-b485-f9ad246bf702,ACCEPTED,2025-04-27T18:50:00,2025-04-27T19:00:00,2025-04-27T19:00:00,,2025-04-27T18:50:00
2734da95-c0b3-4c1c-8720-daa3562fc1bd,9235003d-3989-4941-9cca-670f926817fa,2c3db408-b5ed-488b-889b-94d27474e75e,COMPLETED,2025-04-27T21:27:00,2025-04-27T21:30:00,2025-04-27T21:30:00,2025-04-27T23:27:00,2025-04-27T21:27:00
b31d05ba-bc18-42d1-ad1f-0951a3c52f34,9235003d-3989-4941-9cca-670f926817fa,7dce07a7-bf0e-49d0-8e10-0fae45654bf0,COMPLETED,2025-04-27T21:29:00,2025-04-27T21:33:00,2025-04-27T21:33:00,2025-04-27T23:29:00,2025-04-27T21:29:00
e2812ecd-c755-403f-b8f1-35d5e2b4ff0e,7aa548ac-fe9c-4bbc-80f6-7507a7fb0822,7689a61a-5823-4dd9-8e3c-29c2d4415219,MISSED,2025-04-28T00:03:00,,,,2025-04-28T00:03:00
d6902769-f8ae-4781-a849-d477b7935e3a,7aa548ac-fe9c-4bbc-80f6-7507a7fb0822,05088ba7-5428-4853-8cc9-e76f460fddd4,NO_RESPONSE,2025-04-28T00:09:00,,,,2025-04-28T00:09:00
bf265381-936c-47ff-baa7-79e2450c3f3b,7aa548ac-fe9c-4bbc-80f6-7507a7fb0822,6505256d-ee75-49c0-889a-900cd074daa4,ACCEPTED,2025-04-28T00:11:00,2025-04-28T00:19:00,2025-04-28T00:19:00,,2025-04-28T00:11:00
6298f6ed-d9ad-4cc1-9fda-685d498e0c4f,9cd1d4b5-8d3a-4b12-a773-7bf5aa93bb55,15e8b88b-3071-48e6-b989-88d3d4c35e68,MISSED,2025-04-28T10:43:00,,,,2025-04-28T10:43:00
2e698a07-363b-48df-b600-482f9a35e6e6,9cd1d4b5-8d3a-4b12-a773-7bf5aa93bb55,8cd1af9c-4aae-4740-868c-146279a15912,DECLINED,2025-04-28T10:46:00,2025-04-28T10:48:00,,,2025-04-28T10:46:00
610c6a36-c6dd-4e77-9267-89426d13519c,9cd1d4b5-8d3a-4b12-a773-7bf5aa93bb55,7fe949fd-61b1-475a-8c19-580e4b0b98a7,COMPLETED,2025-04-28T10:49:00,2025-04-28T10:52:00,2025-04-28T10:52:00,2025-04-28T12:49:00,2025-04-28T10:49:00
14757263-a0be-4cea-ba50-fe647216240a,9cd1d4b5-8d3a-4b12-a773-7bf5aa93bb55,1f07a96f-aedb-4b8a-b298-4bb359530928,COMPLETED,2025-04-28T10:50:00,2025-04-28T10:56:00,2025-04-28T10:56:00,2025-04-28T13:50:00,2025-04-28T10:50:00
b1d95441-8790-4577-bde8-0059c1a675c0,9cd1d4b5-8d3a-4b12-a773-7bf5aa93bb55,0db56994-7b77-4dee-bd9c-894ba39fcd46,ACCEPTED,2025-04-28T10:54:00,2025-04-28T11:04:00,2025-04-28T11:04:00,,2025-04-28T10:54:00
f03eae94-06f2-412a-b67a-63ea59683aef,9cd1d4b5-8d3a-4b12-a773-7bf5aa93bb55,5805c9e4-e8a0-4c33-9ca3-70004d94c948,NO_RESPONSE,2025-04-28T10:54:00,,,,2025-04-28T10:54:00
8f2e5be1-5a6f-4299-95a3-295ffbf156fc,f1f301d2-cd29-4355-b05d-6d8875a833be,f9c29be2-ddc0-4390-8bf7-68d4469a289f,COMPLETED,2025-04-28T12:24:00,2025-04-28T12:39:00,2025-04-28T12:39:00,2025-04-28T15:24:00,2025-04-28T12:24:00
6014c590-315e-4588-934c-c524ceeb3eab,f1f301d2-cd29-4355-b05d-6d8875a833be,2b53fe55-2a72-4432-a6b9-13c5a851be2a,ACCEPTED,2025-04-28T12:25:00,2025-04-28T12:26:00,2025-04-28T12:26:00,,2025-04-28T12:25:00
2e7e8141-ac06-4ccb-b7f9-6f53c56232b2,f1f301d2-cd29-4355-b05d-6d8875a833be,bf8e736f-22d8-4087-bff3-6507e937c56f,ACCEPTED,2025-04-28T12:28:00,2025-04-28T12:29:00,2025-04-28T12:29:00,,2025-04-28T12:28:00
16699840-fe93-4795-9027-c26236e5daa8,f1f301d2-cd29-4355-b05d-6d8875a833be,c4407f72-aaa4-45db-935c-f0c2d2f7c518,COMPLETED,2025-04-28T12:29:00,2025-04-28T12:41:00,2025-04-28T12:41:00,2025-04-28T13:29:00,2025-04-28T12:29:00
579140f4-68e3-4cfe-89fc-d46e4d4a47a2,f1f301d2-cd29-4355-b05d-6d8875a833be,94f4bd27-c237-4bb0-b104-cb7bb01c0fdc,ACCEPTED,2025-04-28T12:33:00,2025-04-28T12:44:00,2025-04-28T12:44:00,,2025-04-28T12:33:00
9b55b89d-06ee-4563-a975-7c3527b290d8,f1f301d2-cd29-4355-b05d-6d8875a833be,7ce3dda1-de53-4002-8f7b-0cd22da8ea06,EXPIRED,2025-04-28T12:33:00,,,,2025-04-28T12:33:00
9c86be49-db3a-4571-ae5c-787e81464677,0c37b9ab-a4fe-483f-b70d-f20af4fb0ddb,40e2e31f-1e2d-4f70-9de8-91ad096fe41a,EXPIRED,2025-04-28T20:19:00,,,,2025-04-28T20:19:00
23d2e242-c734-45d7-81fe-2c31bd63078c,0c37b9ab-a4fe-483f-b70d-f20af4fb0ddb,3cad9af4-3e76-49e7-a472-17fbf3b30322,ACCEPTED,2025-04-28T20:25:00,2025-04-28T20:39:00,2025-04-28T20:39:00,,2025-04-28T20:25:00
6ff6ce85-f008-4e39-ab83-9c7e73d37ad3,0c37b9ab-a4fe-483f-b70d-f20af4fb0ddb,deac09c6-92df-437d-890a-ec1f48406829,EXPIRED,2025-04-28T20:25:00,,,,2025-04-28T20:25:00
0cf3332f-9e41-4d95-a23a-c9854f086cd3,6a22849b-1a0a-454c-b328-a7c636dab3b5,950e5213-a1b0-4cdc-9127-044adb973cb5,NO_RESPONSE,2025-04-29T02:33:00,,,,2025-04-29T02:33:00
27a50862-6658-405b-855f-bfccfd0f6c2e,6a22849b-1a0a-454c-b328-a7c636dab3b5,12cb054b-3ad8-409d-879c-911bba186c06,NO_RESPONSE,2025-04-29T02:42:00,,,,2025-04-29T02:42:00
0d530754-6dac-461f-94c2-8603c9233857,6a22849b-1a0a-454c-b328-a7c636dab3b5,f7f1655c-f8c2-4296-91c4-9f8f570ad765,ACCEPTED,2025-04-29T02:45:00,2025-04-29T02:47:00,2025-04-29T02:47:00,,2025-04-29T02:45:00
b9485866-74ea-4671-9a3c-1b7aa6c92c67,05142adc-0811-4108-b4ac-7172ccc956bc,4d73646f-823d-4c1b-9fe9-150b22e01890,ACCEPTED,2025-04-29T05:29:00,2025-04-29T05:40:00,2025-04-29T05:40:00,,2025-04-29T05:29:00
a7132dc4-eb96-4370-b817-96af7f59401b,05142adc-0811-4108-b4ac-7172ccc956bc,664b1167-88df-4fdd-afcb-3e9296fb4ad6,EXPIRED,2025-04-29T05:29:00,,,,2025-04-29T05:29:00
8a8f35c1-abd2-4912-b168-55cea6e168dd,05142adc-0811-4108-b4ac-7172ccc956bc,b31f3223-35d1-446c-9991-79665d0b1ef3,ACCEPTED,2025-04-29T05:32:00,2025-04-29T05:41:00,2025-04-29T05:41:00,,2025-04-29T05:32:00
fc01e81e-6fc1-421b-9e47-4594315063e6,a772d977-7115-4f6d-8c55-474351fa89f9,b7b35df4-cc30-48d4-b856-21583b9c43c1,ACCEPTED,2025-04-29T05:52:00,2025-04-29T06:07:00,2025-04-29T06:07:00,,2025-04-29T05:52:00
5387e0c1-d520-4c00-b20c-c53c4eec47b5,a772d977-7115-4f6d-8c55-474351fa89f9,763f9657-b714-4ebf-a75d-03a0bd961883,COMPLETED,2025-04-29T05:59:00,2025-04-29T06:08:00,2025-04-29T06:08:00,2025-04-29T08:59:00,2025-04-29T05:59:00
f3ba3c78-a538-43b5-8ea9-f03d3b7ef6fe,9256614e-ef70-4c77-8e57-45b829c3140a,ed732f11-698a-40e6-8fab-9a1b078261d2,ACCEPTED,2025-04-29T16:03:00,2025-04-29T16:07:00,2025-04-29T16:07:00,,2025-04-29T16:03:00
c7ac0bfd-b24a-4b03-a8b1-7c2a2df22985,9256614e-ef70-4c77-8e57-45b829c3140a,c4fe67ef-e054-4697-9543-263f3f2dd3c7,ACCEPTED,2025-04-29T16:03:00,2025-04-29T16:09:00,2025-04-29T16:09:00,,2025-04-29T16:03:00
8985462b-a3fc-4f1f-846c-a8b5e6b4e25f,9256614e-ef70-4c77-8e57-45b829c3140a,6505256d-ee75-49c0-889a-900cd074daa4,ACCEPTED,2025-04-29T16:09:00,2025-04-29T16:12:00,2025-04-29T16:12:00,,2025-04-29T16:09:00
99635d40-c2fb-4a49-ab59-78f0353f7d4a,8f69dab5-f823-4df5-94bd-2d3d2a0c5caf,7b16f6d6-0f6b-446d-89fe-87723b0ad83c,COMPLETED,2025-04-29T19:23:00,2025-04-29T19:30:00,2025-04-29T19:30:00,2025-04-29T21:23:00,2025-04-29T19:23:00
7ec27565-8e17-41cb-81bc-aa9e6dfd7f9c,8f69dab5-f823-4df5-94bd-2d3d2a0c5caf,cc255119-86e4-43ad-b1f0-6c24ac17d920,EXPIRED,2025-04-29T19:23:00,,,,2025-04-29T19:23:00
2453e415-d21b-48e4-a9a4-1cb3670bc1f9,8f69dab5-f823-4df5-94bd-2d3d2a0c5caf,dd3c9c80-9a9d-4efd-a8fc-06ac9e8600c4,ACCEPTED,2025-04-29T19:25:00,2025-04-29T19:26:00,2025-04-29T19:26:00,,2025-04-29T19:25:00
22ae51fe-e45e-4b71-9c3c-9e402d4bc1e6,8f69dab5-f823-4df5-94bd-2d3d2a0c5caf,b535926f-1249-45e1-8443-3898d91728ed,DECLINED,2025-04-29T19:26:00,2025-04-29T19:36:00,,,2025-04-29T19:26:00
2662caf7-d0b3-4c1a-97ba-1f5198e0d7d6,8f69dab5-f823-4df5-94bd-2d3d2a0c5caf,7dce07a7-bf0e-49d0-8e10-0fae45654bf0,DECLINED,2025-04-29T19:32:00,2025-04-29T19:35:00,,,2025-04-29T19:32:00
ea7854fe-c6f7-4f50-8b7a-9f95c9a04b89,43f9c853-2c6a-4371-a245-ad9435e54eef,cf15cd3c-d017-49b8-af4a-bd4471976dd4,COMPLETED,2025-04-29T20:32:00,2025-04-29T20:35:00,2025-04-29T20:35:00,2025-04-29T23:32:00,2025-04-29T20:32:00
a95a218e-b78b-413a-9ae0-f4ce2c0f1f54,43f9c853-2c6a-4371-a245-ad9435e54eef,eda6ff35-1d22-4a35-b25d-3279ba02175c,ACCEPTED,2025-04-29T20:32:00,2025-04-29T20:35:00,2025-04-29T20:35:00,,2025-04-29T20:32:00
ce836210-d166-482a-83cd-bb270638deb0,43f9c853-2c6a-4371-a245-ad9435e54eef,a12f0067-a0a7-4294-ae23-d9759cd6beb6,EXPIRED,2025-04-29T20:33:00,,,,2025-04-29T20:33:00
c09a0dec-ba0c-4a3a-ae04-446e35ea0249,43f9c853-2c6a-4371-a245-ad9435e54eef,cfca1fba-b8fd-43a2-8e84-7c868fae649d,COMPLETED,2025-04-29T20:37:00,2025-04-29T20:52:00,2025-04-29T20:52:00,2025-04-29T21:37:00,2025-04-29T20:37:00
b453e66f-d5cb-4dfb-b8f4-1399a006efb5,3fbd6bbc-1c43-4e1b-80eb-bc1137b2768e,05088ba7-5428-4853-8cc9-e76f460fddd4,COMPLETED,2025-04-29T20:37:00,2025-04-29T20:51:00,2025-04-29T20:51:00,2025-04-29T22:37:00,2025-04-29T20:37:00
1f0f3640-4d0f-4739-96ac-ca7e18767567,3fbd6bbc-1c43-4e1b-80eb-bc1137b2768e,aa432f38-de85-46c8-ad80-6b3373671c95,COMPLETED,2025-04-29T20:38:00,2025-04-29T20:46:00,2025-04-29T20:46:00,2025-04-29T23:38:00,2025-04-29T20:38:00
96c51aa7-97c7-4c3a-a931-0ceedf8a17a3,3fbd6bbc-1c43-4e1b-80eb-bc1137b2768e,fda5fef4-939c-4a0d-864d-c6a11b14bd2a,ACCEPTED,2025-04-29T20:39:00,2025-04-29T20:49:00,2025-04-29T20:49:00,,2025-04-29T20:39:00
5cb60826-453b-4a7a-8d64-f8ba2d2aa949,3fbd6bbc-1c43-4e1b-80eb-bc1137b2768e,b7e02dd5-bc57-4ce1-89ca-6341da919a60,COMPLETED,2025-04-29T20:40:00,2025-04-29T20:48:00,2025-04-29T20:48:00,2025-04-29T22:40:00,2025-04-29T20:40:00
039c1a1f-e9f2-4e82-9c2c-7c1c2b79dbb4,3fbd6bbc-1c43-4e1b-80eb-bc1137b2768e,4b4303f9-d680-4320-80ac-0fc7377998df,ACCEPTED,2025-04-29T20:47:00,2025-04-29T20:57:00,2025-04-29T20:57:00,,2025-04-29T20:47:00
547bbbc7-ee45-44c0-af9d-393305365215,287d0d2e-cb4e-43b7-809a-056aa5b0b06a,3e9272f3-ed0f-4e1e-9e75-ffeefc9ff8be,DECLINED,2025-04-30T00:03:00,2025-04-30T00:14:00,,,2025-04-30T00:03:00
ded9bcef-f2e5-4ffb-aeb4-e6a477f9e658,287d0d2e-cb4e-43b7-809a-056aa5b0b06a,82f273c1-a6d9-473e-b339-93f7a0379a64,EXPIRED,2025-04-30T00:04:00,,,,2025-04-30T00:04:00
7ea3d501-e813-4d6c-8b78-a554efc91fb1,a38b83a7-aa7a-4268-86fb-04a69f7e62bc,238bf442-7dd1-4625-97b1-0fd3299287dc,COMPLETED,2025-04-30T00:13:00,2025-04-30T00:19:00,2025-04-30T00:19:00,2025-04-30T02:13:00,2025-04-30T00:13:00
e0bae414-43d5-45f1-9203-c1558c910479,a38b83a7-aa7a-4268-86fb-04a69f7e62bc,877380d4-dd5d-4104-83fc-bdf86e194c54,ACCEPTED,2025-04-30T00:15:00,2025-04-30T00:30:00,2025-04-30T00:30:00,,2025-04-30T00:15:00
bf323103-7ea0-4a49-89a7-7af69b1d09b3,a38b83a7-aa7a-4268-86fb-04a69f7e62bc,8e7b58d3-fd28-4f41-ad6d-99b81fe9d484,ACCEPTED,2025-04-30T00:15:00,2025-04-30T00:19:00,2025-04-30T00:19:00,,2025-04-30T00:15:00
905a665a-24e6-436f-b573-745f67659891,a38b83a7-aa7a-4268-86fb-04a69f7e62bc,2fc6a399-7cab-4c0f-b2eb-9ae8bc2e8ef3,MISSED,2025-04-30T00:18:00,,,,2025-04-30T00:18:00
01e31cd0-da9e-40a5-9c07-2c9e9bdbe9b2,a38b83a7-aa7a-4268-86fb-04a69f7e62bc,2c4d68b2-c9d6-4244-9ac3-ce7b208c9147,COMPLETED,2025-04-30T00:18:00,2025-04-30T00:19:00,2025-04-30T00:19:00,2025-04-30T01:18:00,2025-04-30T00:18:00
a7c6d680-db71-484d-9bc4-72771a8ecd25,a38b83a7-aa7a-4268-86fb-04a69f7e62bc,cb3c9262-005e-4dcb-a8e5-a2c3920ffe15,EXPIRED,2025-04-30T00:22:00,,,,2025-04-30T00:22:00
9ab61842-bea0-4870-af86-f75464c1a9d5,d598e152-365f-4647-8eaa-eb2ecb59ec0d,4c569839-3efa-4170-b6a4-f0a4d13d4639,MISSED,2025-04-30T00:24:00,,,,2025-04-30T00:24:00
a21d3a9e-6838-4b3d-b25f-a7f6b60b41dd,d598e152-365f-4647-8eaa-eb2ecb59ec0d,c4ccc935-dd86-4d48-92ab-3e02bfbbdedd,NO_RESPONSE,2025-04-30T00:25:00,,,,2025-04-30T00:25:00
0233fb37-b2ea-43f2-8185-0ff30bc6cb44,d598e152-365f-4647-8eaa-eb2ecb59ec0d,d86275ba-b1a0-4e6e-a363-d11e975f6df6,COMPLETED,2025-04-30T00:27:00,2025-04-30T00:31:00,2025-04-30T00:31:00,2025-04-30T03:27:00,2025-04-30T00:27:00
54f79d05-b6bc-4614-8d75-1e6c1ace794a,737dcda0-0efd-4006-b542-8e52d795f4ac,909e8f9d-0127-4f44-9f4c-24a2e2b45782,NO_RESPONSE,2025-04-30T04:53:00,,,,2025-04-30T04:53:00
f4fefd50-d09a-43e0-8edc-0a2e49cba96b,737dcda0-0efd-4006-b542-8e52d795f4ac,caedcc90-6c34-4e03-8f0b-b86ff3cda6a7,ACCEPTED,2025-04-30T04:57:00,2025-04-30T05:12:00,2025-04-30T05:12:00,,2025-04-30T04:57:00
4a841b17-c90f-4573-984b-39002ad4eff1,1a4c46c1-373c-4921-bb44-c100570bd7cb,cde8f468-ab23-43e9-8462-c07f508baa7f,ACCEPTED,2025-04-30T12:46:00,2025-04-30T12:55:00,2025-04-30T12:55:00,,2025-04-30T12:46:00
e6b39f68-a3b2-4e85-b442-25f268f7fa26,1a4c46c1-373c-4921-bb44-c100570bd7cb,979b5d05-d629-42eb-925c-ca3d093ceaca,COMPLETED,2025-04-30T12:46:00,2025-04-30T12:57:00,2025-04-30T12:57:00,2025-04-30T15:46:00,2025-04-30T12:46:00
94a9b077-16be-4fe4-8cbb-acebb0500460,1a4c46c1-373c-4921-bb44-c100570bd7cb,42ea4e92-f7aa-4bae-ab07-f79963ba71a1,COMPLETED,2025-04-30T12:52:00,2025-04-30T12:54:00,2025-04-30T12:54:00,2025-04-30T15:52:00,2025-04-30T12:52:00
c78393b2-b573-4c07-a852-7ebf45d72412,1a4c46c1-373c-4921-bb44-c100570bd7cb,3eeabab8-191e-4745-993a-32c183d79d3c,COMPLETED,2025-04-30T12:53:00,2025-04-30T13:00:00,2025-04-30T13:00:00,2025-04-30T15:53:00,2025-04-30T12:53:00
867f3a3f-96ad-4af1-8c7d-b725734a2be7,eb89857f-a188-4007-be09-4b1791ff58c3,bf160ba0-ac86-4d11-b5e7-904beff9cc2d,ACCEPTED,2025-04-30T13:17:00,2025-04-30T13:26:00,2025-04-30T13:26:00,,2025-04-30T13:17:00
e71142fa-a877-4a2a-9b33-efc9350f4fea,eb89857f-a188-4007-be09-4b1791ff58c3,4a804056-cd59-4216-97bd-e4bb6eaee651,ACCEPTED,2025-04-30T13:20:00,2025-04-30T13:23:00,2025-04-30T13:23:00,,2025-04-30T13:20:00
811882c5-b75e-45d2-abc9-1c50e8f3d14d,0f3e5aef-cebd-4d05-887f-afb3c142f79b,c26464e8-28b6-4923-b2ea-5e7dbf4e5c58,ACCEPTED,2025-04-30T15:21:00,2025-04-30T15:34:00,2025-04-30T15:34:00,,2025-04-30T15:21:00
003b319d-be48-458d-a016-5ba38119d2ff,0f3e5aef-cebd-4d05-887f-afb3c142f79b,5d834b3d-0d58-4d16-bdc4-32869531ea10,ACCEPTED,2025-04-30T15:32:00,2025-04-30T15:39:00,2025-04-30T15:39:00,,2025-04-30T15:32:00
928d569c-2307-46a7-aebd-39f92c8495e4,d9bb18c7-e82c-4fab-ab77-0f412429a35b,d81e4f34-385a-4f91-a183-890ca677d88c,ACCEPTED,2025-04-30T16:59:00,2025-04-30T17:07:00,2025-04-30T17:07:00,,2025-04-30T16:59:00
a7cff03c-031a-47f0-b7b4-3b0b852212c5,d9bb18c7-e82c-4fab-ab77-0f412429a35b,a12f0067-a0a7-4294-ae23-d9759cd6beb6,ACCEPTED,2025-04-30T17:00:00,2025-04-30T17:09:00,2025-04-30T17:09:00,,2025-04-30T17:00:00
1bcdb1c3-8c83-4224-9124-5a2ab56dc5e1,d9bb18c7-e82c-4fab-ab77-0f412429a35b,6c5114ec-b8e2-4c74-8e20-93ded422c3b1,COMPLETED,2025-04-30T17:01:00,2025-04-30T17:05:00,2025-04-30T17:05:00,2025-04-30T19:01:00,2025-04-30T17:01:00
ba2cdfdf-f93d-4f96-9c67-bf6003b21792,d9bb18c7-e82c-4fab-ab77-0f412429a35b,d2112070-a709-4a6f-a1fe-b83a282d0da2,COMPLETED,2025-04-30T17:09:00,2025-04-30T17:11:00,2025-04-30T17:11:00,2025-04-30T19:09:00,2025-04-30T17:09:00
caae3df5-76a2-4049-8126-6e73760b51dc,d9bb18c7-e82c-4fab-ab77-0f412429a35b,4ac85ad1-81f9-4db3-a7c9-2bd4d3df0e31,ACCEPTED,2025-04-30T17:09:00,2025-04-30T17:14:00,2025-04-30T17:14:00,,2025-04-30T17:09:00
7d2d5abb-29fb-4087-a29a-20ce9a8f8b8d,d9bb18c7-e82c-4fab-ab77-0f412429a35b,5578cdc0-e19a-4fb1-909f-349d3abc4652,COMPLETED,2025-04-30T17:11:00,2025-04-30T17:15:00,2025-04-30T17:15:00,2025-04-30T19:11:00,2025-04-30T17:11:00
d6cb7ead-e54f-473d-b982-65f30fc2af62,5e406bf8-6732-46d8-a973-68f1b71fbc32,64037712-470c-40c3-b34b-66128b93e18d,MISSED,2025-04-30T18:09:00,,,,2025-04-30T18:09:00
8e6f027d-da05-4c75-a000-a87157751a8b,5e406bf8-6732-46d8-a973-68f1b71fbc32,f7c3f29d-48af-49aa-bce7-bec02869395a,MISSED,2025-04-30T18:10:00,,,,2025-04-30T18:10:00
d12bc1af-9497-4868-8fd6-de3ad937ea06,5e406bf8-6732-46d8-a973-68f1b71fbc32,866f151d-9b2b-4c13-9341-f46f866efb61,ACCEPTED,2025-04-30T18:10:00,2025-04-30T18:13:00,2025-04-30T18:13:00,,2025-04-30T18:10:00
bc23064f-c6b8-4760-a3f8-b04aaa1e82ed,5e406bf8-6732-46d8-a973-68f1b71fbc32,97dbbf0c-d2b5-452c-b22a-e11e30701e99,COMPLETED,2025-04-30T18:16:00,2025-04-30T18:27:00,2025-04-30T18:27:00,2025-04-30T21:16:00,2025-04-30T18:16:00
e29e6e94-614c-436f-8f2d-651b4a57dd8d,5e406bf8-6732-46d8-a973-68f1b71fbc32,75455c5a-fc28-4e12-ab1d-c5bf91975e07,ACCEPTED,2025-04-30T18:19:00,2025-04-30T18:22:00,2025-04-30T18:22:00,,2025-04-30T18:19:00
7f44bf2d-b791-4cf3-a4c3-d55d144f956a,5e406bf8-6732-46d8-a973-68f1b71fbc32,0b47310a-57de-411d-a3af-67fcc8e4038f,ACCEPTED,2025-04-30T18:19:00,2025-04-30T18:26:00,2025-04-30T18:26:00,,2025-04-30T18:19:00
9ec86ca4-3a1b-4382-b964-b42c7f1fe580,24461b8f-1267-48ea-960c-717b93eaec6f,c436515f-d954-43ab-83ea-71d7b85b1ab2,NO_RESPONSE,2025-04-30T19:41:00,,,,2025-04-30T19:41:00
4fcaa75a-b4ff-4f10-96f9-e9018cc51a9c,24461b8f-1267-48ea-960c-717b93eaec6f,c26464e8-28b6-4923-b2ea-5e7dbf4e5c58,COMPLETED,2025-04-30T19:46:00,2025-04-30T19:53:00,2025-04-30T19:53:00,2025-04-30T20:46:00,2025-04-30T19:46:00
565616d8-b849-4bda-b81b-6d5f26e0ab3a,24461b8f-1267-48ea-960c-717b93eaec6f,a88bf6b5-168a-42ee-bea7-b40defa21e24,COMPLETED,2025-04-30T19:49:00,2025-04-30T20:02:00,2025-04-30T20:02:00,2025-04-30T21:49:00,2025-04-30T19:49:00
626ae7c9-11bc-401b-838e-038380763358,e218d4f6-20ec-444e-ae9e-d49a47aa1c59,28be837f-36ab-4fc3-b1d9-db1a3b881b02,ACCEPTED,2025-04-30T22:31:00,2025-04-30T22:37:00,2025-04-30T22:37:00,,2025-04-30T22:31:00
c3674547-224e-4da8-804e-89e2370eb9c7,e218d4f6-20ec-444e-ae9e-d49a47aa1c59,003d6f49-5fb1-4dd6-a54d-b1bc078eb57e,NO_RESPONSE,2025-04-30T22:32:00,,,,2025-04-30T22:32:00
c129c145-847b-42d4-ae3d-22bbd6f00bde,e218d4f6-20ec-444e-ae9e-d49a47aa1c59,d6b5ae43-d86a-4b5f-abd6-b4e06091ee44,COMPLETED,2025-04-30T22:36:00,2025-04-30T22:44:00,2025-04-30T22:44:00,2025-04-30T23:36:00,2025-04-30T22:36:00
63aa6851-e8e2-4ea6-bb68-e506cc7fb97c,e218d4f6-20ec-444e-ae9e-d49a47aa1c59,1f112d30-78c2-428c-a403-aea38638cdce,DECLINED,2025-04-30T22:36:00,2025-04-30T22:39:00,,,2025-04-30T22:36:00
89e07a7f-f4bc-48ce-845d-b12ef0201670,e218d4f6-20ec-444e-ae9e-d49a47aa1c59,e116edc5-9b26-4e7c-88d9-765a7676524f,EXPIRED,2025-04-30T22:39:00,,,,2025-04-30T22:39:00
7517ea95-5cf5-4b6d-b895-7e7155335112,e218d4f6-20ec-444e-ae9e-d49a47aa1c59,ba816062-c1ac-43da-97de-4c1216324bb5,COMPLETED,2025-04-30T22:44:00,2025-04-30T22:57:00,2025-04-30T22:57:00,2025-05-01T00:44:00,2025-04-30T22:44:00
25d7791d-3635-462b-bf50-9e7369bb3673,64a5648d-e06a-41ee-9a80-cbc8943079ed,5363b68d-8ce8-4929-9246-6d22798f9caf,MISSED,2025-05-01T01:00:00,,,,2025-05-01T01:00:00
617f89f9-874e-4535-978d-355129e106bc,64a5648d-e06a-41ee-9a80-cbc8943079ed,f3cd1be3-bc16-4a73-961d-f832dfb5f084,MISSED,2025-05-01T01:06:00,,,,2025-05-01T01:06:00
5e85bdce-c864-40c0-b1f3-b171b5e515a5,64a5648d-e06a-41ee-9a80-cbc8943079ed,4b933cd5-19a8-4e2e-8322-78978d1bb4b2,ACCEPTED,2025-05-01T01:09:00,2025-05-01T01:15:00,2025-05-01T01:15:00,,2025-05-01T01:09:00
0bcb3aa0-73f4-4ae2-9ee9-297691848da4,64a5648d-e06a-41ee-9a80-cbc8943079ed,1711dff0-5b73-4336-ae3e-5003955b231a,ACCEPTED,2025-05-01T01:10:00,2025-05-01T01:22:00,2025-05-01T01:22:00,,2025-05-01T01:10:00
