id,hospital_id,blood_type,resource_type,requested_quantity,urgency_level,status,created_at
b745fec5-a4e0-4cf8-9e0f-dc585ba922ef,1afaf789-590e-4da0-a1e0-60ae88957bc4,A+,PLASMA,4.0,MEDIUM,OPEN,2025-01-20T17:24:00
68dba2e0-7288-48c3-a998-2c347c08df74,09e6e22d-50b4-47e8-ae85-b088de1a2e57,O+,BLOOD,4.0,HIGH,OPEN,2025-02-02T10:16:00
6348bf39-02a2-472f-b394-e8755c78e7d4,e60e50ad-d23a-4235-b916-c79c3d0e59bc,A+,PLATELETS,1.0,HIGH,OPEN,2025-03-16T10:00:00
165f7423-7e4a-45b7-8314-658aa236ccb5,6947476e-61de-4863-8a9d-72727255ee41,A+,BLOOD,4.0,CRITICAL,OPEN,2025-04-02T21:43:00
8dcc8776-b90e-45b3-aa6d-efaf5d350606,f9411b9c-4476-456b-adc1-a66f3ef4b94c,O+,BLOOD,6.0,HIGH,OPEN,2025-04-25T10:12:00
44953ec7-156d-449f-97c3-f7bd9109c4c4,b7c13b62-849c-4db7-9f78-a57688b942d8,A+,BLOOD,2.0,MEDIUM,OPEN,2025-03-15T14:04:00
a2080132-bbc3-40a5-b5b6-a0488f39a233,8db1c00f-9545-4d3c-aea4-264c461c8fc6,B+,BLOOD,6.0,CRITICAL,OPEN,2025-02-26T08:39:00
06a95900-215b-4076-8aea-6c99413a1135,5bf3693a-0593-4a46-bf30-57433f44741a,A+,BLOOD,2.0,HIGH,OPEN,2025-04-24T05:54:00
643d9446-6aa8-42ed-8b82-df1884fdcebc,58cce37b-be24-4086-99ec-67c1bb287c26,O+,PLATELETS,1.0,HIGH,OPEN,2025-02-21T06:32:00
de7f1bd4-e8ef-477a-ac10-5b19d76c2016,539f4629-b035-4971-83d5-1f7cb1b61ef4,O+,BLOOD,2.0,CRITICAL,OPEN,2025-04-24T19:26:00
283a4b03-a7cf-4677-8a4f-c1ffcc3ff002,edab3f4c-9641-40ac-a32a-d982904262e6,A+,PLASMA,2.0,MEDIUM,OPEN,2025-03-10T16:44:00
56462c8a-e513-46d0-9ebf-1afc9da4ad78,6ea2cdda-54ab-4549-9451-20027e0062f4,O+,BLOOD,2.0,MEDIUM,OPEN,2025-04-05T14:08:00
661e79c6-dcf8-4b24-a661-d579aa9de715,ae377c8a-f8b3-42a1-a247-25f4531e27f9,O+,BLOOD,2.0,CRITICAL,OPEN,2025-03-13T18:42:00
d4dbe096-c246-4e4e-9e4e-e5296fe0d66d,53969120-0129-4c29-8914-5380104e2242,B+,PLATELETS,3.0,MEDIUM,OPEN,2025-04-26T14:47:00
82d3804f-6a50-4978-9d80-90b39af9c40f,0a1bc60d-4880-4dca-bed7-73432d69409e,O+,BLOOD,2.0,HIGH,OPEN,2025-04-16T01:36:00
06f62e2e-3e49-4d7c-be18-a68c94ba82b3,cd66f53f-80ca-4ece-8ef4-5f84f9fec34f,O-,BLOOD,2.0,MEDIUM,OPEN,2025-03-11T07:35:00
43c2880d-9b09-41c3-99df-686b308c9429,180bd4c1-dc32-4f3f-80a3-d23bc35578df,A+,BLOOD,1.0,MEDIUM,OPEN,2025-02-21T20:18:00
c441cb30-0632-4415-a039-e4a7123b6cad,a44423b2-8107-4af2-8d21-b766e8083d79,A+,PLATELETS,2.0,MEDIUM,OPEN,2025-03-15T08:50:00
81cabe4d-1c7e-4b79-ad7f-a469aa2f6d1a,9b3587bc-1d81-4dbd-a948-149faa8838ab,O+,PLASMA,4.0,MEDIUM,OPEN,2025-04-14T12:41:00
d07b3272-fb62-41ea-a1a7-329689f948e6,d1132eb3-4692-4e58-994d-9ae0e9943375,O+,BLOOD,2.0,LOW,OPEN,2025-03-21T08:28:00
b49ff9ea-aa8a-4301-b123-8fbe80f390ef,535bdbc3-a6f5-4fac-88d0-5b251d3115ca,A+,PLATELETS,3.0,MEDIUM,OPEN,2025-04-26T07:13:00
35fc3cd3-d999-4e9d-b091-57a100947e12,e5cb2557-4f11-4e13-88e1-58abce7485da,A+,BLOOD,4.0,HIGH,OPEN,2025-03-22T18:50:00
a76c50d7-c356-4cfb-b4ab-f1ddc05f44a0,86022bf6-847c-4af2-b687-985e726e87ce,AB+,PLATELETS,6.0,LOW,OPEN,2025-01-29T23:42:00
f4ccd7bf-6afc-4216-9c8d-c792faebf035,c9b8e008-c87e-4741-b781-d4f5f64acc84,B+,BLOOD,1.0,CRITICAL,OPEN,2025-02-18T10:32:00
cff20654-eee6-4fa6-8575-42557c17b6ba,86ea39d9-7438-4f8e-9030-c11764a05334,A+,PLASMA,6.0,HIGH,OPEN,2025-04-19T00:39:00
8be48e12-b424-4e8c-a2cc-b55f56552d0c,1191810f-17db-4d37-b612-4ed7dd3642ab,O+,BLOOD,2.0,CRITICAL,OPEN,2025-01-16T22:52:00
75765dc6-1af9-4f31-be1b-1952fdaa61c8,42adefd6-d678-42a9-a598-0967e3902392,B+,BLOOD,2.0,HIGH,OPEN,2025-04-25T19:19:00
7aadeefe-b117-4788-beec-a4ffcd6672ad,a779c7db-490a-445d-87b4-7b3a869f1716,O+,BLOOD,2.0,MEDIUM,OPEN,2025-02-03T23:09:00
15ff4edd-a1fa-4f4b-adca-cfa9205a66bc,c3606a9a-344d-4b68-955a-13e1e9b8a12b,O+,PLATELETS,1.0,MEDIUM,OPEN,2025-01-08T21:15:00
dc9bca1d-519d-474f-931c-2be8b18b24c1,cf06cc47-b3ba-4f07-8c80-7b39e228722b,B+,BLOOD,3.0,MEDIUM,OPEN,2025-04-15T07:54:00
b1c0daa1-0a02-45b3-b9bd-c685b02ec6f1,847a7ea7-5bc7-4e22-b844-a163e6029e99,O+,BLOOD,1.0,LOW,OPEN,2025-03-19T17:26:00
7c01179d-c410-4337-9f49-e80047137f68,173ac2b0-1ef1-4e85-aa09-1a826ee431ea,O+,BLOOD,6.0,MEDIUM,OPEN,2025-04-09T05:12:00
43f9c853-2c6a-4371-a245-ad9435e54eef,d3bf320a-5f6a-4a4b-9894-fcdede1efc9a,A+,BLOOD,6.0,CRITICAL,OPEN,2025-04-29T20:24:00
c10f1775-08d4-4482-8b13-8f67d04f569d,c8c3a264-ff40-4c03-b620-565d8ec6048a,O-,BLOOD,3.0,MEDIUM,OPEN,2025-03-10T04:15:00
07dc6ed1-d010-422a-86a0-cea71c5a8414,4493bc1c-cb0f-4183-8f39-07cd2bcef365,O+,PLASMA,2.0,LOW,OPEN,2025-04-22T23:44:00
845e8c0d-ddcc-4b09-b2b3-e7deca2b9340,b2a8bf03-1af4-487b-9147-b56a6d0f9f9d,O+,BLOOD,1.0,MEDIUM,OPEN,2025-01-19T04:49:00
659e6eec-3dde-49de-a05b-73eea379dbaa,dbbbc831-5376-47ce-b9bf-3448a719935f,O+,PLATELETS,3.0,MEDIUM,OPEN,2025-02-07T08:11:00
c7a0beb5-54af-47c0-8964-d41befa2c2a8,512aadc9-2ec5-4b4d-9d56-901c13366d11,A+,BLOOD,6.0,LOW,OPEN,2025-03-30T09:29:00
a62a2449-5b6c-4d3a-bfe0-2c018310ce0c,c18b813a-7573-4da0-a222-f3caddb87d5d,O-,BLOOD,1.0,CRITICAL,OPEN,2025-04-06T03:15:00
0d3218e7-e365-4ef6-8839-54b0edf76e97,027c36c9-6c87-4adf-a0f7-ce953336bcc8,A+,BLOOD,1.0,CRITICAL,OPEN,2025-03-19T21:08:00
24347c1d-8cd8-4f50-8731-5587f204b89b,ad423548-e1ea-4b05-83ba-58f1549cef9e,O+,PLATELETS,3.0,MEDIUM,OPEN,2025-04-24T22:33:00
9b175a16-b193-4970-afb7-5acce3887c87,9b3597b6-d4c5-494b-8ea9-6f1beabee6d3,B+,BLOOD,4.0,HIGH,OPEN,2025-04-12T14:20:00
6dcaf184-c874-4477-98f2-d116b98c935d,79874bac-50ba-477d-9b70-48aef93f34b3,B+,PLASMA,3.0,CRITICAL,OPEN,2025-04-15T13:52:00
74f236a3-2fff-4ce5-888a-be7ec6d1d40a,2a77e80a-b395-42f1-9bbb-ad9b55cb2191,B+,PLASMA,6.0,MEDIUM,OPEN,2025-03-28T03:27:00
db37b910-ab75-4bf8-b40c-fd47a25d09c9,7d5930a7-36c1-4b3e-81bb-fc041a02697f,O+,BLOOD,4.0,MEDIUM,OPEN,2025-03-18T02:57:00
2f65dc92-9866-4eef-b01b-34e0c0c2501e,bf2ca33b-35b7-48d1-bb79-c41ca7a0d3dc,A+,BLOOD,2.0,MEDIUM,OPEN,2025-03-23T00:28:00
32843fc4-cb6c-4266-9a26-820fe1af18a4,4a087388-9d66-4ab0-a23b-f70cae582052,B+,BLOOD,2.0,MEDIUM,OPEN,2025-02-12T04:53:00
18e6d83e-beee-46f3-8e2b-7591f79f6127,c32dd0a2-4e0c-4e74-b61a-e746a2e99c11,A+,PLATELETS,6.0,HIGH,OPEN,2025-02-17T07:49:00
e8bf2962-31f1-47f7-9fc9-54e51bccaba9,aa89dcfe-f82a-431f-8a40-877d45f88431,A+,BLOOD,4.0,HIGH,OPEN,2025-03-24T16:40:00
a99bdf17-ca9d-4ec2-b297-e7c43ac2f7f1,0d9e23f9-df77-4455-bfe9-c501426d32e4,O+,BLOOD,2.0,MEDIUM,OPEN,2025-02-16T20:28:00
7ae40a5b-f399-4f31-9b84-ea9dec7cee69,b9963367-335d-412d-888d-4c7181c6e0de,O+,BLOOD,1.0,CRITICAL,OPEN,2025-02-18T18:15:00
3de912d6-18f6-4846-85da-99626970b40b,474bdf33-c695-4b35-96f6-8a190c58ba97,A-,BLOOD,2.0,LOW,OPEN,2025-02-27T07:20:00
db3a66c7-432d-4410-b19b-e9aa80f3d859,f8670773-5eb9-4edc-ac6d-ac9e6e1b72a4,O+,BLOOD,4.0,CRITICAL,OPEN,2025-01-14T18:08:00
9418c574-0398-4435-afaf-dd4676ed65c0,fbd54f72-ddb8-4966-a28c-63b160292baf,O+,PLATELETS,2.0,MEDIUM,OPEN,2025-02-09T11:24:00
f8bbe59b-30b3-4e9f-9eb5-c896a441ffae,38556fcc-ab3d-4428-a3b8-2cb491a29ff0,B-,BLOOD,6.0,HIGH,OPEN,2025-01-27T01:45:00
020562b5-127e-43cb-bf81-2ef8d8281f78,11625f63-230a-4289-a0d7-3d3e5b428d07,O+,BLOOD,2.0,MEDIUM,OPEN,2025-01-11T23:26:00
322729a8-4f58-4ae7-b8e8-833812795ef6,d144b055-de16-4567-b49e-89e1fa0b8d18,O+,PLASMA,3.0,CRITICAL,OPEN,2025-02-26T11:34:00
0ace9270-499a-440b-8d1e-68067a9d29f6,6f69cc6c-bae8-4170-b1bc-47aa5890a821,AB+,BLOOD,3.0,CRITICAL,OPEN,2025-03-12T23:03:00
84126bf8-f8d2-441a-887c-f4560b118dda,bd13acdc-2d30-4e55-b608-c0c8224a934c,O+,BLOOD,2.0,MEDIUM,OPEN,2025-03-13T16:24:00
9256614e-ef70-4c77-8e57-45b829c3140a,3672d248-45ce-463c-8974-b0bbd1f4058a,A+,BLOOD,4.0,MEDIUM,OPEN,2025-04-29T16:01:00
2efcd69b-65c6-491e-9690-951b9062c9b8,796c6cef-b000-44df-a223-43983971f6ec,A+,PLATELETS,4.0,MEDIUM,OPEN,2025-03-06T22:30:00
de09c1a5-d877-49f1-8f59-ab0f28c32537,a83f059a-58a7-4b64-aa04-dfdc1785c167,O+,BLOOD,1.0,MEDIUM,OPEN,2025-03-02T00:19:00
351496cd-c932-4c67-9a64-7f9c634e21e5,87198d12-8bd4-44a6-b3be-8889f9967f20,O+,BLOOD,3.0,HIGH,OPEN,2025-03-13T12:34:00
15d33d7e-3061-4967-b3e3-fb6e629352e8,270c9256-3745-44b6-a532-f6b51e3ce7f2,B+,BLOOD,6.0,CRITICAL,OPEN,2025-04-04T04:51:00
e82f31cf-c3b5-431a-9175-ce8ebb6359d1,ccb4cbe9-e183-4367-8239-5c1c1816bdf3,O+,BLOOD,4.0,CRITICAL,OPEN,2025-02-07T15:31:00
1d6033d7-cfc0-436b-ab2f-7a72d8db4386,0ce2ef3f-dc72-42a1-b4f2-3ba506759c10,O+,BLOOD,2.0,CRITICAL,OPEN,2025-02-16T13:27:00
5e01f0bd-b130-46ec-b5d7-755d19c5eb18,beeb9d93-dc6b-42d9-9799-ecb2e5d8e36b,O+,BLOOD,3.0,LOW,OPEN,2025-01-05T22:24:00
9c62728c-ac74-4702-8e29-67a1d3d8974e,0bf2ee4c-d9e2-49cd-afb0-ece47780e324,B+,BLOOD,2.0,LOW,OPEN,2025-04-25T03:43:00
637fac96-1be3-4112-a345-55a2af85028e,8e20ac12-5032-4eab-905b-ae7d5a84b655,A+,BLOOD,3.0,MEDIUM,OPEN,2025-01-29T04:53:00
e686bf9f-04c9-4e02-bf68-4d34c7892d24,518f77a8-cdae-481b-aa24-2fbe0efbe540,O+,BLOOD,3.0,MEDIUM,OPEN,2025-01-22T18:39:00
45bfbbaa-2847-4d9d-adfb-3550b8216271,66baba1d-f292-482c-abe7-dcb2cda0f4c1,O+,PLASMA,4.0,LOW,OPEN,2025-01-05T14:58:00
6f9ee44a-fcc5-46f4-9cf8-26a040dc6ae2,446fe29c-b48b-47e6-8b77-1522c0f891bf,A+,BLOOD,3.0,MEDIUM,OPEN,2025-04-12T00:36:00
0a0d6141-9b3c-49cd-b34d-1c85a301b0bc,462e555c-747d-4a08-93f9-b63730867cc0,O-,BLOOD,6.0,CRITICAL,OPEN,2025-01-05T15:05:00
4edea2aa-bb22-42d9-82c1-c25ddd3e8be4,af7ba682-5e40-49aa-b26f-76dcf863ed96,O+,PLATELETS,6.0,HIGH,OPEN,2025-03-15T03:08:00
13cb3803-04de-4b32-a14f-463370e7c9c5,7a7fa3c1-56c8-40bb-a974-5ebcf6a21cd9,AB+,BLOOD,3.0,HIGH,OPEN,2025-02-01T00:03:00
58f813f2-2e70-41f8-95c5-813e9a1ce849,b08363e4-092a-4532-977a-a75d65cb5380,O+,BLOOD,2.0,CRITICAL,OPEN,2025-03-06T16:20:00
4154b85d-3756-4b82-b935-f3f3d2cabba3,5bf26248-cb9c-4848-98b1-6551e1abcead,O+,BLOOD,2.0,HIGH,OPEN,2025-03-19T14:20:00
1fc27add-58c2-449d-b4de-260f1a1b444a,7fd7ce2b-b55a-4ee7-a01a-17eaa217a45c,O+,PLASMA,2.0,HIGH,OPEN,2025-03-06T16:17:00
c253b443-8256-41ff-be73-d03325bd4ec4,18fd8f1c-20fc-42dd-901a-3534cafd8eb6,A+,PLASMA,3.0,LOW,OPEN,2025-02-13T01:53:00
3b6446a5-cf92-4ef2-934f-2104632fe960,4af55884-f189-43a0-b23e-a7acf2b49d84,O+,BLOOD,1.0,MEDIUM,OPEN,2025-03-22T06:01:00
09e1bf4b-3457-4038-bb92-b71dcbff7cf5,069e8fd5-e0d3-4c26-8aac-74f32c2fa530,B+,PLASMA,6.0,MEDIUM,OPEN,2025-04-03T01:03:00
699d1660-543f-455a-9308-49b224aeb5c4,f2c7ccca-9941-4b3c-bba3-5e91cb4c895a,O+,PLASMA,2.0,MEDIUM,OPEN,2025-02-08T06:41:00
576d14a4-96f6-41b1-93b7-79398972d420,c2e01102-8c68-4932-98fa-64a9ca924b69,A+,BLOOD,1.0,CRITICAL,OPEN,2025-04-22T05:02:00
8381d3ca-fe3c-4cbb-9cb1-b39c0cbf204d,938f9236-a592-4340-bc3c-5db14bcd2cc9,A+,PLATELETS,1.0,CRITICAL,OPEN,2025-02-12T04:12:00
b3db2bff-ada5-42c3-bb56-2919841b05db,26317a86-1c1a-4473-825c-12eb9dc54463,O+,BLOOD,1.0,CRITICAL,OPEN,2025-04-17T00:09:00
21e108b0-d130-4984-b32e-f4fc8f5e53bc,8660db7d-fce8-4114-8dd9-cca947b8fb38,O+,PLATELETS,2.0,CRITICAL,OPEN,2025-01-22T13:30:00
73dfd414-49b3-45b3-b151-9d7e4407f263,3df49b6f-5f64-4d23-8461-b69c2284b835,A+,PLATELETS,6.0,CRITICAL,OPEN,2025-01-20T12:36:00
ab9f00ef-6d3d-4370-ab42-4ae7244ce3b0,f348ab7e-7cc4-4c0d-bb35-8c5a4a7dc7cc,B+,BLOOD,2.0,LOW,OPEN,2025-03-21T08:44:00
acf46f74-1320-4f09-998e-6a4fb8b1878e,9dd611a6-2a1e-4abd-9242-4473c9c9c5e7,A+,BLOOD,2.0,HIGH,OPEN,2025-03-04T22:10:00
6c067fa7-2991-4aa2-b15c-d13f158c8f35,125ddede-8d6b-4650-982d-03684ce2a4cd,B+,BLOOD,4.0,HIGH,OPEN,2025-04-14T15:47:00
1a78cfbd-1cda-4e52-8e48-140e2d474a12,c7a2fecb-c8ee-4d84-b8bc-d3a59f18199e,O+,PLATELETS,6.0,HIGH,OPEN,2025-01-20T13:49:00
24d4cd7f-338d-4c96-98db-657b3788a605,4a89e1d7-845c-4358-9959-cfdaea2479eb,O+,BLOOD,2.0,HIGH,OPEN,2025-02-23T02:06:00
896901f1-c800-404d-9ed9-a16f3179019e,2821c4ae-cb8d-4527-bfe9-b89aaba08899,A+,BLOOD,4.0,CRITICAL,OPEN,2025-01-05T09:59:00
eda7c589-7647-4a81-a6e4-4d551b69ca02,75603918-32c3-43cd-9da2-5b1ca20efed1,B+,PLASMA,2.0,MEDIUM,OPEN,2025-04-09T06:43:00
ece7c787-5e14-43ad-a6f4-121d4cda86b8,0a2a918f-06de-4627-bc8d-71bb31492fea,A+,PLASMA,3.0,HIGH,OPEN,2025-03-09T16:45:00
27a0f504-0dee-47ce-bab5-9b64c40ba1c6,1b9559d3-da9b-4001-bf42-66475930c74d,B+,BLOOD,2.0,MEDIUM,OPEN,2025-01-13T23:37:00
f790aba5-0ba2-4934-99cb-1d265826a43f,327f1910-ab59-4070-b653-ba033ee53ae2,O+,BLOOD,6.0,LOW,OPEN,2025-04-18T01:15:00
287d0d2e-cb4e-43b7-809a-056aa5b0b06a,b6bc3dca-210a-4ede-9db5-2a65a57324f8,O+,PLASMA,1.0,MEDIUM,OPEN,2025-04-29T23:49:00
27f34b62-3bb5-4267-a571-f2339c9316ae,e51e70a3-7eb8-40b1-bc90-2ca19801f88e,A+,PLATELETS,2.0,HIGH,OPEN,2025-04-27T18:38:00
847b2f86-4442-4897-bf79-29903fc5b5f6,08badeb4-7fce-4d60-a0cb-cfb4b73a3eaf,O+,PLATELETS,1.0,HIGH,OPEN,2025-04-07T14:50:00
bd6bd645-ab06-4e86-837b-03c064480b13,aff1b5dc-18f1-4e64-8e81-b24f897c4ac8,B+,PLATELETS,1.0,CRITICAL,OPEN,2025-03-01T06:34:00
0ca54a53-652e-4b70-9965-9dacdc0c8263,7cf18d12-d7ef-4a9f-8ff5-911d578b22f3,A+,BLOOD,3.0,HIGH,OPEN,2025-04-23T21:23:00
0b3d61dd-df7e-48ce-a9ef-53d9450a8cb4,f95f4820-f905-424e-a230-ee789f452cf1,O+,PLASMA,1.0,MEDIUM,OPEN,2025-03-28T08:41:00
2bf9da53-b525-4579-9a5d-ee99383d9f9d,505c5db4-ce03-4405-9020-f22da35b09ea,O+,PLATELETS,2.0,HIGH,OPEN,2025-01-03T03:54:00
0b9a8b8b-9334-4b3d-b1e2-323bae30d27b,6eebd6b8-e7e2-4645-a2ac-54613e5b56a6,A+,BLOOD,3.0,CRITICAL,OPEN,2025-03-25T15:06:00
25c31e1b-8355-404a-83c9-78ca8b128d13,ea17e912-1e67-4059-b853-b787cb0e62b9,O+,PLATELETS,3.0,LOW,OPEN,2025-03-03T19:40:00
2c09f623-7de7-410d-802c-f2fd1d61d3e7,350b2821-1000-4d36-a255-ef3d074cb41d,B+,PLATELETS,3.0,MEDIUM,OPEN,2025-01-27T02:27:00
0f19634e-db32-47f3-bb12-97c73be5e73a,5b83297c-c8bc-4669-a36b-993b324cd0b4,A+,BLOOD,2.0,HIGH,OPEN,2025-03-31T01:41:00
489b7a57-98cd-4573-ae6b-b142748d86c2,dea268e0-3cd0-4957-b475-735d30b7ad10,A+,BLOOD,2.0,MEDIUM,OPEN,2025-04-16T02:51:00
8390e9aa-0e1a-4197-bf22-32825eb25a9b,03edd8ba-e060-463d-b69a-ff679dcc07ca,O+,BLOOD,4.0,MEDIUM,OPEN,2025-03-24T12:29:00
d84fdded-d747-43ce-9938-ca60a5af2f73,74375c4a-a193-4f55-a0eb-68003fc36c72,A+,PLATELETS,3.0,HIGH,OPEN,2025-04-12T02:17:00
ac25ef29-2c35-4465-86ba-440668055688,21f0808a-bb3b-4aa9-8b59-767e33130b6b,A+,PLASMA,2.0,HIGH,OPEN,2025-02-11T21:53:00
4b6ba040-2c6d-4263-bb42-ade0199835e6,19119306-6105-4a8f-8b4c-f1150794fb48,O-,BLOOD,1.0,MEDIUM,OPEN,2025-02-17T14:56:00
6f0efaa6-3a10-47f8-b197-4e11d778b63d,26c9c746-f794-4494-b1de-5217a5fb9b0e,O+,PLATELETS,3.0,MEDIUM,OPEN,2025-02-11T14:48:00
8e8a67c4-16b1-4ee0-99c1-d2208d2801fb,a4e86593-eb8e-47a1-9dc2-8e1d951ac9a2,O+,BLOOD,3.0,HIGH,OPEN,2025-04-08T06:39:00
537ccf62-bf0d-447b-9190-3b3b7caff389,6d43a450-5393-4ffd-9838-1079217d8901,A+,BLOOD,6.0,MEDIUM,OPEN,2025-03-06T16:21:00
e3a69f75-9f2d-43e7-a9b4-43bf8ac5f6c3,37fe1bfa-ec87-4276-9a0f-50ffa2745d31,A+,PLASMA,1.0,HIGH,OPEN,2025-03-26T08:54:00
0ec91455-1178-48df-b2be-5f2876c07033,ff6de088-cb12-428e-ae21-8e9192072916,O-,PLATELETS,2.0,HIGH,OPEN,2025-02-01T00:31:00
1a5545f6-abf2-4ebe-9842-152b11ca2c94,ec5810c8-f31d-4e49-83ed-51d96cc2dbb1,O+,BLOOD,2.0,HIGH,OPEN,2025-03-02T13:51:00
c9a77834-c436-4278-8d50-43a5354f443c,fa883aa4-5e09-44a9-812c-db080aa60603,A+,BLOOD,2.0,HIGH,OPEN,2025-02-28T02:17:00
d9bb18c7-e82c-4fab-ab77-0f412429a35b,76f49be6-9c09-4184-bdd0-3a8c9285c49c,O+,BLOOD,4.0,MEDIUM,OPEN,2025-04-30T16:56:00
5537b6e7-c806-48fa-911a-ae31afb271b3,168090fd-ac30-4e6c-9b8a-13c3fc4904e7,B+,BLOOD,2.0,LOW,OPEN,2025-04-05T20:00:00
6341951b-1b40-4f22-ac97-eccf0e828384,9ce61a26-ed39-47f6-8389-ac4e3a1807c6,A+,BLOOD,4.0,MEDIUM,OPEN,2025-02-02T14:05:00
0677097a-2692-4b31-9866-33480f3e2f77,a6c7e5cd-817e-444d-a333-8c28113cf362,O+,BLOOD,2.0,MEDIUM,OPEN,2025-03-11T08:31:00
1505c26a-d3e0-4f3e-818c-e18909679a62,233757fe-1e06-4339-a8ab-1a22b0057f16,O-,PLASMA,4.0,HIGH,OPEN,2025-02-11T00:44:00
7f3565a8-88ff-461e-aaf8-e0f84e26a891,13131a96-5e09-459a-afbe-85c179f0e786,O+,PLATELETS,3.0,LOW,OPEN,2025-04-21T05:45:00
c38beebc-4571-4e20-97ff-cac4ec4032ac,50651934-145f-40b2-aba8-461fb9675379,A+,BLOOD,3.0,CRITICAL,OPEN,2025-03-18T11:50:00
173d8dc9-927a-4429-af82-4bb3f3e9c682,cda16f68-039d-43f1-b78d-8830bde8863c,O+,BLOOD,1.0,HIGH,OPEN,2025-01-16T21:18:00
f41c474a-0a68-4fdb-b90b-a6d66068234d,5e1fc1bc-03cc-4d6d-b6d5-2882fd7bbabd,A+,BLOOD,2.0,CRITICAL,OPEN,2025-03-11T00:44:00
7d831e39-7b46-411f-96d0-419a38844105,591b29db-16d7-4f05-a8b4-9e22bfebeda1,A+,BLOOD,2.0,MEDIUM,OPEN,2025-02-22T06:42:00
cd68741f-d730-4557-af96-3e73f484dc42,8e97a155-e738-4196-b891-734dcf5ff097,A+,BLOOD,4.0,LOW,OPEN,2025-03-04T23:30:00
58de0642-5629-4649-b79d-66f2de2fb2fe,eaa69673-4dcc-4f5d-8dd9-2031111a7caf,O+,PLATELETS,4.0,MEDIUM,OPEN,2025-04-01T14:22:00
53ae82b0-d9db-4ea9-8336-50951f4d8b1a,bf5a1b63-05e0-4eb3-b2a8-17eea3b72ded,O+,BLOOD,3.0,HIGH,OPEN,2025-04-04T22:21:00
e218d4f6-20ec-444e-ae9e-d49a47aa1c59,b0af46a7-87a5-4756-b4f8-351c863ed7cf,O+,BLOOD,2.0,MEDIUM,OPEN,2025-04-30T22:29:00
92fdaf1c-d367-42bd-8c79-60f52b743c2f,dced898a-219f-40b9-9e86-c13b98e05dde,O+,BLOOD,2.0,CRITICAL,OPEN,2025-02-22T07:16:00
84d91aab-7dd9-43cb-a8b3-441728230696,a983ddf9-84c0-4657-839a-71f9566ba50a,O+,BLOOD,2.0,MEDIUM,OPEN,2025-01-21T14:46:00
84a78eaf-17d9-4871-a6be-e61fc1c8db5b,aac8ccc2-819b-402f-9781-16f3370972f8,B+,BLOOD,2.0,MEDIUM,OPEN,2025-02-23T20:07:00
956917ff-a7c3-458f-9502-a3b3e2cc8b3d,4027b3dd-37be-442c-9b6e-70b3abae390d,O+,BLOOD,6.0,HIGH,OPEN,2025-04-02T10:48:00
8b15c865-012d-4cc1-896c-ebcc236055cc,cb9d0f60-2b52-45e2-95a7-00002477e0fb,A+,BLOOD,6.0,MEDIUM,OPEN,2025-02-01T14:12:00
21b1b222-6d26-4cf0-b4a9-bdd8dc0081ab,2c43d905-a0e6-44d1-b4d6-5a937e975539,O+,BLOOD,2.0,LOW,OPEN,2025-03-24T15:17:00
a065f3d5-20e7-454d-8a10-d76c8808fcce,88f80150-3de9-471e-a640-e4605cef5544,B+,PLASMA,6.0,CRITICAL,OPEN,2025-04-11T14:48:00
e4b2eb4e-12b9-4923-8f1c-2314e099e2a6,57e6ca05-f278-4ecb-b80c-6ba2842ef16d,AB+,BLOOD,4.0,HIGH,OPEN,2025-04-12T20:18:00
208e523f-357f-4b8b-9f61-b84e56e5349b,56511885-8006-4626-871d-29765324f916,O+,BLOOD,1.0,HIGH,OPEN,2025-02-03T03:18:00
e91603c1-d454-4bfa-b259-e4c81f0e733e,b535d6f3-a276-452c-b38d-bfa9cda4ceba,A+,PLATELETS,2.0,MEDIUM,OPEN,2025-03-03T14:11:00
93b3afe8-2246-45a4-ad88-9b5f152ada9c,e30870da-de0b-4556-b300-e84398c17cd9,O+,PLASMA,2.0,LOW,OPEN,2025-01-03T09:45:00
9fce1c95-650f-47dd-b5bf-e1ed778c3476,ed46eca2-487f-4aed-a620-44787149ebe1,A+,PLASMA,4.0,HIGH,OPEN,2025-01-22T14:17:00
71eacecd-5daa-4bb8-b8ee-1051b2fef2db,79928142-8a31-4cc6-9415-8e1169c879e5,A+,BLOOD,1.0,MEDIUM,OPEN,2025-01-10T07:35:00
a38b83a7-aa7a-4268-86fb-04a69f7e62bc,24291b18-de43-4478-851f-3d50c88063c9,B+,BLOOD,2.0,HIGH,OPEN,2025-04-30T00:08:00
0d9c9548-36a6-4935-9af5-fe0822488fed,561c4cc7-a93c-412c-a8bb-02be5e7f2e2b,O+,BLOOD,6.0,CRITICAL,OPEN,2025-03-25T18:06:00
6d993c2c-856a-4159-a7de-c6122e6ed121,b594c54b-7972-42bf-b309-5a3c3dcef4e7,O+,BLOOD,1.0,LOW,OPEN,2025-04-08T23:18:00
e2a24c33-0034-4486-bf45-2cb404974b50,7dcbac74-0f06-42b9-8d4a-04b9d3c7748b,B+,PLASMA,3.0,HIGH,OPEN,2025-03-23T16:28:00
02d81dbb-48e6-4fd6-86eb-c415f8e01193,e4b12350-ab10-4f5f-a016-fce26dbb86dd,O+,BLOOD,2.0,HIGH,OPEN,2025-02-01T11:03:00
784d1881-4b70-4aa7-ac0b-527b53ba0b01,9ceff47e-e4be-4a5e-9d17-69c61cc7c763,A+,PLATELETS,2.0,HIGH,OPEN,2025-03-23T12:07:00
004dac61-afb0-473b-8f22-4959cfdf0db8,6aa6836d-b135-442d-ac58-09e58f4bde36,AB+,BLOOD,1.0,MEDIUM,OPEN,2025-03-10T09:31:00
d11859a0-34ee-4083-ac9e-4f43788379e9,6778ba42-bba8-4ec8-8682-1acc283a5618,O+,BLOOD,1.0,CRITICAL,OPEN,2025-04-09T11:40:00
c13e5065-12e5-4adc-b3da-09e4a550dc43,b99537a7-9086-48d8-b205-67537f06c75a,B+,BLOOD,6.0,MEDIUM,OPEN,2025-01-10T03:09:00
c9f76218-b538-4103-8ff5-ea214c354f38,eae1d26e-400e-4e2e-a4ff-a89320338fa6,O+,PLATELETS,2.0,HIGH,OPEN,2025-04-07T01:19:00
e8a37c41-c16c-4c23-afa0-028a2f17aa98,327c7307-666c-4a8d-8bd7-2fb314b98539,O+,BLOOD,1.0,LOW,OPEN,2025-02-12T08:07:00
0aca2e1e-b986-4079-b15a-ea3d30e82b28,533a178d-375c-4707-99d2-c5ac56c7a34a,O+,BLOOD,4.0,MEDIUM,OPEN,2025-03-13T00:38:00
12f41518-da26-410d-ae75-cfb83b61e1ca,8e7d72dc-2aef-408c-a6c3-5d821278442e,B-,BLOOD,4.0,MEDIUM,OPEN,2025-04-16T13:14:00
52382a0c-93f3-4c4c-8913-01aaf91bf1d9,3b13237e-1f49-439d-82b6-c4ddc31e626d,O+,PLATELETS,4.0,MEDIUM,OPEN,2025-03-06T22:28:00
0e5ae998-edeb-4a4a-b130-a5728d108b18,3fe2ed6f-4a5b-41c3-a6a5-f5edd5f96fa4,A+,BLOOD,3.0,LOW,OPEN,2025-02-20T17:55:00
18eed34c-1804-440f-a8e3-405f9df1cb52,cc9f2e6c-2f2a-4588-9a46-d6fec138362b,A+,PLATELETS,4.0,CRITICAL,OPEN,2025-03-15T04:19:00
d777310e-e015-4ebe-9e56-519f3b3a370f,61786f83-bbbc-4406-b379-4dcd7042ee77,O+,BLOOD,4.0,CRITICAL,OPEN,2025-04-16T23:03:00
c35baea7-71eb-4857-8828-883970e030f9,53c9f9bc-03da-4360-bd78-927b63ea8129,A+,PLATELETS,4.0,MEDIUM,OPEN,2025-01-17T22:48:00
77c960b0-5e6d-46ec-83fb-f83752721bf5,8a7af0c6-f2b3-4f08-810d-5a45fa0e259c,O-,PLATELETS,2.0,CRITICAL,OPEN,2025-04-17T18:13:00
2270a7de-0dc3-4912-917c-e528b3227991,0fc45796-f5e9-472c-94ce-26f4b880ff8e,A+,BLOOD,2.0,CRITICAL,OPEN,2025-04-23T17:05:00
352e2565-47cc-4bec-b549-a22e4bb3e469,be7aa889-a4fd-4498-b01c-7fda660aaab0,O+,BLOOD,2.0,HIGH,OPEN,2025-02-10T22:11:00
358e0120-af76-4917-ab15-44fe589bb058,2e6d5244-4c08-440e-846b-d837922f596a,B+,PLASMA,4.0,MEDIUM,OPEN,2025-01-13T19:10:00
100ca3f4-7bd3-4b99-aace-fe8e6fe5312e,42f55f59-25d6-4978-8cfc-fa993a0df8a2,B+,PLATELETS,1.0,LOW,OPEN,2025-03-11T17:28:00
feebb4bf-2b6b-4d04-a6a8-507c9192a449,8837c703-03f7-4eb2-834e-0f3bd7511796,A+,BLOOD,6.0,MEDIUM,OPEN,2025-04-12T08:30:00
510c154a-68a3-4be1-8fab-b5ce77672763,76e5cd06-d168-4010-aa16-a665de4a88f5,B-,BLOOD,2.0,HIGH,OPEN,2025-01-06T13:14:00
a7f2327c-bca4-4fc2-a62a-cb2ecf790b9c,50ff6f78-ec65-4465-b6f7-78fa195084ff,B-,BLOOD,2.0,CRITICAL,OPEN,2025-02-18T06:44:00
fb33d887-0f88-4eaa-a11d-78af9725b73f,e9c299b9-b5cb-4535-9cb3-eaf57671bcc7,A+,PLATELETS,3.0,MEDIUM,OPEN,2025-01-13T03:43:00
1d378fbf-2908-473b-8aea-1baf03c87435,d3d2a3cd-e622-48ab-b5c8-2f19d7d8f515,O-,BLOOD,2.0,MEDIUM,OPEN,2025-02-15T03:50:00
0dce2985-3ed7-4b74-96ec-6318acd520d8,a7755308-aaaa-4e9d-ad30-f1d59cc0646a,B+,BLOOD,6.0,HIGH,OPEN,2025-04-11T15:42:00
84be1729-013e-4061-9788-169075cb274c,f3f98677-fe27-4339-a833-1a64c5536299,A+,PLATELETS,2.0,MEDIUM,OPEN,2025-03-14T13:07:00
cdce3e49-f26e-492e-b85f-7f6614c29f02,94100181-aa41-4b69-a1b8-7718212f8ea0,O+,BLOOD,4.0,HIGH,OPEN,2025-02-08T08:41:00
ccce0292-fec3-4cc4-9329-edeabf05cb7e,87a29c1b-1587-4bad-a521-d34914b984f2,O+,BLOOD,2.0,MEDIUM,OPEN,2025-02-15T08:52:00
7a17ca26-e965-4343-a8c9-303575718af3,81512a7e-9ffb-4d86-bc6e-f898557807b7,O+,BLOOD,2.0,CRITICAL,OPEN,2025-01-13T04:03:00
539ea97d-c667-44d9-b835-b133728bcb28,1f48cd97-b870-4586-999c-8af2d62b1129,O+,BLOOD,2.0,HIGH,OPEN,2025-02-22T11:38:00
f223a4f6-c225-4507-97d1-816ed3798525,d80d4206-b54a-414e-a07a-eabae6782e23,A+,PLATELETS,6.0,MEDIUM,OPEN,2025-04-08T03:58:00
7b0acff8-932f-45a1-aad8-8f27d6f7a506,0834fa87-b5c4-478a-a9e2-0033b01105f4,A+,BLOOD,2.0,HIGH,OPEN,2025-03-16T22:07:00
f1f301d2-cd29-4355-b05d-6d8875a833be,969354e0-24f0-479d-a387-f78b59280d4b,A+,BLOOD,3.0,MEDIUM,OPEN,2025-04-28T12:19:00
2a061acf-b415-4130-8b19-e1cc6cfd7ba1,ba99d87b-7544-469e-9253-c43189e4f583,B-,BLOOD,6.0,HIGH,OPEN,2025-03-10T16:17:00
56bda962-490d-4f51-88cb-534a93e95839,212ff268-4072-44b7-bc52-300f586dda7f,O-,PLATELETS,4.0,HIGH,OPEN,2025-04-03T03:31:00
7d6234d8-2677-4474-a97c-88ba101acb40,c58f1c5b-cbdf-46bf-9252-1df6daf0c0df,B+,PLATELETS,3.0,HIGH,OPEN,2025-01-14T17:38:00
3c7c5453-de8a-47dc-b809-5e42a41dde30,15713056-d039-4ced-81ec-a1421974bf3e,A+,BLOOD,1.0,CRITICAL,OPEN,2025-03-15T17:47:00
2b57b56d-4a69-40e4-8e01-ba237e97471f,d8b2d8d0-2a33-463a-86b1-318d60e70815,B+,BLOOD,2.0,CRITICAL,OPEN,2025-04-14T00:16:00
0aaecf1e-873f-4015-92ab-9f065d30533f,549fbc29-b8d0-48f6-993f-b5c649892790,A+,BLOOD,1.0,HIGH,OPEN,2025-01-16T14:14:00
41f1fbb3-2dd1-40fe-ac0c-9ad022dd63bd,1c6949c2-e8a6-4d39-a476-ea6098c2c434,A+,PLATELETS,6.0,MEDIUM,OPEN,2025-04-09T04:37:00
7df5667e-5ad3-44fb-8e19-630b35e0ad3f,c667f461-7fde-4bae-883a-410937013916,B+,BLOOD,1.0,LOW,OPEN,2025-04-25T17:52:00
12275b8b-c0b1-416e-a85f-8ec24b77b1a7,8e13e7bd-72ee-4c12-bfca-4b77893c9b3d,B-,BLOOD,2.0,MEDIUM,OPEN,2025-04-09T08:02:00
96191431-c139-4228-bebb-c44ea524e8d0,c4acca1f-68de-47ed-b92e-bf871521751d,A+,PLATELETS,2.0,MEDIUM,OPEN,2025-03-22T07:33:00
481ed66f-46a1-49ec-bfe8-8e52615c0255,f477e7b9-dc3c-43c6-96fa-43f78fb5c948,O+,BLOOD,6.0,MEDIUM,OPEN,2025-03-17T11:58:00
12a107c4-aab1-4cf5-8139-c83160313f3c,909d3a14-c002-4f2a-ac35-5e59441288ab,B+,BLOOD,2.0,MEDIUM,OPEN,2025-01-31T23:37:00
36932723-1a93-4a3d-b1f8-b8f718ff981c,b4d54888-bb64-4520-aefb-01425dbbaf95,O+,BLOOD,3.0,CRITICAL,OPEN,2025-04-19T08:52:00
468555b4-64b0-444d-9889-50d613f46b4f,0bc5f727-a757-479e-b22f-05721e623d46,O+,PLASMA,3.0,HIGH,OPEN,2025-01-16T13:30:00
c799cdd9-fb3e-4e48-9c81-646adb841718,fd4093ec-6041-4e20-9371-4b1962ebdfec,O+,PLASMA,2.0,HIGH,OPEN,2025-03-11T16:21:00
0623d574-539d-4857-bc0b-1416f1d7a664,03429992-5f88-41c4-9044-ee5ab3d90701,B+,PLASMA,2.0,LOW,OPEN,2025-04-25T08:06:00
e9f5bc96-644c-4885-b036-70d52a00a4fd,3d84cea2-0b2b-4feb-a1c3-2418048e13d4,O+,PLATELETS,2.0,MEDIUM,OPEN,2025-02-26T06:26:00
2a1f53b8-4a87-4bb2-a987-ac4ec029baca,0cc46790-2c05-4f48-bc08-09a38a99860c,O+,BLOOD,6.0,LOW,OPEN,2025-03-26T13:18:00
8080a8ba-40ba-4bfb-953e-a45d4831eedd,ee5ab839-75a8-43e8-8f06-80dbb37abf5d,B+,BLOOD,6.0,HIGH,OPEN,2025-03-10T08:52:00
ee379cd3-b241-4b6d-91b4-33a0fb7a4f96,cc68ecdb-dcc1-4732-893c-06ff6ff6f0cb,A+,BLOOD,4.0,LOW,OPEN,2025-01-07T06:29:00
a3a2e90a-cf23-4bf4-8879-b0d7abec8701,613a40e3-e716-4fd5-bdb3-64948e6d058f,B+,BLOOD,1.0,HIGH,OPEN,2025-02-23T16:16:00
5800ace3-1d66-4cc1-8daa-4ed53a7ab0b9,beb958d8-3767-47aa-a7cf-1f35dc4ea838,AB+,BLOOD,2.0,HIGH,OPEN,2025-01-20T18:49:00
d47858ee-f532-4e6e-ba2c-ec1129aab847,079bc05c-4e2a-44d3-853c-249b4acf8bfa,A+,BLOOD,3.0,CRITICAL,OPEN,2025-03-29T19:52:00
c69af981-e4e2-437e-82d7-60fa85d194d2,df6528a1-3d33-4ad9-9d26-6c1d99b38fad,AB+,BLOOD,1.0,HIGH,OPEN,2025-04-23T05:55:00
d96e4448-9488-4070-9bdb-7a88419ecd52,bea23ccd-3bbc-4137-9ba4-ccbcce8b1290,O-,PLASMA,4.0,HIGH,OPEN,2025-03-20T20:26:00
3373a8ac-3627-4893-92dd-dec100184d05,ea29ed7e-f4d8-42d4-9c22-3433c0bb8f80,A+,BLOOD,1.0,CRITICAL,OPEN,2025-02-02T00:33:00
ac1f5a87-b64b-4c23-9fd2-3be26389a64a,bd8782ad-9d3a-419c-a402-ac82bfe172f1,O+,BLOOD,2.0,MEDIUM,OPEN,2025-04-17T06:48:00
a7348e2a-939a-4b66-9363-039032999b76,65c0b98a-1556-4a2b-a220-f6bbe37dc67b,O+,BLOOD,3.0,CRITICAL,OPEN,2025-04-17T17:28:00
e2529a9f-34f8-4e11-9ec0-a2fe0ca53492,c2de787a-4dda-4545-9154-4add9c17b21b,O+,BLOOD,1.0,LOW,OPEN,2025-02-04T17:17:00
05fc6ad7-2300-41da-8705-f36d22539ba1,84303ad2-c4cf-4232-9a98-0a74d7cde08a,O+,BLOOD,4.0,HIGH,OPEN,2025-01-23T08:59:00
59c92f50-abea-4370-bffe-34e1338d97e0,311b917c-96b3-40b9-9e67-fdfafd8fa675,O+,BLOOD,2.0,LOW,OPEN,2025-03-16T18:56:00
2fb86129-d71b-47b6-9819-51c3cb7b8f29,de9f793f-08af-4a49-98ad-519e7a9893b7,O+,PLASMA,6.0,CRITICAL,OPEN,2025-03-24T17:07:00
abec1f26-1ede-43a3-a182-3969f60b1d48,03963f6d-fa3b-43ea-b408-013334eb19db,O+,BLOOD,1.0,CRITICAL,OPEN,2025-04-18T12:38:00
d4b802eb-c664-43db-86ae-8b9948a5f755,893a8641-5532-4828-b482-6e30ae4913bc,O+,PLATELETS,2.0,CRITICAL,OPEN,2025-01-28T00:19:00
00a7e0a3-af3a-447d-bb96-b0d5438dc2ae,86166c73-b6d3-4119-a822-521a65547244,O+,BLOOD,4.0,CRITICAL,OPEN,2025-01-03T08:35:00
f2b5b68b-6277-47ef-8885-6a7cfc78b0ad,4fa5a22c-35ea-4522-87f8-cc13a0ca6b28,A+,BLOOD,3.0,MEDIUM,OPEN,2025-01-16T21:14:00
24bc6ed7-b61c-4182-a366-e92f73da3ff3,c6fe03b5-b9ec-4422-abfb-eeaaed350cf3,A+,BLOOD,1.0,HIGH,OPEN,2025-03-20T18:07:00
1f9593ba-a436-4d11-93db-57bd305d4c6a,90e88935-dd1d-4c10-b57e-0c530c8f57a3,AB-,BLOOD,6.0,HIGH,OPEN,2025-01-27T06:31:00
0fa27623-2baa-412a-9f1a-7c0220916ae4,e192235b-3994-4423-b433-40dd3bd75be6,A+,BLOOD,6.0,MEDIUM,OPEN,2025-02-19T19:32:00
45573e59-45ac-43bd-b53d-cc19029ff9b3,12698df0-e11e-4851-ae6a-c2f0efb9b5ec,B-,PLATELETS,6.0,HIGH,OPEN,2025-02-16T15:26:00
eb4a5feb-11cb-4d09-b96d-1b893ca760c7,d58de03f-c7ad-48b2-8244-0f2837d55ac7,A+,BLOOD,3.0,HIGH,OPEN,2025-03-22T14:15:00
81c3da92-3262-49e1-8141-9f6f6dc6cc08,c29ab680-6e76-4062-bc6f-bed468d34376,B+,BLOOD,3.0,CRITICAL,OPEN,2025-04-05T01:09:00
7498dfa7-8a7b-40a3-855f-04c93558ca44,30b6efea-6dfa-4b0f-bfff-592c6d1f3c09,A+,BLOOD,3.0,HIGH,OPEN,2025-02-02T12:58:00
21d84d57-09f3-481c-9e3f-2869bd69d9b6,f147393a-bbd0-4fac-b0a1-560725bcf46b,O+,BLOOD,4.0,MEDIUM,OPEN,2025-03-28T17:47:00
27f6a7a6-8807-419b-9ef0-d9a294b0267a,6d9d1d06-310c-4fb5-a2ba-5818fb30494d,A+,PLATELETS,2.0,HIGH,OPEN,2025-01-12T21:17:00
1cc5d0c4-045d-4581-9a6c-8a3a10eb2f90,8a8f4668-e15f-4a15-be97-76428b4815fe,B+,BLOOD,3.0,MEDIUM,OPEN,2025-02-28T00:59:00
820c05bd-2bf4-4ec7-b423-8bf8a0e08dd9,280ee13a-e3d4-4b1e-99bc-cee7f9088fe9,B+,BLOOD,4.0,MEDIUM,OPEN,2025-02-15T14:52:00
8055084f-b989-4697-b205-d8dfa14db6b5,08b95f68-4c87-4e2b-8c79-6a43c871857e,A+,BLOOD,1.0,LOW,OPEN,2025-02-18T06:46:00
1492c3a9-ef67-417d-9081-d0524b9a7a5a,0c4f25cd-b35d-477c-b545-a300d7c55413,A+,BLOOD,2.0,MEDIUM,OPEN,2025-04-11T04:37:00
8b4e4e2c-57be-4c6b-8b4c-c94af8b69b9a,b054764c-5a5e-46b6-a415-3a021932923f,A-,BLOOD,6.0,CRITICAL,OPEN,2025-03-25T13:55:00
12ed9844-5ef9-42a9-8157-98a3409d8493,04bbcf21-8a96-4bfc-b6b3-1e318c7f411d,O+,BLOOD,2.0,CRITICAL,OPEN,2025-03-18T05:34:00
1b5838c1-1cb4-4e5d-b0e7-1e5044a10c75,5c9d4855-9b2a-4df4-9c50-6ac85143985a,A+,PLATELETS,3.0,MEDIUM,OPEN,2025-02-28T21:21:00
6318977e-66e5-4831-a55d-fd5a93f0e5ad,4100438e-efc7-47d4-aad6-5819394b3897,O+,BLOOD,4.0,MEDIUM,OPEN,2025-04-03T17:24:00
ef23021c-2d58-4b76-a155-7026db2fb8c0,8b57af8b-3f5e-4f96-9d6f-f62f0ff1d089,AB+,BLOOD,3.0,CRITICAL,OPEN,2025-02-24T22:55:00
d598e152-365f-4647-8eaa-eb2ecb59ec0d,2a64e9db-be38-4513-81ce-8b757b733088,A-,BLOOD,2.0,MEDIUM,OPEN,2025-04-30T00:15:00
d0ab7433-b799-4bb6-88a4-a615ac0e6ad6,2a6b1fbe-079a-40a4-a667-bff84caf902b,AB+,PLASMA,4.0,MEDIUM,OPEN,2025-03-07T08:14:00
cf559b7e-b341-4a8e-b57b-7457cbbdbf56,f959b22a-10d6-44a3-ad5d-dddb0bb1f4c4,O+,BLOOD,3.0,HIGH,OPEN,2025-01-08T10:20:00
8dddc8e3-5d0a-4343-ada6-701a1dc72104,edad63a0-d292-4f3f-b05c-b7682e45109c,O+,PLATELETS,6.0,LOW,OPEN,2025-03-22T17:45:00
36666ee5-4869-40e2-bc14-41dee23fad98,fa79d3d5-e783-45ef-bed8-37b9bfd80928,O+,BLOOD,3.0,MEDIUM,OPEN,2025-03-07T21:42:00
ea48e52d-91f6-4f54-b2a7-b393ec46130d,99c4e5b6-e1d9-4497-b4a3-058e909f0b3e,O+,BLOOD,6.0,MEDIUM,OPEN,2025-01-26T23:31:00
75925094-dd33-4eee-8835-3ba69a9ef55e,440bad77-4790-4576-83bb-66da4f68e3ac,O+,BLOOD,1.0,CRITICAL,OPEN,2025-01-22T13:32:00
9444b94b-4fa8-401b-a744-36e36ccba07b,c8d07ca1-da22-4716-85a9-8b19b92a773b,A+,BLOOD,4.0,HIGH,OPEN,2025-02-26T15:55:00
b0a29013-9cfe-46ad-b319-2c8155b7e42d,013155b0-f391-4a7d-af68-6569d88aaff4,B-,BLOOD,1.0,HIGH,OPEN,2025-03-17T03:06:00
5f9f1bd6-2e48-4a42-9550-8be1e5164509,502e1aff-9eef-405a-a37f-b6f3e578e2d0,B+,BLOOD,4.0,LOW,OPEN,2025-03-19T23:00:00
6cb7f73a-e3d4-41b6-ad54-07b55f983a98,2358ce0c-f81b-4f4a-82e1-f92d22eb1042,A+,BLOOD,6.0,HIGH,OPEN,2025-01-25T14:26:00
629aa196-5bfe-4730-ae80-435f4c4c49a0,39c7906f-acdb-4410-bcd0-28682bfe2540,B+,BLOOD,6.0,CRITICAL,OPEN,2025-01-27T08:04:00
2ebc4b55-bca3-4f1e-9e1b-fc57424d9755,f7ff9453-829a-4544-ba2a-8606aeaf5bdc,O+,PLATELETS,3.0,HIGH,OPEN,2025-02-15T05:21:00
05142adc-0811-4108-b4ac-7172ccc956bc,e3d60deb-685b-489b-b4eb-bb3afa119f47,O+,BLOOD,4.0,CRITICAL,OPEN,2025-04-29T05:25:00
eec8864c-bbae-4462-a060-2d1b202e332e,a99a6c34-2996-4c4e-a8b1-68ccf7c784a5,O+,BLOOD,6.0,MEDIUM,OPEN,2025-01-14T16:54:00
0d6d0f34-542e-444e-9c1c-a88ad8269419,d420cbae-fd46-4dc4-b4d4-894d43030650,A+,BLOOD,2.0,MEDIUM,OPEN,2025-04-26T02:54:00
7b8b4e21-a437-4580-b05c-c1319a1c3fc8,8adbe44a-fe77-4992-8120-857bae77bd9d,O+,BLOOD,4.0,MEDIUM,OPEN,2025-03-06T20:20:00
fe586324-3972-402a-b367-a52a6494c9c4,54a8d995-2c7d-4290-8088-a1913a604c8d,A+,PLATELETS,6.0,MEDIUM,OPEN,2025-03-25T06:55:00
1fb289ab-d50f-454d-95e0-308602ec5626,25289ad6-41bc-4dbd-80bd-9eada8e0188b,O+,BLOOD,4.0,CRITICAL,OPEN,2025-01-07T03:39:00
38972174-f098-47ef-992d-330765b1513f,e05b9a29-e331-45fe-b8af-6bc9e88dec05,A-,PLATELETS,1.0,MEDIUM,OPEN,2025-02-10T01:40:00
cd325844-b07c-4f64-aa90-a9ab9cf769a6,d57738da-96f7-4d3a-9d59-7b5ce5c01ee8,O+,BLOOD,6.0,MEDIUM,OPEN,2025-02-19T01:14:00
70fae146-ea7e-463d-be9d-7256ee41ff04,78f32cc0-f57b-46d6-8624-d96940e2add3,A+,PLATELETS,6.0,CRITICAL,OPEN,2025-01-16T10:27:00
329c92f9-1e35-42c2-a386-c5d3fcb3347b,9b9df341-d287-47ab-beac-e9620d35d386,B+,BLOOD,1.0,HIGH,OPEN,2025-04-19T03:45:00
15ce6ea7-a38b-4a79-94b8-6c2a6eb9d66f,3062553f-e66d-48df-b98a-92b3b3101687,O+,BLOOD,1.0,HIGH,OPEN,2025-03-17T17:10:00
33da10f8-a2e5-4f12-8cc1-488a89def9d5,135215f9-ba2c-4300-b8c8-3956aa92bf61,O+,BLOOD,6.0,MEDIUM,OPEN,2025-02-21T02:57:00
6c994be2-5094-4b66-be22-50b14bd773f6,55153f74-1a00-4d78-a130-c36e9dd28fae,B+,PLATELETS,1.0,MEDIUM,OPEN,2025-01-08T20:20:00
46cbc33b-9a92-439b-8225-41517327f69f,318f4de5-73f2-4532-ab27-ca56a82bba45,B+,BLOOD,1.0,MEDIUM,OPEN,2025-02-20T01:22:00
890bdfb9-e4aa-41e8-9512-6af7e7d4607c,0043f3be-1979-44e7-843d-3570be277dbc,B+,BLOOD,2.0,CRITICAL,OPEN,2025-03-15T12:09:00
59855e70-ab53-4974-8a92-2777cdc7e1c4,42fd9dd4-9aba-4076-b4d4-e6b6d455158a,O+,BLOOD,2.0,HIGH,OPEN,2025-04-01T15:26:00
f5797968-13bf-427b-9960-309b01f1f7dd,c4ff81c4-8b7f-4837-a088-45be496bd95d,O-,BLOOD,4.0,HIGH,OPEN,2025-04-27T08:50:00
9a14a324-1dfd-467f-9ac4-3e41b242fae1,d1e2e645-2483-4b99-937f-45dbd36bc89a,A+,BLOOD,2.0,HIGH,OPEN,2025-01-30T00:11:00
b78c0ee7-de65-4161-9f10-996e31dc6553,a3c40bad-73e2-4eeb-9cd4-97bd39b4d34f,O+,BLOOD,1.0,CRITICAL,OPEN,2025-04-15T00:55:00
85b5c232-5c75-405f-bcae-9b7a583de9c6,cdec9625-f397-4b69-bfbc-8b3c9d512a46,A+,BLOOD,3.0,HIGH,OPEN,2025-04-16T18:43:00
86d89552-77f1-4151-a20e-c59a17c5c00a,31704425-f3a8-4962-b71f-70d88fac2e71,O+,BLOOD,2.0,HIGH,OPEN,2025-03-26T22:58:00
e9c5f874-e97d-4796-8df5-0c9f77f153e9,2541e865-38ba-4b1c-9762-088ac2b7b3ff,O+,BLOOD,4.0,HIGH,OPEN,2025-01-25T10:14:00
2f901cd5-7b13-4e8b-a1bd-fdcdd58c69fd,b3716009-1811-4228-a72c-76230477c605,O+,BLOOD,3.0,HIGH,OPEN,2025-04-19T20:16:00
877d4ccf-a1aa-4954-9f10-0dca840da344,5461c8db-1fb8-43d1-8bf5-6417b52766ea,O+,PLASMA,3.0,CRITICAL,OPEN,2025-02-13T13:42:00
905b32c2-ab78-4a44-b64c-98552a4f8e5a,6fa4d5bf-d4c4-4fa9-921f-6f43218128e1,B+,BLOOD,1.0,HIGH,OPEN,2025-03-21T09:57:00
c8373f70-1833-47e3-a836-5a9f41b799c3,231b437f-a905-47a3-8644-173c69ad5184,B+,PLATELETS,2.0,MEDIUM,OPEN,2025-04-26T15:34:00
a1808c63-d30b-4c82-ad52-380048c2e7b0,ce5ad72c-8c87-4c2d-b2ca-3aa6b00725e5,A+,PLATELETS,2.0,HIGH,OPEN,2025-01-13T14:28:00
5cde182a-90cc-4a2c-8fe2-58f2f4ed792d,31be065a-ebb5-4162-8ce7-34726ad57f6b,A+,BLOOD,2.0,HIGH,OPEN,2025-04-11T06:19:00
8020ee8c-b55e-4bd9-8820-2565feb4d6ae,f2503ed5-730a-4ed5-a057-00f84c12ecea,O+,BLOOD,6.0,LOW,OPEN,2025-03-14T09:44:00
2bf9e4cb-b0cb-4acb-9e27-f3c0de52e464,f3b6b0e9-9afe-4f52-b5e6-effb189f61cd,A+,BLOOD,2.0,HIGH,OPEN,2025-03-19T23:54:00
03a81a6b-9c16-4b2f-bf34-68d25ec1a344,11b2dd33-0a71-423e-8039-f1360ac5fa15,O+,BLOOD,2.0,HIGH,OPEN,2025-02-03T23:24:00
b7795b4a-cb12-4e3e-be74-065b016c9c23,7bd60480-2d41-4496-b067-941886d653f9,O+,BLOOD,3.0,MEDIUM,OPEN,2025-01-19T04:15:00
db866134-5cf9-4347-a1df-ef43ed93798b,cd663231-2354-4202-b585-dd41005d0577,AB+,BLOOD,3.0,HIGH,OPEN,2025-04-08T14:22:00
d2611442-dd84-4d2f-809b-ca4a3ff72629,2e3ff63d-c424-47a1-9a13-028193d50b75,O+,BLOOD,4.0,CRITICAL,OPEN,2025-02-20T11:44:00
a422551d-9d9a-46fd-8bc8-d2571b1abd4c,b3b566fd-babe-4313-a446-83c7dd515822,B+,BLOOD,2.0,LOW,OPEN,2025-01-04T17:53:00
cb6960ad-67b7-4db1-88df-526c66ace4d4,db2db1b0-c4c2-4563-ac4e-70348eb93bd9,O+,BLOOD,6.0,MEDIUM,OPEN,2025-03-09T13:17:00
1faa22d3-cb16-4123-8d5d-c0ae04dac5ae,4b856b45-8765-48eb-8aa2-84654d9c184c,O+,BLOOD,1.0,MEDIUM,OPEN,2025-04-07T14:55:00
c48a53c6-452e-4d55-a694-d3a587e67c26,8c7ec61b-03a9-457f-b8fd-809e3e9fe97b,O-,BLOOD,6.0,CRITICAL,OPEN,2025-01-09T08:58:00
9a5fe10a-89bf-45ec-9218-91076d3d1e10,b7789954-bec2-425a-a849-31420d3874c6,B+,BLOOD,4.0,HIGH,OPEN,2025-03-26T18:53:00
2b3f4059-4ed8-40e9-87df-8b5350917de5,9bbaa2fc-fb83-4809-953f-873db93f6b46,O+,BLOOD,2.0,MEDIUM,OPEN,2025-02-09T06:38:00
a1b5ba7e-93b3-4423-bc41-57ee7ecdddf9,7b06cb2b-e413-4f12-8338-9eb2467f1a20,AB-,BLOOD,2.0,MEDIUM,OPEN,2025-02-07T09:40:00
8d7ea2ab-8661-4fad-b676-dfca0470f153,38488325-e8fc-4e9b-b776-c97fac4b0ca3,O-,BLOOD,2.0,HIGH,OPEN,2025-04-16T23:16:00
6fec73a5-e434-4825-bdef-d5d1e0dce69b,b332523b-660d-4ed4-ba9d-b7fc7fcfedd3,B+,PLATELETS,6.0,CRITICAL,OPEN,2025-04-23T12:43:00
f68144dc-32ad-438c-bdcf-6c3aa561fec7,6d8a66ae-43b8-42ba-aec4-e6078d755429,B-,BLOOD,2.0,CRITICAL,OPEN,2025-04-18T05:06:00
52b5e7ba-f772-4b25-85c0-1a9ba1474959,4a53444b-0dd5-49a7-a363-78e0ccffe065,A+,BLOOD,6.0,MEDIUM,OPEN,2025-04-21T07:02:00
382d1dbe-9624-4e03-9511-60a2c384335d,1d645f02-dbed-4651-b734-63fce063b5d2,A+,PLASMA,2.0,CRITICAL,OPEN,2025-03-17T05:02:00
22e8d47a-bd70-4676-85aa-1d6504952cc3,3598a682-41a5-4a93-98dc-ff5bdf4c05c8,A+,BLOOD,4.0,MEDIUM,OPEN,2025-03-04T06:46:00
310aca4d-1273-4eb5-89f4-ff404de62d12,dd17e92c-7caa-453e-8347-09b7506f6198,B+,PLATELETS,2.0,HIGH,OPEN,2025-01-16T09:58:00
9cb3de67-f10f-4333-8fd8-c061e90b1064,5e7fd251-f007-421a-bc19-b758daa550c4,O+,BLOOD,2.0,HIGH,OPEN,2025-02-25T18:47:00
a9db0020-7454-4adf-869f-cc26f2cca7eb,6b73f1fa-19a6-4c8a-baf7-abb4839bff0d,O-,BLOOD,3.0,MEDIUM,OPEN,2025-01-30T23:12:00
89574986-5cc7-4cd7-a4af-5c17b46628f2,7b269317-7d56-45c4-910c-984e310ab393,A+,BLOOD,2.0,CRITICAL,OPEN,2025-04-03T01:56:00
095fe520-c9fa-4f46-9e92-e8ab5db39bd9,159601fb-3650-47f5-bd58-0d6473205d64,O+,BLOOD,2.0,MEDIUM,OPEN,2025-04-01T14:32:00
870b5b19-4d03-4bb6-ad57-b4599d9e1755,7569165c-d0c2-4c66-94da-73c8e6ab05d8,B+,BLOOD,2.0,HIGH,OPEN,2025-01-29T01:16:00
05f04be6-bf37-49b3-9702-70ff3b02de05,c2b51c79-90b0-4e45-8790-48374f393495,O+,BLOOD,3.0,MEDIUM,OPEN,2025-02-20T08:47:00
93e6ba20-94a8-48e6-80dd-b3ff39f0dcfc,b7748d93-7f37-4f2d-b460-6e83f9b7b16a,A+,BLOOD,2.0,HIGH,OPEN,2025-01-20T15:29:00
03b65357-cac1-455e-8138-34ef9d94db17,b950f0e6-9813-4814-a3ac-6a835768853b,AB+,PLASMA,1.0,MEDIUM,OPEN,2025-01-25T00:48:00
0a31d359-0ddb-4f43-8550-16080f4187aa,28fdd7d7-97f1-46d4-9f15-f58b7f0cb101,A+,BLOOD,2.0,HIGH,OPEN,2025-04-26T10:46:00
71ca6f94-d659-41be-a244-f95e49096965,99b52dc7-c966-4af2-8812-e3a326de6210,B+,BLOOD,6.0,MEDIUM,OPEN,2025-03-09T19:54:00
9f4e9c94-7296-47f3-9d70-9ad0c2d15e2c,8a8b1423-9c5c-40e7-88cc-2d93a4fbeb9e,B+,PLATELETS,4.0,MEDIUM,OPEN,2025-03-04T10:05:00
fd5ae745-5390-49eb-a855-e9fd01d76f55,675bb52c-b3ef-4919-ac51-1751c40bc80f,A+,BLOOD,3.0,MEDIUM,OPEN,2025-01-03T09:16:00
08b6fddc-55f7-41c6-b10c-b025024ad98a,ac5ba36f-edeb-442e-9f92-28f2f74761c1,O-,PLATELETS,4.0,HIGH,OPEN,2025-01-22T02:29:00
53af49a9-fd57-4d50-9136-488896315490,3869e52e-23f7-4dab-924e-f40cbbf4e4fa,O+,PLATELETS,2.0,MEDIUM,OPEN,2025-04-25T19:47:00
e695a6ea-20bd-4417-9374-30855a72ff0f,de2abf43-8b9f-4636-a928-50b43f7ca745,O+,BLOOD,6.0,LOW,OPEN,2025-02-14T17:37:00
36edb820-08c9-4826-a171-509f8e79fa8d,451fce34-4f9d-4769-97df-839ce84f5c40,B+,BLOOD,3.0,MEDIUM,OPEN,2025-04-19T23:23:00
0ad4d87b-c61f-4184-baf4-6b175194c5ac,fae5d9f9-19ac-45c0-9739-d3cb69036f9c,O+,BLOOD,1.0,LOW,OPEN,2025-04-26T04:14:00
f5f17adf-9784-4723-9ddc-40e6a0f19029,52f38a2d-b5e6-47aa-9c68-9a17b3f4c4d9,A+,PLATELETS,3.0,LOW,OPEN,2025-01-05T06:39:00
0d49950b-d870-448c-8fa8-09b900229d79,c37c16b5-ae44-4339-822d-f0df34a31203,O+,BLOOD,4.0,CRITICAL,OPEN,2025-02-25T23:58:00
45476e2e-4a1f-4c48-88ec-14571e44ecc5,45aadedf-13c7-4ae3-bc58-ecdecefdb19d,O+,BLOOD,4.0,HIGH,OPEN,2025-02-07T18:41:00
bc2538bb-d6c7-4a6b-a0fa-9e1d102ab57c,5f16a55f-0e36-4cfd-868b-e71f6d942016,O+,BLOOD,1.0,HIGH,OPEN,2025-04-19T10:52:00
0f3e5aef-cebd-4d05-887f-afb3c142f79b,56eff0e3-6efb-43d0-b93b-c3c3bac2df75,A+,BLOOD,3.0,HIGH,OPEN,2025-04-30T15:19:00
5116d6af-fb01-413b-bda8-fd3309d96c54,33346d06-0dc0-4953-925f-917e0c16e445,A+,BLOOD,6.0,MEDIUM,OPEN,2025-03-11T16:07:00
7ab35f8c-f7fd-4616-a176-5d11d6520e3e,45fee228-7302-4de5-a83b-bea8282499eb,O+,BLOOD,2.0,HIGH,OPEN,2025-01-08T17:02:00
e10b57b0-6b1f-4cf0-893d-5bfb78e3aa76,897c3ed0-f5ab-4e55-b6bf-374e8a0867ee,B+,PLASMA,2.0,HIGH,OPEN,2025-03-26T01:07:00
21cd29bb-dd8c-43d7-9cc2-1b6fe6040276,584132c4-27eb-4109-8151-14a1d2e43f47,O+,BLOOD,1.0,CRITICAL,OPEN,2025-02-10T01:56:00
8a60e006-3784-43b2-a4b5-76cf0573504b,1d991876-0d67-4cfa-b6cc-026347589390,A+,BLOOD,4.0,HIGH,OPEN,2025-01-24T03:24:00
6dcf1451-4a8e-40cb-bd6a-05d1ae883a2d,fcdfcd99-ba11-4706-8127-9ba3aa1b27a7,B+,PLATELETS,3.0,LOW,OPEN,2025-03-05T07:42:00
3fbd6bbc-1c43-4e1b-80eb-bc1137b2768e,3f20b26b-321c-48aa-a791-5b53ba89b9f4,B+,PLATELETS,6.0,MEDIUM,OPEN,2025-04-29T20:34:00
778b254d-53f4-4faf-bb05-7dd2f67900b1,96400638-ee4b-4234-9ed7-1378b8c946cc,A+,BLOOD,3.0,CRITICAL,OPEN,2025-04-11T05:47:00
20032c01-5191-42f8-956f-2d9337514573,d252d602-f864-4c84-9fc8-e430b5a6e4b1,O+,BLOOD,6.0,MEDIUM,OPEN,2025-01-27T08:56:00
94cfaab3-0f43-42c8-8805-6af6bd73f2e3,83b122c4-ab74-4e8d-8ced-1d96b9c7f08a,B+,BLOOD,3.0,MEDIUM,OPEN,2025-04-22T18:06:00
cc9ba50b-abd5-4a9f-a7dc-ed8bc95924d1,416c1ffa-eabb-4cd8-8cc2-86eaec1a6db4,A+,PLASMA,3.0,MEDIUM,OPEN,2025-04-16T01:26:00
ac572491-a010-4d6f-9e5d-f7ed66a668eb,6f21a59f-4a17-4428-81ba-ed4bee8acb37,O+,PLATELETS,2.0,HIGH,OPEN,2025-01-06T14:44:00
ac937307-66e9-4e31-af30-7fe53ae7323b,d460a649-cfff-4a27-9863-ba80cf724a39,O-,BLOOD,2.0,HIGH,OPEN,2025-02-07T01:28:00
3b02132c-3960-4c71-8cec-7c9a7687edba,9d49a928-af76-4aa8-9fee-0bf89f22818d,O+,BLOOD,3.0,HIGH,OPEN,2025-02-10T07:54:00
3e067488-4632-417e-88ff-528eeae89a0d,cf24b233-271c-4ea8-a9ad-deefda77b520,A+,PLATELETS,2.0,MEDIUM,OPEN,2025-01-17T22:43:00
05184673-71d4-4487-ab60-2e6ebdd9bf6c,81dd682d-6d10-49ac-a7a9-d0203ffc53fc,A+,BLOOD,2.0,CRITICAL,OPEN,2025-04-03T22:57:00
7d635cbd-57ac-45c0-85aa-4a3bd58f6b05,73210cb4-57f0-4b3f-889d-9ee00203fb14,O+,BLOOD,6.0,MEDIUM,OPEN,2025-03-03T05:03:00
b6775dc5-a71f-47de-ae07-5ca40a267f00,40f3db88-dab1-4238-aad7-8432c52e7e44,A+,BLOOD,3.0,CRITICAL,OPEN,2025-02-17T02:12:00
18153721-1519-44f7-b94f-ed7704433b96,003bc657-82b0-41ed-baa0-6d650831c291,O+,PLASMA,1.0,MEDIUM,OPEN,2025-03-19T14:05:00
bb2dbfb6-765e-48c3-b80e-20f78ceb79ed,33b21d3f-b946-4619-92eb-463d8b92d7e3,A+,PLASMA,6.0,MEDIUM,OPEN,2025-02-06T04:41:00
c851f660-0fc5-45f0-8b85-efe93539625a,5abde52b-49cc-44e2-8ce8-1a7e19a0f62d,A-,BLOOD,6.0,CRITICAL,OPEN,2025-04-12T21:01:00
ef4be64c-e6d8-4a5c-86dd-1406e4bbc149,9e2f7399-8323-4445-80ba-d91b66f1491a,A+,BLOOD,1.0,MEDIUM,OPEN,2025-02-26T22:15:00
3f395948-7d7b-4953-9623-92a4495632c6,3cf1dc74-2108-494c-be26-5af23247407e,O+,BLOOD,2.0,MEDIUM,OPEN,2025-04-07T08:13:00
fb64f053-c2ed-4f48-b4ea-ad6e23ffa19f,ad4a27db-ed79-4be1-aa69-2c0ddddb91ed,O+,BLOOD,1.0,HIGH,OPEN,2025-04-05T14:13:00
2a4fe49b-a7a2-4365-893e-986b1cb09a1a,01365200-2df4-4881-a7a7-aa5f4f343e36,O+,BLOOD,4.0,HIGH,OPEN,2025-02-06T20:52:00
89cb65c0-554c-435e-9de7-28c77f44f219,d1462a70-f26b-42ed-9afe-f94fb0851f52,O+,BLOOD,2.0,MEDIUM,OPEN,2025-02-26T01:49:00
fd3a1746-2a4d-45a8-9c02-cc71c942efcd,61031063-6045-478f-8517-aceb779b1d6f,O-,PLATELETS,2.0,MEDIUM,OPEN,2025-04-12T17:00:00
6ba752f2-2c79-4306-894e-8c1e332575c9,c873c7b6-fc8f-4493-b74c-db9cec08009e,A+,BLOOD,2.0,HIGH,OPEN,2025-01-25T16:08:00
233b4eb1-a183-4069-b5f9-053fd4588ffb,ded743ed-512b-47c5-8655-d26ebfa02348,B+,BLOOD,4.0,MEDIUM,OPEN,2025-02-12T18:51:00
da2dc206-692c-4060-83da-50e21cc73986,fbc83101-a392-4828-932b-72497bd3be0b,O+,BLOOD,2.0,CRITICAL,OPEN,2025-01-19T18:42:00
f3ac93ad-a57c-45c7-982d-591f31b5ba07,2f4eb7ee-ec6a-4b92-81be-702181cdacc2,A+,PLATELETS,1.0,CRITICAL,OPEN,2025-01-23T11:00:00
a529ac49-94ca-4fb9-9054-a4f5d07cd6ae,d2836930-b40a-4397-920c-f6a8540e7615,O+,BLOOD,2.0,HIGH,OPEN,2025-02-10T14:37:00
ad932cae-5eed-4f7a-b37e-b95fa40197f1,5f4744ee-ffb9-4c93-b9d6-656e2bb9b4cb,B-,PLASMA,2.0,HIGH,OPEN,2025-01-03T16:11:00
152d6b0b-110d-4257-99c0-9e0eaeaac328,586f51a5-99e3-4b48-9c9b-1819d8e347e9,O+,PLATELETS,2.0,MEDIUM,OPEN,2025-01-09T22:08:00
932fbb57-7b11-4d14-acba-17f4909533b3,e616c99c-c7c7-42c1-b2e2-2e49179b55d0,B+,PLASMA,6.0,MEDIUM,OPEN,2025-03-13T20:33:00
0cf6c21c-2c3e-4498-be7d-8cc780df59ba,47acaafa-6c8f-486f-93ba-71e81cfb6019,A+,BLOOD,1.0,MEDIUM,OPEN,2025-01-11T20:30:00
1e6715c8-c7c8-4751-8663-4a2713fd59b0,df0bce82-9a8c-4ad9-9c86-63ca4fbee9aa,O+,PLATELETS,3.0,CRITICAL,OPEN,2025-03-03T18:32:00
9eab9967-d909-4a77-8792-0aaf89f45cc7,f75a2edc-fe58-4976-8697-73db34cce5da,O-,BLOOD,4.0,CRITICAL,OPEN,2025-01-19T14:28:00
c9af6455-97d7-4e76-b2be-942b05bbc9c9,77e312ad-6c3f-47fc-98c6-937f85587592,B+,BLOOD,4.0,LOW,OPEN,2025-02-07T19:39:00
16aee766-d71c-4cbd-9264-13d458ccf0a5,fdcfda71-7655-4d62-948f-cd1b412036a2,O+,PLASMA,1.0,HIGH,OPEN,2025-04-23T10:33:00
3cbb1802-2a90-4d12-b2f7-d405e5b5bd85,71190025-ae37-4599-a016-e992e7d0ad7e,B+,BLOOD,2.0,HIGH,OPEN,2025-03-20T04:41:00
b80f081a-ba02-4074-bc51-58ef4f60f181,f654677c-8dc6-4377-b78e-06476f5b83c3,O+,BLOOD,1.0,HIGH,OPEN,2025-01-11T09:30:00
5f784b66-e278-4e03-a809-a1de7d60a3bd,9c45c3c4-c1e9-4c75-9c75-b433192f3572,O+,PLATELETS,3.0,MEDIUM,OPEN,2025-03-14T18:43:00
fd78f0c1-8061-4c5b-8f1a-d5c0fbea2fa8,7465a94d-deef-40da-9812-a7e2b0dabd9d,A+,BLOOD,1.0,HIGH,OPEN,2025-03-25T16:45:00
c9e9fbd5-d5cd-4b16-9aa8-3b67508b0f76,99feb48d-c67c-4400-82b1-b2e6f3244478,O+,BLOOD,3.0,CRITICAL,OPEN,2025-01-13T13:57:00
548fa2f4-aacf-418c-8b84-fc07f446884b,ee6ad9b3-cd88-4fe2-8d6e-0a9d375ae14d,O+,PLATELETS,1.0,CRITICAL,OPEN,2025-02-24T23:38:00
e307b147-a1f8-4ef5-8549-7f7f3a4ce681,438f01c9-e633-462b-92e7-8fdeebbf351d,O+,BLOOD,2.0,HIGH,OPEN,2025-01-12T05:08:00
17e88438-ad78-4fd2-a9cd-bbb24320153a,c1313bcd-c986-40c0-97e3-0b30652e0ddb,A-,PLASMA,2.0,HIGH,OPEN,2025-04-17T13:40:00
56a9fa35-a130-49f4-9652-161fd8dfd297,50421963-7b22-4bbe-890a-e9af40b23a0d,B+,BLOOD,4.0,CRITICAL,OPEN,2025-04-04T14:45:00
194ebd9b-34a7-4f01-a5bd-44581f962fa8,097b01a6-336f-4a19-bdf0-1e7ea45e3736,A-,BLOOD,2.0,MEDIUM,OPEN,2025-03-07T00:38:00
fdf85a1e-0bc5-434f-b00a-3546af318c8d,5a7265fd-252a-4251-9376-53a714f04bad,O+,BLOOD,4.0,CRITICAL,OPEN,2025-02-20T07:29:00
73942ffc-57cf-4339-bba5-a6bf8da0b8f7,5752d9ae-f942-43d6-96ac-a6158a072175,O+,BLOOD,4.0,MEDIUM,OPEN,2025-04-14T07:27:00
5e406bf8-6732-46d8-a973-68f1b71fbc32,b4dac3cc-c7d9-4fd3-a675-008c24d9265e,B-,BLOOD,1.0,MEDIUM,OPEN,2025-04-30T18:07:00
9b64ef70-aae2-461a-bd59-d56300cf23c6,39b8ebdc-323c-44cf-ad0b-d35e1212a4c7,O+,PLASMA,6.0,CRITICAL,OPEN,2025-04-22T02:56:00
d89f9a03-c7e5-4203-ab52-4de642d06806,39d8a758-c00c-43a7-8961-a0b26513fc94,O+,BLOOD,4.0,LOW,OPEN,2025-02-06T16:27:00
6d1a08c9-a2cc-4f62-82a8-705ef5a0feeb,83ee4507-18cd-4b06-b144-ed81610fd00a,O+,BLOOD,3.0,CRITICAL,OPEN,2025-02-08T23:26:00
8d4e3d81-84e7-4e78-b8d7-af6c97222998,3cde9fde-d1f0-4aa5-89e2-5f8037b322aa,A+,PLATELETS,2.0,MEDIUM,OPEN,2025-03-19T09:25:00
6795b7ac-0bf3-480b-a326-13822c8add76,22cb1519-62d1-48bc-ad00-17b61c97618a,B+,PLATELETS,3.0,MEDIUM,OPEN,2025-01-17T05:20:00
eeeb5c4e-37a3-497c-bec1-29511e5b9169,e4a9ccc4-d537-4057-85f4-5e9d5ddf97f5,O+,BLOOD,3.0,LOW,OPEN,2025-02-23T08:42:00
065f8c31-e121-4bc9-a3aa-87591821c585,e1129572-e8d9-421e-8005-10d279185686,O+,BLOOD,2.0,CRITICAL,OPEN,2025-03-05T21:09:00
336fba1e-bc43-43de-a03a-a6d36f778b7e,78e205ae-9a1f-456e-a3e3-8315e9bdf0bc,A+,PLATELETS,6.0,MEDIUM,OPEN,2025-03-22T22:04:00
44f34532-ccbc-4085-9690-1af28f22a43b,dd85c42d-7ebc-41d7-b004-701d7994fee4,B+,BLOOD,1.0,CRITICAL,OPEN,2025-01-15T13:05:00
52dac84e-c17a-47ff-91f7-01d3e2e3e0e4,7df164d8-30e0-402c-ab7b-062ac4532f67,A+,BLOOD,3.0,HIGH,OPEN,2025-01-17T11:47:00
6f7d1bec-4436-42ee-ba06-0551bac0f905,fdf8a30d-6374-466d-896a-be81a370f148,A+,BLOOD,6.0,LOW,OPEN,2025-03-05T14:51:00
870e0872-01db-4868-a746-d76eac664d17,206e2701-3569-40d7-9f79-d81830e5893c,O+,PLATELETS,2.0,MEDIUM,OPEN,2025-04-05T22:03:00
7f9567ad-6031-48d3-b045-93f6749fff25,c9875cbc-10c3-4bdd-99dd-f8d0fb817e66,O+,PLATELETS,4.0,MEDIUM,OPEN,2025-04-06T20:35:00
9fb1d87d-f728-4b5c-b910-80b128881360,1f0b5ab4-08fb-4313-baad-24844c62a7c7,A+,BLOOD,2.0,CRITICAL,OPEN,2025-04-25T08:07:00
5da1fdcf-4209-412a-b74e-2bd8e818021c,82be8afe-d46d-4a53-aa8a-ea0af861337c,B+,PLATELETS,3.0,MEDIUM,OPEN,2025-03-02T08:55:00
a4948f9a-34dc-4cb8-9ed1-6d46fa1525d5,b7e277a5-22d1-4207-bbe9-2eef009b02ea,B+,BLOOD,6.0,LOW,OPEN,2025-03-14T04:55:00
142dabd5-e828-467e-8a73-be76581842d7,adfbb5aa-82a1-4951-83f7-73899c19e4bc,O+,BLOOD,6.0,HIGH,OPEN,2025-01-09T18:18:00
c3195304-432b-4ab0-a114-2f73b5f8a42d,c89da94d-f83d-4c99-a219-0d13fac3421f,A+,BLOOD,4.0,MEDIUM,OPEN,2025-02-23T07:22:00
23725929-4113-474a-8790-72c4fb98d71e,a3872660-610a-4085-95fa-40370a27db88,B+,BLOOD,1.0,HIGH,OPEN,2025-04-09T15:32:00
f4f84600-53d9-4e05-85c4-18849422a6eb,5275f15d-7f79-44d2-9504-ba3df249771e,O+,PLATELETS,2.0,HIGH,OPEN,2025-01-27T09:42:00
e2d5268d-9d8a-4aec-86d6-5812fa28eb41,b66e6614-a505-4401-99f5-47e44f8039c4,O+,BLOOD,3.0,HIGH,OPEN,2025-02-08T06:54:00
fa322a7a-8ba3-4024-9f27-617a490a85db,63920b00-2fb5-47d5-83e3-a7b56573875a,B+,BLOOD,1.0,MEDIUM,OPEN,2025-03-01T18:54:00
b744e486-8080-4d72-ac5e-29594f5c9039,3e491d49-7376-43ae-9372-7fa7e055acfa,AB+,BLOOD,4.0,MEDIUM,OPEN,2025-03-04T17:07:00
e8bbe160-1cce-4f78-b910-db653dca3f4a,9f45f003-9eb1-4970-8b3c-3651f5eae1f8,A+,BLOOD,2.0,HIGH,OPEN,2025-04-08T23:14:00
d3d096e3-7bfe-4fc8-b176-aa4f1587313f,33d74e82-958d-4679-85ca-bee924acd70f,O+,PLASMA,3.0,HIGH,OPEN,2025-04-06T17:49:00
bf5b19f2-f998-4536-b53c-ed2f08a966cb,ad898b3c-df98-434d-9671-35724f3073fe,A+,BLOOD,4.0,CRITICAL,OPEN,2025-04-15T17:43:00
032edb24-938e-45d0-a55c-4c6cfd2c074a,9a3a8c09-80f4-4127-afcd-2bd67abd9fc7,B+,BLOOD,6.0,HIGH,OPEN,2025-04-06T00:01:00
e08ec010-7262-41b7-bea7-17afba072eee,58de9f96-dc2d-4a99-b1a9-b2bb0ab5f6b4,A+,BLOOD,4.0,MEDIUM,OPEN,2025-04-23T06:53:00
8f6b476d-47b8-4746-afbf-aa1a108ee631,3f0c5955-40dc-4a37-a1a5-d17f933f99b2,A+,BLOOD,6.0,CRITICAL,OPEN,2025-02-15T15:01:00
3f8168f8-a097-449f-9559-8156ae52e2c6,1af8793b-ad1d-4546-aade-d273dedefd69,O+,PLASMA,2.0,HIGH,OPEN,2025-02-16T15:44:00
0efb4d92-68b2-4452-8bad-9ee7074764d9,7e77632d-9f14-446e-bbb7-d22648d951fc,A+,BLOOD,2.0,MEDIUM,OPEN,2025-02-27T23:22:00
0f54f114-6655-43bc-ab9d-461ddb3e5b54,c07907ce-8c07-4716-8559-879359dc1afe,O+,BLOOD,1.0,HIGH,OPEN,2025-01-31T23:55:00
ac3dab8f-e5d4-48a2-b117-bae5a55f5a74,197e3a52-d096-4d1b-8081-931198f9684c,A+,PLATELETS,2.0,MEDIUM,OPEN,2025-04-07T15:42:00
73548162-66ca-4a7f-9b7e-e1ba62d6749b,d1946b43-c245-450f-a004-39b15ca45bc5,O+,BLOOD,3.0,CRITICAL,OPEN,2025-01-12T21:09:00
2a139a7e-b6eb-44ba-918b-5b0e5d00d8a2,9868d2c8-2e8e-4199-8438-81c67d6bdc08,B+,BLOOD,6.0,HIGH,OPEN,2025-04-19T01:01:00
3bfb5876-3931-4417-8f40-0896cc586fa6,94e679b5-f9d6-4e50-9675-fe580db437e2,O+,PLASMA,1.0,HIGH,OPEN,2025-04-01T12:13:00
d0fe526c-be7f-40ad-ac71-cb7b4f8705c7,78b5b895-403e-4854-a581-ea9b372e99b3,O+,BLOOD,3.0,MEDIUM,OPEN,2025-03-13T15:29:00
d2c71720-7813-4482-8d1d-bc561def93c8,e0d557dd-d8aa-4186-bc20-4788015be6ae,A-,BLOOD,2.0,HIGH,OPEN,2025-01-27T20:23:00
c627861a-eb50-4bef-aaf4-1b09cd52287e,8c3bf900-f66d-4229-983b-0c9e1fc295fc,O+,PLATELETS,2.0,HIGH,OPEN,2025-02-25T08:49:00
bdab8855-c707-4642-b993-2cdc614f0cf6,5e639d3e-eceb-4e5e-a4f8-5c835c50ba5a,A+,BLOOD,4.0,CRITICAL,OPEN,2025-04-12T18:05:00
e063b964-756e-461f-964c-329c7fac0a44,c1428c4a-7e3c-4044-8196-b12cd5a974fe,O+,BLOOD,1.0,MEDIUM,OPEN,2025-01-27T13:10:00
89bed1ff-3830-40d4-b65e-39f850cf46b7,ca57306a-1715-40cf-ab88-71ab5e45ed38,B-,BLOOD,4.0,HIGH,OPEN,2025-01-09T11:43:00
4d3aa5d3-0d90-4caa-ba3d-067cc8fd509d,b3bef7a4-1733-491b-9df4-cf9292dfbd4a,B+,BLOOD,1.0,MEDIUM,OPEN,2025-02-16T10:28:00
44c6d075-e4eb-4e11-9365-b991ea055237,2e8c4a05-1d85-41a4-8bcd-123eda8e078f,O+,BLOOD,6.0,MEDIUM,OPEN,2025-03-14T08:31:00
d9e013de-e2e1-4df6-ae09-892af454d06f,5b284de0-98c4-47f3-97e6-30850ca940e5,O+,PLATELETS,4.0,CRITICAL,OPEN,2025-03-17T10:26:00
3e040e70-6656-49af-81bf-f444b84aa192,6f1dc83e-6638-4a18-831c-d9f9773b75f6,O+,BLOOD,2.0,LOW,OPEN,2025-02-06T18:48:00
19194959-b220-4e59-a651-e444da9a3743,25f726eb-3816-420c-9894-7b97cb7771fd,B+,PLATELETS,4.0,MEDIUM,OPEN,2025-01-20T10:22:00
62c84298-10f3-451b-b527-19de42c1d0c3,98a0d716-7a9c-4e21-983f-8a8c79407809,O+,PLATELETS,3.0,HIGH,OPEN,2025-01-19T22:18:00
771e0370-b378-4bad-adc5-83d70c6f326f,5542d1ee-b35d-41eb-b0f2-cc87a3d80b78,O+,BLOOD,6.0,MEDIUM,OPEN,2025-04-26T19:37:00
5e91b961-d410-470f-b7be-7a35cbbcb991,ff75a3d6-32f2-47a3-b5f9-5ae41700ef65,O+,PLATELETS,3.0,CRITICAL,OPEN,2025-03-31T22:42:00
81e11f88-67fe-4f90-b9f8-45ec8de7cc60,e9b02dbb-07d6-4a3d-82e3-0e28d0c83d19,A+,PLASMA,2.0,MEDIUM,OPEN,2025-01-08T18:14:00
417af00b-7509-4566-aa17-6920afe383b5,e8a8773b-8607-4e41-9940-8bb39cda2e95,B+,BLOOD,3.0,CRITICAL,OPEN,2025-04-13T06:03:00
130689ec-0fb5-403d-93b8-276d909c3890,1bca9f2a-8197-4098-ae3e-ae1493e64b8e,O-,BLOOD,1.0,CRITICAL,OPEN,2025-02-04T21:19:00
c11acdac-a841-4da4-aab5-84ac26040754,dce01dba-c0ee-47e1-a6ca-22edd5c1e174,B+,PLATELETS,2.0,MEDIUM,OPEN,2025-01-24T10:48:00
5f285205-54e0-4b75-9762-4e93239799ff,7bb35cbc-0571-450b-ba47-ca1be01a08d5,B+,PLATELETS,2.0,MEDIUM,OPEN,2025-02-19T09:20:00
6d67aa68-3241-438d-a5ce-5dc297346262,a380cfc1-35a1-49d7-925e-09aa37398f72,A-,BLOOD,1.0,MEDIUM,OPEN,2025-01-02T07:31:00
417de754-4a82-4ad9-ade3-4dace1af612a,1e0bcc42-820c-493f-8a7b-d8b36604f5fa,A+,BLOOD,6.0,HIGH,OPEN,2025-03-15T11:11:00
d5a26fce-d64d-4e82-a28d-0cf9f97b3c69,7c07ac6e-107e-467d-9d0d-323b60092578,O+,PLASMA,2.0,LOW,OPEN,2025-03-06T21:34:00
4d7cd9bd-6949-4f1a-9c37-75ca373ac248,aca2887f-f3d8-45d8-b8a5-f072cdb99605,O+,BLOOD,6.0,HIGH,OPEN,2025-02-09T06:32:00
f4774da5-9d5d-4a8e-93b1-b8f0db872f81,ae86aac0-65e0-4a98-aa91-58e1f8195eb0,O-,BLOOD,4.0,CRITICAL,OPEN,2025-04-25T00:51:00
d68565cc-3531-4400-922c-c2c9d70bb725,f65273b1-10ae-4dd9-aa34-c61d4a5d7161,O+,BLOOD,2.0,HIGH,OPEN,2025-01-13T07:25:00
20dd11b5-0eb6-4f73-982c-700ef1a28b55,4fd7807f-1f71-468c-a4ba-c4b83ae61bca,A+,BLOOD,6.0,HIGH,OPEN,2025-01-08T05:27:00
97a8d78c-a405-4a92-a207-45bbb6484977,68e48a84-ce84-48a3-930c-2843e444873e,A+,PLATELETS,1.0,HIGH,OPEN,2025-03-20T11:58:00
4c68081d-6920-46d9-bde4-edfd39bf1b0f,de017d7b-5a42-4660-8bf6-118fddc11e6a,O+,BLOOD,1.0,MEDIUM,OPEN,2025-02-23T10:36:00
5679aa75-008a-40c2-b4af-d63550ca5aff,9487e603-7a1d-40b4-bcfb-43016f4b4d4b,AB+,BLOOD,3.0,MEDIUM,OPEN,2025-04-08T20:25:00
51fa76f4-2eca-4afb-85ee-f3b5e642d9fa,d3276297-550b-4a46-aefd-5f1fcf53493e,A-,BLOOD,6.0,LOW,OPEN,2025-04-20T06:26:00
61667367-bc2d-4040-b070-ff145ed9b85c,3caff8e2-7d81-4503-ae66-fdad08d9f9a6,A+,BLOOD,2.0,CRITICAL,OPEN,2025-01-20T15:25:00
c5683156-bda3-4773-a4d0-de0ab726a5cf,45888c7a-e399-446e-a500-1445fed10f10,B+,PLASMA,1.0,HIGH,OPEN,2025-02-25T10:10:00
4aeb2e0d-1192-443e-b3f3-f50f0c10e828,a7ce4903-2921-4381-bb32-8d7f287bfd05,A+,PLATELETS,4.0,MEDIUM,OPEN,2025-03-20T12:53:00
72a65a88-4b89-423d-8916-e8f48ab48487,684dd4c6-9241-46c3-b2b8-ffd4d427b68a,A+,BLOOD,6.0,LOW,OPEN,2025-03-03T18:05:00
4a26dca2-1591-4a99-87b4-ecb3de05b3aa,fb176433-ea64-41a4-840f-8e1c59b8540a,A+,PLATELETS,3.0,CRITICAL,OPEN,2025-01-19T01:15:00
47c3afe1-70c2-45cc-ae91-967caf0767f1,bc607ba0-d86b-44df-98f1-79d654ba5f87,O+,BLOOD,3.0,MEDIUM,OPEN,2025-04-11T12:25:00
95ed7d00-4cb2-49e8-b02b-712d7b770dde,752dad22-44c7-4b10-b46f-991681e93055,AB+,BLOOD,4.0,HIGH,OPEN,2025-01-14T10:25:00
0483728e-ce08-4e11-a7cc-f6f410ab94f6,acc7edc0-e9c7-48fb-bc7f-06a0e31ba904,O+,BLOOD,2.0,MEDIUM,OPEN,2025-02-27T22:14:00
320b76b1-9cd6-485f-8c2d-502ae4360d73,9547e1a4-a581-4300-92e5-ac79fc913988,B+,BLOOD,2.0,HIGH,OPEN,2025-01-29T16:04:00
57f7b34c-aeb1-43d4-8e58-2b0fbe5b7fb5,ed910c6f-e186-4219-8e3f-bd3302c7a80c,O+,PLATELETS,4.0,CRITICAL,OPEN,2025-04-19T01:07:00
9364d58d-def4-4a6b-b17b-0d1dd7bbeaaf,935b9b32-9925-4934-8b17-866dea859d03,O+,PLATELETS,4.0,HIGH,OPEN,2025-03-29T00:12:00
30ea10fa-9a39-4328-8407-08007a5fe623,8440a552-e2dc-4173-9a7c-f788f8b3e982,O+,BLOOD,2.0,MEDIUM,OPEN,2025-03-01T22:46:00
20736b65-eae2-44d6-8ec0-01b0198b1a98,bd494eba-2d51-4ed5-bdca-ba1a8aa04ecb,B+,PLATELETS,6.0,MEDIUM,OPEN,2025-01-26T04:15:00
41566cb7-6bee-4f6c-9040-47abbab1e1fd,9aeb64f6-12e1-4105-a4de-d0154d74ba72,A+,PLATELETS,1.0,CRITICAL,OPEN,2025-01-25T23:16:00
36aff8b4-711f-4a26-b2d0-64389cb90093,98e1a993-6910-473e-abc7-2bff74809982,A+,PLASMA,2.0,HIGH,OPEN,2025-01-30T14:38:00
a61a2d31-d2b9-4310-9281-9d177a8c0316,511af303-d069-4b8e-b3fa-1d80c2b48811,A+,PLATELETS,2.0,HIGH,OPEN,2025-04-22T20:04:00
e303438b-3d23-4a73-9fb7-5fa0676acc65,2fea9053-9fdb-4663-be94-cc1774f8bfa6,A+,BLOOD,2.0,CRITICAL,OPEN,2025-04-18T04:31:00
69474371-34eb-4998-aebe-85e70a0252cd,b81495c6-f600-4a65-8d6b-9ce9f620fb9e,B+,BLOOD,3.0,MEDIUM,OPEN,2025-04-07T05:48:00
2082a4d5-796f-4703-a6f8-b2c9dcb6811f,3c6d1f4f-0a35-42c2-a1fd-4923d0efacf3,A+,BLOOD,4.0,MEDIUM,OPEN,2025-03-18T14:43:00
6f4198a7-305d-4aa1-9ec9-4cedfc352eca,ac50555f-41c4-400f-ab35-8200836047c7,B+,BLOOD,4.0,MEDIUM,OPEN,2025-04-20T17:40:00
9a762cb5-f046-4a25-b373-462948d3cafe,890546a1-b3b8-45d3-bb76-0ee238831ed3,O+,BLOOD,4.0,CRITICAL,OPEN,2025-02-25T03:55:00
2d0a5ddb-b1ff-499f-ac0d-8e62145fe653,fdb21069-eff3-40fe-9d72-8c34e41878e8,O+,BLOOD,6.0,HIGH,OPEN,2025-02-23T22:09:00
b037b857-aeac-40d4-a553-483525d26a93,2cc1d8fb-fc69-4f25-aaf3-f01c77c3622e,O+,BLOOD,3.0,MEDIUM,OPEN,2025-01-12T15:30:00
baca3cff-3f64-4b9e-beb6-866786d12a6b,44372ca4-1c83-4acb-8a32-0563187147a1,A+,BLOOD,3.0,MEDIUM,OPEN,2025-04-18T18:19:00
95d65516-f4ea-43b3-b976-06ac95c4f2bc,74b6b12a-90ca-471d-9fff-aa328054e4d5,A+,PLASMA,2.0,MEDIUM,OPEN,2025-04-11T22:03:00
3af55daf-5f60-4a05-a0b3-838738a5cc76,71554e38-25a7-4fa0-b337-57ade77bd0e3,O+,BLOOD,2.0,HIGH,OPEN,2025-03-28T14:04:00
562635b5-515a-45e8-bb56-a300d3930914,4ec62029-95c0-48fd-b320-79e9c33f13ee,B+,BLOOD,2.0,HIGH,OPEN,2025-03-20T19:28:00
1d8b5240-f432-423f-82f5-ea3f9d4ca82d,bd038508-16a8-4310-b04c-578dc64f143b,O+,BLOOD,1.0,HIGH,OPEN,2025-01-10T17:23:00
ebb5f09e-ff57-402b-9a98-92407d61d1ca,e62619c6-161e-4dbe-95d9-43532fd3981a,O+,BLOOD,2.0,MEDIUM,OPEN,2025-01-14T02:41:00
966ac386-8fb6-4261-a2e4-7c8ebffd2d67,e0f84252-d966-4fbd-9446-51cc5fa9c462,B+,BLOOD,1.0,CRITICAL,OPEN,2025-04-15T23:38:00
76a47475-9122-4c79-864d-0e4700e97a72,0500f2ff-45ce-42d3-bfda-ff3dbcf97036,O+,PLATELETS,4.0,MEDIUM,OPEN,2025-03-07T14:29:00
623d6f43-9ff5-43ef-9d9e-60f7a4ab04fa,5ad18988-c231-492b-9a95-f4b71259938d,B+,BLOOD,4.0,CRITICAL,OPEN,2025-04-05T14:50:00
5e4405ae-aa3e-48aa-9eb0-ae92936136d0,c276e53c-c6e8-4764-810b-06709bcc8b9a,O+,BLOOD,6.0,HIGH,OPEN,2025-01-08T00:28:00
8c176475-8fb9-46a7-8778-40451da7091e,9a8b50c3-9a77-489b-87c2-8b50079313bd,O+,BLOOD,4.0,CRITICAL,OPEN,2025-04-22T05:12:00
cfa23e73-1cb0-45f3-ae99-fcf5c5e32893,9ae466b0-3e20-4559-b545-d269efe11324,B-,BLOOD,2.0,CRITICAL,OPEN,2025-04-14T06:30:00
d3a412a4-1617-48eb-b603-6402cfc51362,6571df4c-51f2-46b2-961f-fbced5cacb81,A+,BLOOD,4.0,HIGH,OPEN,2025-01-26T17:03:00
46d21057-fe7f-480e-89ec-dc3f88d51a63,93f54238-827f-44e4-b523-ef007af82521,A+,PLASMA,3.0,MEDIUM,OPEN,2025-01-18T15:51:00
bad11944-d982-4f00-b8b0-1dc15de1d0cf,23659a76-b966-4f2b-ae25-e7ea5324c874,A+,BLOOD,2.0,MEDIUM,OPEN,2025-01-15T09:32:00
fee18172-f6f7-4e8f-970f-3d69ed978df5,a8564d98-ea2d-4eda-a4d4-169d91fca531,O+,PLASMA,6.0,CRITICAL,OPEN,2025-01-30T10:02:00
a72e14a7-9f43-4433-9058-76445e25d967,71d70048-ffae-421a-a021-e4e43a37215c,B+,BLOOD,2.0,MEDIUM,OPEN,2025-03-16T17:28:00
00d1337b-c86b-4d63-9e9b-7dced7ef706e,f175b50b-d1a8-466a-b9a6-e7b04bdecdb5,O+,BLOOD,4.0,MEDIUM,OPEN,2025-03-31T05:39:00
74e6a306-c735-414f-8b86-941b80830e8c,5dc2f0bd-07ff-4383-9104-1129292452ff,B+,BLOOD,2.0,LOW,OPEN,2025-03-04T02:23:00
7562c86f-0d63-4be6-a328-d9bf37a20cff,f9eb0db5-4f50-48b4-a3e7-e75fc067fa52,O+,BLOOD,2.0,MEDIUM,OPEN,2025-03-08T02:26:00
316df559-b9b7-4220-909b-a4dbbb0f0411,388da070-7b86-4e3d-ba5c-407fbf927d3e,O-,BLOOD,2.0,CRITICAL,OPEN,2025-04-26T20:38:00
1a3505e4-9529-48f6-9cdf-4a93b0e450c7,f1725d51-7110-4229-90f4-888e1ba857a6,A+,BLOOD,1.0,MEDIUM,OPEN,2025-04-18T16:41:00
92c3d0ca-c033-4af3-98d2-9663fcd56c8e,9f080add-83fe-4229-89ce-c06424d27dc5,AB+,PLATELETS,2.0,MEDIUM,OPEN,2025-01-12T05:21:00
88202ea5-6f52-4889-a2e0-9de687789fb5,4961d019-fb9d-4742-8a12-675604296128,A+,BLOOD,1.0,HIGH,OPEN,2025-04-06T05:43:00
d23117c3-3c14-4a28-8925-d90c37900211,07052f21-35f4-49d7-945a-6709ee0ad459,O-,BLOOD,3.0,HIGH,OPEN,2025-02-18T11:16:00
63d3fbc1-3e19-4050-88e7-910ea5e80d31,dab4d676-26c8-4068-8c5b-60edc18bf452,O+,BLOOD,6.0,MEDIUM,OPEN,2025-04-23T01:58:00
f055db90-8a35-4f41-a8a0-b45169b6159a,e6551862-447b-4ebd-add1-57d9ad39f3ed,O+,PLATELETS,4.0,HIGH,OPEN,2025-01-26T15:21:00
adc3fef3-c995-4e0c-960b-5431cfe99ab1,78fb67ca-7b07-4f96-aea2-5263cc5c4d1e,O+,PLATELETS,1.0,MEDIUM,OPEN,2025-04-10T10:42:00
1e2869e5-804b-4130-a85e-67bd28f808a3,c0989a89-85a4-4271-a08a-198e4a2c4155,O+,BLOOD,2.0,MEDIUM,OPEN,2025-03-01T16:19:00
737dcda0-0efd-4006-b542-8e52d795f4ac,72c2f60c-e1a1-4326-95d8-89d933548f49,O+,BLOOD,6.0,MEDIUM,OPEN,2025-04-30T04:42:00
2c677486-f75d-49f5-9cbd-9da64d37f148,f0967182-26cd-4268-9568-ffaa19010998,B-,BLOOD,3.0,MEDIUM,OPEN,2025-01-23T00:38:00
5698b099-ab95-4b00-8914-f6695fda0738,9aa36d4d-436e-431d-898f-a1b7be97f066,O+,BLOOD,6.0,LOW,OPEN,2025-01-15T11:19:00
2e429260-49c2-4d92-8ad3-82356f3328fe,24fdbc5f-3b17-47e0-bfea-bcf4b56c5049,B+,BLOOD,4.0,HIGH,OPEN,2025-03-06T06:41:00
cd3d2e00-4429-4673-b1e1-645a962b7679,46f07d9d-f4f6-4b18-897b-af62c2e28a9c,A+,BLOOD,2.0,MEDIUM,OPEN,2025-01-22T19:42:00
7aa548ac-fe9c-4bbc-80f6-7507a7fb0822,8b5a7026-3f74-437e-a1f6-018df037841e,O+,BLOOD,6.0,MEDIUM,OPEN,2025-04-27T23:58:00
9db9c6bf-6f4b-4931-af5a-c7b8a8775d4f,e055b0ad-ec86-4c55-9f53-6a16c4c8ef33,O+,PLASMA,4.0,LOW,OPEN,2025-01-16T22:41:00
2c7f0664-6581-40e6-a0db-88dcefdcc208,3c05556f-0224-49e5-b073-2a8075ba141d,B+,PLATELETS,6.0,MEDIUM,OPEN,2025-03-14T06:32:00
2614a6f5-45b5-44a1-a55c-062e5644645a,3d917be1-fc17-4cce-b231-c6d2bbf4153a,O+,BLOOD,2.0,HIGH,OPEN,2025-01-04T02:23:00
4ab7fb1b-c249-461c-9cd4-6c04298ed0ee,fed3dbd6-b5b2-4019-b412-fb8f11b54be3,A+,PLATELETS,2.0,CRITICAL,OPEN,2025-01-31T18:13:00
ce3cc905-6a19-49cd-9469-44318245997c,97931b81-5a50-4319-bdc2-da00de0c5bae,B+,BLOOD,2.0,MEDIUM,OPEN,2025-03-24T23:12:00
4fb54958-f409-4883-9414-e32b135843d0,2f8fe3db-32ca-4bb4-a58e-aa4c965b0278,B+,BLOOD,2.0,LOW,OPEN,2025-01-24T11:09:00
c0595c98-1ac3-4259-b6c1-a06d09d050d0,cacf9231-58ab-4c39-8592-5214f78f0029,B+,BLOOD,1.0,CRITICAL,OPEN,2025-02-20T11:54:00
55dcab59-cf09-40dd-8856-66b9ce974e69,f7c46a6a-42d1-40f3-b144-9ecd7b994934,A+,BLOOD,1.0,CRITICAL,OPEN,2025-03-28T15:49:00
96ec77ec-1872-4049-b2a4-9d8d87de85ee,52768659-d41e-4708-abf3-22ae9d1543b4,O+,BLOOD,4.0,MEDIUM,OPEN,2025-03-31T20:02:00
e7fe10b0-7b1f-464e-bdf3-da9f792b1720,4c36e5c7-3636-4874-b0fb-c94947597026,O+,BLOOD,6.0,MEDIUM,OPEN,2025-02-27T11:56:00
6fa1fc47-6fb4-4785-be83-da66478217ad,9c1b5046-6e27-458e-8307-833e17a6ee58,A+,BLOOD,4.0,HIGH,OPEN,2025-01-23T08:38:00
0a2f7cf1-3625-4639-b2d6-c3d8c2a3298e,0031b62a-2246-4047-ad93-8948d85ff5ad,B+,BLOOD,3.0,MEDIUM,OPEN,2025-01-27T07:10:00
a772d977-7115-4f6d-8c55-474351fa89f9,0be6b044-c627-4559-834f-683e2aed359c,O+,BLOOD,2.0,HIGH,OPEN,2025-04-29T05:49:00
972fbade-4992-41ed-b94e-2404c9ad8c70,4a77842c-f53d-4bb5-8e9d-22c45a38ff3c,B+,BLOOD,4.0,MEDIUM,OPEN,2025-01-29T06:46:00
4ad63b8c-2380-4e7a-a5b4-4e08df619d87,917645f5-ea1b-4c2a-87c1-bab0006742b7,O+,BLOOD,3.0,MEDIUM,OPEN,2025-01-08T10:26:00
8115eb6b-3b8d-44af-b89b-69185711e241,4a37d71b-9071-47fc-8c3a-6f6837e6403d,B-,PLATELETS,2.0,MEDIUM,OPEN,2025-04-26T10:46:00
0bbfc729-24d3-4ebd-8bbe-87d612de095c,404be999-7b4a-4c74-bac2-569a2157750d,A+,PLASMA,2.0,HIGH,OPEN,2025-03-17T19:39:00
37950ef6-c32a-4683-bac9-a7f075169d84,7fa39139-2540-4346-acb4-ba194dee0249,O+,BLOOD,2.0,CRITICAL,OPEN,2025-03-18T14:14:00
a5bf481c-54f8-4d42-931f-1e86908c218d,3556d034-2e36-44e7-936c-b3f31b3ef3bb,A+,BLOOD,4.0,CRITICAL,OPEN,2025-02-10T19:19:00
170cc392-44fd-45d1-ac70-c320cdd7c0bf,78637f85-5f3e-4b27-b1af-69a469d0213f,AB+,PLASMA,3.0,LOW,OPEN,2025-02-03T02:23:00
3f65e448-5ab5-448d-8c51-9513ed3ab624,8b284009-2492-4c6e-b137-abc382fe82d1,A+,PLATELETS,6.0,HIGH,OPEN,2025-04-08T08:28:00
64ae316e-9263-4aba-994f-e35c77559d61,4d714837-f7b9-47b3-8b14-7cd84f0f43b6,A+,BLOOD,3.0,HIGH,OPEN,2025-02-18T02:49:00
2dee4209-a6a5-4af6-bf8b-98087388cd26,3019c56d-7f09-4108-8cbb-fa67bd160be8,B+,BLOOD,3.0,HIGH,OPEN,2025-03-27T19:33:00
4102d6b3-dcd7-4a70-9a28-37355fe361d5,1a5813f6-9f9f-478b-9dae-5c2cede0bd61,O+,BLOOD,3.0,LOW,OPEN,2025-01-28T15:52:00
02a33fe0-0186-4678-8a7c-c52d8109f2d9,7bb002ec-9ad9-46ba-8936-d466381fbf70,A+,BLOOD,2.0,HIGH,OPEN,2025-04-14T04:08:00
239ae704-cdef-4e35-8a76-8bc5e8c7f280,c182bc74-c0e6-48ee-ae5a-63393cd113ab,A+,PLATELETS,2.0,MEDIUM,OPEN,2025-01-09T21:41:00
db4ef39e-7d79-46d8-9a73-85d59eb62bc3,1288084c-6169-44a7-9bc9-1136c231e5ac,O+,PLATELETS,3.0,MEDIUM,OPEN,2025-03-05T08:35:00
17af1085-2b9a-480e-884e-d2ca00022308,11701b7c-7237-41d7-9949-68a5870bcb5a,B-,PLATELETS,1.0,HIGH,OPEN,2025-03-30T01:54:00
ebe769a7-b440-4b59-a116-4aa7f18831ff,118ab2c8-5bf6-40ba-b1a2-34e4f34219b5,B-,BLOOD,1.0,MEDIUM,OPEN,2025-02-18T15:05:00
aaa76907-2f27-45ec-9f10-d6aaa093bb85,7cc8ac83-9f05-43e0-9ecf-c0e1296c622c,A+,BLOOD,2.0,CRITICAL,OPEN,2025-02-16T13:28:00
970862ff-f987-427b-bf99-b0b43f40b807,962bea49-aad2-4401-bd88-f1d2e13c5db7,O+,BLOOD,4.0,HIGH,OPEN,2025-01-26T03:53:00
83a47dc6-e0f1-4375-8ea0-f1a62a5ee31d,37bdcd90-6e45-407a-b55d-f4bf59a23f7e,A+,BLOOD,3.0,MEDIUM,OPEN,2025-01-16T15:58:00
4913f7cb-a551-44e0-972b-966935024727,628238c0-718e-4101-9a8e-c6a85783e2ec,B+,BLOOD,2.0,CRITICAL,OPEN,2025-03-18T23:56:00
850d779b-df26-4e84-9ffd-daf6d4e41774,5da98cce-1e85-4ee1-8492-66aca093977d,A+,PLATELETS,2.0,HIGH,OPEN,2025-01-05T13:26:00
db7067d3-1d2d-434f-a136-ee58ed902ce2,45584441-ae29-4b98-a265-ea3bce0bda90,O+,BLOOD,1.0,CRITICAL,OPEN,2025-03-09T15:32:00
855c8af8-4ea6-4304-9d58-eab6d576a57d,1ebfcd3c-82b3-4419-83ac-ca480921194f,A+,PLASMA,2.0,HIGH,OPEN,2025-02-10T05:24:00
ea909c50-6ba6-426c-b6c4-8b3ad87ad188,f08826c2-acd3-4527-bd98-4457b890a947,O+,BLOOD,1.0,CRITICAL,OPEN,2025-03-05T23:14:00
cdc0a9b1-b9bc-4cee-95e0-06a85a28a65e,c74daa9e-9201-4a6e-8159-17f7cf5e5a3f,O+,PLATELETS,1.0,CRITICAL,OPEN,2025-02-24T09:59:00
3a420c66-0f36-443e-848a-f46d54e094d5,51e1f845-48b2-49c7-b217-9c506c453ee7,O+,BLOOD,1.0,HIGH,OPEN,2025-04-21T22:21:00
15b72b96-deb0-40b3-9585-3dc652453c90,48ff8263-2ffc-4df0-a146-13474ae135c5,O+,PLATELETS,2.0,MEDIUM,OPEN,2025-01-24T11:02:00
e9ac93cc-45e0-4c96-83ef-c295a6d86f86,0465b6b1-1b90-46cb-983c-ebf5a4fd79d7,A+,PLATELETS,2.0,MEDIUM,OPEN,2025-03-22T15:44:00
17261f99-70dc-4b52-9fd6-85eb3d3bac65,223e75e4-95f6-43c8-ad03-82c1d029252b,A+,BLOOD,2.0,MEDIUM,OPEN,2025-03-22T01:28:00
aa3cda02-f1e4-4498-9124-3820051ae716,7ef2a606-ef5f-42cc-a1f2-935f2cc6634f,A+,PLATELETS,4.0,MEDIUM,OPEN,2025-01-01T21:57:00
5d58dca7-f2e3-497c-84e9-d8f305e67e03,83f3b55b-f321-4af7-bed3-ad0993812cc9,A+,BLOOD,1.0,MEDIUM,OPEN,2025-01-04T05:16:00
c55aff68-a49c-4fdc-9ee1-74505dacf71b,43974a06-046b-45b6-9dff-b7478a7597b8,O+,PLASMA,2.0,HIGH,OPEN,2025-01-26T12:35:00
41c78d07-72d2-4fb3-a6b6-80d50bdd0a55,c37fa872-f0fb-4815-a61a-024c1460b785,A+,BLOOD,6.0,LOW,OPEN,2025-04-14T21:33:00
6d3c240a-f6a9-4de2-a49c-e63480d9d129,49d88edd-4f2d-4aab-9f06-e5e5dccd107e,A+,BLOOD,3.0,HIGH,OPEN,2025-01-19T23:49:00
eb57bfec-8bc9-4ffc-b384-b272b188b362,c25be5fb-cc0e-4556-9058-cbb706b76fd1,O+,BLOOD,2.0,MEDIUM,OPEN,2025-02-10T13:19:00
27ae7b10-1b1c-43f3-b2c5-61ec43212e47,cbdbf592-321b-4add-b1e0-f9d06d364e20,A-,BLOOD,1.0,HIGH,OPEN,2025-01-09T03:15:00
212cd37e-d696-4dbd-88c0-57ddaf689399,11084075-576f-49b5-b798-2cb9fbf753d7,O+,BLOOD,3.0,HIGH,OPEN,2025-04-20T01:50:00
a0e1abb3-c08a-471c-8f0b-e0c55867b2c5,4a188ae7-c99f-414f-b6b9-6851c4801af4,A+,BLOOD,4.0,MEDIUM,OPEN,2025-03-20T00:04:00
02209802-9294-4920-80c8-d7854c3fbafb,40108cbf-be9a-4755-92b1-65cd422e06d6,B+,BLOOD,1.0,MEDIUM,OPEN,2025-03-27T07:38:00
9dbd01d5-4058-4fa9-85d8-dc24d6743804,5d18a3cd-fd62-44fe-a335-6c2be68e505e,A+,BLOOD,4.0,MEDIUM,OPEN,2025-01-03T19:40:00
1d99ed76-6be0-40d1-b0a1-8641fe58efdd,2a6becd1-dc87-4204-8d39-6a51d5aca8dc,A+,BLOOD,4.0,CRITICAL,OPEN,2025-04-09T03:15:00
9c8a4c3f-3a40-41ee-98f8-8192bdc5042c,323bd023-2412-4007-b9b8-8acfd9ef4e64,A+,BLOOD,6.0,MEDIUM,OPEN,2025-01-25T12:18:00
9cf117b1-98e0-4f6a-bc35-125afcbd3247,889ee14c-601e-49bb-859c-6a1aea7eea59,B-,BLOOD,3.0,HIGH,OPEN,2025-01-01T06:39:00
eb4d83ef-e758-4ed0-9491-29779d6eb112,51491ae6-1ed6-4055-a20d-df2f02c4a177,O+,BLOOD,2.0,LOW,OPEN,2025-02-11T01:36:00
bc559365-b8f5-4006-8526-6a5c94914dab,cafaf94e-a950-47ab-ab1a-89be4223305d,A+,PLASMA,3.0,CRITICAL,OPEN,2025-02-01T23:42:00
02cc6979-d70e-4f2d-a740-467029caac7d,b964eb08-29a5-4ca0-9d57-e5c2f310a2b3,A+,BLOOD,6.0,CRITICAL,OPEN,2025-01-15T14:33:00
58e691a5-66fa-4aea-b9fd-22128bfb79ab,f3e37fee-47fd-4964-868a-e80655f6add8,A+,BLOOD,2.0,HIGH,OPEN,2025-01-12T13:33:00
1b41df75-92bd-4500-a52b-4371dc5503f7,12666ade-ced6-4490-a27b-ca5adde6a8db,O+,BLOOD,4.0,HIGH,OPEN,2025-03-28T14:50:00
17162a27-fc8b-4c04-8fa4-ef3bd5c05e1f,095c71a7-7938-4acc-a766-7c290a38a2e0,A+,BLOOD,4.0,MEDIUM,OPEN,2025-04-05T13:01:00
51abde2c-d4a5-48fd-92af-954cda849000,20636b07-d4ad-42ec-85f9-dea8915eb3ed,A+,PLATELETS,3.0,HIGH,OPEN,2025-03-22T05:02:00
a84026be-1ca4-48d3-8e6e-6c09cd7d40ff,7d198dd2-ec34-47d1-a11d-f4d5112c7868,O+,PLASMA,6.0,CRITICAL,OPEN,2025-03-08T00:23:00
c3f58522-b395-4113-854c-d43297e8a110,de7023c7-55d4-4a47-a97c-098ac4874b87,O+,BLOOD,2.0,HIGH,OPEN,2025-01-03T18:22:00
c7294329-2d81-48c5-b320-4682ab805d67,7480cdd7-6ca6-4275-809e-9f45a95c4807,B+,PLASMA,1.0,CRITICAL,OPEN,2025-02-28T20:15:00
4b472f50-5d3d-471f-9e48-70db20297b2f,5f32e85a-03e7-4a2d-8678-8386f433f5cf,A+,BLOOD,6.0,LOW,OPEN,2025-04-23T03:40:00
0bfda94f-8fa1-433c-80f4-17a4d514ecb9,e1063007-0a25-44ba-a60d-02656cd5ee3c,O+,BLOOD,1.0,HIGH,OPEN,2025-04-10T07:47:00
4e153831-4387-4ac8-a98c-d4ce45e023aa,a8f08c53-3f6a-4bf9-a656-87e646aa49f3,A+,PLATELETS,2.0,MEDIUM,OPEN,2025-01-23T18:02:00
f1892c41-1794-4d4a-9e6b-25993f2a2824,075df378-5f28-4bec-b7b6-87692e9acfc6,A+,BLOOD,2.0,MEDIUM,OPEN,2025-04-04T04:21:00
794c7384-b094-442f-851c-25008c3d4ff4,8df5fd9b-1b8a-430b-a862-0f19c8c90c4c,B+,BLOOD,6.0,CRITICAL,OPEN,2025-01-30T21:53:00
f07d3648-042c-4b80-8e94-2b02672fa2ea,f3ccdef8-5c15-4d27-8ab1-b51c29b0d418,O+,BLOOD,6.0,MEDIUM,OPEN,2025-03-21T07:44:00
b4e1327b-4c38-42ad-b6b4-4e3d67951e2b,776711a0-eb05-4fb5-ada3-f9d42856e1d2,A+,PLATELETS,3.0,HIGH,OPEN,2025-04-18T19:11:00
ace56f15-e75c-44e2-ae94-23aef00cdf82,133d8e80-54cd-4157-b9dc-8af29a35b5ad,AB+,BLOOD,2.0,CRITICAL,OPEN,2025-01-11T18:45:00
02806381-25e5-4997-8b2b-2481bff90123,f9f409bd-9f23-426e-b923-b37de2a2a4b2,O+,PLASMA,3.0,MEDIUM,OPEN,2025-01-07T07:18:00
65eaf36a-51d1-4636-9800-978f7acdba27,8c1a826f-f0af-4d33-b482-945206db39d0,O+,BLOOD,2.0,CRITICAL,OPEN,2025-01-08T11:50:00
74c6812d-12cf-4a17-b95b-06514016fca6,2b8ad595-3b57-47a9-bf44-4c8dc5f66666,O+,BLOOD,2.0,CRITICAL,OPEN,2025-01-08T03:20:00
517860ff-7370-4a8f-b1c3-1e9104cb6fe6,e4f6261e-5c53-4f62-bbf9-820350e15b69,A+,BLOOD,2.0,MEDIUM,OPEN,2025-03-29T23:25:00
245626fa-0807-4c5b-943c-276c6c988876,56462615-6324-4b8e-b88f-5d0579aa8820,A+,PLASMA,4.0,HIGH,OPEN,2025-03-22T19:16:00
1d993c2d-a33a-41c7-b0a2-2d3fe199ea28,8f7c37ad-7620-43e8-be5a-b47dffe36806,A+,PLASMA,1.0,HIGH,OPEN,2025-04-21T09:12:00
10247234-f538-4e24-923f-27098ce88777,df7bdcb4-dbfa-43b9-afd3-1c9ed3008ffd,O+,BLOOD,2.0,MEDIUM,OPEN,2025-03-02T22:55:00
acf76347-d2e6-49b7-afdc-0269ac0eb047,583056a7-d5e6-4746-947b-86edc6c88e59,O+,PLASMA,1.0,HIGH,OPEN,2025-04-22T21:21:00
3720eb77-2481-48b9-a9d4-69a31cefd0dd,892bc5c4-6122-4e93-9616-e46069f0ad62,O+,BLOOD,2.0,HIGH,OPEN,2025-01-22T05:51:00
ad1b8b12-1d15-4462-a7da-217b73d7f9c8,5356c4c4-fe05-40b4-b46d-e1ee5be95b69,O-,PLASMA,2.0,HIGH,OPEN,2025-03-16T13:56:00
e296f435-6733-4a01-ab65-a6d40d4c3262,b8e16c80-1557-40d6-b1fe-2b0f115156ed,B+,BLOOD,3.0,HIGH,OPEN,2025-03-17T01:57:00
12158f72-3296-44d3-9773-dc190f2b97ce,00a2aa75-9d1e-4426-ba42-8084c8c2b93d,O+,BLOOD,3.0,HIGH,OPEN,2025-02-27T20:11:00
6a22849b-1a0a-454c-b328-a7c636dab3b5,886d4b21-364b-4215-979b-2dc635876a84,O+,BLOOD,3.0,HIGH,OPEN,2025-04-29T02:31:00
58df22cf-e3c4-4305-946a-ceb3133c2297,05653d7b-96d5-48fa-8716-32816b78eb92,O+,BLOOD,2.0,HIGH,OPEN,2025-03-30T14:17:00
3b682cb0-d6b8-47bc-801b-b05bb62d9f49,f95b1f98-e00c-4b7d-8eb7-be01a429c092,A-,BLOOD,1.0,LOW,OPEN,2025-03-14T10:05:00
b8117eef-c6aa-4d05-9b7f-7186932db0f4,96d8cd74-494e-4d78-b52b-ba3108b7ef53,A+,PLATELETS,3.0,CRITICAL,OPEN,2025-04-13T19:52:00
1bed8e1b-7b26-479b-a578-a2f22e4536d3,cbaa1dfb-157e-4ffa-beaa-bfeb066b413c,A+,BLOOD,2.0,CRITICAL,OPEN,2025-04-04T02:18:00
282acc8d-45ec-4654-8099-f1b28b90109d,551b207c-0002-4528-97d4-1011ea91bd9e,O+,BLOOD,2.0,MEDIUM,OPEN,2025-01-18T12:05:00
e08fa123-21b2-4392-85ee-81155cd76427,102ab9ff-c731-4304-b7f8-1f0728be7f19,O+,BLOOD,2.0,MEDIUM,OPEN,2025-04-23T19:18:00
24385caf-9c64-4f7a-98c5-43a858d65427,6b4836d7-9b63-4ce6-ba92-0c7896ce3cb0,B+,PLASMA,2.0,MEDIUM,OPEN,2025-03-18T02:38:00
f3a832c0-539b-4777-82da-6306a6542260,9a03b9eb-38fd-482e-9057-a617d1def958,B+,BLOOD,6.0,HIGH,OPEN,2025-03-14T17:10:00
56611aba-6ddb-4768-a343-107089dcad40,7d4200b8-c750-4fee-bbc1-8a9575d02deb,O+,PLASMA,6.0,HIGH,OPEN,2025-03-17T18:22:00
64fa339b-6c02-4e25-8767-118e4bcfd8e0,21140862-ec75-4f70-83b0-561642038271,A+,PLATELETS,3.0,HIGH,OPEN,2025-01-08T05:46:00
06a91131-2d14-48c7-a20d-c2042d42295d,cbb7eae9-bf43-4da0-aa7c-7fc02385e648,A-,PLATELETS,2.0,CRITICAL,OPEN,2025-04-15T22:27:00
de39e5f9-873c-42e4-bfdf-c285870ef0e8,e9e6d215-ec06-4b87-a896-362138c188af,A+,BLOOD,2.0,HIGH,OPEN,2025-04-20T03:50:00
47ff3b5f-0607-4fb6-8393-629e7077c123,75e49b0b-48ee-4636-8f5b-599dca6959cb,O+,BLOOD,1.0,HIGH,OPEN,2025-01-13T19:42:00
b9209216-48f3-44b7-b607-713539e9e0d2,f68122dd-fef7-4cb0-acf5-24b271a90f34,A+,BLOOD,6.0,MEDIUM,OPEN,2025-03-11T07:23:00
65e005aa-b24c-4fe6-88bf-f0e15c6c6a22,6d5bf4cb-4c78-4c4b-8322-cb9935a04ebc,A+,PLASMA,4.0,MEDIUM,OPEN,2025-04-26T22:10:00
e6a613c4-be82-44ec-aed0-70afa6dd1c10,2d5e952a-5538-4bd8-ae68-4ad0a05233b3,A+,PLATELETS,1.0,HIGH,OPEN,2025-01-25T08:54:00
b1429a89-613d-4f32-b735-2e1fd19535eb,1eaea4ab-8f7a-4bc8-95ae-f8e258cca47d,O+,BLOOD,4.0,MEDIUM,OPEN,2025-04-26T17:50:00
117578b3-bb3c-4823-9e97-3d4ea3a90869,97d2729c-5e39-48bd-878c-c4e806adae61,A-,BLOOD,3.0,MEDIUM,OPEN,2025-01-06T22:08:00
655cf946-5566-4def-9938-ab31eecbc2fb,0fa9e0c9-c7ad-483a-8059-610f9e2bfc96,O+,BLOOD,1.0,HIGH,OPEN,2025-02-10T06:49:00
95624fd2-2b5c-40f6-90d4-65f631741261,73587359-c2a5-40bf-9a03-408a19c35746,O+,BLOOD,6.0,HIGH,OPEN,2025-03-04T12:23:00
721fd708-8310-48bb-8152-55d60404fa02,b1d44d29-480d-4f68-87ae-18b983ddc183,O+,BLOOD,3.0,CRITICAL,OPEN,2025-04-07T19:02:00
8978a7ec-48fb-4bae-b37c-fa540747d248,5198ce3a-a130-4191-a877-1aa57d7a90f6,B+,PLASMA,4.0,CRITICAL,OPEN,2025-01-27T04:43:00
043dd752-387a-4235-a01d-beb54e61252a,676a7657-6170-48cb-a2c5-458fec71ace5,B+,BLOOD,3.0,HIGH,OPEN,2025-03-05T07:23:00
8ec4e0b3-5ce2-4bba-8224-13a825cfde8e,9f7b3153-0694-4a35-b099-92b895b73ef6,B+,PLATELETS,3.0,HIGH,OPEN,2025-01-14T02:36:00
b8846cf1-6b97-4b6d-b41f-9bb9adcdcabf,27d084e7-8ed8-45d2-a84e-53baac7ce5ed,O+,PLATELETS,2.0,HIGH,OPEN,2025-04-01T08:23:00
c8445ded-4d19-480b-a6de-e14500d09ca7,27263d75-3ffc-40d8-9284-b879eb76ee91,B-,BLOOD,3.0,MEDIUM,OPEN,2025-02-23T15:41:00
bfa93c49-8ae6-4985-822a-69b8cc4583c9,67f4390c-e55f-45ca-bbd4-48548deb2ea1,O+,PLATELETS,2.0,MEDIUM,OPEN,2025-02-12T14:07:00
3e5c572e-07e5-4739-80ed-ba352f4d33cd,97e594a3-8b42-46e2-880e-a9d1eecbe364,O+,PLASMA,1.0,LOW,OPEN,2025-02-01T18:31:00
b4c45a7b-3bf1-4e79-b136-2760e1712184,2f67a81d-364c-4a40-96bc-51f7e05c5451,B+,BLOOD,4.0,CRITICAL,OPEN,2025-03-08T01:58:00
1415d48b-d081-4e41-ad85-a42e9d5dc907,32beda04-e468-415d-90da-f691517863ef,A+,PLASMA,4.0,CRITICAL,OPEN,2025-01-21T02:16:00
277bfb83-9e7d-483f-a4e1-3370decf0318,e5648f20-79f1-4ba4-afb0-0f85936764a2,O+,BLOOD,2.0,MEDIUM,OPEN,2025-03-18T03:13:00
fdf07deb-c49a-44c7-af6d-784126f2bc7d,297ebaa0-7b15-4bc5-9b2a-73bb52150dfa,A+,PLASMA,4.0,HIGH,OPEN,2025-02-18T17:44:00
367dbf3a-b42b-4dc8-bf5c-92298eff737f,299be325-f107-4025-a021-325c5fcc8657,A+,BLOOD,3.0,CRITICAL,OPEN,2025-02-04T03:07:00
f49f07d8-49f8-4924-a7b4-aefca3fcd8bd,6e41eef4-7d86-4b45-a79d-1bf07eb888fc,A-,BLOOD,2.0,HIGH,OPEN,2025-01-13T15:28:00
6f0b6e2c-2142-40a4-b3cd-fb553cfc0fc9,6a6dbc0a-5a7b-46e0-96a2-2817f8f81218,O+,BLOOD,2.0,HIGH,OPEN,2025-03-17T23:05:00
3ca55773-3182-40b3-bbf0-154ebd756d42,9f52198f-b4f2-4651-b553-4a8c29a1611d,O+,BLOOD,6.0,MEDIUM,OPEN,2025-02-24T13:42:00
2a107141-4bcc-4c17-a656-f3de73412f13,431e30ca-4d43-4dc7-a5a3-d4a182e0d424,A+,BLOOD,2.0,LOW,OPEN,2025-01-12T01:35:00
621b2bb4-9f53-4023-982d-85edbdf72455,925d1937-0e28-436e-8e87-638e8c0dc516,B+,PLATELETS,4.0,MEDIUM,OPEN,2025-02-19T13:57:00
51097f9b-b3a3-4b4c-97db-57792bde2f3f,05162118-4dc0-477e-8397-f261704461d6,O+,PLATELETS,2.0,CRITICAL,OPEN,2025-01-27T21:45:00
1a4c46c1-373c-4921-bb44-c100570bd7cb,3c2abaaa-9fb9-4a92-a2e8-d281f3ebf571,O+,BLOOD,6.0,MEDIUM,OPEN,2025-04-30T12:40:00
da21cbdb-4062-49c4-9ee7-38edeff297a9,ae9590ca-48f5-41ac-b265-9234d1fc0d18,A+,BLOOD,2.0,MEDIUM,OPEN,2025-03-03T16:32:00
d66fb0b4-2847-48f3-8d39-1ba5fa060291,5a60ff0c-4b8a-4b31-b23a-1adb57f1109e,B+,BLOOD,2.0,MEDIUM,OPEN,2025-01-21T17:12:00
b5afdf64-0940-472c-a2c9-960537793214,48e94273-846d-445a-8bdb-ec92c97f3ef3,A+,BLOOD,2.0,LOW,OPEN,2025-02-10T09:50:00
01c5dc13-745c-4823-bec7-18f8a20b9f95,9f38e6e8-9b05-4da5-8ecd-ee9d3579637e,O+,PLASMA,3.0,LOW,OPEN,2025-01-05T11:23:00
38e39fde-1900-4a16-b8ec-e2150a1b4d7c,da22fe03-0e67-40d8-a55c-a984398d9c70,B+,PLASMA,4.0,MEDIUM,OPEN,2025-04-08T16:23:00
f46b5f8b-6f44-4262-8f12-35e414f92970,15ed502d-793c-4165-9346-cad0e6270994,O+,BLOOD,3.0,CRITICAL,OPEN,2025-04-05T03:08:00
1a451fcf-007d-4f49-a582-a69e9e239479,4f680623-8363-404a-934d-789de08e38d8,O-,PLATELETS,4.0,LOW,OPEN,2025-01-15T17:04:00
5a6d8c30-0bd5-41cb-9282-efa0257509c5,14808cf5-e3d3-4545-bca7-4cda8c8f643b,A+,BLOOD,2.0,HIGH,OPEN,2025-03-09T22:45:00
49a1815e-ffef-4e88-b325-9dda80dd698c,d784f578-8ccd-47f0-8616-88f0e4bb4c6d,O+,BLOOD,6.0,HIGH,OPEN,2025-03-23T16:33:00
09fe608e-ad7a-4945-8fc8-13f53bd8f981,a586e0ae-61dd-40bb-9139-93e35bbda34d,A+,BLOOD,3.0,MEDIUM,OPEN,2025-03-11T21:52:00
bf177517-f8e4-47ad-9941-6ffaf6395c75,df1a01d6-e7da-4c0c-b34b-845332de0d9e,B+,PLATELETS,4.0,MEDIUM,OPEN,2025-01-13T14:08:00
717794d8-a138-4cc1-999d-6e4de6f6d465,11109440-f02a-4d23-b068-676b4285f652,O+,BLOOD,2.0,CRITICAL,OPEN,2025-04-20T15:04:00
f4c2a40b-5ba2-40ea-a52c-3dba4690ba4e,258a6eef-10a0-4dea-8b2b-5ba36d2faf2f,A+,BLOOD,3.0,HIGH,OPEN,2025-03-21T12:43:00
3cc2c7f1-cff4-4173-8ffa-82580fa275e0,2292e7d6-2f76-4a55-829a-f2e924f95e26,O+,PLATELETS,4.0,HIGH,OPEN,2025-02-28T19:08:00
1aa2712a-1a48-4b74-a5d1-f31f88c98f62,35fa2da1-cdb7-460e-af18-49de6cd282a1,O+,BLOOD,4.0,HIGH,OPEN,2025-04-20T04:37:00
f9ae4173-57c5-4f96-8e29-ba0558a5adff,79866256-440f-4a9e-ab92-b5e34bbb1b4c,O-,BLOOD,2.0,CRITICAL,OPEN,2025-01-23T00:27:00
6b65dca2-a738-4b62-9b1f-56a4fd6f609d,67e54e3d-0d7f-48f8-abca-30a4fda433db,B+,BLOOD,4.0,LOW,OPEN,2025-01-10T10:53:00
162d6359-9c0d-4ed3-ad79-2b2234febc99,330d557d-0f79-486c-a848-306406f62870,O+,PLATELETS,1.0,MEDIUM,OPEN,2025-03-30T10:09:00
e4a9fd36-5950-4cf4-b8fd-5745424b408f,f8c2c300-fdb4-4507-9087-ea3f9732e431,O+,BLOOD,2.0,HIGH,OPEN,2025-01-29T02:10:00
41dba6c0-3829-4fde-a67c-b3f3857cd592,c70cfa37-78fd-4c21-ae24-24b323708acf,O+,BLOOD,2.0,HIGH,OPEN,2025-02-08T11:22:00
ee1fe56e-38f5-42e3-9844-b450bd4bf51c,a81bc94f-b1b5-4125-969f-f63953d26893,A+,PLATELETS,4.0,MEDIUM,OPEN,2025-02-18T11:54:00
8cb597b3-07d4-44fb-8f23-4d51b342caa7,6492ea4c-60b1-4da4-adf6-52502d171573,B+,BLOOD,1.0,HIGH,OPEN,2025-02-12T18:12:00
555f4547-cf78-4aeb-9a12-1d95f7470378,36db4a86-3f74-4849-991d-f41102b9df39,B+,BLOOD,6.0,MEDIUM,OPEN,2025-04-05T00:17:00
42183af2-6a8c-49b2-8986-38614157d6d7,50791c96-090a-458c-9e08-44aedca91c8c,A+,BLOOD,2.0,HIGH,OPEN,2025-04-17T16:19:00
972ae492-8bc9-47c1-b1f6-8f1a45003649,94f7f657-a1f1-492b-983e-5299c5a97476,O+,PLASMA,4.0,HIGH,OPEN,2025-04-02T01:05:00
20e59d04-0c4d-49e4-855d-0459d8507e39,3c0990df-7ad8-4e09-8446-ee811a71dcac,O+,BLOOD,4.0,HIGH,OPEN,2025-04-20T09:10:00
e995e140-2d12-4ff2-9fdd-651e83c10f50,51287d26-2f73-4056-9584-0dac6d866b1a,B+,BLOOD,4.0,CRITICAL,OPEN,2025-04-10T02:09:00
2fd798b1-8b69-4b29-9928-47964f7730aa,a3dba07a-7cb9-4061-93bf-ef61205e40b0,O+,BLOOD,2.0,CRITICAL,OPEN,2025-04-23T10:39:00
945ca506-79b0-480f-a940-a5da4dcb00de,af19e0a1-a0e5-4bc6-bf2b-4e98fd262426,AB+,BLOOD,6.0,CRITICAL,OPEN,2025-04-14T06:21:00
151ef8ab-7cff-4e63-a080-4ec2e1298a3b,2445f356-e41b-49ab-8654-0e5b8c3b37af,O+,PLATELETS,4.0,MEDIUM,OPEN,2025-01-08T00:52:00
da6627c9-19b9-40fa-be96-b8a2bdbd257b,8d5e518e-7411-4dc3-ade9-1ab83a200f42,O+,BLOOD,1.0,MEDIUM,OPEN,2025-01-14T20:02:00
225be3c6-f47e-4305-9858-238d2a2250c7,5210d845-25d3-4416-b93a-22c239fb5094,O+,BLOOD,6.0,MEDIUM,OPEN,2025-04-09T10:16:00
afd6e803-244c-4f6d-a8c2-723628becff3,8dbe8a8b-c56f-481b-9acb-16a597985546,O+,BLOOD,6.0,MEDIUM,OPEN,2025-02-05T23:49:00
cc01587f-d5d6-4a45-8a67-0717c3772ede,643750d6-615a-458f-a101-d5f0f020f48b,O+,PLATELETS,4.0,CRITICAL,OPEN,2025-03-13T02:39:00
67bee650-5073-46f8-b305-d5560744e67d,dd3ad4ac-5996-469c-87ac-9bd7ee432638,B+,BLOOD,6.0,HIGH,OPEN,2025-01-06T04:31:00
0182dd24-bb51-4654-95e4-a2bcaed237e2,8f8ac6a6-559d-4bd1-ad63-e6179186ab66,O+,BLOOD,6.0,MEDIUM,OPEN,2025-04-04T02:18:00
1aa31682-6911-4402-b072-652cda6c126a,9f3fa449-7632-426e-b3f9-9bb0f6bbfdec,B+,BLOOD,6.0,LOW,OPEN,2025-02-21T13:30:00
9235003d-3989-4941-9cca-670f926817fa,084a1162-3515-48ad-b8c0-e74ec13a5b0d,O+,PLATELETS,2.0,HIGH,OPEN,2025-04-27T21:25:00
92df7e59-4664-42a2-86dd-cf611090a718,5b732bf6-b9cc-4ce1-afd6-1f99e5bca6d8,O+,BLOOD,2.0,HIGH,OPEN,2025-03-19T09:04:00
253f1204-f66f-4a92-8ee5-464528926451,056aa586-4848-4d38-bacb-0aa18366d6d1,A+,BLOOD,6.0,CRITICAL,OPEN,2025-01-11T05:10:00
5bbdd91e-fd16-487e-b5ee-1a7dd65e9afc,6c8ea9a4-723d-462c-af36-0057ab619fc4,O+,BLOOD,3.0,LOW,OPEN,2025-03-12T22:30:00
42bd63f0-d49d-4173-b769-b44e84fdf81d,a4de9dbd-c9ac-41c1-9040-d065f862251d,O+,BLOOD,3.0,HIGH,OPEN,2025-02-04T19:21:00
a5275a53-9530-4fe7-8182-f8bdd1a6ae12,f4f8f635-8193-4bb5-8c77-4d9a2c7b34b2,O+,PLATELETS,4.0,MEDIUM,OPEN,2025-01-25T12:20:00
90de5893-f30d-47af-9854-08cc223fc62f,ea9b0ca7-705c-48d5-9fbd-5dcc8243dcdb,A+,PLATELETS,6.0,HIGH,OPEN,2025-02-24T11:46:00
0a6e7202-b29a-4eb6-9fbc-37d5349938bb,ab62188c-f217-4fff-96bf-59d464b4c795,B+,BLOOD,2.0,MEDIUM,OPEN,2025-03-10T01:08:00
e8c4d651-2629-436e-8fe6-d8ad1f037125,3e37c5fc-65ba-463d-bcc9-9e14ef1aa58c,B+,BLOOD,2.0,HIGH,OPEN,2025-03-29T21:35:00
3e0b363a-6f06-42dc-a1fc-7380d44e6f84,04a46538-0b01-471e-bbb6-3fbb7aa0da79,B+,BLOOD,1.0,MEDIUM,OPEN,2025-02-24T11:15:00
6c29f4de-216d-41de-8164-2776bd50c950,df4911c1-28cb-4986-885d-e08ca552fb0f,A+,PLATELETS,3.0,CRITICAL,OPEN,2025-01-21T21:17:00
d3107006-d9ac-4ecb-b1b2-e2b18c04e5fa,c1b70273-f77b-4a38-9a0b-e26b32da9f9d,A+,BLOOD,3.0,CRITICAL,OPEN,2025-02-12T07:09:00
5c03395a-4ede-467d-9bae-d2698432c418,1512414c-f900-45eb-9b3d-46339ca6de9a,O+,BLOOD,1.0,HIGH,OPEN,2025-01-09T15:18:00
c3c1d9c4-04fd-42f9-b1ef-adc737d5473c,e98ea775-e663-4983-ad86-9377d000793a,B+,PLATELETS,3.0,MEDIUM,OPEN,2025-04-16T00:26:00
295908fb-f40a-4f74-af35-86dd444c0f2c,d7453415-0484-422d-8fd2-5a9d95ef8ec0,O+,BLOOD,2.0,MEDIUM,OPEN,2025-01-28T06:52:00
8d76ef02-9599-49ff-b05b-58273e648111,0ffe59fc-4459-462e-8bc2-6b7dba428da8,O+,PLATELETS,2.0,LOW,OPEN,2025-04-09T14:46:00
8f585f33-a16c-495e-b94e-364be546dd05,361f3aff-639e-46ec-ae52-e83acba1edac,B+,BLOOD,2.0,HIGH,OPEN,2025-02-02T09:48:00
3656ef66-5edc-41bd-95d8-276a24feaf1f,0ff50e18-251d-4d10-abeb-c9dd521a5ec1,O+,BLOOD,2.0,LOW,OPEN,2025-03-27T00:32:00
01418a2b-4770-425b-a4c5-f927ec12cbf6,8d7f0214-8e18-44ed-8400-206b6c0a0d0a,A-,PLATELETS,3.0,HIGH,OPEN,2025-03-27T02:56:00
43c4da22-8758-4f27-a87a-015127009812,883c3558-ef33-4a8f-92e2-7ce497ab62f7,O+,PLASMA,2.0,MEDIUM,OPEN,2025-03-26T21:01:00
a4eb0728-892d-42ea-924f-1c84003f0766,17955567-c609-4554-87b2-fdfdb9ebeb8e,O+,BLOOD,1.0,CRITICAL,OPEN,2025-03-09T02:32:00
c7b1e2b2-20dc-4e58-b0e5-6f4636dee73d,59e4ff09-3304-45f1-807d-ec4308a34248,O+,BLOOD,3.0,CRITICAL,OPEN,2025-02-11T02:13:00
5401b724-e7c9-4301-b250-684bc63f52be,f844d52c-f0d2-439e-8651-16fdfa23cb17,O+,BLOOD,4.0,HIGH,OPEN,2025-03-02T05:03:00
497c4612-6169-4f52-b02f-e26ba1588015,aaa0266c-1670-4a0e-a6d1-4fda4a554935,AB+,BLOOD,1.0,CRITICAL,OPEN,2025-02-18T00:31:00
6e740893-7f7b-4822-8315-b6daa343a318,ee8172e8-d710-4f8a-9d5a-16f53dfd19b7,A+,BLOOD,4.0,CRITICAL,OPEN,2025-04-22T15:43:00
588cb5b8-25e6-4e35-b5fd-364f829a084b,43b6e18b-283c-4e6b-9b5c-6fa36a8a1dd1,A+,BLOOD,3.0,HIGH,OPEN,2025-02-18T18:34:00
9ceb093d-cc06-49ad-8e96-3e1bbf3826bc,490f7761-84b5-41f0-9c32-bb5f38ce68c7,O+,BLOOD,1.0,LOW,OPEN,2025-01-19T08:27:00
56e2d5b8-612e-4b66-9add-dc28d40e14d1,c2f4d305-b3e0-43ef-bc90-371071261b45,A+,PLATELETS,2.0,HIGH,OPEN,2025-02-15T03:46:00
a68c0d83-77ff-4d61-83df-f44e67938833,3456b561-c83f-4dea-b58a-9773f782f66d,AB-,BLOOD,2.0,MEDIUM,OPEN,2025-03-10T19:23:00
29a31e1a-99f0-455e-b3d3-d2c3bc476f22,fbe5fe10-f9d1-47b5-bcda-fd3d0e46b979,O+,BLOOD,1.0,MEDIUM,OPEN,2025-03-10T08:03:00
4bd3ea21-842b-4c4e-bf81-410dee2c410f,2873b875-d656-4630-8296-a4049835c58b,B+,PLASMA,4.0,CRITICAL,OPEN,2025-04-06T21:12:00
30d0b02b-76ed-4f5b-96f9-082ff309d6a6,161e9603-3f66-4388-81f4-27830243c1aa,O+,PLASMA,2.0,MEDIUM,OPEN,2025-04-05T10:18:00
36391d36-ca47-4959-b5cd-0be78261b22f,83cfb331-3188-429a-b290-156ef5a5a7f4,O+,PLATELETS,1.0,HIGH,OPEN,2025-03-07T22:32:00
11aab4c0-2277-4234-826f-7ba26c577773,b3fdb625-972e-4d26-a1d6-1f4c65c23f08,O+,BLOOD,3.0,MEDIUM,OPEN,2025-04-04T20:17:00
3d5d5a76-01d4-4fe6-959c-df1a894ba50c,a4f9d6e6-f598-4b44-aabf-a76f84a0d6f2,B+,BLOOD,4.0,CRITICAL,OPEN,2025-04-27T02:39:00
ba098e86-806e-49ea-84f5-488ba2f1d59e,d5b85a30-99c0-4f66-aea5-45c493c93ed7,O+,BLOOD,1.0,HIGH,OPEN,2025-01-22T23:06:00
c1d032b8-c93e-4035-a7e6-b00b5ca6c42e,7cb612f3-da8e-401e-867e-f62241db43ad,A+,BLOOD,3.0,HIGH,OPEN,2025-03-05T16:50:00
4dd498b4-10cd-4fc3-9a11-8df525ac6fe1,8ff3abac-c941-4e13-839d-741ba211b94a,AB+,PLASMA,2.0,CRITICAL,OPEN,2025-04-06T04:23:00
475dab99-5609-464c-8846-0dbbc97989ac,372c36cb-28c4-4e67-bb22-face11c8fbcc,B+,BLOOD,2.0,CRITICAL,OPEN,2025-02-03T23:38:00
f3bb8bf4-06c9-4236-85db-d74d6df5edcf,ac47e120-58db-493e-ad3a-4b9e18f95004,O+,BLOOD,4.0,MEDIUM,OPEN,2025-03-10T12:32:00
b66b975f-5f00-449c-9b11-9dde0466c3dc,8d7dc234-ec37-436b-82a2-2d587604271a,A+,BLOOD,1.0,CRITICAL,OPEN,2025-01-08T17:02:00
6df4b08d-39d0-40a3-a286-5ac238b6f4b3,cd177444-92ed-4217-9e2d-63fa5c943c53,O+,BLOOD,2.0,HIGH,OPEN,2025-02-26T20:51:00
3e620bf1-e261-47a6-8ce8-852951fdb665,efcab93f-1e29-4e51-86df-843272fa05b9,O+,BLOOD,3.0,MEDIUM,OPEN,2025-03-30T15:29:00
e9b032d2-ab35-49c2-853f-e2c0f898f980,1ccb1527-3dd7-457b-8d6d-a06365c183be,A+,BLOOD,2.0,HIGH,OPEN,2025-04-14T11:57:00
b36e376e-7f2f-432d-9b86-19b1f185cf43,58f17648-1f54-4ccd-ac7f-50f573aff8aa,B+,BLOOD,4.0,MEDIUM,OPEN,2025-01-24T20:20:00
afe80d28-56fc-412a-bf63-69f8956fb4b0,ffc615fe-abe9-456c-a464-bfad6199a39f,O+,PLATELETS,4.0,LOW,OPEN,2025-02-24T08:10:00
2a04ca2c-ef77-45a4-a4f6-4ef1ed177495,da0bd453-76f6-4668-b35f-69d5528f0630,O+,PLATELETS,3.0,HIGH,OPEN,2025-04-16T05:47:00
a384081e-3118-4783-847a-b8f74e013dad,338b7f25-2c18-40fa-9038-b8974285854a,O+,BLOOD,2.0,CRITICAL,OPEN,2025-04-12T07:21:00
bb6a71f9-bc75-4f34-95df-76b036bc905e,3ee953ae-8f1d-4e4d-9fd9-2adc9bc6a95b,B+,PLATELETS,4.0,HIGH,OPEN,2025-03-28T23:34:00
f0cdea8b-c4be-424f-9bc2-3d60925b196d,b0249fc9-cbe4-4b54-9a16-bd1cd8258700,A+,PLASMA,3.0,CRITICAL,OPEN,2025-04-07T01:19:00
3297ad2a-15f2-41bc-baa1-33b8274534c4,1b6ee6b1-bb1c-4b81-b8c0-5cf24dc5cf5a,O+,PLATELETS,3.0,MEDIUM,OPEN,2025-01-03T20:23:00
7080077f-9164-4bef-aac5-f9b31255639e,8ec63c1a-e23d-42fa-8c61-c0dd10010ffd,O+,BLOOD,2.0,MEDIUM,OPEN,2025-04-25T23:07:00
3e770bb8-1673-4b73-9457-4bff5e68b20b,5a87219e-98fc-4880-862c-f8c8503b59ff,O-,BLOOD,3.0,HIGH,OPEN,2025-04-10T14:19:00
9cd1d4b5-8d3a-4b12-a773-7bf5aa93bb55,50de555c-6110-4dac-87ad-e09246ad0f4b,O-,PLASMA,6.0,MEDIUM,OPEN,2025-04-28T10:40:00
50d57dcc-5e57-4609-a92e-466f839f9c0a,35b265da-201e-494b-80e6-0b0a70b43101,O+,BLOOD,1.0,MEDIUM,OPEN,2025-04-12T20:30:00
49af40b3-3d2f-471c-8633-c7de5d642341,fb737f4f-4d9b-49bc-88b7-c7eec8b4a4b6,A-,PLASMA,2.0,MEDIUM,OPEN,2025-04-22T21:50:00
3754b9d5-d06b-4765-a37c-ec88b73f5297,bcc35551-18c8-40e5-81df-303a5db019fb,O+,BLOOD,4.0,CRITICAL,OPEN,2025-04-09T13:14:00
a12f04e6-33b3-4ab3-8a12-a1036ad1a3cd,632197fa-aa3d-49e9-93fb-faa985029ca5,O+,BLOOD,6.0,MEDIUM,OPEN,2025-01-09T18:37:00
81e9f475-97f1-4e06-9de7-360e97341f4d,5adfaa04-9569-41f5-91c6-58570e99d489,A+,BLOOD,3.0,MEDIUM,OPEN,2025-01-30T02:33:00
b6f8b6b2-31e9-4458-931f-41dc5713bac3,29571dd4-4029-4b9f-af3a-d2b61133a212,O-,PLASMA,6.0,HIGH,OPEN,2025-04-16T18:49:00
481d1e57-2d88-4caa-82a7-cb7c11f8cf42,7df21901-1691-44e7-8b51-67027e059efd,O+,BLOOD,3.0,HIGH,OPEN,2025-01-26T05:52:00
9f1768f7-cbc9-4ea3-9538-5d12b87cd47b,a511cc07-1bf4-40fe-ac02-10dd884e0b32,O+,PLASMA,6.0,HIGH,OPEN,2025-02-11T08:02:00
eb89857f-a188-4007-be09-4b1791ff58c3,ad5675a6-316a-4950-8c41-aaef912bc719,O+,PLASMA,4.0,CRITICAL,OPEN,2025-04-30T13:07:00
e81370a2-42e8-4542-af59-54cafb63ad5c,9fee2bfd-1db8-4ad5-941a-5a2c58319f01,O+,BLOOD,2.0,MEDIUM,OPEN,2025-01-04T05:28:00
1e48e546-9739-470b-915e-d3f598914905,56225fb4-1ee7-4a8e-898c-d1a636300cf7,A+,BLOOD,2.0,HIGH,OPEN,2025-03-13T11:09:00
0c37b9ab-a4fe-483f-b70d-f20af4fb0ddb,3afb3f2d-25ce-4059-a203-dbcdb07e47d3,A-,BLOOD,3.0,LOW,OPEN,2025-04-28T20:13:00
1448e846-5f62-44af-8ccd-16e0db4b2113,d5d97dcc-8033-44b7-b1c3-14619ede8eb0,A+,BLOOD,3.0,CRITICAL,OPEN,2025-03-27T15:49:00
8d26d880-d9b0-4d3c-9969-d488c989b7fa,60fb8834-ff0c-44f9-a606-00754079e088,A+,BLOOD,4.0,MEDIUM,OPEN,2025-03-22T11:55:00
ce0b92e5-3caa-483f-b5ba-e82ce6f17ab1,b0026e74-1723-43c6-bd6b-0e1c3397950e,B+,BLOOD,6.0,HIGH,OPEN,2025-01-11T15:45:00
9318dc02-da44-40a0-95d0-3814f5e5631a,34ffd5dd-876f-4f39-929f-8491409f6094,O+,BLOOD,2.0,HIGH,OPEN,2025-03-30T12:13:00
0e6858e1-8cee-4e61-a2d0-2009038041bd,7d3f40fa-81f0-472f-af18-5ccced2aa82c,O-,PLASMA,4.0,MEDIUM,OPEN,2025-02-25T11:42:00
c33e2437-ecb1-4b39-a15d-2ed0307ed332,f6611bfb-c12b-473a-8f51-93833e46ac61,O+,BLOOD,3.0,HIGH,OPEN,2025-03-31T16:24:00
b6122a45-2382-4757-8dab-8122c8ad6ad2,836bf66c-fe2c-426d-a2fd-361817c951ed,A+,PLASMA,2.0,CRITICAL,OPEN,2025-01-30T13:29:00
0ae03bdf-c9f2-4842-93ba-9cdfa1660066,5e599c04-d79c-40b9-9a07-9bad6becce7c,A+,BLOOD,4.0,CRITICAL,OPEN,2025-02-28T10:34:00
b51c8b05-f751-47ec-bb8b-489d1f21264a,ed653f6c-a7e7-4cd7-bf8a-8e046cf4ef19,B+,BLOOD,2.0,MEDIUM,OPEN,2025-04-26T08:49:00
4b2dca0c-5c5b-40dd-b22f-8a1cbb63dff2,e24ae5e9-1ac6-424a-8d50-706e87bfc0f9,A+,BLOOD,6.0,MEDIUM,OPEN,2025-04-27T04:41:00
6b2003b7-2719-4f45-97a5-0bdd2d8c4bbe,930bdf3e-af0c-46e1-b5c4-affb0127e7d0,O+,BLOOD,6.0,MEDIUM,OPEN,2025-02-15T02:39:00
f7dbbc38-e6a0-4d7c-a5a7-3946a09f3f64,3c77e9b7-7ede-4908-b8f2-bdd04102126c,O+,BLOOD,3.0,CRITICAL,OPEN,2025-02-02T19:15:00
40f2f5d5-c1e1-4107-8e40-df0cba4b3e0f,d9d16699-2886-45f9-ba40-e261db00b6e5,B+,BLOOD,2.0,MEDIUM,OPEN,2025-04-06T05:19:00
24230b93-1f2d-4cc0-89ac-3ecc25d1174d,0b1a5ae5-24d0-4d82-b74d-faad88105a1f,B-,BLOOD,2.0,MEDIUM,OPEN,2025-02-20T19:49:00
53b7f34d-a31d-4158-8ab3-b3a5482f1368,724dac24-c4e4-4b47-b26e-d8a7cfbc9def,O+,BLOOD,2.0,MEDIUM,OPEN,2025-02-05T09:44:00
48c0c442-cf12-4a4f-8524-10e8bd31c220,4ece71ce-e077-4e00-b4bb-e8ee51f7cf59,O-,BLOOD,6.0,MEDIUM,OPEN,2025-03-25T10:20:00
59c4dfb0-d19e-442f-956a-c5af650bb41b,83df4224-e292-4407-8f1d-1b126d9f8db8,O-,BLOOD,3.0,MEDIUM,OPEN,2025-03-01T12:35:00
ffeceed5-c4b2-4384-9316-ce412dfb6d89,bb151b57-04b0-4e7d-b209-901657d4ea21,A+,BLOOD,6.0,LOW,OPEN,2025-02-16T16:18:00
b6e7d79a-50af-4e63-8b92-278fa5e2b239,55023cbf-90db-4b3b-92e9-fea383fb3c7f,A+,BLOOD,1.0,HIGH,OPEN,2025-04-08T20:43:00
a13d879c-cc09-4419-ba51-3ca9ea1672de,7dff008d-efe2-44b3-a47a-200b0845edd6,A+,BLOOD,4.0,LOW,OPEN,2025-03-06T19:57:00
a6b705bd-6a0d-4926-9934-012103a4e180,3221ecb4-58f6-40bd-84de-e6947fafa238,A+,BLOOD,3.0,CRITICAL,OPEN,2025-02-28T21:49:00
7daa927b-204c-4483-ad6f-87e4d2163d63,3a59abde-6b1c-4ab1-a891-251c62ff503a,A+,BLOOD,2.0,HIGH,OPEN,2025-02-19T13:02:00
cb194738-2bb6-41c8-8844-4ae54cbe36bd,87f1c212-1fcf-4048-9932-8885519ac726,A+,BLOOD,2.0,CRITICAL,OPEN,2025-01-14T11:22:00
55984760-98c6-4c58-8205-ee876d2af86b,0935401c-8980-4e05-947e-ad7fa044b9d3,AB+,BLOOD,3.0,LOW,OPEN,2025-04-22T22:16:00
93aeb967-cc94-465f-80d1-96d056b79399,4e1d4b55-7955-4247-abf6-19c2a3a290bd,A+,PLATELETS,6.0,MEDIUM,OPEN,2025-03-23T18:13:00
ff5abf1a-6a17-499e-8019-85ffaf56045f,12f03833-9760-4a97-958c-c9921e122973,O+,PLASMA,2.0,LOW,OPEN,2025-04-02T22:17:00
8f69dab5-f823-4df5-94bd-2d3d2a0c5caf,ad3c2cdb-478f-48d9-a5f8-0322b813443a,B+,BLOOD,4.0,MEDIUM,OPEN,2025-04-29T19:17:00
aa7c4285-f161-45ba-a222-a42bcaff187c,404cc54d-395b-45b5-a78b-db0e08028509,O+,PLATELETS,2.0,MEDIUM,OPEN,2025-01-19T15:39:00
15cda58f-8d74-4182-8a4a-249b550fdb8a,ec4ec384-bae1-412a-af20-d4d3583bbfd7,A+,BLOOD,6.0,HIGH,OPEN,2025-04-11T03:15:00
2419ea9f-12cc-4504-a451-5c1a2356a546,aeeae04a-08a8-446f-83f2-16d4a2efec1b,A-,BLOOD,2.0,MEDIUM,OPEN,2025-01-09T15:42:00
2ad3fbb0-dd2c-46c8-b335-7a944099ea10,721d1a95-4cfd-4b2a-955d-2e61fb698d6e,A-,BLOOD,4.0,MEDIUM,OPEN,2025-02-08T12:40:00
96655e29-4e7c-4a6d-a343-fb860de29854,d87c088f-8d9c-4896-900c-6f91a4f29909,O+,PLATELETS,2.0,MEDIUM,OPEN,2025-01-09T23:06:00
8044f0e4-d62c-4a76-a023-a4fb90d05a8e,c29b4bf9-854e-42db-a491-7e334a73d52b,A+,BLOOD,3.0,MEDIUM,OPEN,2025-02-26T08:45:00
ea690992-1312-432d-a954-fdcf2ee94423,6dd0bcfd-3f4f-46be-9c6b-1290728d8040,A+,BLOOD,3.0,MEDIUM,OPEN,2025-01-18T03:43:00
ee6477d0-9a54-4544-8e63-e6bff0cf3c87,d986332c-9208-4041-a4c8-83ec2f49f368,A+,BLOOD,2.0,HIGH,OPEN,2025-01-01T21:35:00
219850a1-fbde-47c6-927e-33bb7d58919e,f42bcbe7-22c8-40d3-a87e-18bfd4a4c41d,B+,PLATELETS,2.0,LOW,OPEN,2025-03-11T10:41:00
0f73b7e0-453a-4a31-9dbe-e3e2c37d94d0,865a1cb7-e9b8-4225-ba49-a01203b376c0,O+,BLOOD,3.0,CRITICAL,OPEN,2025-03-23T11:41:00
2537e792-5127-4f6c-b6db-70bd0d204881,bb6f956e-5fa6-4a7c-81dd-0cda9d1db75b,B+,PLATELETS,2.0,MEDIUM,OPEN,2025-02-19T00:20:00
0cd8aa33-3577-4826-85bb-4d345adc9094,f9542e05-2187-43e2-9dc2-274d069315c1,A+,BLOOD,2.0,MEDIUM,OPEN,2025-04-21T05:03:00
18a527fe-647f-4423-967d-29c958ddeda6,ec0aaa05-d426-4ce5-a74b-65abe3ba2b09,O+,PLASMA,1.0,MEDIUM,OPEN,2025-04-22T07:36:00
e40fa24b-189d-47e0-a751-95b63b440a6c,10dc9532-13fc-4076-8185-bbe5db46704b,O+,BLOOD,2.0,CRITICAL,OPEN,2025-04-02T07:47:00
67787d27-59d6-4156-87e5-b89ea70f9c57,b3b78303-0db1-46a0-9424-d1a10c66bbc4,A+,BLOOD,6.0,CRITICAL,OPEN,2025-01-07T08:58:00
65206dcf-7194-4a8f-82c1-97268504ff53,fee65427-28a4-4c7d-9ffe-826f56eb2b79,O+,BLOOD,2.0,LOW,OPEN,2025-03-13T07:56:00
e387450b-4573-477f-bac5-3e456deb5911,4e1427aa-ce07-4e8f-8ef7-c06e23517461,O+,PLATELETS,2.0,HIGH,OPEN,2025-01-07T04:53:00
223f7ab4-5489-4a56-8412-6188a0e38148,b6369a57-da1d-4afe-9068-ae0c24433392,O+,BLOOD,3.0,HIGH,OPEN,2025-03-26T13:11:00
e63b451a-954c-4e51-95e5-443f74d8152e,8f688a18-b66b-47ac-8f96-45f3097affea,O+,BLOOD,6.0,MEDIUM,OPEN,2025-02-19T09:56:00
2761dd1d-bc5e-4b11-9fb8-3f225dc8c58b,3a94a02c-92b4-4e41-bda7-6e545e69861d,O+,PLATELETS,1.0,MEDIUM,OPEN,2025-01-02T13:19:00
fe0ed402-7514-4263-baeb-e929cfcb5fdb,5cb4da7f-1435-47fb-afe0-abce05c1bfa2,O+,BLOOD,4.0,CRITICAL,OPEN,2025-04-13T20:06:00
994da873-9009-404f-bd27-c16cd43d2b94,6276b25a-b3ec-4e80-a3a1-c8d329d77924,O+,BLOOD,2.0,MEDIUM,OPEN,2025-02-18T13:29:00
b7c425aa-d41d-4757-a5f0-b80d2e2b79b1,eddc2e51-b949-4b17-ab5f-224621cf6043,B+,BLOOD,6.0,CRITICAL,OPEN,2025-04-03T17:33:00
31774fbe-4d25-4e00-9f19-785c00aa4548,e95366d6-e058-4c70-919a-d99dab4c1ae6,A-,PLATELETS,3.0,HIGH,OPEN,2025-01-23T21:54:00
ebaf8d2e-ab05-4c8c-b7b8-4597d4037d57,7b6952fe-87e1-463d-8996-9ca97d9ded6b,A+,BLOOD,4.0,CRITICAL,OPEN,2025-03-21T21:17:00
6f7c85c2-8580-4fd6-b976-a6e466a3e6aa,6b9fdade-4cf6-4b78-9481-7b209f9f4893,A+,BLOOD,2.0,HIGH,OPEN,2025-01-20T05:21:00
1eb63fa0-76a6-43b3-9ffe-2a6ee9afda12,34a22d06-9612-46f9-b1f3-137bc8d0f4b9,O+,BLOOD,2.0,HIGH,OPEN,2025-03-20T07:41:00
122e4ae4-3296-4cd8-b398-a6f75b64aae4,e5a63c21-e736-4dba-80aa-6517b255a1d1,A+,PLATELETS,2.0,MEDIUM,OPEN,2025-02-01T18:00:00
a0b3da67-adfd-4465-99ca-247191a5ffac,1dd5c20b-6e0e-4581-af9c-188442451af0,A+,BLOOD,6.0,HIGH,OPEN,2025-02-27T12:50:00
996943bb-72df-40f9-ae61-415eed7edb02,e891f0d1-8c4c-4cff-872f-62d590a82316,B+,BLOOD,2.0,HIGH,OPEN,2025-04-07T21:43:00
78ad2cf7-f18c-4cd4-b5eb-2cc4b4d13203,464d71c9-24f2-48ec-86ee-80ad9eb5e5b1,O+,PLASMA,2.0,MEDIUM,OPEN,2025-01-30T22:39:00
c7085dad-deea-4a25-bd23-ef7712c2f1f4,44e51156-2965-4957-86f1-ae50b0ed3e55,B+,BLOOD,6.0,MEDIUM,OPEN,2025-03-11T04:52:00
71f52b59-bb2e-433b-b315-d23e4bbb15e3,26eb962c-0041-48a5-8f49-cd7ce7868d1f,A+,PLATELETS,3.0,HIGH,OPEN,2025-03-29T22:20:00
6fc3ed6e-b655-4015-b257-0be9e62d1680,4a9d52e7-d2af-443c-9da1-0ebb5ae7a683,O-,BLOOD,1.0,HIGH,OPEN,2025-03-10T09:42:00
169b6e2c-b221-43a1-b314-3ee981798884,7628a71c-48c1-443d-87b9-c8593c5d9e7f,O+,PLATELETS,1.0,MEDIUM,OPEN,2025-02-01T12:08:00
cd7f08b8-de29-4d52-8a97-0ba86e5b6721,8b795786-d632-4d58-b902-73c61e21a22d,AB+,PLASMA,3.0,CRITICAL,OPEN,2025-02-25T05:59:00
ee01dde6-1597-46ed-a6bc-a5801ace14ac,f9ec7693-6fd8-4e28-acad-5231d57d92f8,A+,BLOOD,2.0,HIGH,OPEN,2025-01-02T03:16:00
1e39c69c-aaef-4447-a399-3f7d42523f37,f1f70d16-b53e-4ca4-bfd0-90a973306e26,O+,BLOOD,3.0,LOW,OPEN,2025-02-10T04:28:00
68565d08-0f30-4b1e-a6cd-0619c5f4a1f7,ca0b11fd-8e12-478a-aa78-0be6089f5753,A+,BLOOD,2.0,MEDIUM,OPEN,2025-02-26T06:19:00
ab4e8a0b-2e11-4484-8155-d3b3d96ec799,6788b167-c526-4217-bf56-f687b5d3b32b,O+,BLOOD,4.0,HIGH,OPEN,2025-04-08T18:00:00
e0b24d6d-01d3-4d27-b7ea-7da3999dac0e,09f09883-b369-4b76-92d2-7342e6a23b65,O+,BLOOD,2.0,MEDIUM,OPEN,2025-04-22T13:23:00
b2760171-744e-453e-9896-bfe31dfc64d3,39273ec0-22fc-4421-8563-aa1b0840557e,A+,BLOOD,6.0,HIGH,OPEN,2025-02-10T07:03:00
4db5ff99-b5ec-42a8-a2af-6eb4f0d3f629,c9d3b6d1-3cc3-4456-a83b-be7a8baff32b,B+,BLOOD,6.0,HIGH,OPEN,2025-01-21T04:29:00
6a5f7de2-a8ac-464f-999a-f63eed50c83b,fcdd8582-7eef-495e-a4c4-4f67b4db84c5,A+,BLOOD,2.0,HIGH,OPEN,2025-01-28T06:25:00
805535fc-bde0-4277-9110-8aa052015a9d,4b021145-843c-4bca-9caa-a8c726f109f8,O+,BLOOD,6.0,HIGH,OPEN,2025-03-27T18:59:00
cc9aae8f-9847-4205-b700-ad6e6323230b,c0e31ab1-75cc-452a-87fd-c359551d303d,O+,BLOOD,6.0,LOW,OPEN,2025-02-23T01:44:00
85e34145-9033-4315-9947-af5dd4ef45d0,f426d27f-c111-4078-84dc-b6929e5278a3,O-,BLOOD,1.0,MEDIUM,OPEN,2025-04-20T00:58:00
f23262d8-dbef-408b-a9a0-554ed7ac870b,e118f786-d49b-4a65-b59d-769343129aa9,O+,BLOOD,2.0,CRITICAL,OPEN,2025-03-04T17:39:00
0ed2e8f3-b860-42aa-a9fc-6be37abe04cb,7d16e5af-1c5a-4e92-b044-ebcf1384e445,O+,BLOOD,2.0,CRITICAL,OPEN,2025-02-07T09:08:00
2811d748-4b87-485a-818b-fb0741497d60,2f454c35-d30c-432b-9fe7-a3703400e19a,O+,BLOOD,3.0,CRITICAL,OPEN,2025-01-27T03:29:00
f3d1eba6-9c42-4835-9b40-6f09da0864bd,ecb2735c-80c6-4eb0-b265-d45b8c42feb5,A+,BLOOD,6.0,LOW,OPEN,2025-04-14T09:23:00
24461b8f-1267-48ea-960c-717b93eaec6f,a0a91d3a-e5b6-4a5c-a49f-e83bf20b3ed5,O+,BLOOD,3.0,CRITICAL,OPEN,2025-04-30T19:35:00
20c7294a-b68c-48b9-8bba-5490c0ae12ae,7c8dc2fa-58a3-4984-a57f-5185c58d5526,A+,PLATELETS,3.0,CRITICAL,OPEN,2025-04-02T17:51:00
55bd962e-ab9c-404e-b761-664e63f1606a,9d3fbac0-eca0-4f3f-ac01-86723d5dbfc1,A+,BLOOD,6.0,HIGH,OPEN,2025-02-07T06:48:00
14a75ce2-f6aa-4642-b364-0b5cb0263a8d,68d847c9-1fdb-4ccf-8199-54e5ba628ae4,O-,PLATELETS,2.0,LOW,OPEN,2025-04-27T02:48:00
e551c8db-39e2-4905-a19f-746f61d16a41,095723b6-c6b1-4071-842f-630219e0a7db,B+,BLOOD,4.0,CRITICAL,OPEN,2025-01-14T23:33:00
15c59221-72b0-4ed8-9c5b-016092571af1,b7a79081-96c6-436c-bed5-5a9310998083,O+,BLOOD,3.0,CRITICAL,OPEN,2025-04-01T03:45:00
6dfdf5d2-2b9f-476f-ac99-c78fefb7cad8,b752c40b-65fb-48fa-a8fd-14bb8509ed7c,A+,BLOOD,2.0,LOW,OPEN,2025-01-14T07:58:00
b48b0446-4d5c-41d9-9823-cdf30e1fc909,bbb0ac92-ab9e-4d77-8f49-3f0a4f25a44e,O+,BLOOD,4.0,CRITICAL,OPEN,2025-01-20T03:03:00
fdad6914-808a-4e87-9c8c-01515bafb395,2f3cd070-b693-4804-ac8a-9891699fb195,O+,BLOOD,4.0,HIGH,OPEN,2025-03-28T06:12:00
01db2a17-b930-470f-abc4-457b5c29c09a,683992d3-28f1-4f70-9f22-5e0ed799baf4,O+,BLOOD,4.0,HIGH,OPEN,2025-04-02T14:09:00
4d6c6be2-ed08-4dcf-868a-a02ede3a7c26,46a963cd-ae49-43c7-865d-641ced0290d0,AB+,BLOOD,2.0,HIGH,OPEN,2025-02-25T23:54:00
38fdc00d-214b-4e33-aa76-8a0e9f558ac4,1d6234f5-02fe-4ab2-b938-0dfe9ef8ba87,O+,PLASMA,4.0,MEDIUM,OPEN,2025-03-17T09:07:00
b0be38ee-d3a1-41c4-8c17-cbbaf78e432e,d8b2cdc1-8bcb-4681-8bdd-510b73548e3f,B+,BLOOD,6.0,CRITICAL,OPEN,2025-02-05T01:45:00
f8fdee94-ea29-4e88-911a-4da98e0439d7,1754c1c6-b7fa-42df-9ef4-e2875d87d84c,B+,PLATELETS,4.0,MEDIUM,OPEN,2025-03-25T10:05:00
0e5a3fdf-d4f7-431b-a496-01e6dd5805a6,de52d788-5d77-411a-ab51-7a2e07174242,A+,BLOOD,4.0,HIGH,OPEN,2025-03-18T00:51:00
6c42dfcb-e4a5-451a-a95e-b3cf2eccb666,ebacdd48-15f1-4cc2-86fb-e641977452f9,O+,PLASMA,1.0,CRITICAL,OPEN,2025-03-19T09:08:00
3951859b-a0b6-4409-a9d0-6bf1357de388,50ee3b98-1098-4fae-9f06-c5a120270920,O+,PLATELETS,4.0,HIGH,OPEN,2025-03-12T21:29:00
29057c28-6eaa-45f4-b7e1-e1f04419661b,f2570b8c-1524-4fca-8ce6-268b10fd4b1c,A+,BLOOD,4.0,HIGH,OPEN,2025-01-10T20:35:00
7d115304-f916-45cf-9bd1-b2e89302fd6d,4dbf1172-53e1-4352-af10-41c0976ea18f,B+,BLOOD,3.0,HIGH,OPEN,2025-04-25T19:51:00
ba16c21a-a9cc-426a-ad2c-8f7bbd0dad81,8556f712-ebc2-4e49-ade2-8b58d5e659d9,B+,PLATELETS,2.0,LOW,OPEN,2025-01-04T17:25:00
b5ae8967-7805-4a1d-bc10-8e2b8a2f25f6,36cefe29-352f-43d3-896f-05b2328ba84b,B+,BLOOD,2.0,MEDIUM,OPEN,2025-01-01T12:47:00
692e0d70-4459-4b01-9ce7-4e6313cf6067,185c3c14-2e5e-4216-bba1-7fa49881093c,O+,BLOOD,2.0,CRITICAL,OPEN,2025-04-09T16:04:00
30f11e59-25e4-4f0e-94bf-2629dc20a1dc,a64ca90b-7f5c-46fb-8e3e-6ce9729df9df,O+,PLATELETS,1.0,LOW,OPEN,2025-03-14T07:22:00
8e971914-3a16-48c5-bae0-26e360932171,758803c9-7058-4c6d-acb5-ea9abb54c2d2,A+,PLASMA,6.0,HIGH,OPEN,2025-01-11T21:34:00
609858c9-2b43-4eca-abb5-e82182ddbbcf,3c87ff7e-74fd-449a-b12d-959e3859bc9d,O+,BLOOD,1.0,MEDIUM,OPEN,2025-01-12T18:59:00
c29ae465-487f-441d-a1b4-902892ead9b5,fd620c21-acef-45fa-8fcd-03060f1760c6,A+,PLATELETS,3.0,HIGH,OPEN,2025-01-06T09:18:00
346e14bc-750f-4e1d-9f01-f36c27f0494a,0ae007e6-cd5c-4edb-9433-b01c5aab629c,O+,PLASMA,3.0,HIGH,OPEN,2025-01-31T17:49:00
7ab5a07e-bbf6-4bc3-bccf-217d53a4d3b4,3f6e2c5b-89fd-4ec7-8aa6-18fa4905484b,O+,BLOOD,2.0,HIGH,OPEN,2025-04-20T11:46:00
896e8a46-1402-4684-8d65-8f65ff99d03f,dd694f5a-3602-4aae-8745-5e82fdda3dab,A+,BLOOD,6.0,HIGH,OPEN,2025-03-13T17:23:00
fe15ac1d-1dda-4890-982e-bce410b0bf05,923e8a0e-db5d-4799-9571-6eb79039f93d,O+,PLATELETS,3.0,HIGH,OPEN,2025-03-18T13:55:00
7836523c-3def-483e-82b4-f40f7e766497,5ff356c1-3fc2-4622-be2b-c8c3735cb9cb,O+,PLATELETS,3.0,CRITICAL,OPEN,2025-03-06T02:05:00
36ab9f37-06fe-43f8-bfde-348837c61d5b,f1c9e1ee-5346-4519-93ee-64e0b0d0a005,O-,BLOOD,6.0,MEDIUM,OPEN,2025-04-23T22:55:00
5791cb36-4fb3-474e-a99b-45e0edbee41c,0b55f822-e72e-4578-b30b-69a54c148bbb,A+,BLOOD,4.0,CRITICAL,OPEN,2025-01-23T16:41:00
4f196bf5-c048-47f6-83bb-290710995f0e,38bc92fa-7185-4217-a1e1-cfe1bb1ff430,O+,BLOOD,2.0,MEDIUM,OPEN,2025-01-21T05:11:00
7385741d-0514-48fa-a1c6-a843d1daabad,45a8ba73-d0ee-4173-a77c-20ae18a627dd,A+,PLATELETS,4.0,HIGH,OPEN,2025-03-09T01:33:00
7961cc07-d7d5-49dd-9d42-d3ddcf5b6b67,0919d54d-935e-4874-85ec-89ae3c6e0dd5,O+,BLOOD,2.0,HIGH,OPEN,2025-02-08T00:53:00
484edbe6-982e-42cd-a8da-43af1867ff12,75d3b3b5-7ac6-434c-be78-de355c3b76f1,O+,BLOOD,1.0,HIGH,OPEN,2025-01-04T21:19:00
ee149707-4b0c-4176-a74e-5c49d46f8858,4c6c2507-9c9d-4a15-b11c-81a08fbd2039,B+,PLASMA,3.0,CRITICAL,OPEN,2025-04-25T22:46:00
fa6180c8-e9f2-4b8d-931a-c2788f95c007,32c8e249-3aa5-48ca-80a7-709524bbf044,O-,BLOOD,4.0,MEDIUM,OPEN,2025-03-14T09:34:00
0c378270-37f1-4109-a1d9-9ed22441406e,1d75127c-00e7-4ca3-86ee-0bc78a221722,O+,PLASMA,3.0,CRITICAL,OPEN,2025-02-09T04:15:00
43984f42-955b-43e5-bbfa-0a6a722ccf36,2d50680e-c577-40a6-af92-48d065d35605,B+,BLOOD,3.0,CRITICAL,OPEN,2025-03-01T01:09:00
699fa9d7-8843-48e2-b028-54dbf9ac0ba6,37246c4f-ab3e-4045-8aaa-47ce3ff3a2de,A+,BLOOD,2.0,MEDIUM,OPEN,2025-02-02T04:59:00
7ec9af97-a93c-41b8-8238-65c8155cddeb,0fef4848-f865-47ac-a585-1a12a83b6394,O+,BLOOD,6.0,MEDIUM,OPEN,2025-01-20T06:02:00
d26759bd-507c-4e69-8d85-248924d59017,bff54375-a1c3-4ab1-9fee-a1b9c5620057,A+,BLOOD,6.0,CRITICAL,OPEN,2025-03-13T13:39:00
95d74af1-d579-49dd-b846-80553294d70b,3bfb6d46-cb9b-472c-a32c-aeae9ed81283,A+,BLOOD,1.0,CRITICAL,OPEN,2025-02-11T01:13:00
5579e34b-4540-4a84-91ea-be51702cfe6c,b180b7d2-8780-4d52-b8d7-3798a755dcb5,O-,BLOOD,1.0,HIGH,OPEN,2025-01-18T05:38:00
698c2c87-2e08-4016-b1e4-2ba04c15e772,9a8cb1be-ca84-4660-85ad-4c6d402d95bd,O+,BLOOD,1.0,HIGH,OPEN,2025-03-18T04:38:00
64a5648d-e06a-41ee-9a80-cbc8943079ed,c923536a-d668-4f67-9924-28424ab56d41,AB+,BLOOD,6.0,CRITICAL,OPEN,2025-05-01T00:55:00
32d03cef-8079-47a7-bd00-a6b2388f0da8,73859e73-c43b-4fe6-b0c9-7485699dfd54,B+,PLASMA,1.0,MEDIUM,OPEN,2025-02-11T18:47:00
7abc2904-7978-4c8b-9ed3-0cf0c21edf6e,1d0f6959-47ed-4f20-99a6-03f394b15d70,O-,BLOOD,1.0,HIGH,OPEN,2025-03-10T15:28:00
44125d8e-38b6-4f4c-93cb-c1a43d45fa1e,5616c9dd-9584-473d-8217-29892d0153f2,O+,BLOOD,2.0,HIGH,OPEN,2025-04-03T02:13:00
430ad002-5385-4688-9d69-60b4ee19535f,4e74836c-521f-4f71-b1a5-3a947982918f,A+,BLOOD,1.0,MEDIUM,OPEN,2025-01-24T21:32:00
4d146bdf-856c-42a8-82fd-bdef087124ed,f741e771-2d70-4b72-a783-fd1c5c30a635,A+,BLOOD,2.0,CRITICAL,OPEN,2025-02-09T23:52:00
06e15e95-ce27-492f-81c6-ca595d64b825,79f79837-714b-42bc-8749-ccbc3d0008f0,O+,BLOOD,6.0,MEDIUM,OPEN,2025-04-09T07:20:00
0547e66b-a8a7-4803-badf-853b147452dc,5f11ea39-63fd-4deb-bc20-71bb0c3edbc8,A+,BLOOD,4.0,MEDIUM,OPEN,2025-04-13T01:49:00
1a79543e-5f3a-4e82-94bb-3a6ad848fcfb,ad55f1a0-e00e-44e2-a8ad-c002a424b90b,A-,BLOOD,6.0,LOW,OPEN,2025-02-24T17:15:00
5e9ded7d-065c-4eb2-8ba3-a0e6f55fc81e,02dd6056-c784-4b98-a542-08dd92701732,A+,PLATELETS,2.0,MEDIUM,OPEN,2025-01-25T10:42:00
5f763cc2-5e15-48f2-884d-9a80d72366f0,c727bc56-b413-413b-a71a-f8b99d535d8d,O+,PLATELETS,4.0,HIGH,OPEN,2025-02-07T17:26:00
3e6e7360-1f6c-4e6b-aa6d-56fe8efffe51,43974c2a-bc6d-49df-9985-4998e0102a06,A+,BLOOD,2.0,MEDIUM,OPEN,2025-02-16T23:03:00
45bba960-ddd3-4f9e-9e59-9472735f6411,8b609127-0487-4272-8486-e0d19b618ff2,A+,BLOOD,4.0,HIGH,OPEN,2025-04-11T23:56:00
ce06babc-a051-424b-90a8-bdbc12dabfec,031c71ed-5b5e-45ad-b568-4f9731f8e01b,A+,BLOOD,6.0,CRITICAL,OPEN,2025-01-30T21:40:00
97df9f31-ac8d-4217-a9fe-8bc25bdf0a5b,752a20aa-54ff-48c7-892e-e7e89ffdbfef,B+,PLATELETS,6.0,LOW,OPEN,2025-03-14T21:35:00
76fdcb70-094c-4ab9-8937-70e80c02e4b0,a7b4d623-e269-4771-910c-d41ab09fd782,O+,BLOOD,3.0,MEDIUM,OPEN,2025-01-09T00:22:00
72c501ba-4988-4b85-aeae-70bdb3c41114,c83864b8-c1d5-45d1-aed8-8e3f8d5ff674,B-,BLOOD,6.0,HIGH,OPEN,2025-04-25T13:24:00
9ad14890-f269-4eed-962b-305a583459ad,68b87117-5336-41e4-b691-6afce3286a1e,O+,BLOOD,4.0,MEDIUM,OPEN,2025-02-24T09:44:00
b3155584-0ea6-4890-9868-1ee63fb0939a,0b7d058c-4993-49ba-a747-f57403835965,A+,BLOOD,3.0,CRITICAL,OPEN,2025-03-11T16:09:00
32a50a77-71fe-4fd6-9fed-018f4bd0fcae,9bb5b3bc-e26a-4204-a55d-af791e13e526,O+,PLASMA,2.0,CRITICAL,OPEN,2025-03-06T05:11:00
5fb14c31-303f-4872-b3d1-8176a4081507,8404d1d2-683a-4a3c-9183-a865cdab4e09,O+,PLATELETS,4.0,LOW,OPEN,2025-03-22T19:15:00
745add40-e4b1-4212-b248-45761eb611ff,533e64c3-82ca-400c-a58f-9c85ee93d008,A-,BLOOD,2.0,MEDIUM,OPEN,2025-02-21T07:54:00
5486344c-e9ca-454a-89bb-93f8eca91317,e269d0d4-9c9d-441c-872a-d8121a069d64,O+,BLOOD,6.0,CRITICAL,OPEN,2025-01-25T15:51:00
2d2d325a-068a-486a-9ab4-a8cd7691e502,03775a59-566f-4d22-aa4b-c97a3ca63753,O+,BLOOD,3.0,MEDIUM,OPEN,2025-01-10T20:35:00
bbb97d45-3810-4e2a-9068-f9a3778c3e1e,7770deb9-730f-4f17-a591-7800e8e644bf,O-,BLOOD,3.0,HIGH,OPEN,2025-03-13T02:35:00
8c228c78-c5cf-4393-8020-82bea0ff0d29,2c19452e-03eb-4b7a-b11f-d7ca94501108,A+,PLATELETS,4.0,LOW,OPEN,2025-01-23T21:24:00
ef03fdab-a7da-43b0-945b-c91ec5ceb10e,1b347a6c-9c69-4d8d-a5e5-664915f94a0e,O+,BLOOD,2.0,HIGH,OPEN,2025-02-13T12:13:00
9d692228-1073-40b5-b323-9ddbeb7774f2,7329bebf-7a08-45b5-b4fb-82e70c3878a4,O+,BLOOD,2.0,MEDIUM,OPEN,2025-04-21T08:05:00
2c4f5002-8121-475d-a4a7-186886e4aae5,5eae6f6a-74dc-47fc-a1c6-f657fa3f5d41,AB+,PLASMA,3.0,HIGH,OPEN,2025-03-05T07:05:00
410b616c-f4d8-434b-8a34-c89b3ba54c15,1363a163-30bd-4fb3-afc9-2bf0efd1b0fc,O+,BLOOD,4.0,LOW,OPEN,2025-02-02T12:03:00
709d28e1-8348-43d4-871d-62d991873b7e,be729e4b-242e-4e9f-9486-805dd32c8cda,O+,BLOOD,2.0,HIGH,OPEN,2025-03-06T08:43:00
eb5f3493-df11-455a-b5f9-a465cb594f65,9c23426f-8f84-4abd-b6b2-1359908a3ef8,O-,BLOOD,4.0,HIGH,OPEN,2025-04-13T21:02:00
ca40ff23-2dc3-4ec7-8051-712c027180a2,a4a9f604-1179-459a-b8e3-e7a274d47f32,A+,BLOOD,1.0,MEDIUM,OPEN,2025-02-02T02:51:00
e60b9d72-41b3-4f0b-8cfe-d1a852deb4d6,33e4c20a-1403-499f-88c2-1472693549cd,A+,BLOOD,4.0,HIGH,OPEN,2025-04-25T14:35:00
aefb5db9-ebf7-4315-a7cf-dc53ceff5898,3bd5972f-624a-4ae8-8652-c2b380626d55,O-,BLOOD,2.0,LOW,OPEN,2025-03-23T19:13:00
28c9eea7-0119-4d3e-aeb7-375f7f83ab15,e011ee19-9eea-4fb0-8074-a4566f871254,A+,BLOOD,2.0,MEDIUM,OPEN,2025-02-21T17:58:00
41e5bfcb-dd8d-4649-9a1e-33b6a23ac901,87db52e8-28a4-4801-9a4f-8751b5d5c535,B+,PLASMA,1.0,CRITICAL,OPEN,2025-02-06T03:59:00
41faf206-54af-449b-9745-8ac9bbb3343b,e0cc3d8a-48df-4d5b-a8a0-eb88284116d6,O+,PLATELETS,2.0,HIGH,OPEN,2025-01-21T00:47:00
66f9451f-8f5b-49ba-9334-6dbfdf791448,0898c18e-33ec-4eff-9d55-2ad0f0933942,A+,BLOOD,3.0,CRITICAL,OPEN,2025-02-11T09:44:00
cb40dad0-8da9-4263-9ebf-bffd15e5c60c,3a38c95f-fcee-495e-9b5f-c11230fe80ad,A+,BLOOD,4.0,HIGH,OPEN,2025-02-04T21:25:00
f0487961-545c-465c-bde8-6a1fb024e36e,e5b3c8ef-95ad-464a-8572-f3c445a9e256,A+,BLOOD,2.0,CRITICAL,OPEN,2025-04-05T05:20:00
24b2ed57-a7ae-4796-b665-8cf650355519,0c34dcbb-6200-4071-8931-50ee9593536b,A+,BLOOD,2.0,LOW,OPEN,2025-03-06T23:29:00
85420004-4b82-47df-a019-cc4e7e9687f5,4d224728-0017-4f1b-a7b7-a5953cb272bd,A+,BLOOD,4.0,LOW,OPEN,2025-04-21T17:22:00
02305865-6f35-42ed-847d-8f0ea7c83590,fa0e53ae-0fa8-44c2-ac12-fa044fe15e9d,A+,BLOOD,2.0,HIGH,OPEN,2025-02-14T15:23:00
0e465d20-4bcd-451b-aaef-e2bda899f2f2,6788c0b9-f90a-489d-9477-10ea58e4b6ce,O+,BLOOD,4.0,MEDIUM,OPEN,2025-03-26T20:29:00
2ff23ddc-72dd-4487-86ca-460fc9f4a443,3f60e4c3-6ac6-49a6-9c45-ea1adb333eee,B-,BLOOD,1.0,HIGH,OPEN,2025-03-22T03:48:00
a0970bbb-cfb2-40f6-a916-70f840cfb502,856115a4-b933-452d-8dd3-58d2015dab20,O+,BLOOD,2.0,CRITICAL,OPEN,2025-02-04T16:23:00
