dispatch_id,donor_id,request_id,dispatched_at,target,is_exact_blood_match,is_blood_compatible,is_universal_donor,donor_is_verified,donor_is_eligible,donor_is_available,donor_response_rate,donor_history_count,donor_positive_responses,days_since_last_donation,dispatch_hour,dispatch_day_of_week,is_weekend,is_night_dispatch,is_business_hours,requested_quantity,urgency_level,is_resource_blood
369a90f4-0cb6-40f4-8c4b-b9908dbff5aa,ff447bf1-e688-4eb7-ba18-cdcef5b86e01,9cf117b1-98e0-4f6a-bc35-125afcbd3247,2025-01-01T06:45:00,1,0,0,0,1,1,1,0.0,0,0,162.0,6,2,0,0,0,3.0,2,1
5e45fb7f-bc38-4a40-9b4c-036123bce028,b31f3223-35d1-446c-9991-79665d0b1ef3,9cf117b1-98e0-4f6a-bc35-125afcbd3247,2025-01-01T06:45:00,1,0,0,0,1,1,1,0.0,0,0,57.0,6,2,0,0,0,3.0,2,1
326f3d1f-a745-43a3-83a7-bb427bb6e4da,af32b242-6347-4914-8703-8bc3222ac8c4,9cf117b1-98e0-4f6a-bc35-125afcbd3247,2025-01-01T06:47:00,0,0,0,0,1,1,1,0.0,0,0,81.0,6,2,0,0,0,3.0,2,1
9210bc1f-3c4f-42f6-a5fb-ee44d4335bed,b7e02dd5-bc57-4ce1-89ca-6341da919a60,9cf117b1-98e0-4f6a-bc35-125afcbd3247,2025-01-01T06:51:00,0,0,0,0,1,1,1,0.0,0,0,365.0,6,2,0,0,0,3.0,2,1
d43bf1a4-0ab0-47c9-8619-45b31955e70d,d2fbf799-2a03-4408-8c26-4fc239c5d4fc,9cf117b1-98e0-4f6a-bc35-125afcbd3247,2025-01-01T06:54:00,1,0,0,0,1,0,1,0.0,0,0,116.0,6,2,0,0,0,3.0,2,1
9a016dbe-c2a8-4369-a609-7114bc56b875,15e8b88b-3071-48e6-b989-88d3d4c35e68,b5ae8967-7805-4a1d-bc10-8e2b8a2f25f6,2025-01-01T12:51:00,1,0,1,0,1,1,1,0.0,0,0,33.0,12,2,0,0,1,2.0,1,1
59baf519-3452-44a0-a325-27c803417c1b,03eeb252-1e41-4f67-91f0-687b64393568,b5ae8967-7805-4a1d-bc10-8e2b8a2f25f6,2025-01-01T12:53:00,1,0,0,0,1,1,1,0.0,0,0,89.0,12,2,0,0,1,2.0,1,1
a8142a38-2a40-4b18-a7c1-e8cf08b569e6,3e6e3033-9a9c-4988-9e45-362e43ee98e6,b5ae8967-7805-4a1d-bc10-8e2b8a2f25f6,2025-01-01T12:54:00,1,0,1,1,1,1,1,0.0,0,0,597.0,12,2,0,0,1,2.0,1,1
0ffb8e9a-0d44-4be3-bf0a-bbca6939bd2b,a88bf6b5-168a-42ee-bea7-b40defa21e24,b5ae8967-7805-4a1d-bc10-8e2b8a2f25f6,2025-01-01T12:56:00,1,0,0,0,1,1,1,0.0,0,0,38.0,12,2,0,0,1,2.0,1,1
de494bc0-87df-4fa0-b6df-d2cd12ba22da,5a9cd770-f74a-4cdd-87d0-646aa0e13b89,b5ae8967-7805-4a1d-bc10-8e2b8a2f25f6,2025-01-01T12:57:00,0,0,0,0,1,1,1,0.0,0,0,154.0,12,2,0,0,1,2.0,1,1
fcc77817-2885-4bfc-a532-0f6f156201dc,2e3af94c-8ff5-4a35-ac8a-571d4fa070d4,ee6477d0-9a54-4544-8e63-e6bff0cf3c87,2025-01-01T21:41:00,1,0,0,0,1,1,1,0.0,0,0,365.0,21,2,0,0,0,2.0,2,1
88f3bfe4-a3ef-4ba6-8c93-900ef89e2484,d6b5ae43-d86a-4b5f-abd6-b4e06091ee44,ee6477d0-9a54-4544-8e63-e6bff0cf3c87,2025-01-01T21:44:00,1,0,1,0,1,1,1,0.0,0,0,433.0,21,2,0,0,0,2.0,2,1
5711f813-2ca3-40d8-b77a-c8c0f3d1a873,643a2cfd-c940-4060-89e8-05b38ecebd84,ee6477d0-9a54-4544-8e63-e6bff0cf3c87,2025-01-01T21:47:00,1,0,1,0,1,1,1,0.0,0,0,124.0,21,2,0,0,0,2.0,2,1
088935aa-8920-4087-8577-b1a90eaea7f1,9f966f0d-58e3-4b25-ab78-8fe097b30675,aa3cda02-f1e4-4498-9124-3820051ae716,2025-01-01T22:02:00,1,1,1,0,1,1,1,0.0,0,0,85.0,22,2,0,1,0,4.0,1,0
5b64567d-fa5a-4ab4-bb6f-cb69bd4f3878,0f830c26-3d4f-4cf5-81cf-08041535d161,aa3cda02-f1e4-4498-9124-3820051ae716,2025-01-01T22:02:00,1,1,1,0,1,0,1,0.0,0,0,95.0,22,2,0,1,0,4.0,1,0
a03f211b-2a3b-4be3-97e6-d47060757d6f,6a793798-198b-46b9-85cd-0ec03d79cc88,aa3cda02-f1e4-4498-9124-3820051ae716,2025-01-01T22:10:00,1,0,1,0,1,1,1,0.0,0,0,76.0,22,2,0,1,0,4.0,1,0
51cbf454-05bd-4c6c-8a2d-b9cf7bbc06a5,40e2e31f-1e2d-4f70-9de8-91ad096fe41a,ee01dde6-1597-46ed-a6bc-a5801ace14ac,2025-01-02T03:22:00,1,0,0,0,1,1,1,0.0,0,0,48.0,3,3,0,1,0,2.0,2,1
b4aec01f-1774-4458-8449-f7426777a063,5849a59e-7a49-4c31-a079-4e89867a7e98,ee01dde6-1597-46ed-a6bc-a5801ace14ac,2025-01-02T03:24:00,1,0,1,0,1,1,1,0.0,0,0,210.0,3,3,0,1,0,2.0,2,1
647a0192-f153-4eb2-a848-f65b9d66227c,9a08a817-eaf1-4182-9eb1-290121129ead,ee01dde6-1597-46ed-a6bc-a5801ace14ac,2025-01-02T03:30:00,1,0,1,0,1,1,1,0.0,0,0,365.0,3,3,0,1,0,2.0,2,1
a7618649-e903-4cee-83c1-69b379bb864e,2f38acd6-86c3-4ffd-b869-1117ac2e0be7,6d67aa68-3241-438d-a5ce-5dc297346262,2025-01-02T07:35:00,0,0,0,0,1,1,0,0.0,0,0,365.0,7,3,0,0,0,1.0,1,1
3a8246f8-373e-4174-bc3f-1874a298166a,c0eaa600-b15c-463a-b278-86b3ca57fd5c,6d67aa68-3241-438d-a5ce-5dc297346262,2025-01-02T07:38:00,1,0,0,0,1,1,1,0.0,0,0,34.0,7,3,0,0,0,1.0,1,1
e2beb43c-13cb-4f47-8baf-5bd0dd5fc81a,8a51ac8d-1598-4fa0-bf75-085c49cbc370,6d67aa68-3241-438d-a5ce-5dc297346262,2025-01-02T07:43:00,1,0,0,0,1,1,1,0.0,0,0,310.0,7,3,0,0,0,1.0,1,1
ba4f9a15-4f50-492b-9528-c2447e6478ec,87ee165d-91a2-4857-b698-c97864b7c6d5,6d67aa68-3241-438d-a5ce-5dc297346262,2025-01-02T07:44:00,1,0,0,0,1,1,0,0.0,0,0,421.0,7,3,0,0,0,1.0,1,1
e417eed0-595b-4217-887d-9ff13b833a06,d37d167a-e253-4bf1-bf50-bfa4c95a4260,6d67aa68-3241-438d-a5ce-5dc297346262,2025-01-02T07:45:00,0,0,0,0,1,1,1,0.0,0,0,78.0,7,3,0,0,0,1.0,1,1
0555dc39-73b8-45ca-9526-b7b466719380,0cdb3e6f-399c-4e51-9eb2-0a3eed101f33,2761dd1d-bc5e-4b11-9fb8-3f225dc8c58b,2025-01-02T13:23:00,1,1,1,0,1,0,1,0.0,0,0,114.0,13,3,0,0,1,1.0,1,0
0489c637-ecf0-40ce-82a3-2ff41b99cd9f,f3cd1be3-bc16-4a73-961d-f832dfb5f084,2761dd1d-bc5e-4b11-9fb8-3f225dc8c58b,2025-01-02T13:27:00,1,0,0,0,1,1,0,0.0,0,0,50.0,13,3,0,0,1,1.0,1,0
1979eea8-d0a9-4c3b-ac58-64a2cb32a5c8,29e49c87-bf5c-4e0a-844a-7ce3f4f2d13d,2761dd1d-bc5e-4b11-9fb8-3f225dc8c58b,2025-01-02T13:29:00,1,0,0,0,1,1,1,0.0,0,0,84.0,13,3,0,0,1,1.0,1,0
b06338e4-6ec6-4950-b5e1-1e00f8cdb5a5,b34b9ff4-c6a5-4e42-9619-75d5b29e68d4,2bf9da53-b525-4579-9a5d-ee99383d9f9d,2025-01-03T04:03:00,1,1,1,0,1,1,0,0.0,0,0,189.0,4,4,0,1,0,2.0,2,0
29ed70ac-f8fc-4950-a026-0e941b835463,11e977ea-77b0-4be7-a600-4b4895750d3e,2bf9da53-b525-4579-9a5d-ee99383d9f9d,2025-01-03T04:09:00,1,0,0,0,1,1,1,0.0,0,0,123.0,4,4,0,1,0,2.0,2,0
c64be3d7-c45d-4fa4-a317-6827828db4ac,3d9f3b15-c774-4537-9706-6a9c0ce3bcd0,00a7e0a3-af3a-447d-bb96-b0d5438dc2ae,2025-01-03T08:37:00,1,0,0,0,1,1,0,0.0,0,0,70.0,8,4,0,0,0,4.0,3,1
b382567f-d6cf-4507-870a-e5435a9daec9,6f397cf4-9959-4fad-93f5-e6397f2f273d,00a7e0a3-af3a-447d-bb96-b0d5438dc2ae,2025-01-03T08:42:00,1,1,1,0,1,1,1,0.0,0,0,305.0,8,4,0,0,0,4.0,3,1
4b18359c-56c6-4f47-92ea-47c586f23550,d346ac11-9b08-4a8a-b887-845a17ae7266,00a7e0a3-af3a-447d-bb96-b0d5438dc2ae,2025-01-03T08:44:00,1,1,1,0,1,1,1,0.0,0,0,525.0,8,4,0,0,0,4.0,3,1
ff17c678-e68c-4ccf-9576-687adad746aa,b55baffe-83af-4af1-b800-2efe44d895fa,00a7e0a3-af3a-447d-bb96-b0d5438dc2ae,2025-01-03T08:48:00,0,0,0,0,0,1,1,0.0,0,0,92.0,8,4,0,0,0,4.0,3,1
9f646134-1646-4b70-8944-eb199983db57,ca5ce99f-cf40-4ef6-9c3d-4a4177383ff2,00a7e0a3-af3a-447d-bb96-b0d5438dc2ae,2025-01-03T08:49:00,1,1,1,0,1,0,1,0.0,0,0,365.0,8,4,0,0,0,4.0,3,1
8d5aff88-aabb-4852-9d8f-284b1e8f8494,5ae18917-1ec4-457c-a836-7efc4c4c8fff,fd5ae745-5390-49eb-a855-e9fd01d76f55,2025-01-03T09:19:00,1,0,1,0,1,1,1,0.0,0,0,123.0,9,4,0,0,1,3.0,1,1
b9b98be5-6868-4ae3-8757-50b23b27b8d0,d00a6ed9-0c78-4d11-8599-3f98cf750bc5,fd5ae745-5390-49eb-a855-e9fd01d76f55,2025-01-03T09:28:00,0,1,1,0,1,1,1,0.0,0,0,297.0,9,4,0,0,1,3.0,1,1
1bbd0226-dc7a-44fd-b948-94d81647c42f,f2f92179-5d28-4944-970e-4735cb6d6a92,93b3afe8-2246-45a4-ad88-9b5f152ada9c,2025-01-03T09:49:00,1,0,0,0,1,1,0,0.0,0,0,91.0,9,4,0,0,1,2.0,0,0
5858fb43-62bd-47da-82b4-2bbb223bb6ef,0163ca09-1636-4809-8246-282d82afd3a3,93b3afe8-2246-45a4-ad88-9b5f152ada9c,2025-01-03T09:49:00,0,1,1,0,0,0,0,0.0,0,0,167.0,9,4,0,0,1,2.0,0,0
86983446-b81b-4480-8918-aebeb2410719,ed05badd-17a9-4ad2-99b1-3e60e0cb321e,93b3afe8-2246-45a4-ad88-9b5f152ada9c,2025-01-03T09:49:00,1,1,1,0,1,1,1,0.0,0,0,62.0,9,4,0,0,1,2.0,0,0
e74fa04a-bdeb-4508-b16c-86728b4292f6,deac09c6-92df-437d-890a-ec1f48406829,93b3afe8-2246-45a4-ad88-9b5f152ada9c,2025-01-03T09:50:00,1,1,1,0,1,0,0,0.0,0,0,41.0,9,4,0,0,1,2.0,0,0
814c351f-da82-4611-bfff-7b59bdc716db,ad32e776-9492-4189-a4eb-d73ed256a7ea,93b3afe8-2246-45a4-ad88-9b5f152ada9c,2025-01-03T09:51:00,1,1,1,0,1,1,1,0.0,0,0,42.0,9,4,0,0,1,2.0,0,0
82822c4c-3c82-42a3-97d2-2f74ca1c1110,6a684832-6713-46ad-8845-56c424779c27,93b3afe8-2246-45a4-ad88-9b5f152ada9c,2025-01-03T09:53:00,1,1,1,0,1,1,1,0.0,0,0,61.0,9,4,0,0,1,2.0,0,0
bf8ff9a5-412e-4f45-9f28-f6232afcf5d1,d346ac11-9b08-4a8a-b887-845a17ae7266,ad932cae-5eed-4f7a-b37e-b95fa40197f1,2025-01-03T16:15:00,1,0,0,0,1,1,1,1.0,1,1,525.0,16,4,0,0,1,2.0,2,0
dd959e97-d917-4b88-93cd-d30c4173173a,ed05badd-17a9-4ad2-99b1-3e60e0cb321e,ad932cae-5eed-4f7a-b37e-b95fa40197f1,2025-01-03T16:18:00,0,0,0,0,1,1,1,1.0,1,1,62.0,16,4,0,0,1,2.0,2,0
f00ce057-3d42-44db-acc6-15efbb7818b6,664b1167-88df-4fdd-afcb-3e9296fb4ad6,ad932cae-5eed-4f7a-b37e-b95fa40197f1,2025-01-03T16:18:00,1,0,0,0,1,1,1,0.0,0,0,129.0,16,4,0,0,1,2.0,2,0
ea957cdb-74ff-4dfe-aa33-324a58d1c29e,846be435-a2e1-4850-bad5-07de99099078,ad932cae-5eed-4f7a-b37e-b95fa40197f1,2025-01-03T16:21:00,1,0,0,0,1,1,1,0.0,0,0,64.0,16,4,0,0,1,2.0,2,0
ed0dd95d-247a-4efb-a157-8477c64eae4f,18663a26-c010-4e4e-8471-6194347da84d,ad932cae-5eed-4f7a-b37e-b95fa40197f1,2025-01-03T16:23:00,1,0,0,0,1,1,1,0.0,0,0,365.0,16,4,0,0,1,2.0,2,0
e3024062-8ab8-4d02-b2ac-4c564a784a42,3f72d86e-c11c-497f-b6d0-5f2e08b013cd,c3f58522-b395-4113-854c-d43297e8a110,2025-01-03T18:27:00,0,0,0,0,0,1,1,0.0,0,0,106.0,18,4,0,0,0,2.0,2,1
c1cd654f-9b28-4075-bb01-2cc988cd6383,8465564b-f0a3-4480-b044-c0a4cf6d01a0,c3f58522-b395-4113-854c-d43297e8a110,2025-01-03T18:32:00,1,1,1,0,1,1,1,0.0,0,0,406.0,18,4,0,0,0,2.0,2,1
20284c5e-d5fa-460d-8800-4755fc34089f,20f6053d-1512-49be-a186-de29bf5ec234,c3f58522-b395-4113-854c-d43297e8a110,2025-01-03T18:34:00,1,0,0,0,1,1,1,0.0,0,0,145.0,18,4,0,0,0,2.0,2,1
bdc803e3-9c1a-4091-9416-6e89979bed22,103eb3c6-8619-4c37-b55b-6a3438e71b7a,9dbd01d5-4058-4fa9-85d8-dc24d6743804,2025-01-03T19:45:00,0,0,0,0,0,1,0,0.0,0,0,43.0,19,4,0,0,0,4.0,1,1
65823958-e545-4af9-acbf-268286d5793b,2bc00f4d-1415-492e-ab45-855a39d62175,9dbd01d5-4058-4fa9-85d8-dc24d6743804,2025-01-03T19:48:00,1,0,1,0,1,0,1,0.0,0,0,113.0,19,4,0,0,0,4.0,1,1
2507901c-f6b5-45bf-935a-193a8a855ac7,edf481eb-bab0-46c2-a7e6-67b59a510550,9dbd01d5-4058-4fa9-85d8-dc24d6743804,2025-01-03T19:53:00,1,0,1,0,1,1,1,0.0,0,0,173.0,19,4,0,0,0,4.0,1,1
c4d02243-b92f-478c-8e0c-5ba0aabf89fd,c4fe67ef-e054-4697-9543-263f3f2dd3c7,9dbd01d5-4058-4fa9-85d8-dc24d6743804,2025-01-03T19:53:00,0,0,1,0,0,1,0,0.0,0,0,65.0,19,4,0,0,0,4.0,1,1
53133b0d-557f-4dc5-9720-8fab222a868f,deac09c6-92df-437d-890a-ec1f48406829,3297ad2a-15f2-41bc-baa1-33b8274534c4,2025-01-03T20:30:00,1,1,1,0,1,0,0,1.0,1,1,41.0,20,4,0,0,0,3.0,1,0
d3fe5f04-d746-46cb-985b-b26d85018e7c,eeafa879-969e-4fb1-b5cc-4bb4d3216e00,3297ad2a-15f2-41bc-baa1-33b8274534c4,2025-01-03T20:30:00,1,0,0,0,1,1,1,0.0,0,0,147.0,20,4,0,0,0,3.0,1,0
547ed2b2-0ada-4bad-9470-a2a2d1fdc0ad,18425d44-6ba9-45d1-a297-f3778d4b10e7,3297ad2a-15f2-41bc-baa1-33b8274534c4,2025-01-03T20:32:00,1,1,1,0,1,1,1,0.0,0,0,365.0,20,4,0,0,0,3.0,1,0
e2eb4dd6-51a7-484f-b874-63e11f32c78a,56cb3f18-5215-48ce-a5e3-0cd1a2498d02,3297ad2a-15f2-41bc-baa1-33b8274534c4,2025-01-03T20:32:00,1,0,0,0,1,1,1,0.0,0,0,32.0,20,4,0,0,0,3.0,1,0
f3f52344-b05e-4828-b21a-f4888749fff4,a14bd188-163c-4039-b950-9d6f9fd5a629,3297ad2a-15f2-41bc-baa1-33b8274534c4,2025-01-03T20:38:00,1,0,0,0,1,1,0,0.0,0,0,70.0,20,4,0,0,0,3.0,1,0
5b11e025-cf81-4af4-9b0b-5063a7f623ef,7df3d0f3-a755-40a4-a102-6e1158275be1,2614a6f5-45b5-44a1-a55c-062e5644645a,2025-01-04T02:25:00,0,0,0,0,1,0,1,0.0,0,0,56.0,2,5,1,1,0,2.0,2,1
cdcf2169-beb3-428d-9149-63ad3266da88,5d834b3d-0d58-4d16-bdc4-32869531ea10,2614a6f5-45b5-44a1-a55c-062e5644645a,2025-01-04T02:28:00,1,0,0,0,1,1,1,0.0,0,0,49.0,2,5,1,1,0,2.0,2,1
66cbaf09-55db-41a3-9b7d-97696b62301e,7874fffd-6a3d-4885-92ad-f115c4f7779f,2614a6f5-45b5-44a1-a55c-062e5644645a,2025-01-04T02:38:00,1,0,0,0,1,1,1,0.0,0,0,365.0,2,5,1,1,0,2.0,2,1
dcdb373c-bf8d-4abe-80be-90759b8917c3,b2bf9e98-85b8-494e-b4cc-bd65231bcd14,5d58dca7-f2e3-497c-84e9-d8f305e67e03,2025-01-04T05:18:00,0,0,1,1,1,1,1,0.0,0,0,105.0,5,5,1,1,0,1.0,1,1
f3c35a2a-2205-4648-9fd6-99c4942ee703,d346ac11-9b08-4a8a-b887-845a17ae7266,5d58dca7-f2e3-497c-84e9-d8f305e67e03,2025-01-04T05:28:00,1,0,1,0,1,1,1,1.0,2,2,526.0,5,5,1,1,0,1.0,1,1
205c630e-7fa2-4afc-b7c8-a59dca432c5d,2c3db408-b5ed-488b-889b-94d27474e75e,5d58dca7-f2e3-497c-84e9-d8f305e67e03,2025-01-04T05:30:00,0,0,1,0,1,1,1,0.0,0,0,406.0,5,5,1,1,0,1.0,1,1
20cd6b1c-9e13-41f6-9662-b848cee110c9,3b1c0630-6304-4f24-90a0-39e3fd579418,5d58dca7-f2e3-497c-84e9-d8f305e67e03,2025-01-04T05:30:00,0,1,1,0,1,0,0,0.0,0,0,135.0,5,5,1,1,0,1.0,1,1
8c6cff2a-f03a-4267-9659-7e14172af146,20973b43-2cf6-456f-b7bc-c097d6343c32,e81370a2-42e8-4542-af59-54cafb63ad5c,2025-01-04T05:32:00,1,0,0,0,1,1,0,0.0,0,0,365.0,5,5,1,1,0,2.0,1,1
525cb23d-7f83-4daf-954f-0f9d74bb8272,05088ba7-5428-4853-8cc9-e76f460fddd4,e81370a2-42e8-4542-af59-54cafb63ad5c,2025-01-04T05:34:00,1,0,0,0,1,1,1,0.0,0,0,132.0,5,5,1,1,0,2.0,1,1
0bac9f5c-e441-436d-920f-55e55b6ce911,74de697e-ecd0-4975-8057-f21088a888b4,e81370a2-42e8-4542-af59-54cafb63ad5c,2025-01-04T05:42:00,0,0,1,1,1,1,0,0.0,0,0,365.0,5,5,1,1,0,2.0,1,1
4bbf9fc4-598d-4751-9b9b-8012afd8e1ce,54d5caa7-5a58-4175-a139-ece2d4e285d1,ba16c21a-a9cc-426a-ad2c-8f7bbd0dad81,2025-01-04T17:31:00,1,1,1,0,0,1,1,0.0,0,0,97.0,17,5,1,0,0,2.0,0,0
842d8d6f-949f-453a-861f-eda8473aacb6,d869910e-02c0-4d29-a1fd-9bdef530d653,ba16c21a-a9cc-426a-ad2c-8f7bbd0dad81,2025-01-04T17:39:00,1,0,1,0,1,0,1,0.0,0,0,365.0,17,5,1,0,0,2.0,0,0
a62a4005-de9f-43f6-bcb9-4bcb6a306c3a,caedcc90-6c34-4e03-8f0b-b86ff3cda6a7,a422551d-9d9a-46fd-8bc8-d2571b1abd4c,2025-01-04T17:58:00,1,0,1,0,1,1,1,0.0,0,0,163.0,17,5,1,0,0,2.0,0,1
a0a84766-999b-4628-b53b-abb4966e543b,7ce3dda1-de53-4002-8f7b-0cd22da8ea06,a422551d-9d9a-46fd-8bc8-d2571b1abd4c,2025-01-04T17:59:00,1,0,1,0,1,1,1,0.0,0,0,372.0,17,5,1,0,0,2.0,0,1
5e2c0ed7-166b-49b3-a6f5-a33104fecc1b,8a51ac8d-1598-4fa0-bf75-085c49cbc370,a422551d-9d9a-46fd-8bc8-d2571b1abd4c,2025-01-04T18:04:00,0,0,0,0,1,1,1,1.0,1,1,312.0,18,5,1,0,0,2.0,0,1
060721c5-8101-4b20-9c3f-c47b26611cdb,36ab981c-07be-4841-8992-11118d375327,a422551d-9d9a-46fd-8bc8-d2571b1abd4c,2025-01-04T18:07:00,1,1,1,0,1,1,1,0.0,0,0,70.0,18,5,1,0,0,2.0,0,1
a94d337a-1b9e-43b1-9568-db0afb8bc53e,6c25e2ff-8bc0-4abc-a978-052ba5e4650a,a422551d-9d9a-46fd-8bc8-d2571b1abd4c,2025-01-04T18:08:00,1,0,1,0,1,1,1,0.0,0,0,110.0,18,5,1,0,0,2.0,0,1
7ea8f537-6a1e-4fee-93bb-7e2d44063365,6c25e2ff-8bc0-4abc-a978-052ba5e4650a,484edbe6-982e-42cd-a8da-43af1867ff12,2025-01-04T21:22:00,1,1,1,0,1,1,1,1.0,1,1,110.0,21,5,1,0,0,1.0,2,1
0ffb4c1c-0fb7-4d48-bb3f-431a151bd8ad,1ee3aa44-6749-4c32-9bfe-c3306275fe48,484edbe6-982e-42cd-a8da-43af1867ff12,2025-01-04T21:24:00,1,1,1,0,1,1,1,0.0,0,0,84.0,21,5,1,0,0,1.0,2,1
301c7afc-2d5b-4a93-8597-c181b5029e74,2fe42234-9f74-4aa2-8d63-a0c3cf398172,484edbe6-982e-42cd-a8da-43af1867ff12,2025-01-04T21:26:00,1,1,1,0,0,0,1,0.0,0,0,116.0,21,5,1,0,0,1.0,2,1
6be1437b-b76c-4483-b024-ac28c2916c1e,abdc90fb-c824-469f-8f0e-8dd72f8f977f,484edbe6-982e-42cd-a8da-43af1867ff12,2025-01-04T21:28:00,1,1,1,0,0,1,1,0.0,0,0,332.0,21,5,1,0,0,1.0,2,1
e1a566fa-94f5-4fab-a693-2bc8bb5a115c,c9dc82a9-929e-4f50-b5b7-c81e47b0668c,484edbe6-982e-42cd-a8da-43af1867ff12,2025-01-04T21:29:00,1,0,0,0,1,1,0,0.0,0,0,71.0,21,5,1,0,0,1.0,2,1
2dc40c6f-fff7-4449-acf5-a77615ca3574,03eeb252-1e41-4f67-91f0-687b64393568,484edbe6-982e-42cd-a8da-43af1867ff12,2025-01-04T21:30:00,0,0,0,0,1,1,1,1.0,1,1,92.0,21,5,1,0,0,1.0,2,1
2d84044c-7a59-4168-a66e-b918db7cf00c,bc7ffdff-d62a-437c-9957-5c8739b97d73,f5f17adf-9784-4723-9ddc-40e6a0f19029,2025-01-05T06:42:00,0,0,1,0,1,1,1,0.0,0,0,36.0,6,6,1,0,0,3.0,0,0
3d3cda28-aef0-41ec-b3af-53318c4302bd,606e67ca-9ccf-47a9-951e-95c0bc77f20d,f5f17adf-9784-4723-9ddc-40e6a0f19029,2025-01-05T06:42:00,0,1,1,0,0,1,1,0.0,0,0,365.0,6,6,1,0,0,3.0,0,0
cf925c73-58a4-4a02-8dd3-74f06c3c871e,19e65af6-da1e-4052-bf71-1659737f5cc7,f5f17adf-9784-4723-9ddc-40e6a0f19029,2025-01-05T06:44:00,1,1,1,0,1,1,1,0.0,0,0,329.0,6,6,1,0,0,3.0,0,0
a082857a-2752-42e6-ab5c-82e8e181eae8,643a2cfd-c940-4060-89e8-05b38ecebd84,f5f17adf-9784-4723-9ddc-40e6a0f19029,2025-01-05T06:49:00,1,0,1,0,1,1,1,1.0,1,1,128.0,6,6,1,0,0,3.0,0,0
0cbf9b74-fbbd-4226-b1d4-64524d4aeeef,cbfa701d-d50d-4cb5-a221-792b267c1d82,f5f17adf-9784-4723-9ddc-40e6a0f19029,2025-01-05T06:52:00,0,1,1,0,1,0,0,0.0,0,0,167.0,6,6,1,0,0,3.0,0,0
310cc8f5-d2e2-4fa5-9453-a7db20592904,eb58213e-ba40-46c3-9d6b-38ab2414fb43,896901f1-c800-404d-9ed9-a16f3179019e,2025-01-05T10:09:00,1,1,1,0,1,0,0,0.0,0,0,82.0,10,6,1,0,0,4.0,3,1
7c024525-30fb-4070-9617-8c11f9317369,2c1091c3-2c2e-4305-8524-f2651ddbea75,896901f1-c800-404d-9ed9-a16f3179019e,2025-01-05T10:10:00,1,1,1,0,1,1,1,0.0,0,0,622.0,10,6,1,0,0,4.0,3,1
9068b039-3965-46b5-9035-7983720e5fbe,885c50e2-3162-47fa-90f5-23d9287648cc,896901f1-c800-404d-9ed9-a16f3179019e,2025-01-05T10:11:00,1,0,1,0,0,1,1,0.0,0,0,365.0,10,6,1,0,0,4.0,3,1
8a80862d-0deb-4da4-9b98-ce3b4dd82b9d,82f273c1-a6d9-473e-b339-93f7a0379a64,896901f1-c800-404d-9ed9-a16f3179019e,2025-01-05T10:12:00,1,1,1,0,1,1,1,0.0,0,0,82.0,10,6,1,0,0,4.0,3,1
e8130f80-e7f0-429d-9341-71c45ea1ba7d,7724d47c-dcf0-4aba-a2e1-ec51d9d4eef2,01c5dc13-745c-4823-bec7-18f8a20b9f95,2025-01-05T11:25:00,1,1,1,0,1,1,1,0.0,0,0,306.0,11,6,1,0,0,3.0,0,0
b932e655-66f5-4034-a595-dc8febb0acc6,159de8a5-1159-4692-a1c7-d4ea1c848144,01c5dc13-745c-4823-bec7-18f8a20b9f95,2025-01-05T11:27:00,1,1,1,0,1,1,1,0.0,0,0,66.0,11,6,1,0,0,3.0,0,0
b55cf3b1-e556-4fbf-bda3-8ed99f3dc0e0,0648f122-df82-42c1-b7a4-513681226246,850d779b-df26-4e84-9ffd-daf6d4e41774,2025-01-05T13:28:00,0,0,1,0,1,1,1,0.0,0,0,52.0,13,6,1,0,0,2.0,2,0
e83f3499-90d3-41b4-af30-84a59195ee20,c4ccc935-dd86-4d48-92ab-3e02bfbbdedd,850d779b-df26-4e84-9ffd-daf6d4e41774,2025-01-05T13:30:00,1,0,1,0,1,1,1,0.0,0,0,50.0,13,6,1,0,0,2.0,2,0
cb46b20d-ff2c-4422-b10b-0d46aabe6ea7,d0541b7a-d91a-4f60-a3c9-55e8ae5577b7,45bfbbaa-2847-4d9d-adfb-3550b8216271,2025-01-05T15:02:00,1,1,1,0,1,1,1,0.0,0,0,169.0,15,6,1,0,0,4.0,0,0
7619d89d-a255-41db-830d-cd75921817c3,748bd135-2aa2-42af-9ae8-8edfadd6d30f,0a0d6141-9b3c-49cd-b34d-1c85a301b0bc,2025-01-05T15:08:00,0,0,0,0,1,1,1,0.0,0,0,93.0,15,6,1,0,0,6.0,3,1
43735a4e-9d7b-4cdd-9534-e334ef0602fb,075750fe-b6ad-4c6a-a4e3-91e723ad0bdf,0a0d6141-9b3c-49cd-b34d-1c85a301b0bc,2025-01-05T15:10:00,1,0,0,0,1,1,1,0.0,0,0,72.0,15,6,1,0,0,6.0,3,1
04628cc5-5d5e-4bb3-9e99-910b92759d5d,5a1a919b-115a-40fc-ad8a-b6ffd35a23eb,45bfbbaa-2847-4d9d-adfb-3550b8216271,2025-01-05T15:13:00,0,0,0,0,1,1,1,0.0,0,0,366.0,15,6,1,0,0,4.0,0,0
f911097d-1cb2-4d3c-9537-8850204251f6,950e5213-a1b0-4cdc-9127-044adb973cb5,0a0d6141-9b3c-49cd-b34d-1c85a301b0bc,2025-01-05T15:14:00,0,0,0,0,1,1,0,0.0,0,0,365.0,15,6,1,0,0,6.0,3,1
1a0b27dd-7fe7-4c8c-811f-c2d09c88ae86,35a960a1-e1aa-45db-8043-5650f7e73b8c,0a0d6141-9b3c-49cd-b34d-1c85a301b0bc,2025-01-05T15:17:00,0,1,1,1,1,0,1,0.0,0,0,37.0,15,6,1,0,0,6.0,3,1
f640c0cf-5396-4eb9-a06a-d256d8cb809a,86adaeeb-d381-4c0f-87c8-ba59ce1cad28,0a0d6141-9b3c-49cd-b34d-1c85a301b0bc,2025-01-05T15:20:00,1,0,0,0,1,1,1,0.0,0,0,338.0,15,6,1,0,0,6.0,3,1
010e575d-b686-458b-a53e-1b40b4daf880,72d80153-ab97-4442-b132-ccdf469ad157,5e01f0bd-b130-46ec-b5d7-755d19c5eb18,2025-01-05T22:27:00,0,1,1,0,0,1,1,0.0,0,0,95.0,22,6,1,1,0,3.0,0,1
565757ea-cff6-40db-ad65-c635558d77e9,97b426ef-09b1-4692-8010-6897b909efc6,5e01f0bd-b130-46ec-b5d7-755d19c5eb18,2025-01-05T22:27:00,0,0,0,0,1,0,1,0.0,0,0,49.0,22,6,1,1,0,3.0,0,1
5021c28b-f1e1-4ee0-83f6-d63e6612af89,e0e3fb99-db30-4123-b346-7f11de4197c6,5e01f0bd-b130-46ec-b5d7-755d19c5eb18,2025-01-05T22:28:00,0,0,0,0,1,1,1,0.0,0,0,230.0,22,6,1,1,0,3.0,0,1
f4edda72-87f0-4bf4-afe6-a786165adbb9,3b9f8b84-9d78-41c0-8faf-289fde279e85,5e01f0bd-b130-46ec-b5d7-755d19c5eb18,2025-01-05T22:35:00,1,0,0,0,1,1,1,0.0,0,0,285.0,22,6,1,1,0,3.0,0,1
4265024f-b6f1-44f9-b02d-08bbd0b0c824,d2112070-a709-4a6f-a1fe-b83a282d0da2,67bee650-5073-46f8-b305-d5560744e67d,2025-01-06T04:33:00,1,0,1,0,1,1,1,0.0,0,0,365.0,4,0,0,1,0,6.0,2,1
829059bd-d4ed-40f6-b988-bd3c4f9536e2,887c04b7-3558-4cd6-b634-cf5a4cd93877,67bee650-5073-46f8-b305-d5560744e67d,2025-01-06T04:34:00,1,0,1,0,1,1,1,0.0,0,0,365.0,4,0,0,1,0,6.0,2,1
1eeaa5b2-7f0a-4937-8f55-3d9e8f671716,30c6a854-5681-4fda-b9bc-b5f82a1567dc,67bee650-5073-46f8-b305-d5560744e67d,2025-01-06T04:35:00,1,0,0,0,1,0,1,0.0,0,0,87.0,4,0,0,1,0,6.0,2,1
4c200b4e-2377-4066-93bb-f5c5df76afc0,4eee87b4-abdd-4100-ad14-aaafa8fd5f81,c29ae465-487f-441d-a1b4-902892ead9b5,2025-01-06T09:25:00,1,0,1,0,1,1,1,0.0,0,0,105.0,9,0,0,0,1,3.0,2,0
5d4d2fe4-4046-44d1-a017-d8263b48ace2,7fe949fd-61b1-475a-8c19-580e4b0b98a7,c29ae465-487f-441d-a1b4-902892ead9b5,2025-01-06T09:26:00,0,0,0,0,1,1,1,0.0,0,0,103.0,9,0,0,0,1,3.0,2,0
2b19352e-f546-482e-978b-2399b81605a0,2c4d68b2-c9d6-4244-9ac3-ce7b208c9147,c29ae465-487f-441d-a1b4-902892ead9b5,2025-01-06T09:30:00,1,1,1,0,1,1,1,0.0,0,0,56.0,9,0,0,0,1,3.0,2,0
fa7d5323-4ae2-47bb-8bc0-37415cb135bc,2bc00f4d-1415-492e-ab45-855a39d62175,c29ae465-487f-441d-a1b4-902892ead9b5,2025-01-06T09:30:00,1,0,1,0,1,0,1,1.0,1,1,116.0,9,0,0,0,1,3.0,2,0
14e00f0f-b5d8-40a7-9ce4-9e4675803b69,62dcf5be-c7c7-4332-ba46-a97ff4593dd6,c29ae465-487f-441d-a1b4-902892ead9b5,2025-01-06T09:33:00,0,0,0,0,1,1,1,0.0,0,0,35.0,9,0,0,0,1,3.0,2,0
0fb5f651-e151-4e53-ac4b-83998a9f2ceb,3e19e0d8-1f00-40bc-8358-1472a358eb9a,510c154a-68a3-4be1-8fab-b5ce77672763,2025-01-06T13:18:00,1,0,0,0,1,1,1,0.0,0,0,55.0,13,0,0,0,1,2.0,2,1
e1098a16-62fe-41fb-bbeb-293a05a1e317,626cbf28-4c14-4dc1-a51b-9a94ba59000e,510c154a-68a3-4be1-8fab-b5ce77672763,2025-01-06T13:19:00,1,0,0,0,1,0,0,0.0,0,0,365.0,13,0,0,0,1,2.0,2,1
910ad41e-c784-4c8f-ba6d-ce0b2016c0ed,67e602e6-39ad-4901-acb6-b01a84f70f34,510c154a-68a3-4be1-8fab-b5ce77672763,2025-01-06T13:24:00,1,0,0,0,1,1,1,0.0,0,0,37.0,13,0,0,0,1,2.0,2,1
5c785aa4-9553-4370-8128-9c9d95e4e8f0,eb9471c8-ba19-42a2-94b9-9a533ce84d63,510c154a-68a3-4be1-8fab-b5ce77672763,2025-01-06T13:25:00,0,0,0,0,1,1,1,0.0,0,0,349.0,13,0,0,0,1,2.0,2,1
df58eea5-c1bf-4dec-815a-db1c7b09bad8,977055e7-58dc-4d79-b576-2feb17172418,510c154a-68a3-4be1-8fab-b5ce77672763,2025-01-06T13:29:00,1,0,0,0,1,1,0,0.0,0,0,157.0,13,0,0,0,1,2.0,2,1
0b356c97-17a1-44a3-b226-b55a550afa43,e0e3fb99-db30-4123-b346-7f11de4197c6,ac572491-a010-4d6f-9e5d-f7ed66a668eb,2025-01-06T14:49:00,1,0,0,0,1,1,1,0.0,1,0,231.0,14,0,0,0,1,2.0,2,0
0e22a41f-2955-4b58-8508-7e4701d343f7,6c5114ec-b8e2-4c74-8e20-93ded422c3b1,ac572491-a010-4d6f-9e5d-f7ed66a668eb,2025-01-06T14:49:00,1,1,1,0,1,0,0,0.0,0,0,46.0,14,0,0,0,1,2.0,2,0
92786d83-40b5-44a4-a3cd-ce9487979601,fb360121-72e2-40f7-bcc1-c7c613c988c0,ac572491-a010-4d6f-9e5d-f7ed66a668eb,2025-01-06T14:49:00,1,1,1,0,1,1,1,0.0,0,0,365.0,14,0,0,0,1,2.0,2,0
12b90ce9-38d8-474d-b052-c98872cbd2c3,7368f039-3b92-4ed6-9281-8a546afbbd0c,ac572491-a010-4d6f-9e5d-f7ed66a668eb,2025-01-06T14:55:00,1,0,0,0,1,1,1,0.0,0,0,42.0,14,0,0,0,1,2.0,2,0
af41c790-9b20-43e1-a9c0-7ecd0a6e7563,3e6e3033-9a9c-4988-9e45-362e43ee98e6,ac572491-a010-4d6f-9e5d-f7ed66a668eb,2025-01-06T14:57:00,1,0,1,1,1,1,1,1.0,1,1,602.0,14,0,0,0,1,2.0,2,0
8331fec9-b858-4cf2-9c2d-d5980ee4fc41,27f63174-92e0-4ec5-a8d6-df307aa20f3b,ac572491-a010-4d6f-9e5d-f7ed66a668eb,2025-01-06T14:58:00,1,1,1,0,1,1,1,0.0,0,0,365.0,14,0,0,0,1,2.0,2,0
6c58dd3a-227c-4dbd-ad42-ea59df63de8f,3f72d86e-c11c-497f-b6d0-5f2e08b013cd,117578b3-bb3c-4823-9e97-3d4ea3a90869,2025-01-06T22:10:00,1,0,0,0,0,1,1,0.0,1,0,109.0,22,0,0,1,0,3.0,1,1
f7cb26ae-2b7d-4554-b9c8-1b49a14b3a08,0ad41086-120a-480a-a25e-68be9c95144c,117578b3-bb3c-4823-9e97-3d4ea3a90869,2025-01-06T22:11:00,1,0,0,0,1,1,1,0.0,0,0,365.0,22,0,0,1,0,3.0,1,1
79e07aaf-abdb-4d21-b90b-19fbc001aa72,3cad9af4-3e76-49e7-a472-17fbf3b30322,117578b3-bb3c-4823-9e97-3d4ea3a90869,2025-01-06T22:14:00,0,0,0,0,1,1,1,0.0,0,0,46.0,22,0,0,1,0,3.0,1,1
a2ea3e76-6c20-4974-a032-4b04cfcfbb25,14dd9b4c-5ebc-4843-9f14-a7de9f6c0f44,117578b3-bb3c-4823-9e97-3d4ea3a90869,2025-01-06T22:15:00,1,0,0,0,1,1,1,0.0,0,0,133.0,22,0,0,1,0,3.0,1,1
d1c2b596-71cf-4a01-ae08-3d7f14b7ba5f,c4407f72-aaa4-45db-935c-f0c2d2f7c518,117578b3-bb3c-4823-9e97-3d4ea3a90869,2025-01-06T22:21:00,1,0,0,0,1,0,1,0.0,0,0,38.0,22,0,0,1,0,3.0,1,1
e7656ad1-b83e-4b0c-a15f-c3f1e75d0698,1b1c6a4c-9521-43d0-af56-40e628a2cb1d,1fb289ab-d50f-454d-95e0-308602ec5626,2025-01-07T03:41:00,0,0,0,0,1,1,1,0.0,0,0,233.0,3,1,0,1,0,4.0,3,1
676aa328-6052-464d-973b-00baa1153cb0,0f830c26-3d4f-4cf5-81cf-08041535d161,1fb289ab-d50f-454d-95e0-308602ec5626,2025-01-07T03:43:00,1,0,0,0,1,0,1,1.0,1,1,101.0,3,1,0,1,0,4.0,3,1
3ed65fb7-daa5-4007-91f9-a84e17222414,2b53fe55-2a72-4432-a6b9-13c5a851be2a,1fb289ab-d50f-454d-95e0-308602ec5626,2025-01-07T03:47:00,0,0,0,0,1,1,1,0.0,0,0,87.0,3,1,0,1,0,4.0,3,1
fad5e626-0d30-4023-ae5e-1302e2491e4c,b535926f-1249-45e1-8443-3898d91728ed,1fb289ab-d50f-454d-95e0-308602ec5626,2025-01-07T03:48:00,0,0,0,0,1,1,0,0.0,0,0,74.0,3,1,0,1,0,4.0,3,1
417d7445-b2c2-4bf3-ac89-1a94cf25c716,74de697e-ecd0-4975-8057-f21088a888b4,1fb289ab-d50f-454d-95e0-308602ec5626,2025-01-07T03:53:00,0,0,1,1,1,1,0,0.0,1,0,365.0,3,1,0,1,0,4.0,3,1
e894e413-ea1e-495b-a595-0376208d30af,20973b43-2cf6-456f-b7bc-c097d6343c32,e387450b-4573-477f-bac5-3e456deb5911,2025-01-07T04:56:00,0,0,0,0,1,1,0,1.0,1,1,365.0,4,1,0,1,0,2.0,2,0
6ff8cab3-6b8f-4a3f-bab6-3d8a5486de5f,3fbab77f-078b-48d4-ab31-908df43ab95e,e387450b-4573-477f-bac5-3e456deb5911,2025-01-07T04:57:00,1,0,0,0,1,1,1,0.0,0,0,216.0,4,1,0,1,0,2.0,2,0
bc9a9d72-0076-4056-aa5a-dc4bca441ede,1d67536a-01f8-430f-8e5d-331ea756ad1c,e387450b-4573-477f-bac5-3e456deb5911,2025-01-07T04:57:00,0,0,0,0,1,1,1,0.0,0,0,39.0,4,1,0,1,0,2.0,2,0
bc330650-0321-4873-816e-cccc8a7d8355,ad32e776-9492-4189-a4eb-d73ed256a7ea,e387450b-4573-477f-bac5-3e456deb5911,2025-01-07T04:59:00,0,1,1,0,1,1,1,1.0,1,1,46.0,4,1,0,1,0,2.0,2,0
8ec15e7c-a0c7-44d7-8038-234078e0d45f,f7c3f29d-48af-49aa-bce7-bec02869395a,e387450b-4573-477f-bac5-3e456deb5911,2025-01-07T05:00:00,1,1,1,0,1,1,1,0.0,0,0,365.0,5,1,0,1,0,2.0,2,0
9c7c3912-5c1d-4f44-b698-de6b98ae0055,90f0edf1-053b-433f-b7d0-041be1e882d4,e387450b-4573-477f-bac5-3e456deb5911,2025-01-07T05:01:00,0,0,0,0,1,1,0,0.0,0,0,196.0,5,1,0,1,0,2.0,2,0
78de5561-aec0-4de2-a0b5-86ff5f3428be,b61abfe1-9a4f-45c1-ac54-daa9a9a0b274,ee379cd3-b241-4b6d-91b4-33a0fb7a4f96,2025-01-07T06:38:00,0,0,0,0,1,0,1,0.0,0,0,129.0,6,1,0,0,0,4.0,0,1
137ad0f9-5590-4776-aa63-b627ae64d52f,5af7e665-37a6-4d00-a895-44a3a239f4cf,ee379cd3-b241-4b6d-91b4-33a0fb7a4f96,2025-01-07T06:39:00,1,0,1,1,1,1,1,0.0,0,0,69.0,6,1,0,0,0,4.0,0,1
c30ef247-b0e1-4cdd-8588-4a8823b03acf,14dd9b4c-5ebc-4843-9f14-a7de9f6c0f44,ee379cd3-b241-4b6d-91b4-33a0fb7a4f96,2025-01-07T06:40:00,1,1,1,0,1,1,1,1.0,1,1,134.0,6,1,0,0,0,4.0,0,1
e5fe6ae4-6a44-446e-bc75-c389cb2868a4,a14bd188-163c-4039-b950-9d6f9fd5a629,ee379cd3-b241-4b6d-91b4-33a0fb7a4f96,2025-01-07T06:42:00,1,1,1,0,1,1,0,1.0,1,1,74.0,6,1,0,0,0,4.0,0,1
73a330c2-4f43-4787-ae8f-a6a8aafff99a,d3edbff9-b137-4f59-9b59-c049d8cda101,ee379cd3-b241-4b6d-91b4-33a0fb7a4f96,2025-01-07T06:44:00,1,0,1,0,1,0,1,0.0,0,0,208.0,6,1,0,0,0,4.0,0,1
c5a61142-176b-4a05-890c-1288e1175ae4,ab824e7b-6c52-415c-9b45-3252ae8f2969,ee379cd3-b241-4b6d-91b4-33a0fb7a4f96,2025-01-07T06:44:00,1,1,1,0,1,1,1,0.0,0,0,88.0,6,1,0,0,0,4.0,0,1
950c28be-77a7-49be-9eb8-2487dcb85240,3cad9af4-3e76-49e7-a472-17fbf3b30322,02806381-25e5-4997-8b2b-2481bff90123,2025-01-07T07:25:00,1,1,1,0,1,1,1,0.0,1,0,47.0,7,1,0,0,0,3.0,1,0
a9893411-da9b-4fa8-998d-526b96904eb6,96e372e4-86b2-4e68-b468-3cdf7686a490,02806381-25e5-4997-8b2b-2481bff90123,2025-01-07T07:26:00,1,1,1,0,1,1,1,0.0,0,0,66.0,7,1,0,0,0,3.0,1,0
2f3df581-e7e0-48c6-89a7-7fbaa35b2bad,a88bf6b5-168a-42ee-bea7-b40defa21e24,02806381-25e5-4997-8b2b-2481bff90123,2025-01-07T07:27:00,1,0,0,0,1,1,1,1.0,1,1,44.0,7,1,0,0,0,3.0,1,0
90773e9d-5034-4655-9b77-a317d6b44add,a927ec13-1431-4870-8c63-e98dc7bad4b8,02806381-25e5-4997-8b2b-2481bff90123,2025-01-07T07:27:00,1,1,1,0,1,1,1,0.0,0,0,55.0,7,1,0,0,0,3.0,1,0
07ea9174-8bed-4d19-978d-1253c48352dd,8342ece1-dc13-431d-b735-f045953e170d,02806381-25e5-4997-8b2b-2481bff90123,2025-01-07T07:31:00,0,0,0,0,1,1,0,0.0,0,0,73.0,7,1,0,0,0,3.0,1,0
1fda1bcb-28ec-45d5-a05f-640a99b95d57,8472b4dc-b0f7-4b8e-aeb1-10bfb842eb2f,02806381-25e5-4997-8b2b-2481bff90123,2025-01-07T07:31:00,1,1,1,0,1,1,0,0.0,0,0,83.0,7,1,0,0,0,3.0,1,0
03c94f2d-00b0-4aa4-95be-7b76049e1c65,97e19e53-5b1a-48ed-959a-3b8ab801c890,67787d27-59d6-4156-87e5-b89ea70f9c57,2025-01-07T09:03:00,1,0,1,0,1,1,1,0.0,0,0,195.0,9,1,0,0,1,6.0,3,1
87410bef-9af1-4d43-9e0a-9cc8e9fa0018,ac4e88c1-0595-40f7-bf14-b77ad397e5dd,67787d27-59d6-4156-87e5-b89ea70f9c57,2025-01-07T09:03:00,1,1,1,0,1,0,0,0.0,0,0,99.0,9,1,0,0,1,6.0,3,1
8199b0a2-bdb8-4ebd-bae1-19bafbe13f9e,abdc90fb-c824-469f-8f0e-8dd72f8f977f,67787d27-59d6-4156-87e5-b89ea70f9c57,2025-01-07T09:11:00,1,0,1,0,0,1,1,1.0,1,1,335.0,9,1,0,0,1,6.0,3,1
b1280875-c7e2-4b50-b1c3-b12f773d834d,2361c7a1-b851-4b64-97aa-0cf019d4b69d,5e4405ae-aa3e-48aa-9eb0-ae92936136d0,2025-01-08T00:34:00,1,1,1,0,0,1,1,0.0,0,0,184.0,0,2,0,1,0,6.0,2,1
c29a4a5e-1d5b-463c-95c0-ebfef5a1880a,ab6072b4-0254-40d6-8861-f0f1506fcbb7,5e4405ae-aa3e-48aa-9eb0-ae92936136d0,2025-01-08T00:36:00,1,0,0,0,1,1,1,0.0,0,0,166.0,0,2,0,1,0,6.0,2,1
69cf5351-6a8d-42cb-8538-7c4e93ec618c,d86275ba-b1a0-4e6e-a363-d11e975f6df6,5e4405ae-aa3e-48aa-9eb0-ae92936136d0,2025-01-08T00:40:00,1,0,0,0,1,1,1,0.0,0,0,154.0,0,2,0,1,0,6.0,2,1
c7b7b8a8-e92d-405b-ba99-0d1024331030,445beb91-c8f4-47ed-b5c7-e8a70759c76b,151ef8ab-7cff-4e63-a080-4ec2e1298a3b,2025-01-08T00:54:00,1,0,0,0,1,1,1,0.0,0,0,66.0,0,2,0,1,0,4.0,1,0
3d874cad-8a1b-4ff8-82d3-99a86b525556,d2d58d90-c3b6-419c-80fc-cd468552f315,151ef8ab-7cff-4e63-a080-4ec2e1298a3b,2025-01-08T00:55:00,1,0,0,0,1,1,1,0.0,0,0,629.0,0,2,0,1,0,4.0,1,0
405b7c4f-37ae-4c3a-8e75-9db1f1819870,f53bf753-a0a3-4d28-99f6-434168f98cb2,151ef8ab-7cff-4e63-a080-4ec2e1298a3b,2025-01-08T01:00:00,1,0,0,0,1,1,1,0.0,0,0,365.0,1,2,0,1,0,4.0,1,0
d1cd2797-a56b-4e35-9459-bdabe5ee08b9,866f151d-9b2b-4c13-9341-f46f866efb61,151ef8ab-7cff-4e63-a080-4ec2e1298a3b,2025-01-08T01:03:00,0,0,0,0,1,1,1,0.0,0,0,365.0,1,2,0,1,0,4.0,1,0
d6150063-5f9e-42b5-810e-86a58059780a,feca2cc5-9c28-40c7-8543-ca69b34076e3,74c6812d-12cf-4a17-b95b-06514016fca6,2025-01-08T03:27:00,1,0,0,0,1,0,1,0.0,0,0,365.0,3,2,0,1,0,2.0,3,1
7e042e1d-c30c-42b9-8f7e-544d1bad3f39,68cf86cf-66aa-443c-ae5b-e601c8cc76c7,74c6812d-12cf-4a17-b95b-06514016fca6,2025-01-08T03:28:00,1,0,0,0,1,1,0,0.0,0,0,365.0,3,2,0,1,0,2.0,3,1
7a6c8a3f-a033-45bd-8073-6a6f1d7e745b,00fe7012-13c0-4486-9a33-e56253f1a860,74c6812d-12cf-4a17-b95b-06514016fca6,2025-01-08T03:29:00,1,0,0,0,1,1,0,0.0,0,0,207.0,3,2,0,1,0,2.0,3,1
130bab61-9125-4c6b-87b2-2fb59fc19ae3,992a9f5e-edc4-40f0-b76a-3f29c20d5618,20dd11b5-0eb6-4f73-982c-700ef1a28b55,2025-01-08T05:33:00,1,0,0,0,1,1,1,0.0,0,0,41.0,5,2,0,1,0,6.0,2,1
1deb6605-fb72-4a73-8196-c4d0bdfb9072,468555a1-384e-4985-9c39-f4333176e51f,20dd11b5-0eb6-4f73-982c-700ef1a28b55,2025-01-08T05:38:00,1,0,0,0,1,1,1,0.0,0,0,99.0,5,2,0,1,0,6.0,2,1
5621fb3f-df91-41c5-acab-8974a3853d4c,fe22cac5-c785-4cc2-a706-9b3cbd277ddf,64fa339b-6c02-4e25-8767-118e4bcfd8e0,2025-01-08T05:54:00,1,0,1,0,1,1,1,0.0,0,0,231.0,5,2,0,1,0,3.0,2,0
cb545d7b-0bed-4c6d-b3c4-a311d892bfe6,2e3af94c-8ff5-4a35-ac8a-571d4fa070d4,64fa339b-6c02-4e25-8767-118e4bcfd8e0,2025-01-08T05:56:00,0,0,0,0,1,1,1,1.0,1,1,365.0,5,2,0,1,0,3.0,2,0
22acdaf2-64aa-45a1-81e7-8113f6e58cde,b16f7848-a2a4-4c2c-8a3b-0bf76ecdf857,64fa339b-6c02-4e25-8767-118e4bcfd8e0,2025-01-08T05:58:00,1,0,1,0,0,1,1,0.0,0,0,365.0,5,2,0,1,0,3.0,2,0
cccf60dc-87d5-4d2e-8bb5-5b7798631879,56cb3f18-5215-48ce-a5e3-0cd1a2498d02,cf559b7e-b341-4a8e-b57b-7457cbbdbf56,2025-01-08T10:24:00,1,0,0,0,1,1,1,1.0,1,1,37.0,10,2,0,0,1,3.0,2,1
001471d1-17ac-4cc3-8c3e-b6efbf8736d8,4dedcbdc-081b-4f07-a1d8-a65cfe88d71e,4ad63b8c-2380-4e7a-a5b4-4e08df619d87,2025-01-08T10:28:00,1,0,0,0,1,0,1,0.0,0,0,86.0,10,2,0,0,1,3.0,1,1
834face2-f010-4705-9940-fb32ba432561,887c04b7-3558-4cd6-b634-cf5a4cd93877,cf559b7e-b341-4a8e-b57b-7457cbbdbf56,2025-01-08T10:32:00,1,1,1,0,1,1,1,1.0,1,1,365.0,10,2,0,0,1,3.0,2,1
b484c255-da54-4001-9837-f27d0464f965,cc823700-76b8-4614-9bae-555be744cc6e,cf559b7e-b341-4a8e-b57b-7457cbbdbf56,2025-01-08T10:34:00,1,1,1,0,1,1,1,0.0,0,0,365.0,10,2,0,0,1,3.0,2,1
5a2cb07c-9edd-42f1-9199-251751dcbf88,4b933cd5-19a8-4e2e-8322-78978d1bb4b2,cf559b7e-b341-4a8e-b57b-7457cbbdbf56,2025-01-08T10:35:00,1,1,1,0,1,0,1,0.0,0,0,365.0,10,2,0,0,1,3.0,2,1
58c0cf08-fb3e-4a68-b83f-e1e2d49720f2,abdc90fb-c824-469f-8f0e-8dd72f8f977f,4ad63b8c-2380-4e7a-a5b4-4e08df619d87,2025-01-08T10:39:00,1,1,1,0,0,1,1,1.0,2,2,336.0,10,2,0,0,1,3.0,1,1
7366dc1a-a7e5-4340-905c-b11724074141,1f6fb1c2-eed4-453e-843e-8dcf8faefb39,4ad63b8c-2380-4e7a-a5b4-4e08df619d87,2025-01-08T10:39:00,1,0,0,0,1,1,1,0.0,0,0,47.0,10,2,0,0,1,3.0,1,1
a9fc88c1-2394-4e19-8278-5b90b80bd7b4,1e051bc4-2ef6-4736-b427-d4e81bbdd5d3,4ad63b8c-2380-4e7a-a5b4-4e08df619d87,2025-01-08T10:41:00,1,0,0,0,1,1,0,0.0,0,0,65.0,10,2,0,0,1,3.0,1,1
b8c57ebe-057b-4326-9107-9d8c5cd1a9a0,0cdb3e6f-399c-4e51-9eb2-0a3eed101f33,65eaf36a-51d1-4636-9800-978f7acdba27,2025-01-08T11:54:00,1,1,1,0,1,0,1,1.0,1,1,120.0,11,2,0,0,1,2.0,3,1
c843b4e6-96aa-45a2-a9eb-1bbca635da65,ad32e776-9492-4189-a4eb-d73ed256a7ea,65eaf36a-51d1-4636-9800-978f7acdba27,2025-01-08T11:58:00,1,1,1,0,1,1,1,0.5,2,1,47.0,11,2,0,0,1,2.0,3,1
6ad2fda0-0fb6-49c4-afbd-c8c7052a89b0,c4a4b614-90de-4794-a555-76f6159de789,b66b975f-5f00-449c-9b11-9dde0466c3dc,2025-01-08T17:05:00,1,0,1,0,1,1,1,0.0,0,0,172.0,17,2,0,0,1,1.0,3,1
c8c30941-b22b-454c-be89-8147b930e006,18425d44-6ba9-45d1-a297-f3778d4b10e7,7ab35f8c-f7fd-4616-a176-5d11d6520e3e,2025-01-08T17:06:00,1,1,1,0,1,1,1,1.0,1,1,365.0,17,2,0,0,1,2.0,2,1
789674d3-0b47-4b77-bd17-09b5f8871b9a,430aca8d-ebe3-48e3-8d2f-e1975ad23d8d,b66b975f-5f00-449c-9b11-9dde0466c3dc,2025-01-08T17:11:00,1,0,1,0,0,1,1,0.0,0,0,365.0,17,2,0,0,1,1.0,3,1
009cd5b0-9b25-46a1-939d-98e5a29b78eb,878b86c2-438d-4767-ad44-f8c58de74bd2,7ab35f8c-f7fd-4616-a176-5d11d6520e3e,2025-01-08T17:13:00,1,1,1,0,1,1,1,0.0,0,0,365.0,17,2,0,0,1,2.0,2,1
7b692306-d4aa-49c0-8377-23646d3098be,2bc00f4d-1415-492e-ab45-855a39d62175,7ab35f8c-f7fd-4616-a176-5d11d6520e3e,2025-01-08T17:13:00,1,1,1,0,1,0,1,1.0,2,2,118.0,17,2,0,0,1,2.0,2,1
b62f2075-8cef-4a22-8b24-fd32e7bff7bf,ca5ce99f-cf40-4ef6-9c3d-4a4177383ff2,7ab35f8c-f7fd-4616-a176-5d11d6520e3e,2025-01-08T17:14:00,1,1,1,0,1,0,1,1.0,1,1,365.0,17,2,0,0,1,2.0,2,1
a4b8d989-ee06-46d5-84a0-6cb3e22fb4df,c26464e8-28b6-4923-b2ea-5e7dbf4e5c58,7ab35f8c-f7fd-4616-a176-5d11d6520e3e,2025-01-08T17:15:00,1,1,1,0,0,0,1,0.0,0,0,365.0,17,2,0,0,1,2.0,2,1
7cfe3841-05a5-4ca9-a734-467f43964c59,4ac85ad1-81f9-4db3-a7c9-2bd4d3df0e31,b66b975f-5f00-449c-9b11-9dde0466c3dc,2025-01-08T17:16:00,1,1,1,0,1,1,1,0.0,0,0,88.0,17,2,0,0,1,1.0,3,1
9820910d-fe4a-4ed6-8ef2-1693830ae6ee,0ad41086-120a-480a-a25e-68be9c95144c,b66b975f-5f00-449c-9b11-9dde0466c3dc,2025-01-08T17:16:00,1,0,0,0,1,1,1,1.0,1,1,365.0,17,2,0,0,1,1.0,3,1
cd6eabc8-cf38-451f-81fb-c2871accc2b9,97dbbf0c-d2b5-452c-b22a-e11e30701e99,b66b975f-5f00-449c-9b11-9dde0466c3dc,2025-01-08T17:17:00,0,0,1,1,0,0,1,0.0,0,0,145.0,17,2,0,0,1,1.0,3,1
e718d5b9-fbac-4528-8e83-8bb512df38c3,eda6ff35-1d22-4a35-b25d-3279ba02175c,7ab35f8c-f7fd-4616-a176-5d11d6520e3e,2025-01-08T17:17:00,0,0,0,0,1,1,0,0.0,0,0,41.0,17,2,0,0,1,2.0,2,1
4c09b397-5b60-4717-a540-10e545e123ef,972c2711-206c-49a4-b763-2a7319f31c08,81e11f88-67fe-4f90-b9f8-45ec8de7cc60,2025-01-08T18:16:00,1,1,1,0,1,1,1,0.0,0,0,365.0,18,2,0,0,0,2.0,1,0
1203d40d-4d1f-4c88-a189-4e08ff71960d,f6612e9b-17e3-4407-bad5-87d18f75c172,81e11f88-67fe-4f90-b9f8-45ec8de7cc60,2025-01-08T18:18:00,0,1,1,0,0,1,1,0.0,0,0,50.0,18,2,0,0,0,2.0,1,0
4f7de361-b286-4781-9301-dc0a65f7889d,11955be9-03b2-4274-9002-7a2a5ae499a8,81e11f88-67fe-4f90-b9f8-45ec8de7cc60,2025-01-08T18:24:00,0,1,1,0,1,0,0,0.0,0,0,365.0,18,2,0,0,0,2.0,1,0
3147153c-7081-4c18-942a-dd5fc950ca99,606e67ca-9ccf-47a9-951e-95c0bc77f20d,81e11f88-67fe-4f90-b9f8-45ec8de7cc60,2025-01-08T18:26:00,1,1,1,0,0,1,1,0.0,1,0,365.0,18,2,0,0,0,2.0,1,0
961943a6-1236-4b30-bbb9-9d39132e2a15,29863a10-f78d-4e41-9aa9-3e446b4fe73f,81e11f88-67fe-4f90-b9f8-45ec8de7cc60,2025-01-08T18:26:00,1,1,1,0,1,1,0,0.0,0,0,62.0,18,2,0,0,0,2.0,1,0
da0eb301-f32b-4f34-8458-ad6b7164b7f2,20f6053d-1512-49be-a186-de29bf5ec234,81e11f88-67fe-4f90-b9f8-45ec8de7cc60,2025-01-08T18:26:00,1,1,1,0,1,1,1,1.0,1,1,150.0,18,2,0,0,0,2.0,1,0
ecd2eb85-a8d8-46b3-b434-36e8febbd456,cc255119-86e4-43ad-b1f0-6c24ac17d920,6c994be2-5094-4b66-be22-50b14bd773f6,2025-01-08T20:32:00,1,0,0,0,1,1,1,0.0,0,0,365.0,20,2,0,0,0,1.0,1,0
24be72a6-1a15-4c08-ba08-4839acff30b8,29863a10-f78d-4e41-9aa9-3e446b4fe73f,6c994be2-5094-4b66-be22-50b14bd773f6,2025-01-08T20:33:00,0,0,0,0,1,1,0,1.0,1,1,62.0,20,2,0,0,0,1.0,1,0
665deea8-3f2e-4366-93de-2e22a639cc5e,c2d25642-919c-4075-a54a-aedcf9642a56,15ff4edd-a1fa-4f4b-adca-cfa9205a66bc,2025-01-08T21:19:00,0,0,0,0,1,1,0,0.0,0,0,197.0,21,2,0,0,0,1.0,1,0
e08c6b55-03fd-4ac7-9870-bfcc5eb24f0b,877380d4-dd5d-4104-83fc-bdf86e194c54,15ff4edd-a1fa-4f4b-adca-cfa9205a66bc,2025-01-08T21:20:00,1,1,1,0,1,1,1,0.0,0,0,106.0,21,2,0,0,0,1.0,1,0
b2aa226b-9fa1-4ee1-9590-2a8091fd2f4f,e10f8499-9444-4031-828d-33425d7476a6,15ff4edd-a1fa-4f4b-adca-cfa9205a66bc,2025-01-08T21:25:00,1,0,0,0,1,0,1,0.0,0,0,365.0,21,2,0,0,0,1.0,1,0
240a09ff-2b9e-4723-aa9b-d1a85daae6f8,ed05badd-17a9-4ad2-99b1-3e60e0cb321e,76fdcb70-094c-4ab9-8937-70e80c02e4b0,2025-01-09T00:26:00,1,1,1,0,1,1,1,0.5,2,1,68.0,0,3,0,1,0,3.0,1,1
788bb127-24d1-45f7-8a01-13b1af4e5d0b,5e1e8005-4458-440a-9d56-64d0e7c3e96b,76fdcb70-094c-4ab9-8937-70e80c02e4b0,2025-01-09T00:27:00,1,0,0,0,0,1,1,0.0,0,0,131.0,0,3,0,1,0,3.0,1,1
6576981b-ac61-4bd8-a052-7ef41518d26f,1d67536a-01f8-430f-8e5d-331ea756ad1c,76fdcb70-094c-4ab9-8937-70e80c02e4b0,2025-01-09T00:32:00,1,0,0,0,1,1,1,0.0,1,0,41.0,0,3,0,1,0,3.0,1,1
b6e27ea1-d875-40d5-b9ae-7776b01785c4,309497b0-41ad-483a-a10a-7040ec34710d,76fdcb70-094c-4ab9-8937-70e80c02e4b0,2025-01-09T00:35:00,0,0,0,0,1,1,0,0.0,0,0,148.0,0,3,0,1,0,3.0,1,1
2959597f-9d81-49e6-8312-dbdc95d3a3dd,6c841b96-0d6c-4d4f-a647-602aca520949,76fdcb70-094c-4ab9-8937-70e80c02e4b0,2025-01-09T00:37:00,1,0,0,0,1,0,1,0.0,0,0,257.0,0,3,0,1,0,3.0,1,1
0127c934-c933-4b7b-a69b-c4d24e44ba34,253205df-9c22-4418-a061-b758af343928,27ae7b10-1b1c-43f3-b2c5-61ec43212e47,2025-01-09T03:26:00,1,0,0,0,1,1,0,0.0,0,0,54.0,3,3,0,1,0,1.0,2,1
7021f946-d458-440c-b6b2-5b8328e88f51,ffd6e179-bce4-414a-9aef-db47a3caea86,27ae7b10-1b1c-43f3-b2c5-61ec43212e47,2025-01-09T03:28:00,0,0,0,0,1,0,1,0.0,0,0,417.0,3,3,0,1,0,1.0,2,1
cf456f61-3512-485d-b2bb-a9bfee3f3281,c2a90a3b-30e9-4457-987f-0a655b5556d2,c48a53c6-452e-4d55-a694-d3a587e67c26,2025-01-09T09:02:00,1,0,0,0,1,1,1,0.0,0,0,95.0,9,3,0,0,1,6.0,3,1
0d0e04bc-e7b7-4908-974e-932e635cc5a3,afa47c4e-62b3-4586-9824-3169d0ae4f73,c48a53c6-452e-4d55-a694-d3a587e67c26,2025-01-09T09:08:00,1,0,0,0,1,1,1,0.0,0,0,365.0,9,3,0,0,1,6.0,3,1
42a0e4af-870b-4716-a490-60b3f3445271,c4fe67ef-e054-4697-9543-263f3f2dd3c7,c48a53c6-452e-4d55-a694-d3a587e67c26,2025-01-09T09:08:00,1,0,0,0,0,1,0,0.0,1,0,71.0,9,3,0,0,1,6.0,3,1
6d98fe9a-b1ab-4fbd-ae24-94f293f86d4f,2d67b8f1-6839-41a5-a4f9-ed87959a5394,c48a53c6-452e-4d55-a694-d3a587e67c26,2025-01-09T09:09:00,1,0,0,0,1,1,1,0.0,0,0,95.0,9,3,0,0,1,6.0,3,1
6db1827a-3151-492e-a3c4-31b47124bf15,273ddb7f-7af3-44a5-b945-f6705e9f338f,c48a53c6-452e-4d55-a694-d3a587e67c26,2025-01-09T09:09:00,1,0,0,0,1,1,0,0.0,0,0,124.0,9,3,0,0,1,6.0,3,1
9783b90b-0205-4ee5-80fa-069578f214c3,64af186a-4a5e-4d8e-8b52-ff4a3c5bc1ec,c48a53c6-452e-4d55-a694-d3a587e67c26,2025-01-09T09:12:00,1,0,0,0,1,1,1,0.0,0,0,214.0,9,3,0,0,1,6.0,3,1
22ce3b46-052d-4b8d-8664-f9b4e9b29268,7368f039-3b92-4ed6-9281-8a546afbbd0c,89bed1ff-3830-40d4-b65e-39f850cf46b7,2025-01-09T11:45:00,1,0,0,0,1,1,1,1.0,1,1,45.0,11,3,0,0,1,4.0,2,1
8332bec0-fbbb-47c9-8d19-cfd8c42f6e89,82fb79bc-bd6e-47a9-a67a-99fac9655589,89bed1ff-3830-40d4-b65e-39f850cf46b7,2025-01-09T11:47:00,1,0,0,0,1,1,1,0.0,0,0,365.0,11,3,0,0,1,4.0,2,1
20ba8adf-2f51-4514-b284-4c460c928cb3,2fe42234-9f74-4aa2-8d63-a0c3cf398172,5c03395a-4ede-467d-9bae-d2698432c418,2025-01-09T15:32:00,1,1,1,0,0,0,1,1.0,1,1,121.0,15,3,0,0,1,1.0,2,1
00fdf395-b07f-4ed3-8e60-4bb812ae1bca,80faa51d-a2ac-468a-a4b0-b1c148fd10fe,5c03395a-4ede-467d-9bae-d2698432c418,2025-01-09T15:33:00,0,0,0,0,1,1,1,0.0,0,0,110.0,15,3,0,0,1,1.0,2,1
de877fb7-64b8-4f64-a7b5-134849b69fa4,cfca1fba-b8fd-43a2-8e84-7c868fae649d,2419ea9f-12cc-4504-a451-5c1a2356a546,2025-01-09T15:51:00,1,0,1,1,1,1,1,0.0,0,0,365.0,15,3,0,0,1,2.0,1,1
5b67e8f8-2dfa-4e1e-ab11-77c7fee316d9,7874fffd-6a3d-4885-92ad-f115c4f7779f,2419ea9f-12cc-4504-a451-5c1a2356a546,2025-01-09T15:55:00,1,0,0,0,1,1,1,1.0,1,1,365.0,15,3,0,0,1,2.0,1,1
3f002f7a-107f-4c54-abbf-80a010b5408d,76c87fab-4634-487d-a03f-d4c7ee94749e,142dabd5-e828-467e-8a73-be76581842d7,2025-01-09T18:26:00,0,0,0,0,1,0,1,0.0,0,0,85.0,18,3,0,0,0,6.0,2,1
621080ee-97dd-4413-80d1-7d86badfcc48,4be00de0-ff5a-454f-aca8-e915814cf135,142dabd5-e828-467e-8a73-be76581842d7,2025-01-09T18:30:00,1,0,0,0,1,1,1,0.0,0,0,365.0,18,3,0,0,0,6.0,2,1
80bacc81-c881-414c-9cfd-2227d1fe3f88,7f3eb456-b77d-4612-a975-16e81b7af215,142dabd5-e828-467e-8a73-be76581842d7,2025-01-09T18:32:00,0,0,0,0,1,1,0,0.0,0,0,365.0,18,3,0,0,0,6.0,2,1
b4a96871-0664-4c74-b61f-2eb22eec8ea5,606e67ca-9ccf-47a9-951e-95c0bc77f20d,a12f04e6-33b3-4ab3-8a12-a1036ad1a3cd,2025-01-09T18:40:00,1,0,0,0,0,1,1,0.5,2,1,365.0,18,3,0,0,0,6.0,1,1
322cd1a4-af32-489b-9bfd-127280d6886b,58d8deb5-5531-43c5-81ae-7352d2d2b8c9,a12f04e6-33b3-4ab3-8a12-a1036ad1a3cd,2025-01-09T18:43:00,0,0,0,0,1,1,1,0.0,0,0,365.0,18,3,0,0,0,6.0,1,1
6d57c99a-eae0-4ea8-87cd-b1eddb927d2c,556bf703-12c9-40e6-98a3-1835bb3d53a7,a12f04e6-33b3-4ab3-8a12-a1036ad1a3cd,2025-01-09T18:43:00,0,0,0,0,1,1,0,0.0,0,0,365.0,18,3,0,0,0,6.0,1,1
3279a0e2-2188-4482-bd96-55854c940070,075750fe-b6ad-4c6a-a4e3-91e723ad0bdf,a12f04e6-33b3-4ab3-8a12-a1036ad1a3cd,2025-01-09T18:45:00,1,1,1,0,1,1,1,1.0,1,1,76.0,18,3,0,0,0,6.0,1,1
0586afe0-7110-4e38-8e8d-d8b256529326,15e8b88b-3071-48e6-b989-88d3d4c35e68,239ae704-cdef-4e35-8a76-8bc5e8c7f280,2025-01-09T21:44:00,1,0,1,0,1,1,1,1.0,1,1,41.0,21,3,0,0,0,2.0,1,0
e3539afc-ed87-45e8-adfa-2ee6034077f2,12cb054b-3ad8-409d-879c-911bba186c06,239ae704-cdef-4e35-8a76-8bc5e8c7f280,2025-01-09T21:50:00,1,0,0,0,1,1,1,0.0,0,0,41.0,21,3,0,0,0,2.0,1,0
218b6004-7e4e-4a0a-9460-288bc3da82d3,1dc62eea-d501-4cc2-8b28-21af417cd2bd,239ae704-cdef-4e35-8a76-8bc5e8c7f280,2025-01-09T21:51:00,1,1,1,0,1,1,0,0.0,0,0,120.0,21,3,0,0,0,2.0,1,0
f21c764f-64f8-41ed-95c9-fd085168eb1f,aa432f38-de85-46c8-ad80-6b3373671c95,239ae704-cdef-4e35-8a76-8bc5e8c7f280,2025-01-09T21:52:00,1,1,1,0,1,0,1,0.0,0,0,190.0,21,3,0,0,0,2.0,1,0
17bd92a9-3210-4cd2-b5be-e8d170510b98,02ab37f8-95ba-4069-b113-066bd5d1f267,239ae704-cdef-4e35-8a76-8bc5e8c7f280,2025-01-09T21:55:00,0,0,1,0,1,0,0,0.0,0,0,241.0,21,3,0,0,0,2.0,1,0
e5e53d82-23de-4e18-ae54-1dced7fdfa0c,6808b218-ad45-4d5a-8374-ac96bd2f9e51,152d6b0b-110d-4257-99c0-9e0eaeaac328,2025-01-09T22:12:00,1,0,0,0,1,1,1,0.0,0,0,365.0,22,3,0,1,0,2.0,1,0
02d8d9a2-d1d4-4eca-a6f5-69749729f27a,12cb054b-3ad8-409d-879c-911bba186c06,152d6b0b-110d-4257-99c0-9e0eaeaac328,2025-01-09T22:16:00,1,0,0,0,1,1,1,1.0,1,1,41.0,22,3,0,1,0,2.0,1,0
4071e53d-ac65-4037-a49e-f1c2eab23958,56cb3f18-5215-48ce-a5e3-0cd1a2498d02,152d6b0b-110d-4257-99c0-9e0eaeaac328,2025-01-09T22:18:00,1,0,0,0,1,1,1,1.0,2,2,38.0,22,3,0,1,0,2.0,1,0
e594ea37-94fa-4ee5-9674-6943d9e29865,dc070752-162d-4ca3-ae3a-25c40e32397b,152d6b0b-110d-4257-99c0-9e0eaeaac328,2025-01-09T22:21:00,1,0,0,0,1,1,1,0.0,0,0,358.0,22,3,0,1,0,2.0,1,0
39419735-8a6b-4f86-8d9c-46477832b81e,ba654c1d-96a2-4ce2-96bf-a37bb05c6b58,96655e29-4e7c-4a6d-a343-fb860de29854,2025-01-09T23:10:00,1,0,0,0,1,0,0,0.0,0,0,365.0,23,3,0,1,0,2.0,1,0
4e07362e-9a06-40bf-9e3d-5401621c363f,443aebc7-b493-44c6-bde3-762b445ca7e3,96655e29-4e7c-4a6d-a343-fb860de29854,2025-01-09T23:12:00,1,0,0,0,0,1,1,0.0,0,0,365.0,23,3,0,1,0,2.0,1,0
ec2cd2e8-f46c-438c-92ed-d2d8d24eb59e,3e5bcb3e-d421-4d2e-b8ee-6482c43242d7,96655e29-4e7c-4a6d-a343-fb860de29854,2025-01-09T23:20:00,1,1,1,0,1,1,0,0.0,0,0,69.0,23,3,0,1,0,2.0,1,0
0f9b92ab-8523-4943-aedd-5741786ebfb1,b822f3f2-bc12-474d-9f5a-b3cef19341f0,96655e29-4e7c-4a6d-a343-fb860de29854,2025-01-09T23:21:00,1,0,0,0,1,1,1,0.0,0,0,365.0,23,3,0,1,0,2.0,1,0
554f2469-b9a9-43c7-9cd9-3d0d720bbad8,4c569839-3efa-4170-b6a4-f0a4d13d4639,c13e5065-12e5-4adc-b3da-09e4a550dc43,2025-01-10T03:13:00,1,1,1,0,1,1,1,0.0,0,0,92.0,3,4,0,1,0,6.0,1,1
2af945ef-c46c-4b74-8221-a7630b5e4da8,b649daf0-45a0-4879-bceb-08f29bf19ce2,c13e5065-12e5-4adc-b3da-09e4a550dc43,2025-01-10T03:22:00,1,0,1,0,1,1,1,0.0,0,0,209.0,3,4,0,1,0,6.0,1,1
a0767267-6ce6-4b92-8f5a-63948b2f5504,cde8f468-ab23-43e9-8462-c07f508baa7f,c13e5065-12e5-4adc-b3da-09e4a550dc43,2025-01-10T03:23:00,1,0,1,0,0,1,1,0.0,0,0,739.0,3,4,0,1,0,6.0,1,1
669d1187-8adf-48ec-a02c-07d1911ddfb3,3f562206-66c9-45c7-94e1-a9dfde284d1b,71eacecd-5daa-4bb8-b8ee-1051b2fef2db,2025-01-10T07:42:00,1,0,0,0,1,1,1,0.0,0,0,55.0,7,4,0,0,0,1.0,1,1
aabdeec0-d24f-4295-99e9-0df2c9b0d65e,5ae18917-1ec4-457c-a836-7efc4c4c8fff,71eacecd-5daa-4bb8-b8ee-1051b2fef2db,2025-01-10T07:45:00,1,0,1,0,1,1,1,1.0,1,1,130.0,7,4,0,0,0,1.0,1,1
ef8dda23-a4e3-4c92-83bd-8276aed157f1,d0541b7a-d91a-4f60-a3c9-55e8ae5577b7,6b65dca2-a738-4b62-9b1f-56a4fd6f609d,2025-01-10T11:01:00,1,0,1,0,1,1,1,1.0,1,1,174.0,11,4,0,0,1,4.0,0,1
de820031-57c8-4877-83e4-f06ed0b713ef,e10f8499-9444-4031-828d-33425d7476a6,6b65dca2-a738-4b62-9b1f-56a4fd6f609d,2025-01-10T11:06:00,1,1,1,0,1,0,1,1.0,1,1,365.0,11,4,0,0,1,4.0,0,1
09e62e9b-7599-4529-8a55-c6acbc71699e,74de697e-ecd0-4975-8057-f21088a888b4,6b65dca2-a738-4b62-9b1f-56a4fd6f609d,2025-01-10T11:08:00,1,0,1,1,1,1,0,0.0,2,0,365.0,11,4,0,0,1,4.0,0,1
a91fc8b3-ca07-4d70-9008-85da1755adaa,c2a90a3b-30e9-4457-987f-0a655b5556d2,1d8b5240-f432-423f-82f5-ea3f9d4ca82d,2025-01-10T17:29:00,1,1,1,0,1,1,1,1.0,1,1,96.0,17,4,0,0,1,1.0,2,1
39407be8-03d0-473b-a661-65e48bdfebe7,c4407f72-aaa4-45db-935c-f0c2d2f7c518,1d8b5240-f432-423f-82f5-ea3f9d4ca82d,2025-01-10T17:30:00,0,0,0,0,1,0,1,1.0,1,1,42.0,17,4,0,0,1,1.0,2,1
421cf217-c984-40d6-b17e-4cb46de2ddcf,c6725451-3108-4aec-a1da-c4cd931af67d,29057c28-6eaa-45f4-b7e1-e1f04419661b,2025-01-10T20:42:00,1,0,1,0,1,1,0,0.0,0,0,365.0,20,4,0,0,0,4.0,2,1
1af03aaf-59ba-4adf-aaab-8322ab6aa7b0,3a844307-c065-40ea-b773-262c476a0e2a,29057c28-6eaa-45f4-b7e1-e1f04419661b,2025-01-10T20:43:00,1,0,1,0,1,1,0,0.0,0,0,77.0,20,4,0,0,0,4.0,2,1
283f9283-f502-4d66-b87d-4e2e4d507643,d3edbff9-b137-4f59-9b59-c049d8cda101,29057c28-6eaa-45f4-b7e1-e1f04419661b,2025-01-10T20:44:00,1,0,1,0,1,0,1,1.0,1,1,211.0,20,4,0,0,0,4.0,2,1
b9139996-bebe-4ea7-bc33-b3fd66585d23,03eeb252-1e41-4f67-91f0-687b64393568,2d2d325a-068a-486a-9ab4-a8cd7691e502,2025-01-10T20:47:00,1,0,0,0,1,1,1,0.5,2,1,98.0,20,4,0,0,0,3.0,1,1
51551b95-a779-4cfd-880d-0de76b02cef0,ca2995db-95cb-4226-8f04-6f57902f8cf4,29057c28-6eaa-45f4-b7e1-e1f04419661b,2025-01-10T20:48:00,1,0,1,0,1,0,1,0.0,0,0,365.0,20,4,0,0,0,4.0,2,1
ab1411f8-be27-4acd-a633-0d3769bac24e,4ac85ad1-81f9-4db3-a7c9-2bd4d3df0e31,29057c28-6eaa-45f4-b7e1-e1f04419661b,2025-01-10T20:48:00,1,1,1,0,1,1,1,1.0,1,1,90.0,20,4,0,0,0,4.0,2,1
0db40f6f-ddbe-4a6f-a004-0b0742b73d6f,46c4620d-f466-43aa-86c4-b6bea05d529d,2d2d325a-068a-486a-9ab4-a8cd7691e502,2025-01-10T20:50:00,1,0,1,1,1,1,1,0.0,0,0,182.0,20,4,0,0,0,3.0,1,1
7ccd89fb-fdc9-4936-b3c5-c99c7077eee0,553294c5-4565-4d5a-a069-6e8126905be4,2d2d325a-068a-486a-9ab4-a8cd7691e502,2025-01-10T20:50:00,0,0,0,0,1,1,0,0.0,0,0,133.0,20,4,0,0,0,3.0,1,1
aa71faad-bb8a-4023-a498-78008cc6779f,73461d9a-b17a-4f20-a132-39ca2f8c91ed,29057c28-6eaa-45f4-b7e1-e1f04419661b,2025-01-10T20:50:00,1,0,0,0,1,1,1,0.0,0,0,39.0,20,4,0,0,0,4.0,2,1
fbf95fb7-02d2-402e-bc93-52ea3a73a7c8,6808b218-ad45-4d5a-8374-ac96bd2f9e51,253f1204-f66f-4a92-8ee5-464528926451,2025-01-11T05:14:00,1,0,0,0,1,1,1,1.0,1,1,365.0,5,5,1,1,0,6.0,3,1
fe660ec5-0b18-4182-9947-4cd3e51f41da,d37d167a-e253-4bf1-bf50-bfa4c95a4260,253f1204-f66f-4a92-8ee5-464528926451,2025-01-11T05:15:00,1,0,1,0,1,1,1,0.0,1,0,87.0,5,5,1,1,0,6.0,3,1
5c1b4de3-9fd9-4dcd-85b6-669af28e00ff,8465564b-f0a3-4480-b044-c0a4cf6d01a0,253f1204-f66f-4a92-8ee5-464528926451,2025-01-11T05:16:00,1,0,1,0,1,1,1,1.0,1,1,414.0,5,5,1,1,0,6.0,3,1
3434787a-6f55-4f97-ad64-e7d8d044121b,2b53fe55-2a72-4432-a6b9-13c5a851be2a,253f1204-f66f-4a92-8ee5-464528926451,2025-01-11T05:18:00,1,1,1,0,1,1,1,0.0,1,0,91.0,5,5,1,1,0,6.0,3,1
58b5b859-f6fe-419b-bb1d-81171082c5f5,2d8800e7-4323-4d12-918d-a987209ae260,253f1204-f66f-4a92-8ee5-464528926451,2025-01-11T05:25:00,1,0,1,0,1,1,1,0.0,0,0,50.0,5,5,1,1,0,6.0,3,1
0217922c-2326-499e-a6e5-5319533e1d66,0409fca8-45c7-403f-8d31-663c4c640e47,b80f081a-ba02-4074-bc51-58ef4f60f181,2025-01-11T09:34:00,0,0,0,0,1,1,1,0.0,0,0,93.0,9,5,1,0,0,1.0,2,1
76258562-174f-4dd4-9da0-1e242849b536,aa432f38-de85-46c8-ad80-6b3373671c95,b80f081a-ba02-4074-bc51-58ef4f60f181,2025-01-11T09:34:00,0,0,0,0,1,0,1,1.0,1,1,192.0,9,5,1,0,0,1.0,2,1
1fc89f30-e57c-4017-bfad-653de25b94fb,d81e4f34-385a-4f91-a183-890ca677d88c,b80f081a-ba02-4074-bc51-58ef4f60f181,2025-01-11T09:35:00,1,0,0,0,1,1,1,0.0,0,0,71.0,9,5,1,0,0,1.0,2,1
0a63361c-670c-4e04-861e-5f81fcdc8db1,e00b0ffc-7f24-4a41-8150-e710ef1d3730,b80f081a-ba02-4074-bc51-58ef4f60f181,2025-01-11T09:36:00,1,0,0,0,1,1,1,0.0,0,0,291.0,9,5,1,0,0,1.0,2,1
3f35f449-7db6-4773-af58-2a1a4891289e,bdc0370d-62f2-4b37-aaa3-b2871252b644,b80f081a-ba02-4074-bc51-58ef4f60f181,2025-01-11T09:39:00,1,1,1,0,1,1,1,0.0,0,0,365.0,9,5,1,0,0,1.0,2,1
192fcfdd-21c3-4ac3-a227-fb407b7b37b3,02e664d4-0b6a-4921-9a18-18529c0b46fb,b80f081a-ba02-4074-bc51-58ef4f60f181,2025-01-11T09:40:00,1,1,1,0,1,1,1,0.0,0,0,365.0,9,5,1,0,0,1.0,2,1
c232f694-87e9-4027-824c-8b086b84491c,96e372e4-86b2-4e68-b468-3cdf7686a490,ce0b92e5-3caa-483f-b5ba-e82ce6f17ab1,2025-01-11T15:47:00,1,0,1,0,1,1,1,1.0,1,1,70.0,15,5,1,0,0,6.0,2,1
5d40d9ad-6a6c-4a0a-88b4-b75283904cdd,68cf86cf-66aa-443c-ae5b-e601c8cc76c7,ce0b92e5-3caa-483f-b5ba-e82ce6f17ab1,2025-01-11T15:48:00,1,0,0,0,1,1,0,1.0,1,1,365.0,15,5,1,0,0,6.0,2,1
06b28b31-2541-4e59-aa26-0a58c2f874f4,d9bd2841-036c-4f1f-91b6-419ea0458f8e,ce0b92e5-3caa-483f-b5ba-e82ce6f17ab1,2025-01-11T15:53:00,1,0,0,0,1,1,0,0.0,0,0,119.0,15,5,1,0,0,6.0,2,1
7d84a464-a358-4606-a9d9-66f4edb95569,16199d23-baa8-4292-b1d9-9b27b201daa1,ce0b92e5-3caa-483f-b5ba-e82ce6f17ab1,2025-01-11T15:56:00,1,0,0,0,1,0,1,0.0,0,0,114.0,15,5,1,0,0,6.0,2,1
d6760033-90e0-46c6-8101-2b9df94b5e4e,20f6053d-1512-49be-a186-de29bf5ec234,ce0b92e5-3caa-483f-b5ba-e82ce6f17ab1,2025-01-11T15:58:00,1,0,0,0,1,1,1,1.0,2,2,153.0,15,5,1,0,0,6.0,2,1
99e447f1-f29c-48f5-a316-88cd36a32d3f,77328cba-6ede-4bbd-b0b3-4810c8e8f09e,ace56f15-e75c-44e2-ae94-23aef00cdf82,2025-01-11T18:47:00,1,0,1,0,1,1,0,0.0,0,0,90.0,18,5,1,0,0,2.0,3,1
6b6a1f95-b346-49c8-99c8-0bfb0e9dd122,9f966f0d-58e3-4b25-ab78-8fe097b30675,ace56f15-e75c-44e2-ae94-23aef00cdf82,2025-01-11T18:49:00,1,0,1,0,1,1,1,1.0,1,1,95.0,18,5,1,0,0,2.0,3,1
00e8a87a-a47e-421f-a6d1-b40a9b0dd596,9b2d4384-c4a9-4135-8458-c0c14e077dce,ace56f15-e75c-44e2-ae94-23aef00cdf82,2025-01-11T18:58:00,1,0,1,0,1,1,1,0.0,0,0,120.0,18,5,1,0,0,2.0,3,1
b687a9a0-eaa4-4c0a-b263-4f34b0ab4228,0b51ced4-84e3-45ad-a67a-de86af260d64,0cf6c21c-2c3e-4498-be7d-8cc780df59ba,2025-01-11T20:35:00,1,0,1,0,1,1,1,0.0,0,0,316.0,20,5,1,0,0,1.0,1,1
f1022dbf-182f-4504-be18-c060e8d44166,950e5213-a1b0-4cdc-9127-044adb973cb5,0cf6c21c-2c3e-4498-be7d-8cc780df59ba,2025-01-11T20:38:00,1,0,0,0,1,1,0,0.0,1,0,365.0,20,5,1,0,0,1.0,1,1
1670caf8-2fc6-430b-a89a-b9c4288f8ea3,2c3259d5-3a5a-4a64-be43-cedbc92ce0dc,0cf6c21c-2c3e-4498-be7d-8cc780df59ba,2025-01-11T20:39:00,0,0,1,0,0,0,1,0.0,0,0,229.0,20,5,1,0,0,1.0,1,1
25d1b347-7c71-4716-b7e1-bf9ef41bd1e8,238bf442-7dd1-4625-97b1-0fd3299287dc,0cf6c21c-2c3e-4498-be7d-8cc780df59ba,2025-01-11T20:43:00,1,0,1,0,1,1,1,0.0,0,0,203.0,20,5,1,0,0,1.0,1,1
f4a345af-c917-4dc7-a1c2-7838d9c6eaed,89b16628-7a7b-4967-800e-f441e05d2779,8e971914-3a16-48c5-bae0-26e360932171,2025-01-11T21:36:00,0,0,0,0,1,1,1,0.0,0,0,420.0,21,5,1,0,0,6.0,2,0
71c26011-a371-45c2-8b19-57ee3a6efaea,5e1e8005-4458-440a-9d56-64d0e7c3e96b,8e971914-3a16-48c5-bae0-26e360932171,2025-01-11T21:39:00,0,0,0,0,0,1,1,1.0,1,1,133.0,21,5,1,0,0,6.0,2,0
6769a997-855c-4b6f-923f-e137cbc23d2f,f09d1541-147b-4b19-b485-f9ad246bf702,8e971914-3a16-48c5-bae0-26e360932171,2025-01-11T21:47:00,1,1,1,0,1,1,1,0.0,0,0,41.0,21,5,1,0,0,6.0,2,0
84263d6f-c13b-4fe3-8909-17bd4c5b848e,2d8800e7-4323-4d12-918d-a987209ae260,8e971914-3a16-48c5-bae0-26e360932171,2025-01-11T21:49:00,0,0,1,0,1,1,1,1.0,1,1,50.0,21,5,1,0,0,6.0,2,0
57d7b0d1-60df-4bca-989b-7d60b9ed066a,d9bd2841-036c-4f1f-91b6-419ea0458f8e,020562b5-127e-43cb-bf81-2ef8d8281f78,2025-01-11T23:29:00,1,0,0,0,1,1,0,1.0,1,1,119.0,23,5,1,1,0,2.0,1,1
a487ceaa-3bc1-4a16-b0e6-3b1bac9cb7a4,0db56994-7b77-4dee-bd9c-894ba39fcd46,020562b5-127e-43cb-bf81-2ef8d8281f78,2025-01-11T23:39:00,1,1,1,0,1,1,0,0.0,0,0,101.0,23,5,1,1,0,2.0,1,1
304e4f3c-9903-4914-a08a-85d082c0297d,e10f8499-9444-4031-828d-33425d7476a6,2a107141-4bcc-4c17-a656-f3de73412f13,2025-01-12T01:37:00,0,0,0,0,1,0,1,1.0,2,2,365.0,1,6,1,1,0,2.0,0,1
40fb90d6-ea86-4a80-91f0-b3483b42fa3d,4ca593a6-6883-4ff4-b14b-a47593e71ecc,2a107141-4bcc-4c17-a656-f3de73412f13,2025-01-12T01:40:00,1,1,1,0,1,1,1,0.0,0,0,112.0,1,6,1,1,0,2.0,0,1
e1d8da05-6f09-4b0e-bd5a-66eca5396d69,7689a61a-5823-4dd9-8e3c-29c2d4415219,2a107141-4bcc-4c17-a656-f3de73412f13,2025-01-12T01:41:00,1,0,1,0,1,1,0,0.0,0,0,365.0,1,6,1,1,0,2.0,0,1
ba32dc66-c7c8-4bb9-b669-a6229f5c6599,b61abfe1-9a4f-45c1-ac54-daa9a9a0b274,2a107141-4bcc-4c17-a656-f3de73412f13,2025-01-12T01:47:00,0,0,0,0,1,0,1,0.0,1,0,134.0,1,6,1,1,0,2.0,0,1
cf9bf0d6-e39b-498b-9227-0a4149015557,836f20e8-ac46-4599-a783-92f86ea182c4,e307b147-a1f8-4ef5-8549-7f7f3a4ce681,2025-01-12T05:11:00,1,1,1,0,1,1,1,0.0,0,0,231.0,5,6,1,1,0,2.0,2,1
5a978f6c-0faa-4975-b3c8-0db1c3052e6e,86982baf-89fb-453b-bd13-a6cfe928ea51,e307b147-a1f8-4ef5-8549-7f7f3a4ce681,2025-01-12T05:20:00,1,1,1,0,1,1,1,0.0,0,0,273.0,5,6,1,1,0,2.0,2,1
c48733d2-d318-41f1-acea-9a9f05a22f99,d3edbff9-b137-4f59-9b59-c049d8cda101,92c3d0ca-c033-4af3-98d2-9663fcd56c8e,2025-01-12T05:29:00,1,0,1,0,1,0,1,1.0,2,2,213.0,5,6,1,1,0,2.0,1,0
89acb28a-c073-4e0f-a3e6-d9a14828223a,977055e7-58dc-4d79-b576-2feb17172418,92c3d0ca-c033-4af3-98d2-9663fcd56c8e,2025-01-12T05:35:00,0,0,1,0,1,1,0,1.0,1,1,163.0,5,6,1,1,0,2.0,1,0
242eaa00-e7bd-4d04-9679-a86dcebb76f7,d869910e-02c0-4d29-a1fd-9bdef530d653,58e691a5-66fa-4aea-b9fd-22128bfb79ab,2025-01-12T13:37:00,1,0,1,0,1,0,1,1.0,1,1,365.0,13,6,1,0,0,2.0,2,1
7760c42e-e06c-46fe-9fd5-2fb36bae1b7b,f63c50b9-9712-4146-b62f-580951ca12c3,58e691a5-66fa-4aea-b9fd-22128bfb79ab,2025-01-12T13:39:00,1,0,1,0,0,1,0,0.0,0,0,47.0,13,6,1,0,0,2.0,2,1
b4fb242e-404d-483f-b1dd-d78ad5ef6395,253205df-9c22-4418-a061-b758af343928,58e691a5-66fa-4aea-b9fd-22128bfb79ab,2025-01-12T13:45:00,1,1,1,0,1,1,0,1.0,1,1,57.0,13,6,1,0,0,2.0,2,1
c11da748-892e-457e-a95b-b9dcb50dcfd7,c5df4563-5594-46ee-912f-a3c37bc8f200,b037b857-aeac-40d4-a553-483525d26a93,2025-01-12T15:33:00,0,0,0,0,1,1,1,0.0,0,0,365.0,15,6,1,0,0,3.0,1,1
bdd95047-f973-4b2c-8ef5-c6fd83e12acb,429de809-3eeb-42af-94fa-c9c8fc3dda46,b037b857-aeac-40d4-a553-483525d26a93,2025-01-12T15:34:00,0,1,1,0,1,1,1,0.0,0,0,365.0,15,6,1,0,0,3.0,1,1
c27e822a-d43f-4354-a116-83c616ac0829,0bd74d79-c6ed-4e86-a612-e698b486ec29,b037b857-aeac-40d4-a553-483525d26a93,2025-01-12T15:34:00,1,1,1,0,1,1,1,0.0,0,0,413.0,15,6,1,0,0,3.0,1,1
de5bdddc-63a2-43ab-8441-6283fdfe4148,aa88c4dd-4d72-4fc4-81fb-864525abed74,b037b857-aeac-40d4-a553-483525d26a93,2025-01-12T15:39:00,0,0,1,1,1,1,1,0.0,0,0,97.0,15,6,1,0,0,3.0,1,1
21b30798-5526-4c62-a1ec-c0dd88c7cad4,d0541b7a-d91a-4f60-a3c9-55e8ae5577b7,b037b857-aeac-40d4-a553-483525d26a93,2025-01-12T15:42:00,1,1,1,0,1,1,1,1.0,2,2,176.0,15,6,1,0,0,3.0,1,1
f2b139e2-be48-41cf-96f1-bf49f50f9c30,0f0a17e5-ee39-4b55-89bf-da47d9347eab,609858c9-2b43-4eca-abb5-e82182ddbbcf,2025-01-12T19:04:00,0,0,0,0,1,1,0,0.0,0,0,58.0,19,6,1,0,0,1.0,1,1
ad9c7567-34d9-40ba-b9fb-5e06206d8619,628e4e35-5853-4d59-b32f-4056b7e3e27b,609858c9-2b43-4eca-abb5-e82182ddbbcf,2025-01-12T19:05:00,1,1,1,0,1,0,1,0.0,0,0,365.0,19,6,1,0,0,1.0,1,1
77de8778-c795-4fa6-b896-8bf9dcd95c38,6c25e2ff-8bc0-4abc-a978-052ba5e4650a,609858c9-2b43-4eca-abb5-e82182ddbbcf,2025-01-12T19:06:00,1,1,1,0,1,1,1,1.0,2,2,118.0,19,6,1,0,0,1.0,1,1
95e78f4e-6d80-4d05-8948-245a2854e83c,2c3db408-b5ed-488b-889b-94d27474e75e,609858c9-2b43-4eca-abb5-e82182ddbbcf,2025-01-12T19:14:00,1,1,1,0,1,1,1,0.0,1,0,414.0,19,6,1,0,0,1.0,1,1
c9dc9d68-d744-4de0-969b-b13d1f18330d,b61abfe1-9a4f-45c1-ac54-daa9a9a0b274,73548162-66ca-4a7f-9b7e-e1ba62d6749b,2025-01-12T21:14:00,1,0,0,0,1,0,1,0.0,2,0,134.0,21,6,1,0,0,3.0,3,1
c74dc3b6-246c-4d46-8ca5-412a4bcd9fdf,4dbf9849-ac53-4f89-9962-e94bf0dccfbc,73548162-66ca-4a7f-9b7e-e1ba62d6749b,2025-01-12T21:20:00,1,0,1,1,1,1,1,0.0,0,0,365.0,21,6,1,0,0,3.0,3,1
11472dda-e4db-46a6-ac42-af8d6a6b3050,dc3945d5-6321-4ff3-a949-9cc365303d45,27f6a7a6-8807-419b-9ef0-d9a294b0267a,2025-01-12T21:21:00,1,0,1,0,1,0,1,0.0,0,0,77.0,21,6,1,0,0,2.0,2,0
971d0be4-4fbe-4fb5-8374-b06c154905bb,8e9081d8-32bc-44c1-9c03-cec99543a8c8,73548162-66ca-4a7f-9b7e-e1ba62d6749b,2025-01-12T21:22:00,1,1,1,0,0,1,0,0.0,0,0,183.0,21,6,1,0,0,3.0,3,1
76fbd70c-7cf2-4e49-8683-504a57e2cc98,e407e92f-fbeb-4577-975a-db39c26f5872,27f6a7a6-8807-419b-9ef0-d9a294b0267a,2025-01-12T21:24:00,1,0,1,1,1,1,1,0.0,0,0,210.0,21,6,1,0,0,2.0,2,0
7f4d2eef-8a85-4fa3-bdcf-6f48c1f4cd15,20f6053d-1512-49be-a186-de29bf5ec234,73548162-66ca-4a7f-9b7e-e1ba62d6749b,2025-01-12T21:24:00,1,0,0,0,1,1,1,1.0,3,3,154.0,21,6,1,0,0,3.0,3,1
71169e3e-b5a2-42a2-868a-fc62107eb62d,887c04b7-3558-4cd6-b634-cf5a4cd93877,fb33d887-0f88-4eaa-a11d-78af9725b73f,2025-01-13T03:49:00,1,0,1,0,1,1,1,1.0,2,2,365.0,3,0,0,1,0,3.0,1,0
ae76129a-deca-4487-9acc-1aa971d8c4fc,d239a4ec-9007-41bc-a9af-3ceae895f0c0,fb33d887-0f88-4eaa-a11d-78af9725b73f,2025-01-13T03:55:00,0,0,0,0,1,1,1,0.0,0,0,52.0,3,0,0,1,0,3.0,1,0
1ce32d72-fcca-4ba2-9730-0967ce9c12d0,6bb36c9a-793f-4f90-bf6f-df150cb1f85a,fb33d887-0f88-4eaa-a11d-78af9725b73f,2025-01-13T03:57:00,1,1,1,0,1,0,1,0.0,0,0,91.0,3,0,0,1,0,3.0,1,0
28160526-5bff-410a-97b9-c34db5dfd6c6,b31f3223-35d1-446c-9991-79665d0b1ef3,7a17ca26-e965-4343-a8c9-303575718af3,2025-01-13T04:09:00,1,1,1,0,1,1,1,1.0,1,1,69.0,4,0,0,1,0,2.0,3,1
c52bb654-b8b4-4ed7-874c-d800c846bd86,8ffc4077-593e-43ff-990a-16a84fd422b4,7a17ca26-e965-4343-a8c9-303575718af3,2025-01-13T04:13:00,0,0,1,1,1,1,1,0.0,0,0,365.0,4,0,0,1,0,2.0,3,1
7e24ad7e-d1bf-452f-b0b8-56afd5efdc71,90f0edf1-053b-433f-b7d0-041be1e882d4,7a17ca26-e965-4343-a8c9-303575718af3,2025-01-13T04:14:00,0,0,0,0,1,1,0,0.0,1,0,202.0,4,0,0,1,0,2.0,3,1
d902f0dc-0cc6-4831-b045-9628db6daa3d,b28c5ded-195b-4262-9bb7-b808a353150d,d68565cc-3531-4400-922c-c2c9d70bb725,2025-01-13T07:29:00,1,1,1,0,1,1,1,0.0,0,0,97.0,7,0,0,0,0,2.0,2,1
11a3afb6-f21e-4332-b63a-d3e6e6f73db1,dc3945d5-6321-4ff3-a949-9cc365303d45,d68565cc-3531-4400-922c-c2c9d70bb725,2025-01-13T07:34:00,0,1,1,0,1,0,1,1.0,1,1,78.0,7,0,0,0,0,2.0,2,1
c765b3ac-aa67-4074-a3ba-8bd2ff991920,8d54dd37-108d-4ec9-87e8-552d73629a00,c9e9fbd5-d5cd-4b16-9aa8-3b67508b0f76,2025-01-13T13:59:00,1,0,0,0,1,1,0,0.0,0,0,304.0,13,0,0,0,1,3.0,3,1
9f2f355d-25dc-419f-aa4f-fd49aced555e,e154750f-17df-43f5-8c04-401ee73830f6,c9e9fbd5-d5cd-4b16-9aa8-3b67508b0f76,2025-01-13T14:05:00,0,0,0,0,1,1,0,0.0,0,0,77.0,14,0,0,0,1,3.0,3,1
1b272075-3e62-4cf1-854c-109d1f7762dc,ba0652ab-674d-480e-b23d-7fb7301f9218,c9e9fbd5-d5cd-4b16-9aa8-3b67508b0f76,2025-01-13T14:10:00,1,1,1,0,1,1,1,0.0,0,0,62.0,14,0,0,0,1,3.0,3,1
80068b6d-30eb-46fb-bfbe-17be50fbb609,c52b0995-269e-4253-8965-8f14d5fd2b13,bf177517-f8e4-47ad-9941-6ffaf6395c75,2025-01-13T14:12:00,0,0,0,0,0,1,0,0.0,0,0,294.0,14,0,0,0,1,4.0,1,0
461d7443-358d-48e0-ad71-de980ba78404,87ee165d-91a2-4857-b698-c97864b7c6d5,bf177517-f8e4-47ad-9941-6ffaf6395c75,2025-01-13T14:14:00,1,0,0,0,1,1,0,1.0,1,1,432.0,14,0,0,0,1,4.0,1,0
5c178f66-9280-46e3-8762-b4977c30e18c,b452a2de-4232-41a0-814e-2651c197f192,bf177517-f8e4-47ad-9941-6ffaf6395c75,2025-01-13T14:17:00,0,0,0,0,1,1,1,0.0,0,0,103.0,14,0,0,0,1,4.0,1,0
01e5c2a1-6d61-4da8-8a4d-50f5bcd00596,4ac85ad1-81f9-4db3-a7c9-2bd4d3df0e31,bf177517-f8e4-47ad-9941-6ffaf6395c75,2025-01-13T14:22:00,1,0,0,0,1,1,1,1.0,2,2,93.0,14,0,0,0,1,4.0,1,0
d87fe8a6-2237-4b5b-9ca6-c2bdebf081f6,dd1ab9ef-a26d-487b-9f4e-071ae247a999,a1808c63-d30b-4c82-ad52-380048c2e7b0,2025-01-13T14:33:00,1,0,0,0,1,1,1,0.0,0,0,251.0,14,0,0,0,1,2.0,2,0
fe34a9e7-c7fe-4c41-8070-e0d4057ca4b7,b822f3f2-bc12-474d-9f5a-b3cef19341f0,a1808c63-d30b-4c82-ad52-380048c2e7b0,2025-01-13T14:36:00,0,0,0,0,1,1,1,1.0,1,1,365.0,14,0,0,0,1,2.0,2,0
d528a6d2-9df6-4af0-8b10-6de4da90c0ec,8472b4dc-b0f7-4b8e-aeb1-10bfb842eb2f,a1808c63-d30b-4c82-ad52-380048c2e7b0,2025-01-13T14:38:00,0,0,1,0,1,1,0,1.0,1,1,89.0,14,0,0,0,1,2.0,2,0
392ee0cc-ee65-470b-b989-0938f01d8892,3fe93771-22fd-4ee6-a769-9f85123cf7bb,a1808c63-d30b-4c82-ad52-380048c2e7b0,2025-01-13T14:41:00,1,0,1,0,1,1,1,0.0,0,0,365.0,14,0,0,0,1,2.0,2,0
807df9cd-185e-492c-a751-f52573a12ed6,b28c5ded-195b-4262-9bb7-b808a353150d,a1808c63-d30b-4c82-ad52-380048c2e7b0,2025-01-13T14:43:00,0,0,1,0,1,1,1,1.0,1,1,97.0,14,0,0,0,1,2.0,2,0
8d22c30a-048a-42b2-b213-307f391dae18,dc070752-162d-4ca3-ae3a-25c40e32397b,a1808c63-d30b-4c82-ad52-380048c2e7b0,2025-01-13T14:43:00,1,1,1,0,1,1,1,1.0,1,1,362.0,14,0,0,0,1,2.0,2,0
b22d3679-3180-4634-ae5b-81a61e211d09,e30fd279-849b-4132-8b55-debf0747d8c4,f49f07d8-49f8-4924-a7b4-aefca3fcd8bd,2025-01-13T15:31:00,1,0,0,0,1,1,1,0.0,0,0,71.0,15,0,0,0,1,2.0,2,1
ef02d3dd-aa90-47c2-980e-90f805aa79a1,aa77487c-31e8-47c0-83d6-5c4fb9f9dc95,f49f07d8-49f8-4924-a7b4-aefca3fcd8bd,2025-01-13T15:31:00,0,0,0,0,1,1,0,0.0,0,0,236.0,15,0,0,0,1,2.0,2,1
37d9bc32-2b62-47d7-b3f8-cf693559c421,36ab981c-07be-4841-8992-11118d375327,f49f07d8-49f8-4924-a7b4-aefca3fcd8bd,2025-01-13T15:38:00,0,0,0,0,1,1,1,1.0,1,1,79.0,15,0,0,0,1,2.0,2,1
3ab5c21b-144b-4217-a56e-e3d43e03dcd4,78b96bf4-a937-44e7-9a3a-544dd63de549,f49f07d8-49f8-4924-a7b4-aefca3fcd8bd,2025-01-13T15:42:00,0,0,0,0,1,1,0,0.0,0,0,155.0,15,0,0,0,1,2.0,2,1
85c8da70-d053-409c-a628-d2ad030d42d4,5b144804-32b7-4e82-9f3c-1b20f6f52721,358e0120-af76-4917-ab15-44fe589bb058,2025-01-13T19:18:00,1,0,1,0,1,1,1,0.0,0,0,51.0,19,0,0,0,0,4.0,1,0
acff21e7-ed79-44a9-a516-929e16fc6bc5,443aebc7-b493-44c6-bde3-762b445ca7e3,358e0120-af76-4917-ab15-44fe589bb058,2025-01-13T19:18:00,1,0,0,0,0,1,1,1.0,1,1,365.0,19,0,0,0,0,4.0,1,0
cb2c676c-f456-4af8-9c84-5d9787c08cec,76c87fab-4634-487d-a03f-d4c7ee94749e,47ff3b5f-0607-4fb6-8393-629e7077c123,2025-01-13T19:47:00,1,0,0,0,1,0,1,0.0,1,0,89.0,19,0,0,0,0,1.0,2,1
aab6de48-9021-4dee-a63c-89e1988f8d3f,2ca5443d-9c69-4b59-a783-d0c9ad1c7da7,47ff3b5f-0607-4fb6-8393-629e7077c123,2025-01-13T19:53:00,1,1,1,0,1,1,1,0.0,0,0,42.0,19,0,0,0,0,1.0,2,1
7069b7f2-9d0e-4389-a434-378e2d9940c1,dc3945d5-6321-4ff3-a949-9cc365303d45,27a0f504-0dee-47ce-bab5-9b64c40ba1c6,2025-01-13T23:40:00,1,0,1,0,1,0,1,0.5,2,1,78.0,23,0,0,1,0,2.0,1,1
94ec0c77-cc76-4825-aa06-1b9870799ef7,77222c64-5090-4b91-b802-e153a736f651,27a0f504-0dee-47ce-bab5-9b64c40ba1c6,2025-01-13T23:41:00,0,0,0,0,1,1,0,0.0,0,0,336.0,23,0,0,1,0,2.0,1,1
6e30e9e1-3104-4a4f-9c81-d382e4c5fd3d,ca2995db-95cb-4226-8f04-6f57902f8cf4,27a0f504-0dee-47ce-bab5-9b64c40ba1c6,2025-01-13T23:43:00,0,0,1,0,1,0,1,1.0,1,1,365.0,23,0,0,1,0,2.0,1,1
b81626d2-a172-4a62-b973-387d3d0945ca,d869910e-02c0-4d29-a1fd-9bdef530d653,27a0f504-0dee-47ce-bab5-9b64c40ba1c6,2025-01-13T23:50:00,1,0,1,0,1,0,1,1.0,2,2,365.0,23,0,0,1,0,2.0,1,1
a3ad40c6-3023-4288-97f0-14f74c61df07,265b1191-c474-4c10-b744-2accb997520e,27a0f504-0dee-47ce-bab5-9b64c40ba1c6,2025-01-13T23:52:00,1,1,1,0,1,1,1,0.0,0,0,246.0,23,0,0,1,0,2.0,1,1
d21f9b42-e151-44a2-8d62-969951def63c,f609cf6c-d0e4-48e5-9d6b-2cb379d2f51c,ebb5f09e-ff57-402b-9a98-92407d61d1ca,2025-01-14T02:43:00,1,1,1,0,1,1,1,0.0,0,0,365.0,2,1,0,1,0,2.0,1,1
3020747c-3a0d-44d5-accd-f42dc37742d4,0409fca8-45c7-403f-8d31-663c4c640e47,8ec4e0b3-5ce2-4bba-8224-13a825cfde8e,2025-01-14T02:47:00,0,0,0,0,1,1,1,0.0,1,0,96.0,2,1,0,1,0,3.0,2,0
4aa4cc0d-fa90-42a4-880a-9eea24d3c147,d00a6ed9-0c78-4d11-8599-3f98cf750bc5,ebb5f09e-ff57-402b-9a98-92407d61d1ca,2025-01-14T02:47:00,1,0,0,0,1,1,1,0.0,1,0,308.0,2,1,0,1,0,2.0,1,1
8ac83b2d-c62c-48fd-92b5-b48857fe701c,83d13c8e-fd29-4343-bf35-4497b673a39d,8ec4e0b3-5ce2-4bba-8224-13a825cfde8e,2025-01-14T02:48:00,1,0,1,0,1,1,1,0.0,0,0,133.0,2,1,0,1,0,3.0,2,0
8bec5b66-bfef-4769-86db-331266eeb693,fffc883c-1676-4f1c-b98e-5562be4b53e2,8ec4e0b3-5ce2-4bba-8224-13a825cfde8e,2025-01-14T02:50:00,1,1,1,0,1,1,1,0.0,0,0,127.0,2,1,0,1,0,3.0,2,0
3b3cf3e7-3277-4ca7-bfdb-cad7971e546c,159de8a5-1159-4692-a1c7-d4ea1c848144,ebb5f09e-ff57-402b-9a98-92407d61d1ca,2025-01-14T02:51:00,1,1,1,0,1,1,1,1.0,1,1,75.0,2,1,0,1,0,2.0,1,1
6b512a4e-8205-47f7-806a-c7295526e26b,cd36ff59-5ea4-42e6-93c5-5e86da3a1bf9,ebb5f09e-ff57-402b-9a98-92407d61d1ca,2025-01-14T02:52:00,1,1,1,0,1,0,1,0.0,0,0,365.0,2,1,0,1,0,2.0,1,1
49361ac6-9957-414d-8e5c-e82df3801620,2e3af94c-8ff5-4a35-ac8a-571d4fa070d4,ebb5f09e-ff57-402b-9a98-92407d61d1ca,2025-01-14T02:55:00,0,0,0,0,1,1,1,0.5,2,1,365.0,2,1,0,1,0,2.0,1,1
4e37134b-7aab-4429-97a3-593486bc81e7,96e372e4-86b2-4e68-b468-3cdf7686a490,6dfdf5d2-2b9f-476f-ac99-c78fefb7cad8,2025-01-14T08:01:00,1,0,1,0,1,1,1,1.0,2,2,73.0,8,1,0,0,0,2.0,0,1
2f076eb8-527c-4659-a787-a1b66f636fca,54644cdc-6eb6-4ce1-ace4-1ba0ab1ae36a,6dfdf5d2-2b9f-476f-ac99-c78fefb7cad8,2025-01-14T08:04:00,1,1,1,0,0,1,1,0.0,0,0,456.0,8,1,0,0,0,2.0,0,1
5fde61a7-26ba-4e5b-88d9-0c160e5312da,0a75681e-3c8c-4c6e-aee4-3ed6e64484f2,6dfdf5d2-2b9f-476f-ac99-c78fefb7cad8,2025-01-14T08:04:00,0,0,1,0,1,1,1,0.0,0,0,304.0,8,1,0,0,0,2.0,0,1
016ca1ac-58ca-4dc8-9c96-1c4e882465f3,d0a96683-1429-46b7-a70f-c0a765bdce73,6dfdf5d2-2b9f-476f-ac99-c78fefb7cad8,2025-01-14T08:05:00,1,0,1,0,1,1,1,0.0,0,0,100.0,8,1,0,0,0,2.0,0,1
493cb7f7-80ca-4b8a-b73d-32ae245fea00,d869910e-02c0-4d29-a1fd-9bdef530d653,6dfdf5d2-2b9f-476f-ac99-c78fefb7cad8,2025-01-14T08:08:00,1,0,1,0,1,0,1,1.0,3,3,365.0,8,1,0,0,0,2.0,0,1
de4614cd-b3df-4c58-a4f7-82ab1b28b881,fffc883c-1676-4f1c-b98e-5562be4b53e2,6dfdf5d2-2b9f-476f-ac99-c78fefb7cad8,2025-01-14T08:11:00,0,0,0,0,1,1,1,1.0,1,1,127.0,8,1,0,0,0,2.0,0,1
bd211d5f-d2f4-48eb-ab37-cd867fd733de,abdc90fb-c824-469f-8f0e-8dd72f8f977f,95ed7d00-4cb2-49e8-b02b-712d7b770dde,2025-01-14T10:31:00,1,0,1,0,0,1,1,1.0,3,3,342.0,10,1,0,0,1,4.0,2,1
0d726808-7d77-4570-98a5-90190c1aee14,bf16397a-e456-456e-98bd-2730736c43f3,95ed7d00-4cb2-49e8-b02b-712d7b770dde,2025-01-14T10:39:00,0,0,1,0,1,0,1,0.0,0,0,134.0,10,1,0,0,1,4.0,2,1
73c3c1a1-3734-4d7d-a90b-01c2da86c339,238bf442-7dd1-4625-97b1-0fd3299287dc,95ed7d00-4cb2-49e8-b02b-712d7b770dde,2025-01-14T10:40:00,1,0,1,0,1,1,1,1.0,1,1,206.0,10,1,0,0,1,4.0,2,1
7af18d2b-0d25-4b98-90b5-9991d20f1b4f,5a9cd770-f74a-4cdd-87d0-646aa0e13b89,cb194738-2bb6-41c8-8844-4ae54cbe36bd,2025-01-14T11:28:00,1,1,1,0,1,1,1,0.0,1,0,167.0,11,1,0,0,1,2.0,3,1
a18f6eda-1f5b-43a0-86ff-491ef64d0a37,2ef47c0b-e8fe-448b-93ff-36c85588d2fd,cb194738-2bb6-41c8-8844-4ae54cbe36bd,2025-01-14T11:29:00,1,0,1,0,1,1,1,0.0,0,0,156.0,11,1,0,0,1,2.0,3,1
08768312-5ecb-4329-894f-9d0145dfc740,c0eaa600-b15c-463a-b278-86b3ca57fd5c,cb194738-2bb6-41c8-8844-4ae54cbe36bd,2025-01-14T11:30:00,1,1,1,0,1,1,1,1.0,1,1,46.0,11,1,0,0,1,2.0,3,1
d78db647-0c48-4b45-b1dc-8bc03912f7b5,97e19e53-5b1a-48ed-959a-3b8ab801c890,eec8864c-bbae-4462-a060-2d1b202e332e,2025-01-14T16:58:00,1,1,1,0,1,1,1,1.0,1,1,202.0,16,1,0,0,1,6.0,1,1
c4a796d7-e537-42cd-aab1-4b72c4e4d70d,d81e4f34-385a-4f91-a183-890ca677d88c,eec8864c-bbae-4462-a060-2d1b202e332e,2025-01-14T17:01:00,1,0,0,0,1,1,1,1.0,1,1,74.0,17,1,0,0,1,6.0,1,1
d7423cd0-557e-45c4-8b56-b48a8f69ab45,0db56994-7b77-4dee-bd9c-894ba39fcd46,eec8864c-bbae-4462-a060-2d1b202e332e,2025-01-14T17:04:00,1,1,1,0,1,1,0,1.0,1,1,104.0,17,1,0,0,1,6.0,1,1
fa1961b9-a56c-4e9f-aa5b-c8c45600ac25,a9048c9b-4ff2-49a2-8387-544ccfc02e0e,eec8864c-bbae-4462-a060-2d1b202e332e,2025-01-14T17:06:00,1,1,1,0,1,1,0,0.0,0,0,418.0,17,1,0,0,1,6.0,1,1
5a532c35-d6db-4ca1-9132-f8a8a42e7b62,6c841b96-0d6c-4d4f-a647-602aca520949,eec8864c-bbae-4462-a060-2d1b202e332e,2025-01-14T17:07:00,0,0,0,0,1,0,1,1.0,1,1,262.0,17,1,0,0,1,6.0,1,1
19ec7ad3-7a52-4efb-ba17-12ecb2c49883,02ab37f8-95ba-4069-b113-066bd5d1f267,eec8864c-bbae-4462-a060-2d1b202e332e,2025-01-14T17:08:00,0,1,1,0,1,0,0,0.0,1,0,246.0,17,1,0,0,1,6.0,1,1
78d54419-8826-4348-b336-9bca6cb98cac,4076050c-ef30-4ae6-9a40-cdcec3cb6dd8,7d6234d8-2677-4474-a97c-88ba101acb40,2025-01-14T17:44:00,1,0,0,0,0,1,1,0.0,0,0,379.0,17,1,0,0,1,3.0,2,0
f842067a-8de3-4908-bb27-fd449f0d7b32,1b81506a-481d-42f6-b01c-dbb52717cc9e,7d6234d8-2677-4474-a97c-88ba101acb40,2025-01-14T17:44:00,1,0,1,0,1,1,1,0.0,0,0,101.0,17,1,0,0,1,3.0,2,0
9dec4a17-26d7-46cd-8684-8b02b294848c,4dedcbdc-081b-4f07-a1d8-a65cfe88d71e,db3a66c7-432d-4410-b19b-e9aa80f3d859,2025-01-14T18:10:00,1,0,0,0,1,0,1,1.0,1,1,92.0,18,1,0,0,0,4.0,3,1
e4601779-f12b-4317-9c01-cdbaefb7b775,c4ccc935-dd86-4d48-92ab-3e02bfbbdedd,db3a66c7-432d-4410-b19b-e9aa80f3d859,2025-01-14T18:10:00,1,1,1,0,1,1,1,1.0,1,1,59.0,18,1,0,0,0,4.0,3,1
6c1dc3bc-2004-4972-ab9a-6ba586187745,77222c64-5090-4b91-b802-e153a736f651,db3a66c7-432d-4410-b19b-e9aa80f3d859,2025-01-14T18:14:00,1,0,0,0,1,1,0,0.0,1,0,337.0,18,1,0,0,0,4.0,3,1
adc3614b-d3e2-40ff-8c46-f2e2dcfb0d21,34dc13fa-a9a1-4b88-8692-d63511225a68,db3a66c7-432d-4410-b19b-e9aa80f3d859,2025-01-14T18:14:00,1,1,1,0,1,1,1,0.0,0,0,258.0,18,1,0,0,0,4.0,3,1
6e22dcaa-66ff-4b9c-8dbd-63735aa734f9,088b5742-8640-45a5-9823-8486f1015782,db3a66c7-432d-4410-b19b-e9aa80f3d859,2025-01-14T18:21:00,1,1,1,0,1,1,0,0.0,0,0,363.0,18,1,0,0,0,4.0,3,1
bed6183a-632c-415d-a74a-5518a22076ba,19cad05e-ae8b-4d86-b026-69fbb73b2e76,db3a66c7-432d-4410-b19b-e9aa80f3d859,2025-01-14T18:22:00,1,0,0,0,1,1,1,0.0,0,0,179.0,18,1,0,0,0,4.0,3,1
07189f96-f0f1-43cd-bce5-1d79f2e21568,0a75681e-3c8c-4c6e-aee4-3ed6e64484f2,da6627c9-19b9-40fa-be96-b8a2bdbd257b,2025-01-14T20:05:00,1,1,1,0,1,1,1,0.0,1,0,304.0,20,1,0,0,0,1.0,1,1
2035176d-d9c3-43c6-aaca-baf68c78388d,d6b5ae43-d86a-4b5f-abd6-b4e06091ee44,da6627c9-19b9-40fa-be96-b8a2bdbd257b,2025-01-14T20:05:00,1,1,1,0,1,1,1,1.0,1,1,446.0,20,1,0,0,0,1.0,1,1
6b68bce9-03eb-42c2-9f28-681323f69941,aa432f38-de85-46c8-ad80-6b3373671c95,da6627c9-19b9-40fa-be96-b8a2bdbd257b,2025-01-14T20:06:00,1,0,0,0,1,0,1,0.5,2,1,195.0,20,1,0,0,0,1.0,1,1
0a9f1633-a3e2-4cc5-8b2f-618fbe8e3fe4,d74d726f-1a04-4093-9eb1-ae0ea06feb1c,da6627c9-19b9-40fa-be96-b8a2bdbd257b,2025-01-14T20:17:00,1,1,1,0,1,0,1,0.0,0,0,365.0,20,1,0,0,0,1.0,1,1
bc905ac1-cf14-484a-b879-32b9a0dceb82,fe02ea3a-03d9-4d57-94a7-47e4a11e404f,da6627c9-19b9-40fa-be96-b8a2bdbd257b,2025-01-14T20:17:00,0,0,0,0,1,1,1,0.0,0,0,382.0,20,1,0,0,0,1.0,1,1
bf4fc955-5a5e-4565-9705-df06bb02015c,34dc13fa-a9a1-4b88-8692-d63511225a68,e551c8db-39e2-4905-a19f-746f61d16a41,2025-01-14T23:35:00,1,0,1,0,1,1,1,1.0,1,1,258.0,23,1,0,1,0,4.0,3,1
28434734-0dfe-4a93-96ee-426601366025,443aebc7-b493-44c6-bde3-762b445ca7e3,e551c8db-39e2-4905-a19f-746f61d16a41,2025-01-14T23:37:00,1,0,0,0,0,1,1,1.0,2,2,365.0,23,1,0,1,0,4.0,3,1
61823c15-7c80-47c7-8162-a09b422e696c,2c3259d5-3a5a-4a64-be43-cedbc92ce0dc,e551c8db-39e2-4905-a19f-746f61d16a41,2025-01-14T23:37:00,0,0,1,0,0,0,1,0.0,1,0,232.0,23,1,0,1,0,4.0,3,1
bc5bd546-3628-42e4-a500-3ca01d6cf58b,c2d25642-919c-4075-a54a-aedcf9642a56,e551c8db-39e2-4905-a19f-746f61d16a41,2025-01-14T23:39:00,0,0,0,0,1,1,0,0.0,1,0,203.0,23,1,0,1,0,4.0,3,1
cf7eaf40-dafc-4bf0-9bdd-46bd62071cf6,626cbf28-4c14-4dc1-a51b-9a94ba59000e,e551c8db-39e2-4905-a19f-746f61d16a41,2025-01-14T23:42:00,0,0,0,0,1,0,0,1.0,1,1,365.0,23,1,0,1,0,4.0,3,1
353290c6-736b-4a4f-a862-61099e1180ee,664b1167-88df-4fdd-afcb-3e9296fb4ad6,e551c8db-39e2-4905-a19f-746f61d16a41,2025-01-14T23:46:00,1,0,0,0,1,1,1,1.0,1,1,140.0,23,1,0,1,0,4.0,3,1
ba7a9d07-a3bb-461c-a696-ab74a9f2a739,606e67ca-9ccf-47a9-951e-95c0bc77f20d,bad11944-d982-4f00-b8b0-1dc15de1d0cf,2025-01-15T09:37:00,1,1,1,0,0,1,1,0.6667,3,2,365.0,9,2,0,0,1,2.0,1,1
534b24ab-40ed-4eb5-addc-ba3066d0866d,abdc90fb-c824-469f-8f0e-8dd72f8f977f,bad11944-d982-4f00-b8b0-1dc15de1d0cf,2025-01-15T09:41:00,0,0,1,0,0,1,1,1.0,4,4,343.0,9,2,0,0,1,2.0,1,1
4817dc46-8183-43e6-b36f-87af198770a6,ab824e7b-6c52-415c-9b45-3252ae8f2969,bad11944-d982-4f00-b8b0-1dc15de1d0cf,2025-01-15T09:45:00,1,1,1,0,1,1,1,1.0,1,1,96.0,9,2,0,0,1,2.0,1,1
f474af8e-119f-404e-9445-7181b1400aae,4adfcc20-75f4-424d-8645-1ab7b11ade80,5698b099-ab95-4b00-8914-f6695fda0738,2025-01-15T11:21:00,1,0,0,0,1,1,1,0.0,0,0,118.0,11,2,0,0,1,6.0,0,1
1b8b911c-9797-4634-a58f-7d88bcb0b430,85b594e8-d460-4e0d-bd65-07df78f69665,5698b099-ab95-4b00-8914-f6695fda0738,2025-01-15T11:24:00,0,0,0,0,1,1,0,0.0,0,0,61.0,11,2,0,0,1,6.0,0,1
4f705acc-c78c-446f-8de9-b94c7de51078,ad32e776-9492-4189-a4eb-d73ed256a7ea,5698b099-ab95-4b00-8914-f6695fda0738,2025-01-15T11:26:00,1,1,1,0,1,1,1,0.6667,3,2,54.0,11,2,0,0,1,6.0,0,1
317850bd-e33b-43aa-973a-5b9bfe5fb4eb,ed05badd-17a9-4ad2-99b1-3e60e0cb321e,5698b099-ab95-4b00-8914-f6695fda0738,2025-01-15T11:27:00,1,1,1,0,1,1,1,0.6667,3,2,74.0,11,2,0,0,1,6.0,0,1
736d3679-a9b2-4000-8e06-041f5d2735aa,46c4620d-f466-43aa-86c4-b6bea05d529d,5698b099-ab95-4b00-8914-f6695fda0738,2025-01-15T11:31:00,1,0,1,1,1,1,1,1.0,1,1,187.0,11,2,0,0,1,6.0,0,1
433f5c9c-7991-48c3-98aa-a5f043891564,0db56994-7b77-4dee-bd9c-894ba39fcd46,5698b099-ab95-4b00-8914-f6695fda0738,2025-01-15T11:34:00,1,1,1,0,1,1,0,1.0,2,2,105.0,11,2,0,0,1,6.0,0,1
35dac43a-46bf-4636-aa6f-a911c26c6375,d3edbff9-b137-4f59-9b59-c049d8cda101,44f34532-ccbc-4085-9690-1af28f22a43b,2025-01-15T13:07:00,1,0,1,0,1,0,1,1.0,3,3,216.0,13,2,0,0,1,1.0,3,1
92402c93-67b8-4059-92f5-0f2562c7f4f9,eb9471c8-ba19-42a2-94b9-9a533ce84d63,44f34532-ccbc-4085-9690-1af28f22a43b,2025-01-15T13:12:00,1,0,1,0,1,1,1,0.0,1,0,358.0,13,2,0,0,1,1.0,3,1
44611b59-b78e-4215-8f53-4515d24ed75f,0f830c26-3d4f-4cf5-81cf-08041535d161,02cc6979-d70e-4f2d-a740-467029caac7d,2025-01-15T14:36:00,1,1,1,0,1,0,1,1.0,2,2,109.0,14,2,0,0,1,6.0,3,1
222ee0a2-e5a5-4479-8d7f-a096a308f105,b61abfe1-9a4f-45c1-ac54-daa9a9a0b274,02cc6979-d70e-4f2d-a740-467029caac7d,2025-01-15T14:37:00,0,0,0,0,1,0,1,0.3333,3,1,137.0,14,2,0,0,1,6.0,3,1
715b4c10-f4b8-48c4-bcd7-702e3365aa66,8a51ac8d-1598-4fa0-bf75-085c49cbc370,02cc6979-d70e-4f2d-a740-467029caac7d,2025-01-15T14:38:00,1,1,1,0,1,1,1,0.5,2,1,323.0,14,2,0,0,1,6.0,3,1
f6e01ab5-d923-482f-be05-cd0d976f4be2,979b5d05-d629-42eb-925c-ca3d093ceaca,02cc6979-d70e-4f2d-a740-467029caac7d,2025-01-15T14:42:00,1,0,0,0,1,1,1,0.0,0,0,204.0,14,2,0,0,1,6.0,3,1
75efa43a-18d2-4652-b81d-21f3af3064b8,0239e706-289d-4498-9947-7818e4011dc0,02cc6979-d70e-4f2d-a740-467029caac7d,2025-01-15T14:48:00,1,1,1,0,1,0,1,0.0,0,0,86.0,14,2,0,0,1,6.0,3,1
763e0ed8-d887-4715-bc4f-09bd3a842f79,54d5caa7-5a58-4175-a139-ece2d4e285d1,1a451fcf-007d-4f49-a582-a69e9e239479,2025-01-15T17:08:00,1,0,0,0,0,1,1,1.0,1,1,108.0,17,2,0,0,1,4.0,0,0
5185539a-0114-4c22-a0c1-e1b08de4b6c4,5a9cd770-f74a-4cdd-87d0-646aa0e13b89,1a451fcf-007d-4f49-a582-a69e9e239479,2025-01-15T17:09:00,0,0,0,0,1,1,1,0.5,2,1,168.0,17,2,0,0,1,4.0,0,0
0f579a8b-77b0-4781-bec1-e532ed5882e8,a927ec13-1431-4870-8c63-e98dc7bad4b8,1a451fcf-007d-4f49-a582-a69e9e239479,2025-01-15T17:10:00,1,0,0,0,1,1,1,1.0,1,1,63.0,17,2,0,0,1,4.0,0,0
ecce1e21-a85f-4f5a-ac45-fe57d17fbc2e,8e7b58d3-fd28-4f41-ad6d-99b81fe9d484,1a451fcf-007d-4f49-a582-a69e9e239479,2025-01-15T17:11:00,0,0,0,0,1,1,1,0.0,0,0,247.0,17,2,0,0,1,4.0,0,0
d7e8f183-060a-4681-b373-2f0c5add8275,afa47c4e-62b3-4586-9824-3169d0ae4f73,1a451fcf-007d-4f49-a582-a69e9e239479,2025-01-15T17:12:00,1,0,0,0,1,1,1,1.0,1,1,365.0,17,2,0,0,1,4.0,0,0
365c21bf-5629-4c8b-a5ba-ccccf838db2e,dd3c9c80-9a9d-4efd-a8fc-06ac9e8600c4,1a451fcf-007d-4f49-a582-a69e9e239479,2025-01-15T17:19:00,0,0,0,0,1,1,1,0.0,0,0,365.0,17,2,0,0,1,4.0,0,0
d8ec26bd-4bcc-4fdb-977a-569c15a5bb28,cfdec3c3-1f55-4c1b-bf64-7c30eaf6fc9d,310aca4d-1273-4eb5-89f4-ff404de62d12,2025-01-16T10:00:00,1,0,1,0,1,1,1,0.0,0,0,58.0,10,3,0,0,1,2.0,2,0
f53af9dd-c069-4bf1-80f5-5f38f1495fe1,7df3d0f3-a755-40a4-a102-6e1158275be1,310aca4d-1273-4eb5-89f4-ff404de62d12,2025-01-16T10:04:00,1,0,0,0,1,0,1,0.0,1,0,68.0,10,3,0,0,1,2.0,2,0
31610044-6bbc-4c86-98d9-3b9acea9f339,2b53fe55-2a72-4432-a6b9-13c5a851be2a,310aca4d-1273-4eb5-89f4-ff404de62d12,2025-01-16T10:05:00,1,0,0,0,1,1,1,0.5,2,1,96.0,10,3,0,0,1,2.0,2,0
7e7039c8-c255-43cf-a42e-723b830dcf27,83d13c8e-fd29-4343-bf35-4497b673a39d,310aca4d-1273-4eb5-89f4-ff404de62d12,2025-01-16T10:07:00,1,0,1,0,1,1,1,1.0,1,1,135.0,10,3,0,0,1,2.0,2,0
46abbb29-338a-48f3-a257-1d68e556124c,42ea4e92-f7aa-4bae-ab07-f79963ba71a1,310aca4d-1273-4eb5-89f4-ff404de62d12,2025-01-16T10:08:00,1,0,1,0,0,1,1,0.0,0,0,228.0,10,3,0,0,1,2.0,2,0
ca9d6d00-94b0-4b10-9bd4-41db6c73fea5,1f639402-8dc8-4776-97e8-d35510b12cd1,70fae146-ea7e-463d-be9d-7256ee41ff04,2025-01-16T10:29:00,1,1,1,0,1,1,1,0.0,0,0,361.0,10,3,0,0,1,6.0,3,0
346b58ef-419f-40e7-ad55-9360751b9f10,aed96858-5a79-4453-afc9-995064972c5b,70fae146-ea7e-463d-be9d-7256ee41ff04,2025-01-16T10:30:00,1,0,1,0,1,1,0,0.0,0,0,162.0,10,3,0,0,1,6.0,3,0
bae8a516-27b7-4a37-916e-4e57eb675deb,cb3c9262-005e-4dcb-a8e5-a2c3920ffe15,70fae146-ea7e-463d-be9d-7256ee41ff04,2025-01-16T10:32:00,0,0,1,0,1,0,0,0.0,0,0,72.0,10,3,0,0,1,6.0,3,0
33a5e004-3570-4b62-9ab7-cf3111dfaf41,d34c976e-433f-4254-8ff9-9f722de3d7df,70fae146-ea7e-463d-be9d-7256ee41ff04,2025-01-16T10:37:00,1,0,1,0,1,1,1,0.0,0,0,365.0,10,3,0,0,1,6.0,3,0
7566f450-aa31-4aaf-81df-58d3af546ce2,93125440-01af-4643-ac94-7c4da12295ea,70fae146-ea7e-463d-be9d-7256ee41ff04,2025-01-16T10:40:00,1,1,1,0,1,1,1,0.0,0,0,259.0,10,3,0,0,1,6.0,3,0
1eb815f6-fee5-48eb-b0c9-deaacccca668,2d57212f-e718-4f41-a96c-e064f42d3047,70fae146-ea7e-463d-be9d-7256ee41ff04,2025-01-16T10:42:00,1,0,0,0,1,1,1,0.0,0,0,97.0,10,3,0,0,1,6.0,3,0
2d91bbc5-782b-44ee-9188-ca58b6f8b20c,445beb91-c8f4-47ed-b5c7-e8a70759c76b,468555b4-64b0-444d-9889-50d613f46b4f,2025-01-16T13:32:00,1,0,0,0,1,1,1,1.0,1,1,74.0,13,3,0,0,1,3.0,2,0
dc51a35b-4aba-4081-ab24-e0027a1e071a,91080d43-a198-4089-b53a-109a95c5e635,468555b4-64b0-444d-9889-50d613f46b4f,2025-01-16T13:37:00,1,1,1,0,1,1,1,0.0,0,0,162.0,13,3,0,0,1,3.0,2,0
6c2ef480-545d-45d4-8db9-0fda1d100462,b55baffe-83af-4af1-b800-2efe44d895fa,468555b4-64b0-444d-9889-50d613f46b4f,2025-01-16T13:41:00,1,0,0,0,0,1,1,0.0,1,0,105.0,13,3,0,0,1,3.0,2,0
6995877c-4c13-4eb7-8764-fa4e5269da43,a5412686-ad1b-4800-b166-5b72f3faa02d,468555b4-64b0-444d-9889-50d613f46b4f,2025-01-16T13:44:00,1,0,0,0,1,1,1,0.0,0,0,60.0,13,3,0,0,1,3.0,2,0
ded184ea-1840-4881-be8e-6490b7021159,b34b9ff4-c6a5-4e42-9619-75d5b29e68d4,0aaecf1e-873f-4015-92ab-9f065d30533f,2025-01-16T14:17:00,1,0,1,0,1,1,0,1.0,1,1,202.0,14,3,0,0,1,1.0,2,1
22e8cd8b-b50e-45ff-b4d3-27c22751c0fa,1ee3aa44-6749-4c32-9bfe-c3306275fe48,0aaecf1e-873f-4015-92ab-9f065d30533f,2025-01-16T14:19:00,1,0,1,0,1,1,1,1.0,1,1,96.0,14,3,0,0,1,1.0,2,1
8d2d9e84-da91-421b-8287-0f7346949c22,6a9c2430-d23f-4e3a-9d23-36289b5ec791,0aaecf1e-873f-4015-92ab-9f065d30533f,2025-01-16T14:19:00,1,0,1,0,0,1,1,0.0,0,0,226.0,14,3,0,0,1,1.0,2,1
f93be7db-0109-4685-962b-cbd281fcde11,18425d44-6ba9-45d1-a297-f3778d4b10e7,0aaecf1e-873f-4015-92ab-9f065d30533f,2025-01-16T14:28:00,1,0,1,0,1,1,1,1.0,2,2,365.0,14,3,0,0,1,1.0,2,1
c7097269-6540-4a4f-b663-1af5f6acfb5e,8aadad3e-4591-4c88-a738-78b84530fbda,0aaecf1e-873f-4015-92ab-9f065d30533f,2025-01-16T14:29:00,1,0,1,0,1,1,1,0.0,0,0,261.0,14,3,0,0,1,1.0,2,1
db3a2e51-694f-4186-932c-0b8ab40d12ad,0f0a17e5-ee39-4b55-89bf-da47d9347eab,83a47dc6-e0f1-4375-8ea0-f1a62a5ee31d,2025-01-16T16:00:00,0,0,0,0,1,1,0,0.0,1,0,62.0,16,3,0,0,1,3.0,1,1
29ed332a-2047-4dfc-95ae-2c253e0b3b02,bf16397a-e456-456e-98bd-2730736c43f3,83a47dc6-e0f1-4375-8ea0-f1a62a5ee31d,2025-01-16T16:02:00,1,0,1,0,1,0,1,0.0,1,0,136.0,16,3,0,0,1,3.0,1,1
cd2472ad-ad54-46bd-ab68-1e752693f260,c2a90a3b-30e9-4457-987f-0a655b5556d2,83a47dc6-e0f1-4375-8ea0-f1a62a5ee31d,2025-01-16T16:07:00,1,0,1,0,1,1,1,1.0,2,2,102.0,16,3,0,0,1,3.0,1,1
740da579-d26f-48f5-b6d5-495b5fb02ce0,2bc00f4d-1415-492e-ab45-855a39d62175,f2b5b68b-6277-47ef-8885-6a7cfc78b0ad,2025-01-16T21:18:00,1,0,1,0,1,0,1,1.0,3,3,126.0,21,3,0,0,0,3.0,1,1
19456f49-7158-49e5-945d-2e3386796d4e,91080d43-a198-4089-b53a-109a95c5e635,f2b5b68b-6277-47ef-8885-6a7cfc78b0ad,2025-01-16T21:19:00,1,0,1,0,1,1,1,1.0,1,1,162.0,21,3,0,0,0,3.0,1,1
ad32bbb4-b215-4279-a738-e909a8b07beb,63e1e7de-8090-46e0-a921-6add4ddcfef9,173d8dc9-927a-4429-af82-4bb3f3e9c682,2025-01-16T21:20:00,0,0,0,0,1,1,1,0.0,0,0,394.0,21,3,0,0,0,1.0,2,1
32eaa903-1af3-4d9b-b52e-8da825cb7f00,763f9657-b714-4ebf-a75d-03a0bd961883,f2b5b68b-6277-47ef-8885-6a7cfc78b0ad,2025-01-16T21:21:00,1,0,1,0,1,1,1,0.0,0,0,613.0,21,3,0,0,0,3.0,1,1
c68bc0fb-7c1c-4ed0-b4f5-92ed3f854d5d,fdd10e56-22de-4a56-98b8-fcf4cc56744d,173d8dc9-927a-4429-af82-4bb3f3e9c682,2025-01-16T21:21:00,1,0,0,0,1,1,1,0.0,0,0,80.0,21,3,0,0,0,1.0,2,1
27189599-17a5-416b-bc23-a6411cd62c7a,6c926c1e-7975-4345-a762-128c25695f2b,f2b5b68b-6277-47ef-8885-6a7cfc78b0ad,2025-01-16T21:23:00,0,0,0,0,1,1,1,0.0,0,0,201.0,21,3,0,0,0,3.0,1,1
50b812ed-7d07-4b30-aeff-1cd9ebfc8ca0,58d8deb5-5531-43c5-81ae-7352d2d2b8c9,173d8dc9-927a-4429-af82-4bb3f3e9c682,2025-01-16T21:25:00,1,0,0,0,1,1,1,0.0,1,0,365.0,21,3,0,0,0,1.0,2,1
56db0574-46fa-40a6-a212-f10c6d3906dd,797a96d3-916e-44ca-9537-0bd455606d82,173d8dc9-927a-4429-af82-4bb3f3e9c682,2025-01-16T21:27:00,0,0,0,0,0,1,1,0.0,0,0,221.0,21,3,0,0,0,1.0,2,1
5b86353e-6490-440e-8aa9-bb81b712dee3,985ab403-ddfd-47f6-9b98-9ce2f7dcd16e,f2b5b68b-6277-47ef-8885-6a7cfc78b0ad,2025-01-16T21:29:00,1,0,1,1,1,1,0,0.0,0,0,128.0,21,3,0,0,0,3.0,1,1
4dbd5455-67e5-499c-b39a-a4f15a7b8992,258c585a-0983-4f1a-9632-3c358d253411,173d8dc9-927a-4429-af82-4bb3f3e9c682,2025-01-16T21:30:00,0,0,0,0,1,1,1,0.0,0,0,569.0,21,3,0,0,0,1.0,2,1
3ff08efb-e379-433d-9b5f-d68073f2207a,bf16397a-e456-456e-98bd-2730736c43f3,173d8dc9-927a-4429-af82-4bb3f3e9c682,2025-01-16T21:33:00,1,1,1,0,1,0,1,0.5,2,1,136.0,21,3,0,0,0,1.0,2,1
a771cfa5-16bb-4f5c-aa34-d2361d5acf5b,4b4303f9-d680-4320-80ac-0fc7377998df,9db9c6bf-6f4b-4931-af5a-c7b8a8775d4f,2025-01-16T22:43:00,1,0,0,0,1,1,1,0.0,0,0,127.0,22,3,0,1,0,4.0,0,0
bd798e65-b03f-4a4a-a2d6-af0e9185f596,cd36ff59-5ea4-42e6-93c5-5e86da3a1bf9,9db9c6bf-6f4b-4931-af5a-c7b8a8775d4f,2025-01-16T22:43:00,1,1,1,0,1,0,1,1.0,1,1,365.0,22,3,0,1,0,4.0,0,0
e66e691f-67d4-4249-b5e9-7f88c0328bb6,ca2995db-95cb-4226-8f04-6f57902f8cf4,9db9c6bf-6f4b-4931-af5a-c7b8a8775d4f,2025-01-16T22:49:00,0,1,1,0,1,0,1,0.5,2,1,365.0,22,3,0,1,0,4.0,0,0
6d88b2e2-d8b9-4a78-93bf-ed4332098b05,f2f92179-5d28-4944-970e-4735cb6d6a92,9db9c6bf-6f4b-4931-af5a-c7b8a8775d4f,2025-01-16T22:56:00,0,0,0,0,1,1,0,1.0,1,1,104.0,22,3,0,1,0,4.0,0,0
7d28ce65-3068-45cf-8b14-3bd1d79829a0,543b149c-d59c-49f5-bb4f-e6ac6bd72dd3,8be48e12-b424-4e8c-a2cc-b55f56552d0c,2025-01-16T22:56:00,1,1,1,0,1,0,1,0.0,0,0,101.0,22,3,0,1,0,2.0,3,1
703554a0-9a0a-478c-a835-d346a8cd1846,58d8deb5-5531-43c5-81ae-7352d2d2b8c9,8be48e12-b424-4e8c-a2cc-b55f56552d0c,2025-01-16T23:00:00,1,0,0,0,1,1,1,0.5,2,1,365.0,23,3,0,1,0,2.0,3,1
cb5134ce-42d8-4950-a7f9-1be6bc0a9d04,c1c99edc-e331-448e-a7ab-7b7fcb4ae4e7,8be48e12-b424-4e8c-a2cc-b55f56552d0c,2025-01-16T23:01:00,1,0,1,1,1,1,1,0.0,0,0,201.0,23,3,0,1,0,2.0,3,1
d6dc1ea1-5e75-44d8-92cc-89f71d163fef,68cf86cf-66aa-443c-ae5b-e601c8cc76c7,8be48e12-b424-4e8c-a2cc-b55f56552d0c,2025-01-16T23:03:00,0,0,0,0,1,1,0,1.0,2,2,365.0,23,3,0,1,0,2.0,3,1
320d3b90-2c3a-4b54-93be-f55d17da35d5,18663a26-c010-4e4e-8471-6194347da84d,6795b7ac-0bf3-480b-a326-13822c8add76,2025-01-17T05:23:00,0,0,0,0,1,1,1,1.0,1,1,365.0,5,4,0,1,0,3.0,1,0
3b3055d6-148e-430d-a933-3f50eefecde2,02ab37f8-95ba-4069-b113-066bd5d1f267,6795b7ac-0bf3-480b-a326-13822c8add76,2025-01-17T05:30:00,0,0,1,0,1,0,0,0.0,2,0,249.0,5,4,0,1,0,3.0,1,0
a7527c8b-da5d-48ea-9d53-f3a96d277a39,763f9657-b714-4ebf-a75d-03a0bd961883,6795b7ac-0bf3-480b-a326-13822c8add76,2025-01-17T05:30:00,1,0,1,0,1,1,1,1.0,1,1,614.0,5,4,0,1,0,3.0,1,0
183a5606-f97f-4a6b-b347-91ea282788b6,62758655-2759-47fd-8cfb-18e44d2da35e,6795b7ac-0bf3-480b-a326-13822c8add76,2025-01-17T05:34:00,1,1,1,0,1,1,1,0.0,0,0,63.0,5,4,0,1,0,3.0,1,0
3b864c55-8215-4f19-a8b9-60dc4a07f2eb,6c42715a-7792-4ae5-bd27-72ddeffdf209,6795b7ac-0bf3-480b-a326-13822c8add76,2025-01-17T05:35:00,1,0,1,0,1,1,1,0.0,0,0,56.0,5,4,0,1,0,3.0,1,0
b49e3fa5-96ca-4cc5-b935-cc6853ea2155,63e1e7de-8090-46e0-a921-6add4ddcfef9,52dac84e-c17a-47ff-91f7-01d3e2e3e0e4,2025-01-17T11:50:00,1,0,0,0,1,1,1,0.0,1,0,395.0,11,4,0,0,1,3.0,2,1
d699a14a-7eb1-4713-8bf3-d5c2c4e23884,d74d726f-1a04-4093-9eb1-ae0ea06feb1c,52dac84e-c17a-47ff-91f7-01d3e2e3e0e4,2025-01-17T11:50:00,0,0,1,0,1,0,1,1.0,1,1,365.0,11,4,0,0,1,3.0,2,1
f21e0428-a5a7-445e-91bc-688217ff14a0,430aca8d-ebe3-48e3-8d2f-e1975ad23d8d,52dac84e-c17a-47ff-91f7-01d3e2e3e0e4,2025-01-17T11:52:00,1,0,1,0,0,1,1,1.0,1,1,365.0,11,4,0,0,1,3.0,2,1
010d79a2-018c-47c5-9b51-4caab5c053d0,2fe42234-9f74-4aa2-8d63-a0c3cf398172,52dac84e-c17a-47ff-91f7-01d3e2e3e0e4,2025-01-17T11:55:00,1,0,1,0,0,0,1,1.0,2,2,129.0,11,4,0,0,1,3.0,2,1
72ab4b0e-514f-4458-b2e0-67135c379453,7b16f6d6-0f6b-446d-89fe-87723b0ad83c,52dac84e-c17a-47ff-91f7-01d3e2e3e0e4,2025-01-17T11:55:00,1,1,1,0,1,1,1,0.0,0,0,47.0,11,4,0,0,1,3.0,2,1
b6b073c6-8477-4c38-8b3a-22106d3b6852,c541fa0d-e389-41e3-8fbc-f794813f5148,52dac84e-c17a-47ff-91f7-01d3e2e3e0e4,2025-01-17T11:59:00,1,1,1,0,1,0,1,0.0,0,0,73.0,11,4,0,0,1,3.0,2,1
006a7920-5ce3-4be4-a920-f91f8da6d104,2ca5443d-9c69-4b59-a783-d0c9ad1c7da7,3e067488-4632-417e-88ff-528eeae89a0d,2025-01-17T22:45:00,1,0,1,0,1,1,1,1.0,1,1,46.0,22,4,0,1,0,2.0,1,0
45990893-8283-4d59-8b23-3e92535aacc0,94906dc6-84f5-4e83-97bc-c3f5fdc665d5,3e067488-4632-417e-88ff-528eeae89a0d,2025-01-17T22:48:00,1,1,1,0,1,1,0,0.0,0,0,99.0,22,4,0,1,0,2.0,1,0
c203eede-0a19-4939-bbc7-1a9a1f074703,ba816062-c1ac-43da-97de-4c1216324bb5,3e067488-4632-417e-88ff-528eeae89a0d,2025-01-17T22:51:00,1,0,0,0,1,1,1,0.0,0,0,126.0,22,4,0,1,0,2.0,1,0
4d4dffdf-d8a9-46b9-956c-e279704bb116,e10f8499-9444-4031-828d-33425d7476a6,c35baea7-71eb-4857-8828-883970e030f9,2025-01-17T22:52:00,0,0,0,0,1,0,1,0.6667,3,2,365.0,22,4,0,1,0,4.0,1,0
23275b53-f551-4b1c-a10e-7c70ccffc412,2c3259d5-3a5a-4a64-be43-cedbc92ce0dc,3e067488-4632-417e-88ff-528eeae89a0d,2025-01-17T22:54:00,1,0,1,0,0,0,1,0.0,2,0,235.0,22,4,0,1,0,2.0,1,0
5b5549fb-2483-4e4b-ad0f-018249a9fa5a,0a75681e-3c8c-4c6e-aee4-3ed6e64484f2,3e067488-4632-417e-88ff-528eeae89a0d,2025-01-17T22:54:00,1,0,1,0,1,1,1,0.5,2,1,307.0,22,4,0,1,0,2.0,1,0
88498921-5e9e-409a-b8ef-02873d68f8b0,273ddb7f-7af3-44a5-b945-f6705e9f338f,c35baea7-71eb-4857-8828-883970e030f9,2025-01-17T22:54:00,0,0,0,0,1,1,0,1.0,1,1,132.0,22,4,0,1,0,4.0,1,0
b7bd9b04-27ff-4e20-aa37-14a8d9c884c2,2c3db408-b5ed-488b-889b-94d27474e75e,3e067488-4632-417e-88ff-528eeae89a0d,2025-01-17T22:54:00,0,0,1,0,1,1,1,0.5,2,1,419.0,22,4,0,1,0,2.0,1,0
b4ab4a10-b4a5-445d-8ed9-47802d1dbe20,265b1191-c474-4c10-b744-2accb997520e,c35baea7-71eb-4857-8828-883970e030f9,2025-01-17T22:56:00,0,0,0,0,1,1,1,1.0,1,1,250.0,22,4,0,1,0,4.0,1,0
1830765e-d0f3-4704-bae4-98296404c6e0,abdc90fb-c824-469f-8f0e-8dd72f8f977f,c35baea7-71eb-4857-8828-883970e030f9,2025-01-17T22:58:00,1,0,1,0,0,1,1,0.8,5,4,345.0,22,4,0,1,0,4.0,1,0
558e504a-7f1e-4e42-9677-b858a84e5f0c,eb9471c8-ba19-42a2-94b9-9a533ce84d63,c35baea7-71eb-4857-8828-883970e030f9,2025-01-17T23:02:00,1,0,1,0,1,1,1,0.5,2,1,360.0,23,4,0,1,0,4.0,1,0
647e6ddc-d132-440a-87ba-eb43347fd7ab,c26464e8-28b6-4923-b2ea-5e7dbf4e5c58,c35baea7-71eb-4857-8828-883970e030f9,2025-01-17T23:02:00,1,0,1,0,0,0,1,1.0,1,1,365.0,23,4,0,1,0,4.0,1,0
484db7a8-f3c8-4800-aa6b-571079fe8852,5ed79810-0c9b-4377-870c-58916ee465a7,ea690992-1312-432d-a954-fdcf2ee94423,2025-01-18T03:46:00,1,1,1,0,1,0,1,0.0,0,0,365.0,3,5,1,1,0,3.0,1,1
9db4cca0-e146-4bc7-b581-f935bca52861,7fe949fd-61b1-475a-8c19-580e4b0b98a7,ea690992-1312-432d-a954-fdcf2ee94423,2025-01-18T03:50:00,1,0,0,0,1,1,1,0.0,1,0,115.0,3,5,1,1,0,3.0,1,1
6aa59102-6ecf-4113-80e6-f6cbdbd42a0c,c4407f72-aaa4-45db-935c-f0c2d2f7c518,ea690992-1312-432d-a954-fdcf2ee94423,2025-01-18T03:54:00,0,1,1,0,1,0,1,0.5,2,1,50.0,3,5,1,1,0,3.0,1,1
477a1d2d-1fb3-4df4-88ae-4baf29f6312a,bb55dc49-18c5-486f-aa1d-2aa9a6fac646,5579e34b-4540-4a84-91ea-be51702cfe6c,2025-01-18T05:41:00,0,0,0,0,1,1,1,0.0,0,0,93.0,5,5,1,1,0,1.0,2,1
d4c16a98-8b5a-446a-b3a7-ed4e520663fe,19e65af6-da1e-4052-bf71-1659737f5cc7,5579e34b-4540-4a84-91ea-be51702cfe6c,2025-01-18T05:43:00,1,0,0,0,1,1,1,1.0,1,1,342.0,5,5,1,1,0,1.0,2,1
7c294e96-9d2f-4ff3-92c3-5e57a8542531,6b1ba131-fea8-4018-9f7b-bb75d5846414,5579e34b-4540-4a84-91ea-be51702cfe6c,2025-01-18T05:45:00,0,0,0,0,1,1,1,0.0,0,0,365.0,5,5,1,1,0,1.0,2,1
e8e53aff-0998-42cb-a4c5-90655a008e5d,35a960a1-e1aa-45db-8043-5650f7e73b8c,5579e34b-4540-4a84-91ea-be51702cfe6c,2025-01-18T05:46:00,1,1,1,1,1,0,1,0.0,1,0,50.0,5,5,1,1,0,1.0,2,1
72e23fc6-486c-470d-9468-aab2db3cf37a,fda5fef4-939c-4a0d-864d-c6a11b14bd2a,5579e34b-4540-4a84-91ea-be51702cfe6c,2025-01-18T05:47:00,0,0,0,0,1,1,1,0.0,0,0,465.0,5,5,1,1,0,1.0,2,1
53a2d46b-237c-433e-85d3-d9086856bf95,4adfcc20-75f4-424d-8645-1ab7b11ade80,5579e34b-4540-4a84-91ea-be51702cfe6c,2025-01-18T05:49:00,1,0,0,0,1,1,1,1.0,1,1,121.0,5,5,1,1,0,1.0,2,1
7ee288ca-bc17-4c4a-8f11-851071b5f478,fb360121-72e2-40f7-bcc1-c7c613c988c0,282acc8d-45ec-4654-8099-f1b28b90109d,2025-01-18T12:15:00,1,1,1,0,1,1,1,1.0,1,1,365.0,12,5,1,0,0,2.0,1,1
ac6d9e12-3344-4bb3-aa36-9558c91402ff,cf15cd3c-d017-49b8-af4a-bd4471976dd4,282acc8d-45ec-4654-8099-f1b28b90109d,2025-01-18T12:17:00,1,1,1,0,1,1,1,0.0,0,0,262.0,12,5,1,0,0,2.0,1,1
da8acedb-cba2-4553-bc9e-9b761e3b94f7,e154750f-17df-43f5-8c04-401ee73830f6,282acc8d-45ec-4654-8099-f1b28b90109d,2025-01-18T12:17:00,0,0,0,0,1,1,0,0.0,1,0,82.0,12,5,1,0,0,2.0,1,1
e19b4887-3207-4cbb-85a9-165a368d1107,aa432f38-de85-46c8-ad80-6b3373671c95,282acc8d-45ec-4654-8099-f1b28b90109d,2025-01-18T12:18:00,0,0,0,0,1,0,1,0.6667,3,2,199.0,12,5,1,0,0,2.0,1,1
f4e06a9d-b6af-4491-a36b-98234f1a08aa,4d0e1b54-5e79-4df5-b9bd-bd996b9c9642,46d21057-fe7f-480e-89ec-dc3f88d51a63,2025-01-18T15:53:00,0,0,1,0,1,1,0,0.0,0,0,303.0,15,5,1,0,0,3.0,1,0
f3b99dd2-3ad8-4e9d-b165-f9b3ff827420,6f397cf4-9959-4fad-93f5-e6397f2f273d,46d21057-fe7f-480e-89ec-dc3f88d51a63,2025-01-18T16:02:00,1,0,1,0,1,1,1,1.0,1,1,320.0,16,5,1,0,0,3.0,1,0
4bc08367-3017-4c54-ab36-a1d707491d3e,c4ccc935-dd86-4d48-92ab-3e02bfbbdedd,46d21057-fe7f-480e-89ec-dc3f88d51a63,2025-01-18T16:03:00,0,0,1,0,1,1,1,1.0,2,2,63.0,16,5,1,0,0,3.0,1,0
9838ab56-9438-4647-8306-ceb45a7d6c67,bfe8f73a-9210-4c1c-b628-3cea7b8977ae,46d21057-fe7f-480e-89ec-dc3f88d51a63,2025-01-18T16:03:00,0,1,1,0,1,1,0,0.0,0,0,365.0,16,5,1,0,0,3.0,1,0
3342c07b-dcb4-40aa-8b32-e64aeba4361e,2d8800e7-4323-4d12-918d-a987209ae260,46d21057-fe7f-480e-89ec-dc3f88d51a63,2025-01-18T16:06:00,1,0,1,0,1,1,1,0.5,2,1,57.0,16,5,1,0,0,3.0,1,0
6b7c148e-ec30-42f2-9d14-9d673aa6b966,b822f3f2-bc12-474d-9f5a-b3cef19341f0,4a26dca2-1591-4a99-87b4-ecb3de05b3aa,2025-01-19T01:18:00,0,0,0,0,1,1,1,0.5,2,1,365.0,1,6,1,1,0,3.0,3,0
dd677102-bff9-4ec4-be0e-eed48411f2fc,3e9272f3-ed0f-4e1e-9e75-ffeefc9ff8be,4a26dca2-1591-4a99-87b4-ecb3de05b3aa,2025-01-19T01:18:00,1,1,1,0,1,1,0,0.0,0,0,285.0,1,6,1,1,0,3.0,3,0
430e123b-ea86-43c2-9fb4-246790615bc9,7724d47c-dcf0-4aba-a2e1-ec51d9d4eef2,4a26dca2-1591-4a99-87b4-ecb3de05b3aa,2025-01-19T01:25:00,0,0,1,0,1,1,1,1.0,1,1,320.0,1,6,1,1,0,3.0,3,0
607a8656-844e-4e31-b887-c30635dd0915,40e2e31f-1e2d-4f70-9de8-91ad096fe41a,4a26dca2-1591-4a99-87b4-ecb3de05b3aa,2025-01-19T01:26:00,0,0,0,0,1,1,1,1.0,1,1,65.0,1,6,1,1,0,3.0,3,0
0d39ed6a-f6e9-4c47-80c7-bef3c4981d9e,a1aa727a-9750-4916-9300-dd333ae653cc,4a26dca2-1591-4a99-87b4-ecb3de05b3aa,2025-01-19T01:29:00,1,0,1,0,0,0,0,0.0,0,0,163.0,1,6,1,1,0,3.0,3,0
81d9ae83-9494-428e-91f6-9bc53a08240e,4dbf9849-ac53-4f89-9962-e94bf0dccfbc,b7795b4a-cb12-4e3e-be74-065b016c9c23,2025-01-19T04:17:00,0,0,1,1,1,1,1,1.0,1,1,365.0,4,6,1,1,0,3.0,1,1
d2e73433-e3eb-43b9-9503-3403eb5910f2,53ed2f86-5a3a-4240-86cc-9f9f609bdea0,b7795b4a-cb12-4e3e-be74-065b016c9c23,2025-01-19T04:19:00,1,0,0,0,1,1,0,0.0,0,0,142.0,4,6,1,1,0,3.0,1,1
8fcf706f-b02c-463f-a877-6decc9305686,9a08a817-eaf1-4182-9eb1-290121129ead,845e8c0d-ddcc-4b09-b2b3-e7deca2b9340,2025-01-19T04:55:00,0,1,1,0,1,1,1,1.0,1,1,365.0,4,6,1,1,0,1.0,1,1
4b3629da-421d-412c-b37c-d5bf141870ab,cc255119-86e4-43ad-b1f0-6c24ac17d920,845e8c0d-ddcc-4b09-b2b3-e7deca2b9340,2025-01-19T04:57:00,1,0,0,0,1,1,1,1.0,1,1,365.0,4,6,1,1,0,1.0,1,1
1717ad54-bdab-4691-a4cf-1d8d2f464f3a,8342ece1-dc13-431d-b735-f045953e170d,845e8c0d-ddcc-4b09-b2b3-e7deca2b9340,2025-01-19T04:59:00,0,0,0,0,1,1,0,0.0,1,0,85.0,4,6,1,1,0,1.0,1,1
39deb700-99d1-4449-9238-766a0fc04217,a12f0067-a0a7-4294-ae23-d9759cd6beb6,845e8c0d-ddcc-4b09-b2b3-e7deca2b9340,2025-01-19T04:59:00,1,0,0,0,1,1,1,0.0,0,0,102.0,4,6,1,1,0,1.0,1,1
0b50c12b-9a7d-4912-b693-bcae642e226e,a77bcc83-4a3d-492d-bcd8-592aba88fc9d,845e8c0d-ddcc-4b09-b2b3-e7deca2b9340,2025-01-19T05:04:00,0,0,0,0,1,0,1,0.0,0,0,61.0,5,6,1,1,0,1.0,1,1
4be8b335-34e2-4ed2-9387-52327ddad60b,8149a5a0-b1e9-4bb0-a980-b7f5bdcb02a4,845e8c0d-ddcc-4b09-b2b3-e7deca2b9340,2025-01-19T05:04:00,0,0,0,0,1,1,1,0.0,0,0,63.0,5,6,1,1,0,1.0,1,1
57e84985-f78c-4494-a4b9-41561f0b0298,763f9657-b714-4ebf-a75d-03a0bd961883,9ceb093d-cc06-49ad-8e96-3e1bbf3826bc,2025-01-19T08:29:00,1,1,1,0,1,1,1,1.0,2,2,616.0,8,6,1,0,0,1.0,0,1
c25c7677-df6d-4027-ba87-ba278c695c9f,5ed79810-0c9b-4377-870c-58916ee465a7,9ceb093d-cc06-49ad-8e96-3e1bbf3826bc,2025-01-19T08:34:00,0,0,0,0,1,0,1,1.0,1,1,365.0,8,6,1,0,0,1.0,0,1
62939d5a-a04d-466d-a42c-4361af8bc694,664b1167-88df-4fdd-afcb-3e9296fb4ad6,9ceb093d-cc06-49ad-8e96-3e1bbf3826bc,2025-01-19T08:41:00,1,0,0,0,1,1,1,1.0,2,2,145.0,8,6,1,0,0,1.0,0,1
ca6e70fe-893c-460d-9e1f-acf3933d4bab,2f38acd6-86c3-4ffd-b869-1117ac2e0be7,9ceb093d-cc06-49ad-8e96-3e1bbf3826bc,2025-01-19T08:42:00,0,0,0,0,1,1,0,0.0,1,0,365.0,8,6,1,0,0,1.0,0,1
eb08b8bf-c4ed-4309-a7be-03267ee330e8,d00a6ed9-0c78-4d11-8599-3f98cf750bc5,9eab9967-d909-4a77-8792-0aaf89f45cc7,2025-01-19T14:34:00,1,0,0,0,1,1,1,0.5,2,1,313.0,14,6,1,0,0,4.0,3,1
9178e8cd-cf76-47b3-bffc-be019e9386b5,7b16f6d6-0f6b-446d-89fe-87723b0ad83c,9eab9967-d909-4a77-8792-0aaf89f45cc7,2025-01-19T14:39:00,1,0,0,0,1,1,1,1.0,1,1,49.0,14,6,1,0,0,4.0,3,1
78dd1a69-c221-42e7-bf7b-629869dc9006,5a9cd770-f74a-4cdd-87d0-646aa0e13b89,aa7c4285-f161-45ba-a222-a42bcaff187c,2025-01-19T15:41:00,0,0,0,0,1,1,1,0.3333,3,1,172.0,15,6,1,0,0,2.0,1,0
94caf2ec-9d94-4844-b04b-7a3982b62202,4b4303f9-d680-4320-80ac-0fc7377998df,aa7c4285-f161-45ba-a222-a42bcaff187c,2025-01-19T15:41:00,1,0,0,0,1,1,1,1.0,1,1,130.0,15,6,1,0,0,2.0,1,0
9d39a699-1f9f-4e73-945c-11617d383f53,7689a61a-5823-4dd9-8e3c-29c2d4415219,aa7c4285-f161-45ba-a222-a42bcaff187c,2025-01-19T15:41:00,1,0,0,0,1,1,0,1.0,1,1,365.0,15,6,1,0,0,2.0,1,0
17d39dc9-860c-4f88-b2ae-677c8b29d401,b0102217-6663-410d-8e4b-e802cddf4baa,aa7c4285-f161-45ba-a222-a42bcaff187c,2025-01-19T15:47:00,1,0,0,0,1,1,1,0.0,0,0,75.0,15,6,1,0,0,2.0,1,0
c9fa618a-3604-4ff9-99b3-ec46d51071f3,309497b0-41ad-483a-a10a-7040ec34710d,aa7c4285-f161-45ba-a222-a42bcaff187c,2025-01-19T15:47:00,0,0,0,0,1,1,0,0.0,1,0,158.0,15,6,1,0,0,2.0,1,0
386a25e5-8c51-47f9-af5d-86e19db7d16c,5d834b3d-0d58-4d16-bdc4-32869531ea10,da2dc206-692c-4060-83da-50e21cc73986,2025-01-19T18:44:00,1,0,0,0,1,1,1,1.0,1,1,64.0,18,6,1,0,0,2.0,3,1
b2477333-c647-49bc-93c3-4eed672f68ab,8149a5a0-b1e9-4bb0-a980-b7f5bdcb02a4,da2dc206-692c-4060-83da-50e21cc73986,2025-01-19T18:44:00,1,0,0,0,1,1,1,0.0,1,0,63.0,18,6,1,0,0,2.0,3,1
f61e534b-427e-417e-a361-663264da0dc9,977055e7-58dc-4d79-b576-2feb17172418,da2dc206-692c-4060-83da-50e21cc73986,2025-01-19T18:49:00,1,1,1,0,1,1,0,0.5,2,1,170.0,18,6,1,0,0,2.0,3,1
55246573-792b-4305-a48c-613d787f53d0,a88bf6b5-168a-42ee-bea7-b40defa21e24,da2dc206-692c-4060-83da-50e21cc73986,2025-01-19T18:52:00,1,0,0,0,1,1,1,1.0,2,2,56.0,18,6,1,0,0,2.0,3,1
40110667-b672-46c6-b3ac-07ad94e0e116,42ea4e92-f7aa-4bae-ab07-f79963ba71a1,da2dc206-692c-4060-83da-50e21cc73986,2025-01-19T18:57:00,1,0,0,0,0,1,1,1.0,1,1,231.0,18,6,1,0,0,2.0,3,1
27c3a66b-a7b3-4eba-8cd2-f52d77c34b4a,bd48baab-9e75-48be-85b5-d5b192d7bba9,62c84298-10f3-451b-b527-19de42c1d0c3,2025-01-19T22:21:00,0,1,1,0,1,0,1,0.0,0,0,60.0,22,6,1,1,0,3.0,2,0
711f6d02-8c80-4e44-a603-1c55be452a66,265b1191-c474-4c10-b744-2accb997520e,62c84298-10f3-451b-b527-19de42c1d0c3,2025-01-19T22:32:00,1,0,0,0,1,1,1,0.5,2,1,252.0,22,6,1,1,0,3.0,2,0
a82767b2-e726-4128-be71-ecc50ff71810,a9048c9b-4ff2-49a2-8387-544ccfc02e0e,62c84298-10f3-451b-b527-19de42c1d0c3,2025-01-19T22:32:00,1,1,1,0,1,1,0,1.0,1,1,423.0,22,6,1,1,0,3.0,2,0
146fa012-7d52-49f7-9b61-6ab9946f683d,a1bc2676-aad3-49f3-9131-e812c904d689,6d3c240a-f6a9-4de2-a49c-e63480d9d129,2025-01-19T23:55:00,1,1,1,0,0,1,1,0.0,0,0,305.0,23,6,1,1,0,3.0,2,1
4d38cfcb-8740-4957-ac28-da2d9d9709b5,b31f3223-35d1-446c-9991-79665d0b1ef3,6d3c240a-f6a9-4de2-a49c-e63480d9d129,2025-01-19T23:57:00,0,0,1,0,1,1,1,1.0,2,2,75.0,23,6,1,1,0,3.0,2,1
e2523002-1b3f-42f2-958c-ccbecf12e2c5,4d73646f-823d-4c1b-9fe9-150b22e01890,6d3c240a-f6a9-4de2-a49c-e63480d9d129,2025-01-19T23:58:00,1,0,1,0,1,1,0,0.0,0,0,365.0,23,6,1,1,0,3.0,2,1
2e3b0400-9c10-43ac-89f4-1a7c91ac2f4f,0163ca09-1636-4809-8246-282d82afd3a3,6d3c240a-f6a9-4de2-a49c-e63480d9d129,2025-01-20T00:00:00,0,0,1,0,0,0,0,0.0,1,0,184.0,0,0,0,1,0,3.0,2,1
87e8ea96-6c4a-4fb3-b406-7e76d7806aea,8d54dd37-108d-4ec9-87e8-552d73629a00,6d3c240a-f6a9-4de2-a49c-e63480d9d129,2025-01-20T00:02:00,1,1,1,0,1,1,0,1.0,1,1,311.0,0,0,0,1,0,3.0,2,1
eabd170b-c2dc-49be-8031-1fea88c87688,ff447bf1-e688-4eb7-ba18-cdcef5b86e01,6d3c240a-f6a9-4de2-a49c-e63480d9d129,2025-01-20T00:04:00,1,0,1,0,1,1,1,1.0,1,1,181.0,0,0,0,1,0,3.0,2,1
4dab8bd0-a1b2-4d19-b1d8-4c9716fe9c00,3eeabab8-191e-4745-993a-32c183d79d3c,b48b0446-4d5c-41d9-9823-cdf30e1fc909,2025-01-20T03:14:00,1,1,1,0,1,1,1,0.0,0,0,365.0,3,0,0,1,0,4.0,3,1
445337ce-489b-4edf-9580-eaabafbbc91c,c9e3038e-7436-4df3-9f2a-fc2746763273,b48b0446-4d5c-41d9-9823-cdf30e1fc909,2025-01-20T03:17:00,0,0,0,0,0,1,1,0.0,0,0,180.0,3,0,0,1,0,4.0,3,1
4a8ef158-6816-4541-96ce-f11379bd132b,6c25e2ff-8bc0-4abc-a978-052ba5e4650a,b48b0446-4d5c-41d9-9823-cdf30e1fc909,2025-01-20T03:17:00,1,1,1,0,1,1,1,1.0,3,3,126.0,3,0,0,1,0,4.0,3,1
0de82119-a267-4af1-b60d-a5f87055fc7a,eda6ff35-1d22-4a35-b25d-3279ba02175c,6f7c85c2-8580-4fd6-b976-a6e466a3e6aa,2025-01-20T05:23:00,0,0,0,0,1,1,0,0.0,1,0,53.0,5,0,0,1,0,2.0,2,1
19868055-8755-4c77-800f-293bd6c674ca,d9bd2841-036c-4f1f-91b6-419ea0458f8e,6f7c85c2-8580-4fd6-b976-a6e466a3e6aa,2025-01-20T05:24:00,1,0,0,0,1,1,0,1.0,2,2,128.0,5,0,0,1,0,2.0,2,1
6fe24273-8e46-4507-b894-c0fd851ba045,2c3db408-b5ed-488b-889b-94d27474e75e,6f7c85c2-8580-4fd6-b976-a6e466a3e6aa,2025-01-20T05:36:00,1,0,1,0,1,1,1,0.3333,3,1,422.0,5,0,0,1,0,2.0,2,1
06535a63-cc13-41f5-950c-6dd5525f89be,3e6e3033-9a9c-4988-9e45-362e43ee98e6,7ec9af97-a93c-41b8-8238-65c8155cddeb,2025-01-20T06:04:00,1,0,1,1,1,1,1,1.0,2,2,616.0,6,0,0,0,0,6.0,1,1
3403dafc-e521-44b7-a506-62a95cfca96d,11955be9-03b2-4274-9002-7a2a5ae499a8,7ec9af97-a93c-41b8-8238-65c8155cddeb,2025-01-20T06:04:00,1,0,0,0,1,0,0,0.0,1,0,365.0,6,0,0,0,0,6.0,1,1
ca8e5322-69b9-4877-bdb6-5fdab3a43bb4,f3cd1be3-bc16-4a73-961d-f832dfb5f084,7ec9af97-a93c-41b8-8238-65c8155cddeb,2025-01-20T06:04:00,1,0,0,0,1,1,0,1.0,1,1,68.0,6,0,0,0,0,6.0,1,1
ef5abf1e-9288-4684-8932-1759f3156f5d,19e65af6-da1e-4052-bf71-1659737f5cc7,7ec9af97-a93c-41b8-8238-65c8155cddeb,2025-01-20T06:08:00,1,0,0,0,1,1,1,1.0,2,2,344.0,6,0,0,0,0,6.0,1,1
c1be275c-ac7c-4401-89fa-2ee0ff87a324,96b33493-7f4b-4752-a880-e07a1deccfc8,7ec9af97-a93c-41b8-8238-65c8155cddeb,2025-01-20T06:11:00,1,0,0,0,1,1,0,0.0,0,0,78.0,6,0,0,0,0,6.0,1,1
a52da7db-88fc-44ef-8893-dd9673bd1d72,2e3af94c-8ff5-4a35-ac8a-571d4fa070d4,7ec9af97-a93c-41b8-8238-65c8155cddeb,2025-01-20T06:17:00,1,0,0,0,1,1,1,0.3333,3,1,365.0,6,0,0,0,0,6.0,1,1
bf351def-f5e5-43dd-b234-72a6a59a14ab,199debac-e563-46ab-8829-e7e1973cebc1,19194959-b220-4e59-a651-e444da9a3743,2025-01-20T10:34:00,1,0,0,0,0,1,1,0.0,0,0,327.0,10,0,0,0,1,4.0,1,0
41c2292b-3c23-4187-8e11-5da5ea8482f2,5a9cd770-f74a-4cdd-87d0-646aa0e13b89,19194959-b220-4e59-a651-e444da9a3743,2025-01-20T10:35:00,1,0,0,0,1,1,1,0.25,4,1,173.0,10,0,0,0,1,4.0,1,0
8241afd0-618a-477e-8a31-81ab90a3c714,d6f6800e-5c63-432b-93d2-8d7c32142867,73dfd414-49b3-45b3-b151-9d7e4407f263,2025-01-20T12:41:00,0,0,1,0,0,1,0,0.0,0,0,365.0,12,0,0,0,1,6.0,3,0
462479b7-bd55-4ce4-bd33-696c7626988d,8a40fb38-7cf4-468d-954f-bebd5270f111,73dfd414-49b3-45b3-b151-9d7e4407f263,2025-01-20T12:44:00,1,0,1,0,0,1,1,0.0,0,0,165.0,12,0,0,0,1,6.0,3,0
ce293042-3c32-4723-ad6b-5614ae521a55,6c5114ec-b8e2-4c74-8e20-93ded422c3b1,73dfd414-49b3-45b3-b151-9d7e4407f263,2025-01-20T12:44:00,0,0,1,0,1,0,0,1.0,1,1,60.0,12,0,0,0,1,6.0,3,0
f3ea10aa-755d-47df-a1b2-a170520b08a5,6b1ba131-fea8-4018-9f7b-bb75d5846414,73dfd414-49b3-45b3-b151-9d7e4407f263,2025-01-20T12:45:00,0,0,1,0,1,1,1,0.0,1,0,365.0,12,0,0,0,1,6.0,3,0
30c39fa0-bee1-4cfd-a26a-16208da93e33,dc3945d5-6321-4ff3-a949-9cc365303d45,73dfd414-49b3-45b3-b151-9d7e4407f263,2025-01-20T12:50:00,1,0,1,0,1,0,1,0.6667,3,2,85.0,12,0,0,0,1,6.0,3,0
0936824d-9532-4dc1-92b0-10690c4c1acc,86adaeeb-d381-4c0f-87c8-ba59ce1cad28,1a78cfbd-1cda-4e52-8e48-140e2d474a12,2025-01-20T13:51:00,1,1,1,0,1,1,1,1.0,1,1,353.0,13,0,0,0,1,6.0,2,0
6d1fed1f-2954-489e-bb3e-4eb8a9ec8fab,80faa51d-a2ac-468a-a4b0-b1c148fd10fe,1a78cfbd-1cda-4e52-8e48-140e2d474a12,2025-01-20T13:51:00,1,0,0,0,1,1,1,0.0,1,0,121.0,13,0,0,0,1,6.0,2,0
a9b56155-e8b5-426b-8067-fe2ea6f8e924,40e2e31f-1e2d-4f70-9de8-91ad096fe41a,1a78cfbd-1cda-4e52-8e48-140e2d474a12,2025-01-20T13:55:00,1,0,0,0,1,1,1,0.5,2,1,66.0,13,0,0,0,1,6.0,2,0
730f9f9b-2a46-4ffd-ae71-65049893aba4,18663a26-c010-4e4e-8471-6194347da84d,1a78cfbd-1cda-4e52-8e48-140e2d474a12,2025-01-20T13:58:00,1,0,0,0,1,1,1,0.5,2,1,365.0,13,0,0,0,1,6.0,2,0
e0d471c5-4185-4dd8-a408-df717afaa320,445beb91-c8f4-47ed-b5c7-e8a70759c76b,1a78cfbd-1cda-4e52-8e48-140e2d474a12,2025-01-20T13:58:00,1,0,0,0,1,1,1,1.0,2,2,78.0,13,0,0,0,1,6.0,2,0
babf94fb-b645-4baf-81e4-7cac1d75b87a,cd532bc0-2367-446e-8e57-68c7cd6101f6,1a78cfbd-1cda-4e52-8e48-140e2d474a12,2025-01-20T14:01:00,1,1,1,0,1,1,1,0.0,0,0,256.0,14,0,0,0,1,6.0,2,0
f3a5dd60-435d-41f6-b349-b4aa00af9582,2ef47c0b-e8fe-448b-93ff-36c85588d2fd,61667367-bc2d-4040-b070-ff145ed9b85c,2025-01-20T15:30:00,1,0,1,0,1,1,1,1.0,1,1,162.0,15,0,0,0,1,2.0,3,1
156bdc4a-2756-486b-bbed-1c17bf031534,c4a4b614-90de-4794-a555-76f6159de789,61667367-bc2d-4040-b070-ff145ed9b85c,2025-01-20T15:34:00,1,0,1,0,1,1,1,1.0,1,1,184.0,15,0,0,0,1,2.0,3,1
397a6e7e-fd53-4ed8-8817-2c40ff794063,543b149c-d59c-49f5-bb4f-e6ac6bd72dd3,93e6ba20-94a8-48e6-80dd-b3ff39f0dcfc,2025-01-20T15:35:00,1,0,1,0,1,0,1,1.0,1,1,105.0,15,0,0,0,1,2.0,2,1
daf24bb7-75ce-4d4d-b374-ac440b1fb33d,927dc24f-3e95-4ab2-a387-73907d3af8e7,61667367-bc2d-4040-b070-ff145ed9b85c,2025-01-20T15:38:00,1,0,0,0,1,1,1,0.0,0,0,67.0,15,0,0,0,1,2.0,3,1
a23713ca-b79a-4360-a603-f38122e93c0e,0bd74d79-c6ed-4e86-a612-e698b486ec29,93e6ba20-94a8-48e6-80dd-b3ff39f0dcfc,2025-01-20T15:41:00,1,0,1,0,1,1,1,1.0,1,1,421.0,15,0,0,0,1,2.0,2,1
abeaf8af-6bdf-408d-a909-5d7bece7898d,346ece9f-9eed-4c58-95d7-1c3e38d7cceb,93e6ba20-94a8-48e6-80dd-b3ff39f0dcfc,2025-01-20T15:43:00,1,1,1,0,1,1,1,0.0,0,0,365.0,15,0,0,0,1,2.0,2,1
4e558506-9884-4846-83a5-d24dfbbfaa06,ea9269ef-352d-4ec8-93a1-f6e436740b10,b745fec5-a4e0-4cf8-9e0f-dc585ba922ef,2025-01-20T17:26:00,1,0,1,0,0,0,0,0.0,0,0,365.0,17,0,0,0,1,4.0,1,0
dca6bf08-8548-41ea-8db4-b0ba34058ef7,d6f6800e-5c63-432b-93d2-8d7c32142867,b745fec5-a4e0-4cf8-9e0f-dc585ba922ef,2025-01-20T17:29:00,0,0,1,0,0,1,0,0.0,1,0,365.0,17,0,0,0,1,4.0,1,0
02f38b98-ae45-4d2a-85ca-942130a22112,3fe93771-22fd-4ee6-a769-9f85123cf7bb,b745fec5-a4e0-4cf8-9e0f-dc585ba922ef,2025-01-20T17:30:00,1,0,1,0,1,1,1,1.0,1,1,365.0,17,0,0,0,1,4.0,1,0
132ed394-b0b3-4197-a49a-704bf85ba1da,82f273c1-a6d9-473e-b339-93f7a0379a64,b745fec5-a4e0-4cf8-9e0f-dc585ba922ef,2025-01-20T17:35:00,1,1,1,0,1,1,1,1.0,1,1,97.0,17,0,0,0,1,4.0,1,0
f8ef8bc8-5bc8-47fa-a59c-2f8b20cda199,a88bf6b5-168a-42ee-bea7-b40defa21e24,5800ace3-1d66-4cc1-8daa-4ed53a7ab0b9,2025-01-20T18:54:00,1,0,1,0,1,1,1,1.0,3,3,57.0,18,0,0,0,0,2.0,2,1
a95a9874-16d4-4b7d-826c-6cade5bbc770,b649daf0-45a0-4879-bceb-08f29bf19ce2,5800ace3-1d66-4cc1-8daa-4ed53a7ab0b9,2025-01-20T18:55:00,1,0,1,0,1,1,1,1.0,1,1,219.0,18,0,0,0,0,2.0,2,1
5ab8af03-5b51-446c-96c8-2dd1fa14a5ed,b16f7848-a2a4-4c2c-8a3b-0bf76ecdf857,5800ace3-1d66-4cc1-8daa-4ed53a7ab0b9,2025-01-20T18:57:00,1,0,1,0,0,1,1,1.0,1,1,365.0,18,0,0,0,0,2.0,2,1
b8a2d421-5022-4b8d-90a7-ce27f898768a,85b594e8-d460-4e0d-bd65-07df78f69665,5800ace3-1d66-4cc1-8daa-4ed53a7ab0b9,2025-01-20T18:58:00,0,0,1,0,1,1,0,0.0,1,0,66.0,18,0,0,0,0,2.0,2,1
7572afdb-e405-461e-8325-35f2824226cd,ba816062-c1ac-43da-97de-4c1216324bb5,41faf206-54af-449b-9745-8ac9bbb3343b,2025-01-21T00:53:00,1,0,0,0,1,1,1,1.0,1,1,130.0,0,1,0,1,0,2.0,2,0
4e2ed164-6983-4b36-af6d-041eb2003a19,27f63174-92e0-4ec5-a8d6-df307aa20f3b,41faf206-54af-449b-9745-8ac9bbb3343b,2025-01-21T00:59:00,1,1,1,0,1,1,1,1.0,1,1,365.0,0,1,0,1,0,2.0,2,0
f88de5e0-c007-4a9d-80e0-efc43a570e56,5b144804-32b7-4e82-9f3c-1b20f6f52721,41faf206-54af-449b-9745-8ac9bbb3343b,2025-01-21T01:01:00,1,1,1,0,1,1,1,1.0,1,1,59.0,1,1,0,1,0,2.0,2,0
7ef044c2-2415-4a9a-817f-39f0280e5884,4e738475-88e6-4df8-90b2-45dacfb7c6e2,1415d48b-d081-4e41-ad85-a42e9d5dc907,2025-01-21T02:18:00,1,0,1,0,1,1,1,0.0,0,0,365.0,2,1,0,1,0,4.0,3,0
82bb81f7-b083-43ec-8264-4d1d31dada6e,82fb79bc-bd6e-47a9-a67a-99fac9655589,1415d48b-d081-4e41-ad85-a42e9d5dc907,2025-01-21T02:22:00,1,0,1,0,1,1,1,1.0,1,1,365.0,2,1,0,1,0,4.0,3,0
12213ebe-6445-495d-9839-37d3a228bb92,bd48baab-9e75-48be-85b5-d5b192d7bba9,1415d48b-d081-4e41-ad85-a42e9d5dc907,2025-01-21T02:28:00,1,0,1,0,1,0,1,0.0,1,0,62.0,2,1,0,1,0,4.0,3,0
91a93c50-4d12-49d5-a968-f525b08dc9b9,7368f039-3b92-4ed6-9281-8a546afbbd0c,4db5ff99-b5ec-42a8-a2af-6eb4f0d3f629,2025-01-21T04:31:00,0,0,0,0,1,1,1,1.0,2,2,57.0,4,1,0,1,0,6.0,2,1
eb430b40-8bf4-4c50-a7e6-e31d09340100,89351c19-fb07-4021-8981-38f3a660e1f1,4db5ff99-b5ec-42a8-a2af-6eb4f0d3f629,2025-01-21T04:33:00,1,1,1,0,1,0,1,0.0,0,0,51.0,4,1,0,1,0,6.0,2,1
aac13da6-c75a-4cd0-9ec2-c06c6f218c59,468555a1-384e-4985-9c39-f4333176e51f,4db5ff99-b5ec-42a8-a2af-6eb4f0d3f629,2025-01-21T04:37:00,1,1,1,0,1,1,1,1.0,1,1,112.0,4,1,0,1,0,6.0,2,1
ba540222-674e-4bab-a74b-7f3f27263d94,979e4feb-883b-4b84-a316-add5625c20c0,4db5ff99-b5ec-42a8-a2af-6eb4f0d3f629,2025-01-21T04:37:00,1,0,1,0,1,1,1,0.0,0,0,59.0,4,1,0,1,0,6.0,2,1
ea0aa02f-2058-47d5-a330-de536f08f1a5,78b96bf4-a937-44e7-9a3a-544dd63de549,4db5ff99-b5ec-42a8-a2af-6eb4f0d3f629,2025-01-21T04:42:00,0,0,0,0,1,1,0,0.0,1,0,163.0,4,1,0,1,0,6.0,2,1
df2c59ac-17ce-45e8-8877-39b9a75abbff,75455c5a-fc28-4e12-ab1d-c5bf91975e07,4db5ff99-b5ec-42a8-a2af-6eb4f0d3f629,2025-01-21T04:43:00,1,0,1,0,1,1,1,0.0,0,0,122.0,4,1,0,1,0,6.0,2,1
81a5a0cb-fc34-4895-8f9f-8d4e7bbc8e0b,1ee3aa44-6749-4c32-9bfe-c3306275fe48,4f196bf5-c048-47f6-83bb-290710995f0e,2025-01-21T05:14:00,1,1,1,0,1,1,1,1.0,2,2,101.0,5,1,0,1,0,2.0,1,1
64430952-1d16-4fa2-ab74-d8229b426526,1b1c6a4c-9521-43d0-af56-40e628a2cb1d,4f196bf5-c048-47f6-83bb-290710995f0e,2025-01-21T05:26:00,1,0,0,0,1,1,1,0.0,1,0,247.0,5,1,0,1,0,2.0,1,1
bd36b75a-be83-4f44-93fa-a0b69f1e7ff2,b822f3f2-bc12-474d-9f5a-b3cef19341f0,84d91aab-7dd9-43cb-a8b3-441728230696,2025-01-21T14:49:00,1,0,0,0,1,1,1,0.3333,3,1,365.0,14,1,0,0,1,2.0,1,1
1df64b64-9cb6-498c-9548-a11c24df6916,5805c9e4-e8a0-4c33-9ca3-70004d94c948,84d91aab-7dd9-43cb-a8b3-441728230696,2025-01-21T14:58:00,1,1,1,0,1,1,1,0.0,0,0,237.0,14,1,0,0,1,2.0,1,1
9120d095-2796-4b3a-8d71-3851c682ec47,54d5caa7-5a58-4175-a139-ece2d4e285d1,84d91aab-7dd9-43cb-a8b3-441728230696,2025-01-21T14:58:00,0,0,0,0,0,1,1,1.0,2,2,114.0,14,1,0,0,1,2.0,1,1
8cb16e82-ec1a-4901-8acd-5bce12fb8cdf,5a1a919b-115a-40fc-ad8a-b6ffd35a23eb,84d91aab-7dd9-43cb-a8b3-441728230696,2025-01-21T14:59:00,1,0,0,0,1,1,1,0.0,1,0,382.0,14,1,0,0,1,2.0,1,1
41fc5a4e-3009-40d9-bc14-34909e95a99a,72d80153-ab97-4442-b132-ccdf469ad157,84d91aab-7dd9-43cb-a8b3-441728230696,2025-01-21T15:00:00,1,1,1,0,0,1,1,0.0,1,0,111.0,15,1,0,0,1,2.0,1,1
a8299f86-05d8-4154-8ba3-2ef65e1d1692,18663a26-c010-4e4e-8471-6194347da84d,d66fb0b4-2847-48f3-8d39-1ba5fa060291,2025-01-21T17:16:00,1,0,0,0,1,1,1,0.6667,3,2,365.0,17,1,0,0,1,2.0,1,1
40841a8f-ea41-4289-a064-47399ecdd10a,1693939d-11cb-4a60-bfb6-8f2fec00eb4f,d66fb0b4-2847-48f3-8d39-1ba5fa060291,2025-01-21T17:18:00,1,0,1,0,1,1,1,0.0,0,0,129.0,17,1,0,0,1,2.0,1,1
2d641d92-b806-4792-900e-7cad5a971d2f,97dbbf0c-d2b5-452c-b22a-e11e30701e99,d66fb0b4-2847-48f3-8d39-1ba5fa060291,2025-01-21T17:25:00,1,0,1,1,0,0,1,0.0,1,0,158.0,17,1,0,0,1,2.0,1,1
e5c99b8c-8430-4373-ba9f-2bf017de42ab,7689a61a-5823-4dd9-8e3c-29c2d4415219,6c29f4de-216d-41de-8164-2776bd50c950,2025-01-21T21:24:00,1,0,1,0,1,1,0,1.0,2,2,365.0,21,1,0,0,0,3.0,3,0
130bc557-ceef-4158-8087-8c5a045d0579,02fee361-2aed-4d3b-a7f5-6649d00e35ff,6c29f4de-216d-41de-8164-2776bd50c950,2025-01-21T21:25:00,1,0,1,1,1,1,0,0.0,0,0,228.0,21,1,0,0,0,3.0,3,0
4806c9a7-23d2-459a-a778-9cd2e04cb639,74de697e-ecd0-4975-8057-f21088a888b4,6c29f4de-216d-41de-8164-2776bd50c950,2025-01-21T21:31:00,1,0,1,1,1,1,0,0.3333,3,1,365.0,21,1,0,0,0,3.0,3,0
3fe9c598-eea9-4852-8b2f-d87b7086b554,265b1191-c474-4c10-b744-2accb997520e,6c29f4de-216d-41de-8164-2776bd50c950,2025-01-21T21:32:00,1,0,0,0,1,1,1,0.6667,3,2,254.0,21,1,0,0,0,3.0,3,0
2e6b59ca-e058-48e9-8e32-738fce90e5bc,7724d47c-dcf0-4aba-a2e1-ec51d9d4eef2,08b6fddc-55f7-41c6-b10c-b025024ad98a,2025-01-22T02:35:00,1,0,0,0,1,1,1,0.5,2,1,323.0,2,2,0,1,0,4.0,2,0
b74c1915-bc61-4ffa-bd0e-fe06bac2f1b5,1b1c6a4c-9521-43d0-af56-40e628a2cb1d,08b6fddc-55f7-41c6-b10c-b025024ad98a,2025-01-22T02:38:00,1,0,0,0,1,1,1,0.5,2,1,248.0,2,2,0,1,0,4.0,2,0
caf63d1c-a432-4105-8705-36204e70b51e,985ab403-ddfd-47f6-9b98-9ce2f7dcd16e,08b6fddc-55f7-41c6-b10c-b025024ad98a,2025-01-22T02:41:00,1,1,1,1,1,1,0,1.0,1,1,134.0,2,2,0,1,0,4.0,2,0
819db662-ce1e-4151-895c-794554a6a2ec,cd36ff59-5ea4-42e6-93c5-5e86da3a1bf9,3720eb77-2481-48b9-a9d4-69a31cefd0dd,2025-01-22T05:57:00,1,1,1,0,1,0,1,1.0,2,2,365.0,5,2,0,1,0,2.0,2,1
4f1b63e3-086b-4686-a830-fdf097c260ab,ba654c1d-96a2-4ce2-96bf-a37bb05c6b58,3720eb77-2481-48b9-a9d4-69a31cefd0dd,2025-01-22T06:05:00,0,0,0,0,1,0,0,1.0,1,1,365.0,6,2,0,0,0,2.0,2,1
e9f21b13-09d9-408a-babe-aa901790f922,1e051bc4-2ef6-4736-b427-d4e81bbdd5d3,3720eb77-2481-48b9-a9d4-69a31cefd0dd,2025-01-22T06:06:00,0,0,0,0,1,1,0,1.0,1,1,79.0,6,2,0,0,0,2.0,2,1
63706111-01e0-40a0-af8e-74ac9fb60802,eeafa879-969e-4fb1-b5cc-4bb4d3216e00,21e108b0-d130-4984-b32e-f4fc8f5e53bc,2025-01-22T13:32:00,1,0,0,0,1,1,1,1.0,1,1,166.0,13,2,0,0,1,2.0,3,0
8ddd6895-d047-4814-aa1a-39d2b40945f6,d239a4ec-9007-41bc-a9af-3ceae895f0c0,75925094-dd33-4eee-8835-3ba69a9ef55e,2025-01-22T13:36:00,1,0,0,0,1,1,1,0.0,1,0,61.0,13,2,0,0,1,1.0,3,1
b5796a96-60cb-47af-b4c8-0c68fbe529bc,56cb3f18-5215-48ce-a5e3-0cd1a2498d02,21e108b0-d130-4984-b32e-f4fc8f5e53bc,2025-01-22T13:44:00,1,0,0,0,1,1,1,1.0,3,3,51.0,13,2,0,0,1,2.0,3,0
d325ed21-0e0f-4f7d-9f54-9debbeb73dfd,cd36ff59-5ea4-42e6-93c5-5e86da3a1bf9,75925094-dd33-4eee-8835-3ba69a9ef55e,2025-01-22T13:44:00,1,1,1,0,1,0,1,1.0,3,3,365.0,13,2,0,0,1,1.0,3,1
51209339-a2a6-47d1-9d78-241b9ce0a9aa,f7f1655c-f8c2-4296-91c4-9f8f570ad765,9fce1c95-650f-47dd-b5bf-e1ed778c3476,2025-01-22T14:21:00,1,1,1,0,1,1,1,0.0,0,0,56.0,14,2,0,0,1,4.0,2,0
7301d243-aafd-4098-ac98-e7710c62d694,c2d25642-919c-4075-a54a-aedcf9642a56,9fce1c95-650f-47dd-b5bf-e1ed778c3476,2025-01-22T14:24:00,1,1,1,0,1,1,0,0.0,2,0,211.0,14,2,0,0,1,4.0,2,0
f3377a38-5365-49d1-9260-ee19249c7f28,6982ca50-e7c0-467d-8a70-8533e3077bd9,9fce1c95-650f-47dd-b5bf-e1ed778c3476,2025-01-22T14:28:00,1,0,1,0,1,1,1,0.0,0,0,365.0,14,2,0,0,1,4.0,2,0
a45e20d6-4b5b-4397-9ab7-bea275e32807,edf481eb-bab0-46c2-a7e6-67b59a510550,9fce1c95-650f-47dd-b5bf-e1ed778c3476,2025-01-22T14:31:00,1,0,1,0,1,1,1,1.0,1,1,192.0,14,2,0,0,1,4.0,2,0
7aea1d0c-a51a-4ba3-9564-c6dc67890b71,8465564b-f0a3-4480-b044-c0a4cf6d01a0,e686bf9f-04c9-4e02-bf68-4d34c7892d24,2025-01-22T18:43:00,1,1,1,0,1,1,1,1.0,2,2,425.0,18,2,0,0,0,3.0,1,1
aa3696cd-d3b0-47ff-9a9d-65b82bc650ac,19cad05e-ae8b-4d86-b026-69fbb73b2e76,e686bf9f-04c9-4e02-bf68-4d34c7892d24,2025-01-22T18:48:00,0,0,0,0,1,1,1,1.0,1,1,187.0,18,2,0,0,0,3.0,1,1
9e781a42-4752-40d5-b7c2-27f5e45329a1,dc070752-162d-4ca3-ae3a-25c40e32397b,e686bf9f-04c9-4e02-bf68-4d34c7892d24,2025-01-22T18:52:00,0,0,0,0,1,1,1,1.0,2,2,371.0,18,2,0,0,0,3.0,1,1
401776c9-70ea-4061-a4be-0b685fef689a,c4a4b614-90de-4794-a555-76f6159de789,e686bf9f-04c9-4e02-bf68-4d34c7892d24,2025-01-22T18:54:00,1,1,1,0,1,1,1,1.0,2,2,186.0,18,2,0,0,0,3.0,1,1
72ea675e-0d1a-4f14-be80-0f8af09523df,628e4e35-5853-4d59-b32f-4056b7e3e27b,cd3d2e00-4429-4673-b1e1-645a962b7679,2025-01-22T19:46:00,0,0,1,0,1,0,1,1.0,1,1,365.0,19,2,0,0,0,2.0,1,1
e9d975d6-7e9c-449a-a8aa-d2e34a6354df,7fe949fd-61b1-475a-8c19-580e4b0b98a7,cd3d2e00-4429-4673-b1e1-645a962b7679,2025-01-22T19:50:00,0,0,0,0,1,1,1,0.5,2,1,119.0,19,2,0,0,0,2.0,1,1
90c9d157-45d7-4e0d-b0cf-b0fdb15cc078,74de697e-ecd0-4975-8057-f21088a888b4,cd3d2e00-4429-4673-b1e1-645a962b7679,2025-01-22T19:53:00,0,0,1,1,1,1,0,0.5,4,2,365.0,19,2,0,0,0,2.0,1,1
39b3eda0-236b-4c06-bae8-ed03e2449e0f,074daa7c-485e-4264-a9c2-962e30d5b672,cd3d2e00-4429-4673-b1e1-645a962b7679,2025-01-22T19:56:00,0,0,0,0,1,1,1,0.0,0,0,180.0,19,2,0,0,0,2.0,1,1
41cfa24c-93b7-4a00-8f0f-26230c4f8567,f609cf6c-d0e4-48e5-9d6b-2cb379d2f51c,ba098e86-806e-49ea-84f5-488ba2f1d59e,2025-01-22T23:11:00,1,1,1,0,1,1,1,1.0,1,1,365.0,23,2,0,1,0,1.0,2,1
be543498-4d94-404b-ac25-b67eac542067,a9048c9b-4ff2-49a2-8387-544ccfc02e0e,ba098e86-806e-49ea-84f5-488ba2f1d59e,2025-01-22T23:11:00,0,1,1,0,1,1,0,1.0,2,2,426.0,23,2,0,1,0,1.0,2,1
4888d195-bb4c-4410-85a3-3b47f6ea5df3,4ac85ad1-81f9-4db3-a7c9-2bd4d3df0e31,ba098e86-806e-49ea-84f5-488ba2f1d59e,2025-01-22T23:19:00,0,0,0,0,1,1,1,1.0,3,3,102.0,23,2,0,1,0,1.0,2,1
eaf13413-b552-41a8-873f-5e8f99734d0b,b452a2de-4232-41a0-814e-2651c197f192,f9ae4173-57c5-4f96-8e29-ba0558a5adff,2025-01-23T00:33:00,0,0,0,0,1,1,1,0.0,1,0,113.0,0,3,0,1,0,2.0,3,1
4c01aa78-1254-4474-b347-c93bc85b29cb,ab6072b4-0254-40d6-8861-f0f1506fcbb7,f9ae4173-57c5-4f96-8e29-ba0558a5adff,2025-01-23T00:34:00,0,0,0,0,1,1,1,1.0,1,1,181.0,0,3,0,1,0,2.0,3,1
05f19f30-a0ea-4f52-8328-1d41c4453a7d,62dcf5be-c7c7-4332-ba46-a97ff4593dd6,2c677486-f75d-49f5-9cbd-9da64d37f148,2025-01-23T00:42:00,1,0,0,0,1,1,1,0.0,1,0,52.0,0,3,0,1,0,3.0,1,1
11107a92-f6fc-4876-9e81-bfab8180e39d,02fee361-2aed-4d3b-a7f5-6649d00e35ff,2c677486-f75d-49f5-9cbd-9da64d37f148,2025-01-23T00:42:00,0,0,1,1,1,1,0,1.0,1,1,230.0,0,3,0,1,0,3.0,1,1
afaf88c1-de1d-4a6b-8b53-9c86c7dc739f,003d6f49-5fb1-4dd6-a54d-b1bc078eb57e,2c677486-f75d-49f5-9cbd-9da64d37f148,2025-01-23T00:44:00,0,0,0,0,1,1,1,0.0,0,0,365.0,0,3,0,1,0,3.0,1,1
b55e6ac1-7513-4f46-8e3d-1596a3c07bd6,eeafa879-969e-4fb1-b5cc-4bb4d3216e00,2c677486-f75d-49f5-9cbd-9da64d37f148,2025-01-23T00:47:00,1,0,0,0,1,1,1,1.0,2,2,167.0,0,3,0,1,0,3.0,1,1
374175cd-234b-47d3-985a-9c735e6be788,d86275ba-b1a0-4e6e-a363-d11e975f6df6,2c677486-f75d-49f5-9cbd-9da64d37f148,2025-01-23T00:49:00,1,1,1,0,1,1,1,1.0,1,1,169.0,0,3,0,1,0,3.0,1,1
4fce3d73-ddbd-4cd6-a4b9-f448a4436b15,0163ca09-1636-4809-8246-282d82afd3a3,2c677486-f75d-49f5-9cbd-9da64d37f148,2025-01-23T00:50:00,0,0,0,0,0,0,0,0.0,2,0,187.0,0,3,0,1,0,3.0,1,1
a4581eb9-dff7-45c7-a60e-2ca382c2eab7,86adaeeb-d381-4c0f-87c8-ba59ce1cad28,6fa1fc47-6fb4-4785-be83-da66478217ad,2025-01-23T08:41:00,1,0,1,0,1,1,1,1.0,2,2,356.0,8,3,0,0,0,4.0,2,1
22ab34cc-564c-4abc-95e3-c8ee6b73e043,97b426ef-09b1-4692-8010-6897b909efc6,6fa1fc47-6fb4-4785-be83-da66478217ad,2025-01-23T08:48:00,1,1,1,0,1,0,1,0.0,1,0,67.0,8,3,0,0,0,4.0,2,1
6abcbc58-7463-4560-9a81-e97f47b5d6a4,dd1ab9ef-a26d-487b-9f4e-071ae247a999,6fa1fc47-6fb4-4785-be83-da66478217ad,2025-01-23T08:48:00,1,0,0,0,1,1,1,1.0,1,1,261.0,8,3,0,0,0,4.0,2,1
c76d7d9d-82e2-451a-9b1c-991c8abd89af,3b1c0630-6304-4f24-90a0-39e3fd579418,6fa1fc47-6fb4-4785-be83-da66478217ad,2025-01-23T08:49:00,0,1,1,0,1,0,0,0.0,1,0,154.0,8,3,0,0,0,4.0,2,1
18d31b04-64b2-4c1a-9839-f0c469168666,f609cf6c-d0e4-48e5-9d6b-2cb379d2f51c,05fc6ad7-2300-41da-8705-f36d22539ba1,2025-01-23T09:06:00,1,1,1,0,1,1,1,1.0,2,2,365.0,9,3,0,0,1,4.0,2,1
401cdbfe-aaf6-46f3-96ca-dc99664717aa,4d73646f-823d-4c1b-9fe9-150b22e01890,05fc6ad7-2300-41da-8705-f36d22539ba1,2025-01-23T09:08:00,1,1,1,0,1,1,0,1.0,1,1,365.0,9,3,0,0,1,4.0,2,1
61bfad96-8aea-48d6-9f42-7c176decc552,9b2d4384-c4a9-4135-8458-c0c14e077dce,05fc6ad7-2300-41da-8705-f36d22539ba1,2025-01-23T09:09:00,1,1,1,0,1,1,1,1.0,1,1,132.0,9,3,0,0,1,4.0,2,1
a952d096-c37c-4331-87a9-d0692b7d0c4b,877380d4-dd5d-4104-83fc-bdf86e194c54,05fc6ad7-2300-41da-8705-f36d22539ba1,2025-01-23T09:11:00,1,1,1,0,1,1,1,1.0,1,1,121.0,9,3,0,0,1,4.0,2,1
e33c97d4-2f77-4ebd-8fb4-bc6fb3aaacef,35c97ba1-3b93-4844-a896-f8caf863e1ad,05fc6ad7-2300-41da-8705-f36d22539ba1,2025-01-23T09:11:00,1,1,1,0,1,1,0,0.0,0,0,365.0,9,3,0,0,1,4.0,2,1
bda5dd9a-3d7b-4044-86e4-ad9254ca1dc4,03eeb252-1e41-4f67-91f0-687b64393568,f3ac93ad-a57c-45c7-982d-591f31b5ba07,2025-01-23T11:05:00,1,1,1,0,1,1,1,0.6667,3,2,111.0,11,3,0,0,1,1.0,3,0
9ccc6c3c-246f-4ef6-aca9-2f8886515274,1f639402-8dc8-4776-97e8-d35510b12cd1,f3ac93ad-a57c-45c7-982d-591f31b5ba07,2025-01-23T11:14:00,1,1,1,0,1,1,1,1.0,1,1,368.0,11,3,0,0,1,1.0,3,0
79f5619b-b55e-4f83-b48c-749d02606d0a,979e4feb-883b-4b84-a316-add5625c20c0,5791cb36-4fb3-474e-a99b-45e0edbee41c,2025-01-23T16:45:00,1,0,1,0,1,1,1,1.0,1,1,61.0,16,3,0,0,1,4.0,3,1
fe65cf54-de7a-4ec2-b901-99b2d3ae01a4,d6b5ae43-d86a-4b5f-abd6-b4e06091ee44,5791cb36-4fb3-474e-a99b-45e0edbee41c,2025-01-23T16:45:00,1,0,1,0,1,1,1,1.0,2,2,455.0,16,3,0,0,1,4.0,3,1
e5ab0adb-d2fe-4f2f-8952-36f5802730e5,e407e92f-fbeb-4577-975a-db39c26f5872,5791cb36-4fb3-474e-a99b-45e0edbee41c,2025-01-23T16:48:00,1,0,1,1,1,1,1,1.0,1,1,221.0,16,3,0,0,1,4.0,3,1
4b4d9eb9-7da5-4c6a-beea-c002463e1d91,eda6ff35-1d22-4a35-b25d-3279ba02175c,5791cb36-4fb3-474e-a99b-45e0edbee41c,2025-01-23T16:53:00,1,0,0,0,1,1,0,0.0,2,0,56.0,16,3,0,0,1,4.0,3,1
cc3b1009-7f5e-4186-bda6-10e43366dfab,030d9e23-9b13-43d8-8711-c5c4d8470363,4e153831-4387-4ac8-a98c-d4ce45e023aa,2025-01-23T18:04:00,1,0,1,0,1,1,1,0.0,0,0,125.0,18,3,0,0,0,2.0,1,0
57458f61-e494-43cd-8873-e67ab3fb1b8c,e116edc5-9b26-4e7c-88d9-765a7676524f,4e153831-4387-4ac8-a98c-d4ce45e023aa,2025-01-23T18:09:00,0,0,0,0,1,1,1,0.0,0,0,129.0,18,3,0,0,0,2.0,1,0
171e35f0-a8ae-4a2f-b599-889cf0750736,9af05ac7-06a8-49dd-abb8-7a4c2f508938,8c228c78-c5cf-4393-8020-82bea0ff0d29,2025-01-23T21:27:00,1,0,0,0,1,0,1,0.0,0,0,365.0,21,3,0,0,0,4.0,0,0
dde6875b-8cf2-4a7c-8391-ddb3f6b8886d,d86275ba-b1a0-4e6e-a363-d11e975f6df6,8c228c78-c5cf-4393-8020-82bea0ff0d29,2025-01-23T21:28:00,1,0,0,0,1,1,1,1.0,2,2,169.0,21,3,0,0,0,4.0,0,0
dec64bfe-cfbf-46a3-864b-25e80f43d246,67e602e6-39ad-4901-acb6-b01a84f70f34,8c228c78-c5cf-4393-8020-82bea0ff0d29,2025-01-23T21:28:00,0,0,1,0,1,1,1,1.0,1,1,54.0,21,3,0,0,0,4.0,0,0
ebba5fab-e97f-4a4d-97cc-a82710bf3377,d34c976e-433f-4254-8ff9-9f722de3d7df,8c228c78-c5cf-4393-8020-82bea0ff0d29,2025-01-23T21:30:00,1,0,1,0,1,1,1,1.0,1,1,365.0,21,3,0,0,0,4.0,0,0
4ef4d316-dbad-4172-aa9d-bac2dacf0a69,cc823700-76b8-4614-9bae-555be744cc6e,8c228c78-c5cf-4393-8020-82bea0ff0d29,2025-01-23T21:32:00,1,0,1,0,1,1,1,1.0,1,1,365.0,21,3,0,0,0,4.0,0,0
dec741a3-7445-47b4-9163-42310f8f3d76,c4fe67ef-e054-4697-9543-263f3f2dd3c7,31774fbe-4d25-4e00-9f19-785c00aa4548,2025-01-23T21:58:00,1,0,0,0,0,1,0,0.5,2,1,85.0,21,3,0,0,0,3.0,2,0
9984007f-476f-4b1c-a3e0-b9e9bb6cf3f7,7fe949fd-61b1-475a-8c19-580e4b0b98a7,31774fbe-4d25-4e00-9f19-785c00aa4548,2025-01-23T22:01:00,0,0,0,0,1,1,1,0.3333,3,1,120.0,22,3,0,1,0,3.0,2,0
ca11cbf2-1cc2-466f-a92f-984ed834b180,d34c976e-433f-4254-8ff9-9f722de3d7df,31774fbe-4d25-4e00-9f19-785c00aa4548,2025-01-23T22:01:00,0,0,0,0,1,1,1,1.0,2,2,365.0,22,3,0,1,0,3.0,2,0
d70bc20d-ca74-483b-b750-499dd6e089b2,b31f3223-35d1-446c-9991-79665d0b1ef3,31774fbe-4d25-4e00-9f19-785c00aa4548,2025-01-23T22:04:00,1,0,0,0,1,1,1,0.6667,3,2,79.0,22,3,0,1,0,3.0,2,0
57646ff2-77ba-435c-a51d-07ac57bce3c6,f9c29be2-ddc0-4390-8bf7-68d4469a289f,31774fbe-4d25-4e00-9f19-785c00aa4548,2025-01-23T22:05:00,1,0,0,0,1,0,1,0.0,0,0,365.0,22,3,0,1,0,3.0,2,0
51c8690c-8c65-45ce-a8ca-8f40f0c14ea5,bc7ffdff-d62a-437c-9957-5c8739b97d73,31774fbe-4d25-4e00-9f19-785c00aa4548,2025-01-23T22:07:00,1,0,0,0,1,1,1,0.0,1,0,54.0,22,3,0,1,0,3.0,2,0
de7decf0-a291-4bed-beb0-2b845662d5eb,ff447bf1-e688-4eb7-ba18-cdcef5b86e01,8a60e006-3784-43b2-a4b5-76cf0573504b,2025-01-24T03:26:00,0,0,1,0,1,1,1,1.0,2,2,185.0,3,4,0,1,0,4.0,2,1
5f0008c4-73e2-4fba-b0cc-b41348d6b65d,3a844307-c065-40ea-b773-262c476a0e2a,8a60e006-3784-43b2-a4b5-76cf0573504b,2025-01-24T03:27:00,0,0,1,0,1,1,0,1.0,1,1,91.0,3,4,0,1,0,4.0,2,1
cf3b8ced-4337-45e4-aeb7-57e1dd42a5fc,7874fffd-6a3d-4885-92ad-f115c4f7779f,8a60e006-3784-43b2-a4b5-76cf0573504b,2025-01-24T03:32:00,0,0,0,0,1,1,1,1.0,2,2,365.0,3,4,0,1,0,4.0,2,1
56b95bb2-fa5b-4d71-8a88-240be88ca9f7,cc823700-76b8-4614-9bae-555be744cc6e,8a60e006-3784-43b2-a4b5-76cf0573504b,2025-01-24T03:33:00,0,0,1,0,1,1,1,1.0,2,2,365.0,3,4,0,1,0,4.0,2,1
a572ce03-cb68-4d5a-b83e-d05efa13fe31,985ab403-ddfd-47f6-9b98-9ce2f7dcd16e,8a60e006-3784-43b2-a4b5-76cf0573504b,2025-01-24T03:35:00,1,0,1,1,1,1,0,1.0,2,2,136.0,3,4,0,1,0,4.0,2,1
a5e2bd2a-1ac6-4599-bd81-98ae84cf0be9,a12f0067-a0a7-4294-ae23-d9759cd6beb6,c11acdac-a841-4da4-aab5-84ac26040754,2025-01-24T10:56:00,1,0,0,0,1,1,1,1.0,1,1,107.0,10,4,0,0,1,2.0,1,0
10e2fa9f-b71a-4a89-be4b-ed606dcb4c3e,e154750f-17df-43f5-8c04-401ee73830f6,c11acdac-a841-4da4-aab5-84ac26040754,2025-01-24T11:00:00,1,0,0,0,1,1,0,0.0,2,0,88.0,11,4,0,0,1,2.0,1,0
dbbbe697-0c62-4d4b-8adf-e8b9e261317f,35c97ba1-3b93-4844-a896-f8caf863e1ad,15b72b96-deb0-40b3-9585-3dc652453c90,2025-01-24T11:05:00,1,1,1,0,1,1,0,1.0,1,1,365.0,11,4,0,0,1,2.0,1,0
27b45e05-0186-4887-af20-ae47dfa36685,265b1191-c474-4c10-b744-2accb997520e,15b72b96-deb0-40b3-9585-3dc652453c90,2025-01-24T11:08:00,1,0,0,0,1,1,1,0.75,4,3,257.0,11,4,0,0,1,2.0,1,0
9111de99-1ce7-4540-ad40-34c4ac463dfa,ba654c1d-96a2-4ce2-96bf-a37bb05c6b58,15b72b96-deb0-40b3-9585-3dc652453c90,2025-01-24T11:11:00,1,0,0,0,1,0,0,0.5,2,1,365.0,11,4,0,0,1,2.0,1,0
3a4f3a6b-bec4-425d-8c36-9cd8fef41e6b,4ca593a6-6883-4ff4-b14b-a47593e71ecc,4fb54958-f409-4883-9414-e32b135843d0,2025-01-24T11:13:00,1,0,0,0,1,1,1,1.0,1,1,124.0,11,4,0,0,1,2.0,0,1
250ae122-5b8d-40a6-b7bb-d674f4013b30,ed86563a-268b-43b8-851a-f22f9296edc5,15b72b96-deb0-40b3-9585-3dc652453c90,2025-01-24T11:14:00,0,1,1,0,0,1,0,0.0,0,0,175.0,11,4,0,0,1,2.0,1,0
c062f2ca-1098-4022-990d-8be370b9224f,0409fca8-45c7-403f-8d31-663c4c640e47,15b72b96-deb0-40b3-9585-3dc652453c90,2025-01-24T11:14:00,1,0,0,0,1,1,1,0.0,2,0,106.0,11,4,0,0,1,2.0,1,0
d7d7a51c-1a56-4a61-b639-7370a2f0525c,aa432f38-de85-46c8-ad80-6b3373671c95,4fb54958-f409-4883-9414-e32b135843d0,2025-01-24T11:19:00,1,0,0,0,1,0,1,0.5,4,2,205.0,11,4,0,0,1,2.0,0,1
96fd76aa-671e-4c09-a21a-868c7c9e3daf,53ed2f86-5a3a-4240-86cc-9f9f609bdea0,b36e376e-7f2f-432d-9b86-19b1f185cf43,2025-01-24T20:24:00,1,0,0,0,1,1,0,1.0,1,1,147.0,20,4,0,0,0,4.0,1,1
016862d0-815d-4889-85ec-91aa964dbe8d,0c006a63-150c-4896-a935-e4015ce402d4,b36e376e-7f2f-432d-9b86-19b1f185cf43,2025-01-24T20:26:00,1,0,1,0,1,1,1,0.0,0,0,103.0,20,4,0,0,0,4.0,1,1
1680b3ca-9c87-431c-92b2-844948da2801,c4fe67ef-e054-4697-9543-263f3f2dd3c7,b36e376e-7f2f-432d-9b86-19b1f185cf43,2025-01-24T20:27:00,1,0,1,0,0,1,0,0.6667,3,2,86.0,20,4,0,0,0,4.0,1,1
310ffdd4-ebdf-4269-84fe-1462e5f161c9,cd532bc0-2367-446e-8e57-68c7cd6101f6,b36e376e-7f2f-432d-9b86-19b1f185cf43,2025-01-24T20:28:00,0,0,1,0,1,1,1,1.0,1,1,260.0,20,4,0,0,0,4.0,1,1
3bc74406-bd75-49f8-8b42-a2c3086ab552,6750ba86-aaa8-423d-a650-9ae8bc37d902,b36e376e-7f2f-432d-9b86-19b1f185cf43,2025-01-24T20:32:00,1,0,0,0,1,1,1,0.0,0,0,365.0,20,4,0,0,0,4.0,1,1
93f3e857-9196-4a99-9f73-7da759d07a4d,03eeb252-1e41-4f67-91f0-687b64393568,430ad002-5385-4688-9d69-60b4ee19535f,2025-01-24T21:40:00,1,1,1,0,1,1,1,0.75,4,3,112.0,21,4,0,0,0,1.0,1,1
2c2ec3f8-52c0-47d0-a76d-e5a0ef6ca532,19e65af6-da1e-4052-bf71-1659737f5cc7,430ad002-5385-4688-9d69-60b4ee19535f,2025-01-24T21:41:00,1,1,1,0,1,1,1,1.0,3,3,348.0,21,4,0,0,0,1.0,1,1
61af043b-0c6c-4c41-bad8-d8c823d7cb4a,159de8a5-1159-4692-a1c7-d4ea1c848144,430ad002-5385-4688-9d69-60b4ee19535f,2025-01-24T21:42:00,1,0,1,0,1,1,1,1.0,2,2,85.0,21,4,0,0,0,1.0,1,1
d537d434-40cc-47f6-9f84-6963d79592e0,2b53fe55-2a72-4432-a6b9-13c5a851be2a,430ad002-5385-4688-9d69-60b4ee19535f,2025-01-24T21:43:00,1,1,1,0,1,1,1,0.6667,3,2,104.0,21,4,0,0,0,1.0,1,1
3b4174c9-3049-4d5e-a18c-b18482c6864a,4adfcc20-75f4-424d-8645-1ab7b11ade80,03b65357-cac1-455e-8138-34ef9d94db17,2025-01-25T00:50:00,1,0,1,0,1,1,1,1.0,2,2,128.0,0,5,1,1,0,1.0,1,0
6929b6c1-1cf7-4b32-ac08-4ea389aa6a59,030d9e23-9b13-43d8-8711-c5c4d8470363,03b65357-cac1-455e-8138-34ef9d94db17,2025-01-25T00:58:00,1,0,1,0,1,1,1,1.0,1,1,127.0,0,5,1,1,0,1.0,1,0
b0c01e50-c9da-4044-9089-99465228f1e2,9af05ac7-06a8-49dd-abb8-7a4c2f508938,03b65357-cac1-455e-8138-34ef9d94db17,2025-01-25T01:00:00,0,0,1,0,1,0,1,1.0,1,1,365.0,1,5,1,1,0,1.0,1,0
da450497-03b7-4aa3-b401-5b1a16bc36fe,29e49c87-bf5c-4e0a-844a-7ce3f4f2d13d,03b65357-cac1-455e-8138-34ef9d94db17,2025-01-25T01:02:00,1,0,1,0,1,1,1,1.0,1,1,107.0,1,5,1,1,0,1.0,1,0
ba7ffcdc-ff09-4a2e-9b43-8097b08b1f79,0b51ced4-84e3-45ad-a67a-de86af260d64,e6a613c4-be82-44ec-aed0-70afa6dd1c10,2025-01-25T08:56:00,1,0,1,0,1,1,1,1.0,1,1,330.0,8,5,1,0,0,1.0,2,0
b617d54f-8085-4ad3-846e-c1fd106ea42f,aa77487c-31e8-47c0-83d6-5c4fb9f9dc95,e6a613c4-be82-44ec-aed0-70afa6dd1c10,2025-01-25T09:01:00,1,0,1,0,1,1,0,0.0,1,0,248.0,9,5,1,0,0,1.0,2,0
bd927924-6c9e-40c5-afe8-92d37f0efec5,facc5b5b-c0fa-45e8-8b9d-e13559d60097,e6a613c4-be82-44ec-aed0-70afa6dd1c10,2025-01-25T09:02:00,0,0,0,0,1,1,1,0.0,0,0,325.0,9,5,1,0,0,1.0,2,0
0369f1c0-b153-46ac-9301-3a4c6e1689f1,3b1c0630-6304-4f24-90a0-39e3fd579418,e6a613c4-be82-44ec-aed0-70afa6dd1c10,2025-01-25T09:04:00,1,1,1,0,1,0,0,0.0,2,0,156.0,9,5,1,0,0,1.0,2,0
6b4ac34a-6c0b-4b2a-93d4-220f80945143,54644cdc-6eb6-4ce1-ace4-1ba0ab1ae36a,e6a613c4-be82-44ec-aed0-70afa6dd1c10,2025-01-25T09:04:00,0,1,1,0,0,1,1,1.0,1,1,467.0,9,5,1,0,0,1.0,2,0
d30adcd3-b00e-4717-88ee-d876e62a3515,ab824e7b-6c52-415c-9b45-3252ae8f2969,e6a613c4-be82-44ec-aed0-70afa6dd1c10,2025-01-25T09:06:00,1,1,1,0,1,1,1,1.0,2,2,106.0,9,5,1,0,0,1.0,2,0
39c8157b-0f52-4c40-ae55-26d6d6912ba0,03dd11aa-3bce-44bb-af81-d893187d3f9b,e9c5f874-e97d-4796-8df5-0c9f77f153e9,2025-01-25T10:16:00,1,1,1,0,1,1,1,0.0,0,0,199.0,10,5,1,0,0,4.0,2,1
64937fa1-df70-44f5-ac52-76c5aa0664c7,846be435-a2e1-4850-bad5-07de99099078,e9c5f874-e97d-4796-8df5-0c9f77f153e9,2025-01-25T10:23:00,1,1,1,0,1,1,1,1.0,1,1,86.0,10,5,1,0,0,4.0,2,1
9cf55b91-9e27-41ec-b342-2e3bf195e01c,4ca593a6-6883-4ff4-b14b-a47593e71ecc,e9c5f874-e97d-4796-8df5-0c9f77f153e9,2025-01-25T10:25:00,1,0,0,0,1,1,1,1.0,2,2,125.0,10,5,1,0,0,4.0,2,1
c1d2d280-bb24-402f-a77b-89f352117ea2,2361c7a1-b851-4b64-97aa-0cf019d4b69d,e9c5f874-e97d-4796-8df5-0c9f77f153e9,2025-01-25T10:27:00,1,1,1,0,0,1,1,1.0,1,1,201.0,10,5,1,0,0,4.0,2,1
1432cf3e-4d85-4eab-9ffe-19cd199f258a,aed96858-5a79-4453-afc9-995064972c5b,5e9ded7d-065c-4eb2-8ba3-a0e6f55fc81e,2025-01-25T10:46:00,0,0,1,0,1,1,0,1.0,1,1,171.0,10,5,1,0,0,2.0,1,0
30e4405a-8ab9-4d5b-b5a0-ba2dddffdc71,75455c5a-fc28-4e12-ab1d-c5bf91975e07,5e9ded7d-065c-4eb2-8ba3-a0e6f55fc81e,2025-01-25T10:56:00,1,0,1,0,1,1,1,1.0,1,1,126.0,10,5,1,0,0,2.0,1,0
c07b6c04-060c-4199-b175-1f227baf48f6,0409fca8-45c7-403f-8d31-663c4c640e47,9c8a4c3f-3a40-41ee-98f8-8192bdc5042c,2025-01-25T12:21:00,1,1,1,0,1,1,1,0.3333,3,1,107.0,12,5,1,0,0,6.0,1,1
dd68a8a1-9ad8-4656-a5b4-b01f2182f7d3,6505256d-ee75-49c0-889a-900cd074daa4,a5275a53-9530-4fe7-8182-f8bdd1a6ae12,2025-01-25T12:25:00,1,1,1,0,0,1,1,0.0,0,0,95.0,12,5,1,0,0,4.0,1,0
a86d8aeb-266f-4a3d-9eab-fdb9a1119f72,b28c5ded-195b-4262-9bb7-b808a353150d,9c8a4c3f-3a40-41ee-98f8-8192bdc5042c,2025-01-25T12:26:00,1,0,1,0,1,1,1,0.5,2,1,109.0,12,5,1,0,0,6.0,1,1
e8eb3cf8-bfa4-430a-b49b-274c0651bed2,19cad05e-ae8b-4d86-b026-69fbb73b2e76,9c8a4c3f-3a40-41ee-98f8-8192bdc5042c,2025-01-25T12:28:00,1,1,1,0,1,1,1,0.5,2,1,190.0,12,5,1,0,0,6.0,1,1
17d37801-2bc1-4c8b-9d64-d4db6929fb70,1191fc52-63be-4740-bba1-06592a0f8eb5,a5275a53-9530-4fe7-8182-f8bdd1a6ae12,2025-01-25T12:31:00,1,1,1,0,1,1,1,0.0,0,0,74.0,12,5,1,0,0,4.0,1,0
2f33bb12-2d41-4b1c-927b-5f42eb296339,bf8e736f-22d8-4087-bff3-6507e937c56f,a5275a53-9530-4fe7-8182-f8bdd1a6ae12,2025-01-25T12:32:00,1,0,0,0,1,0,1,0.0,0,0,162.0,12,5,1,0,0,4.0,1,0
80d6c353-c250-4401-bd26-9bb9a215eb65,992a9f5e-edc4-40f0-b76a-3f29c20d5618,a5275a53-9530-4fe7-8182-f8bdd1a6ae12,2025-01-25T12:33:00,0,0,0,0,1,1,1,1.0,1,1,58.0,12,5,1,0,0,4.0,1,0
ba73d1e6-451d-49f9-b424-463076d7ed1f,c9e3038e-7436-4df3-9f2a-fc2746763273,a5275a53-9530-4fe7-8182-f8bdd1a6ae12,2025-01-25T12:35:00,0,0,0,0,0,1,1,0.0,1,0,185.0,12,5,1,0,0,4.0,1,0
ef705c9d-cd7b-48e0-9a8b-279260fa61ba,bbaea4a2-227b-4e8f-9f8b-61615adfff9f,6cb7f73a-e3d4-41b6-ad54-07b55f983a98,2025-01-25T14:30:00,1,0,1,0,1,1,1,0.0,0,0,97.0,14,5,1,0,0,6.0,2,1
075aa686-c8e9-4c3f-99ae-f320ecf61369,29e49c87-bf5c-4e0a-844a-7ce3f4f2d13d,6cb7f73a-e3d4-41b6-ad54-07b55f983a98,2025-01-25T14:35:00,1,0,0,0,1,1,1,1.0,2,2,107.0,14,5,1,0,0,6.0,2,1
cd3e7649-cff3-4313-b308-972807ad612b,6750ba86-aaa8-423d-a650-9ae8bc37d902,6cb7f73a-e3d4-41b6-ad54-07b55f983a98,2025-01-25T14:38:00,1,1,1,0,1,1,1,1.0,1,1,365.0,14,5,1,0,0,6.0,2,1
12c64267-ed8f-42c2-8ea3-9464ab9cf0ef,553294c5-4565-4d5a-a069-6e8126905be4,5486344c-e9ca-454a-89bb-93f8eca91317,2025-01-25T15:57:00,0,0,0,0,1,1,0,0.0,1,0,148.0,15,5,1,0,0,6.0,3,1
88928754-9615-4481-981e-590ccfed9c2e,82f273c1-a6d9-473e-b339-93f7a0379a64,5486344c-e9ca-454a-89bb-93f8eca91317,2025-01-25T15:57:00,1,0,0,0,1,1,1,1.0,2,2,102.0,15,5,1,0,0,6.0,3,1
dcd8551d-0834-4458-bcfb-d73cb8a46f03,c2a90a3b-30e9-4457-987f-0a655b5556d2,5486344c-e9ca-454a-89bb-93f8eca91317,2025-01-25T16:00:00,1,1,1,0,1,1,1,1.0,3,3,111.0,16,5,1,0,0,6.0,3,1
3ce8bfef-df13-475b-abae-80bd2e9c68cc,ac4e88c1-0595-40f7-bf14-b77ad397e5dd,5486344c-e9ca-454a-89bb-93f8eca91317,2025-01-25T16:03:00,0,0,0,0,1,0,0,1.0,1,1,117.0,16,5,1,0,0,6.0,3,1
a1dfe887-5b90-43a5-89e2-ba9a80931156,11e977ea-77b0-4be7-a600-4b4895750d3e,6ba752f2-2c79-4306-894e-8c1e332575c9,2025-01-25T16:10:00,1,0,0,0,1,1,1,1.0,1,1,145.0,16,5,1,0,0,2.0,2,1
18126973-006a-4eb1-9f32-5804c265afe0,e30fd279-849b-4132-8b55-debf0747d8c4,6ba752f2-2c79-4306-894e-8c1e332575c9,2025-01-25T16:17:00,1,1,1,0,1,1,1,1.0,1,1,83.0,16,5,1,0,0,2.0,2,1
5e6d96db-12c4-4590-bc02-724e58522f5c,fffc883c-1676-4f1c-b98e-5562be4b53e2,6ba752f2-2c79-4306-894e-8c1e332575c9,2025-01-25T16:18:00,0,0,0,0,1,1,1,0.5,2,1,138.0,16,5,1,0,0,2.0,2,1
e72b1df1-0a35-4e7d-970f-a7c1cb6fdcf9,46c4620d-f466-43aa-86c4-b6bea05d529d,6ba752f2-2c79-4306-894e-8c1e332575c9,2025-01-25T16:18:00,1,0,1,1,1,1,1,1.0,2,2,197.0,16,5,1,0,0,2.0,2,1
09115e37-272d-4070-9038-20900c645a46,439e88c8-d95f-4954-bd8f-aec912f08cc1,41566cb7-6bee-4f6c-9040-47abbab1e1fd,2025-01-25T23:19:00,1,1,1,0,0,1,1,0.0,0,0,95.0,23,5,1,1,0,1.0,3,0
4771715a-a0ce-4448-87b1-c1a9dd68bad0,f6612e9b-17e3-4407-bad5-87d18f75c172,41566cb7-6bee-4f6c-9040-47abbab1e1fd,2025-01-25T23:22:00,1,1,1,0,0,1,1,0.0,1,0,67.0,23,5,1,1,0,1.0,3,0
857e954c-4895-45ff-b548-88db6ae6f899,7724d47c-dcf0-4aba-a2e1-ec51d9d4eef2,41566cb7-6bee-4f6c-9040-47abbab1e1fd,2025-01-25T23:28:00,1,0,1,0,1,1,1,0.6667,3,2,326.0,23,5,1,1,0,1.0,3,0
e6e53d2b-df81-4c82-9a70-e988e43212a0,0163ca09-1636-4809-8246-282d82afd3a3,41566cb7-6bee-4f6c-9040-47abbab1e1fd,2025-01-25T23:29:00,0,0,1,0,0,0,0,0.0,3,0,189.0,23,5,1,1,0,1.0,3,0
236ae94e-d9d6-4fe9-bf00-0bc759bfeac2,a2c7df0e-ef10-4dcc-aaed-b693b2b5db03,970862ff-f987-427b-bf99-b0b43f40b807,2025-01-26T03:56:00,0,0,0,0,0,0,1,0.0,0,0,94.0,3,6,1,1,0,4.0,2,1
a379a671-e202-41a5-add3-e6d906009b11,846be435-a2e1-4850-bad5-07de99099078,970862ff-f987-427b-bf99-b0b43f40b807,2025-01-26T03:57:00,1,1,1,0,1,1,1,1.0,2,2,87.0,3,6,1,1,0,4.0,2,1
0569d9d6-b9a9-48ba-bdaf-32423ab28937,866f151d-9b2b-4c13-9341-f46f866efb61,970862ff-f987-427b-bf99-b0b43f40b807,2025-01-26T03:59:00,1,0,0,0,1,1,1,0.0,1,0,365.0,3,6,1,1,0,4.0,2,1
9a39fcdc-e4f1-4786-8eea-d8d94b44d566,73461d9a-b17a-4f20-a132-39ca2f8c91ed,970862ff-f987-427b-bf99-b0b43f40b807,2025-01-26T04:02:00,1,0,0,0,1,1,1,1.0,1,1,55.0,4,6,1,1,0,4.0,2,1
84bc01c7-f230-4053-93f2-5eeef9ac2a4f,57d21420-eb05-457e-8d19-6289775c7ce5,970862ff-f987-427b-bf99-b0b43f40b807,2025-01-26T04:06:00,0,0,0,0,1,1,0,0.0,0,0,365.0,4,6,1,1,0,4.0,2,1
0ee51c89-7731-484f-a458-73dbf1cf9543,2c4d68b2-c9d6-4244-9ac3-ce7b208c9147,20736b65-eae2-44d6-8ec0-01b0198b1a98,2025-01-26T04:19:00,1,0,0,0,1,1,1,1.0,1,1,76.0,4,6,1,1,0,6.0,1,0
5ce44bf9-ca0d-4c6c-97fe-c45d283fe4b8,00924f36-733f-4345-a507-751101551a9c,20736b65-eae2-44d6-8ec0-01b0198b1a98,2025-01-26T04:21:00,1,1,1,0,1,1,1,0.0,0,0,148.0,4,6,1,1,0,6.0,1,0
03444790-f693-4673-89e7-966f4a8bbd14,e10f8499-9444-4031-828d-33425d7476a6,20736b65-eae2-44d6-8ec0-01b0198b1a98,2025-01-26T04:26:00,1,1,1,0,1,0,1,0.5,4,2,365.0,4,6,1,1,0,6.0,1,0
f74b83c7-b41d-4f14-8986-074076c6af4a,a12f0067-a0a7-4294-ae23-d9759cd6beb6,20736b65-eae2-44d6-8ec0-01b0198b1a98,2025-01-26T04:29:00,0,0,0,0,1,1,1,1.0,2,2,109.0,4,6,1,1,0,6.0,1,0
0e872cab-1128-4261-9812-abe997d81d39,02fee361-2aed-4d3b-a7f5-6649d00e35ff,481d1e57-2d88-4caa-82a7-cb7c11f8cf42,2025-01-26T05:56:00,1,0,1,1,1,1,0,0.5,2,1,233.0,5,6,1,1,0,3.0,2,1
8ae00a57-00a5-452e-816f-5bbdf69cd3e5,d6b5ae43-d86a-4b5f-abd6-b4e06091ee44,481d1e57-2d88-4caa-82a7-cb7c11f8cf42,2025-01-26T05:57:00,1,1,1,0,1,1,1,1.0,3,3,458.0,5,6,1,1,0,3.0,2,1
2b2613f0-a45a-4e0e-9f39-ae9a41654fb6,8e9081d8-32bc-44c1-9c03-cec99543a8c8,481d1e57-2d88-4caa-82a7-cb7c11f8cf42,2025-01-26T05:58:00,1,1,1,0,0,1,0,1.0,1,1,197.0,5,6,1,1,0,3.0,2,1
f3da059e-8fda-4b1f-a7c0-fed15ae3a6ae,0f0a17e5-ee39-4b55-89bf-da47d9347eab,481d1e57-2d88-4caa-82a7-cb7c11f8cf42,2025-01-26T06:00:00,0,0,0,0,1,1,0,0.0,2,0,72.0,6,6,1,0,0,3.0,2,1
1e89ee64-506e-4924-bd25-dc2be44d5543,2fe42234-9f74-4aa2-8d63-a0c3cf398172,481d1e57-2d88-4caa-82a7-cb7c11f8cf42,2025-01-26T06:03:00,1,1,1,0,0,0,1,1.0,3,3,138.0,6,6,1,0,0,3.0,2,1
5986c146-5e3e-4415-93f1-2e0523fa4d12,a1aa727a-9750-4916-9300-dd333ae653cc,481d1e57-2d88-4caa-82a7-cb7c11f8cf42,2025-01-26T06:07:00,1,1,1,0,0,0,0,1.0,1,1,170.0,6,6,1,0,0,3.0,2,1
7a679f7a-0dbc-463d-ba91-2e66870a3917,3b128aa7-53a1-48cc-ba33-cd0df14eac90,c55aff68-a49c-4fdc-9ee1-74505dacf71b,2025-01-26T12:37:00,1,0,0,0,1,1,0,0.0,0,0,276.0,12,6,1,0,0,2.0,2,0
aec22524-3006-4901-b14e-99791db928c3,5363b68d-8ce8-4929-9246-6d22798f9caf,c55aff68-a49c-4fdc-9ee1-74505dacf71b,2025-01-26T12:45:00,1,0,0,0,1,1,1,0.0,0,0,71.0,12,6,1,0,0,2.0,2,0
57e37f6d-f8ca-4558-8165-8fea5d4c45fe,4cad0555-38c1-454b-8686-939facccb986,c55aff68-a49c-4fdc-9ee1-74505dacf71b,2025-01-26T12:48:00,1,1,1,0,1,1,1,0.0,0,0,242.0,12,6,1,0,0,2.0,2,0
f45f8cbf-f6f4-4ff3-8b13-add41f258f44,4b4303f9-d680-4320-80ac-0fc7377998df,c55aff68-a49c-4fdc-9ee1-74505dacf71b,2025-01-26T12:50:00,0,0,0,0,1,1,1,1.0,2,2,137.0,12,6,1,0,0,2.0,2,0
960a3a02-1d75-4610-986e-0b190d125d5c,3f72d86e-c11c-497f-b6d0-5f2e08b013cd,f055db90-8a35-4f41-a8a0-b45169b6159a,2025-01-26T15:29:00,1,0,0,0,0,1,1,0.5,2,1,129.0,15,6,1,0,0,4.0,2,0
5f54e3da-6e77-4940-9405-9928218a9f19,2c1091c3-2c2e-4305-8524-f2651ddbea75,f055db90-8a35-4f41-a8a0-b45169b6159a,2025-01-26T15:32:00,0,0,0,0,1,1,1,1.0,1,1,643.0,15,6,1,0,0,4.0,2,0
ef7ebe67-7f82-4cf7-9bc1-610d17557336,03eeb252-1e41-4f67-91f0-687b64393568,d3a412a4-1617-48eb-b603-6402cfc51362,2025-01-26T17:05:00,1,1,1,0,1,1,1,0.8,5,4,114.0,17,6,1,0,0,4.0,2,1
8e5769d6-6834-4d14-8248-fc60c7fa3504,0bd74d79-c6ed-4e86-a612-e698b486ec29,d3a412a4-1617-48eb-b603-6402cfc51362,2025-01-26T17:07:00,1,0,1,0,1,1,1,1.0,2,2,427.0,17,6,1,0,0,4.0,2,1
98826684-b3ae-44a8-b8db-57ffe9f7fe18,626cbf28-4c14-4dc1-a51b-9a94ba59000e,ea48e52d-91f6-4f54-b2a7-b393ec46130d,2025-01-26T23:36:00,0,0,0,0,1,0,0,0.5,2,1,365.0,23,6,1,1,0,6.0,1,1
795139e9-f3b4-4837-a40a-4f9257d66ead,bfe8f73a-9210-4c1c-b628-3cea7b8977ae,ea48e52d-91f6-4f54-b2a7-b393ec46130d,2025-01-26T23:40:00,0,0,0,0,1,1,0,0.0,1,0,365.0,23,6,1,1,0,6.0,1,1
7f5bd4e4-79da-43d9-b50e-e59de09b9913,f2f92179-5d28-4944-970e-4735cb6d6a92,ea48e52d-91f6-4f54-b2a7-b393ec46130d,2025-01-26T23:41:00,1,0,0,0,1,1,0,0.5,2,1,114.0,23,6,1,1,0,6.0,1,1
cce05c52-9d89-4067-b785-a76e22b5198f,265b1191-c474-4c10-b744-2accb997520e,ea48e52d-91f6-4f54-b2a7-b393ec46130d,2025-01-26T23:44:00,1,0,0,0,1,1,1,0.8,5,4,259.0,23,6,1,1,0,6.0,1,1
7e4457e3-71e6-421a-835a-864d5c650b56,1d67536a-01f8-430f-8e5d-331ea756ad1c,f8bbe59b-30b3-4e9f-9eb5-c896a441ffae,2025-01-27T01:53:00,1,0,0,0,1,1,1,0.5,2,1,59.0,1,0,0,1,0,6.0,2,1
6d9a104b-a4cf-4d57-b994-079466263e0a,ef2b35e1-aedc-4a84-a9b0-5f90c4eca927,f8bbe59b-30b3-4e9f-9eb5-c896a441ffae,2025-01-27T01:56:00,0,0,0,0,1,1,0,0.0,0,0,365.0,1,0,0,1,0,6.0,2,1
31aa80d9-63dd-42b7-a1c2-0195f9d410ce,03eeb252-1e41-4f67-91f0-687b64393568,2c09f623-7de7-410d-802c-f2fd1d61d3e7,2025-01-27T02:33:00,1,0,0,0,1,1,1,0.8333,6,5,115.0,2,0,0,1,0,3.0,1,0
54c8a2cc-836e-4952-8c15-574816a90ef8,d2fbf799-2a03-4408-8c26-4fc239c5d4fc,2c09f623-7de7-410d-802c-f2fd1d61d3e7,2025-01-27T02:33:00,1,0,1,0,1,0,1,1.0,1,1,142.0,2,0,0,1,0,3.0,1,0
606d39e1-eca4-46b1-99b0-f512a64d8589,979e4feb-883b-4b84-a316-add5625c20c0,2c09f623-7de7-410d-802c-f2fd1d61d3e7,2025-01-27T02:33:00,1,0,1,0,1,1,1,1.0,2,2,65.0,2,0,0,1,0,3.0,1,0
d79e5ce8-d4d5-438f-8f1f-7d5509a265cb,b16f7848-a2a4-4c2c-8a3b-0bf76ecdf857,2c09f623-7de7-410d-802c-f2fd1d61d3e7,2025-01-27T02:33:00,1,0,1,0,0,1,1,1.0,2,2,365.0,2,0,0,1,0,3.0,1,0
5a9104d8-60bc-44ca-ab3b-390d6e719d85,fe02ea3a-03d9-4d57-94a7-47e4a11e404f,2c09f623-7de7-410d-802c-f2fd1d61d3e7,2025-01-27T02:35:00,1,1,1,0,1,1,1,0.0,1,0,395.0,2,0,0,1,0,3.0,1,0
e55c1eac-e2e5-4ce9-b4aa-dd4fba9f4baa,7689a61a-5823-4dd9-8e3c-29c2d4415219,2c09f623-7de7-410d-802c-f2fd1d61d3e7,2025-01-27T02:35:00,1,0,0,0,1,1,0,1.0,3,3,365.0,2,0,0,1,0,3.0,1,0
105e8002-88dd-4c47-9b0c-be7a072eefbc,eda6ff35-1d22-4a35-b25d-3279ba02175c,2811d748-4b87-485a-818b-fb0741497d60,2025-01-27T03:39:00,0,0,0,0,1,1,0,0.3333,3,1,60.0,3,0,0,1,0,3.0,3,1
dfb2cd54-58e7-4b57-8757-16dddcf983be,12fc0202-67a8-417a-a936-b348c6432014,2811d748-4b87-485a-818b-fb0741497d60,2025-01-27T03:40:00,0,1,1,0,0,1,1,0.0,0,0,365.0,3,0,0,1,0,3.0,3,1
9f7f3d38-b0db-4772-9100-33fd75a9d477,2fc6a399-7cab-4c0f-b2eb-9ae8bc2e8ef3,2811d748-4b87-485a-818b-fb0741497d60,2025-01-27T03:43:00,0,0,0,0,1,1,0,0.0,0,0,103.0,3,0,0,1,0,3.0,3,1
727c7498-73f6-4881-a2c2-58bd4a900664,02fee361-2aed-4d3b-a7f5-6649d00e35ff,8978a7ec-48fb-4bae-b37c-fa540747d248,2025-01-27T04:53:00,0,0,1,1,1,1,0,0.6667,3,2,234.0,4,0,0,1,0,4.0,3,0
c409ef63-30e2-4fe0-a69e-dbe9c086a5a4,2bc00f4d-1415-492e-ab45-855a39d62175,8978a7ec-48fb-4bae-b37c-fa540747d248,2025-01-27T04:57:00,1,0,1,0,1,0,1,1.0,4,4,137.0,4,0,0,1,0,4.0,3,0
0f37635a-d4a5-47ad-835b-7c72b65add0a,254d3521-ee04-45e3-b379-b02a667ace0c,1f9593ba-a436-4d11-93db-57bd305d4c6a,2025-01-27T06:38:00,1,0,0,0,1,1,1,0.0,0,0,365.0,6,0,0,0,0,6.0,2,1
aac87134-aa8a-48db-8157-ddc0673dd700,003d6f49-5fb1-4dd6-a54d-b1bc078eb57e,1f9593ba-a436-4d11-93db-57bd305d4c6a,2025-01-27T06:44:00,0,0,0,0,1,1,1,0.0,1,0,365.0,6,0,0,0,0,6.0,2,1
46448d6a-f240-4bdd-b8fa-03fee30b5d8b,866f151d-9b2b-4c13-9341-f46f866efb61,1f9593ba-a436-4d11-93db-57bd305d4c6a,2025-01-27T06:46:00,1,0,0,0,1,1,1,0.5,2,1,365.0,6,0,0,0,0,6.0,2,1
775ffcdb-e605-486d-8544-7002b0ecd134,4076050c-ef30-4ae6-9a40-cdcec3cb6dd8,0a2f7cf1-3625-4639-b2d6-c3d8c2a3298e,2025-01-27T07:13:00,1,0,0,0,0,1,1,1.0,1,1,392.0,7,0,0,0,0,3.0,1,1
794c25a6-e2db-4b48-8443-11b00f4e228c,5ed79810-0c9b-4377-870c-58916ee465a7,0a2f7cf1-3625-4639-b2d6-c3d8c2a3298e,2025-01-27T07:14:00,0,0,0,0,1,0,1,0.5,2,1,365.0,7,0,0,0,0,3.0,1,1
843b0d56-d4ba-49c7-8e34-11669299fdea,20f6053d-1512-49be-a186-de29bf5ec234,0a2f7cf1-3625-4639-b2d6-c3d8c2a3298e,2025-01-27T07:15:00,1,0,0,0,1,1,1,1.0,4,4,169.0,7,0,0,0,0,3.0,1,1
a6df3358-25ac-4cfd-addd-8eaebd9fe7a7,6fe6108b-0137-4ed4-bb54-e1ed13a743e9,0a2f7cf1-3625-4639-b2d6-c3d8c2a3298e,2025-01-27T07:16:00,1,0,1,0,1,1,1,0.0,0,0,264.0,7,0,0,0,0,3.0,1,1
a2a8d128-4fa8-4a54-b3f3-3011333f3ed9,a1bc2676-aad3-49f3-9131-e812c904d689,0a2f7cf1-3625-4639-b2d6-c3d8c2a3298e,2025-01-27T07:19:00,0,0,0,0,0,1,1,1.0,1,1,313.0,7,0,0,0,0,3.0,1,1
b6d18a7e-17fd-4562-a087-0d0d0b41fcec,1ee3aa44-6749-4c32-9bfe-c3306275fe48,629aa196-5bfe-4730-ae80-435f4c4c49a0,2025-01-27T08:06:00,1,0,1,0,1,1,1,1.0,3,3,107.0,8,0,0,0,0,6.0,3,1
89ada002-b3da-49d1-b360-d318e3d1ae81,15e8b88b-3071-48e6-b989-88d3d4c35e68,629aa196-5bfe-4730-ae80-435f4c4c49a0,2025-01-27T08:10:00,1,0,1,0,1,1,1,1.0,2,2,59.0,8,0,0,0,0,6.0,3,1
591c5b7a-42e3-44cb-8e4d-8eb7a06b546d,606e67ca-9ccf-47a9-951e-95c0bc77f20d,629aa196-5bfe-4730-ae80-435f4c4c49a0,2025-01-27T08:11:00,1,0,0,0,0,1,1,0.75,4,3,365.0,8,0,0,0,0,6.0,3,1
b4499687-2fa7-4b9f-b2b4-5721cd79057a,83d13c8e-fd29-4343-bf35-4497b673a39d,629aa196-5bfe-4730-ae80-435f4c4c49a0,2025-01-27T08:19:00,1,0,1,0,1,1,1,1.0,2,2,146.0,8,0,0,0,0,6.0,3,1
47badfdd-dc3e-4098-90d2-40e98d96e817,cd532bc0-2367-446e-8e57-68c7cd6101f6,20032c01-5191-42f8-956f-2d9337514573,2025-01-27T09:00:00,1,1,1,0,1,1,1,0.5,2,1,263.0,9,0,0,0,1,6.0,1,1
f6156ba6-5137-4c9f-b5d6-2c504456ae3a,846be435-a2e1-4850-bad5-07de99099078,20032c01-5191-42f8-956f-2d9337514573,2025-01-27T09:05:00,1,1,1,0,1,1,1,1.0,3,3,88.0,9,0,0,0,1,6.0,1,1
4164bc6e-c935-4eac-8a4e-c98c9286fa97,7f3eb456-b77d-4612-a975-16e81b7af215,20032c01-5191-42f8-956f-2d9337514573,2025-01-27T09:08:00,1,0,0,0,1,1,0,0.0,1,0,365.0,9,0,0,0,1,6.0,1,1
8e160e18-64ba-4936-b894-14e39644fc5a,8149a5a0-b1e9-4bb0-a980-b7f5bdcb02a4,20032c01-5191-42f8-956f-2d9337514573,2025-01-27T09:08:00,1,0,0,0,1,1,1,0.5,2,1,71.0,9,0,0,0,1,6.0,1,1
5646b158-476a-4bb6-ae0a-9318def66b2d,4e738475-88e6-4df8-90b2-45dacfb7c6e2,f4f84600-53d9-4e05-85c4-18849422a6eb,2025-01-27T09:46:00,1,1,1,0,1,1,1,1.0,1,1,365.0,9,0,0,0,1,2.0,2,0
0870269d-9a5f-4cd9-ab0e-d2550f99d28f,030d9e23-9b13-43d8-8711-c5c4d8470363,f4f84600-53d9-4e05-85c4-18849422a6eb,2025-01-27T09:47:00,1,0,0,0,1,1,1,1.0,2,2,129.0,9,0,0,0,1,2.0,2,0
39024d75-a69b-4001-905b-f020449d716d,78548b9a-a9e8-46f5-9d4b-45f2377b352b,f4f84600-53d9-4e05-85c4-18849422a6eb,2025-01-27T09:57:00,1,0,0,0,1,0,1,0.0,0,0,290.0,9,0,0,0,1,2.0,2,0
afe39c5a-d554-4a89-83b7-3601ff5d07fe,bc7ffdff-d62a-437c-9957-5c8739b97d73,f4f84600-53d9-4e05-85c4-18849422a6eb,2025-01-27T09:57:00,1,1,1,0,1,1,1,0.5,2,1,58.0,9,0,0,0,1,2.0,2,0
a5c5f61f-e104-432d-b925-171936e8e371,18663a26-c010-4e4e-8471-6194347da84d,e063b964-756e-461f-964c-329c7fac0a44,2025-01-27T13:12:00,1,0,0,0,1,1,1,0.75,4,3,365.0,13,0,0,0,1,1.0,1,1
790e55d7-62b3-41b9-ba99-3c15842df13f,ed86563a-268b-43b8-851a-f22f9296edc5,e063b964-756e-461f-964c-329c7fac0a44,2025-01-27T13:24:00,1,1,1,0,0,1,0,0.0,1,0,178.0,13,0,0,0,1,1.0,1,1
9cebeabb-5735-4e57-831c-9635d7c70387,8aadad3e-4591-4c88-a738-78b84530fbda,e063b964-756e-461f-964c-329c7fac0a44,2025-01-27T13:25:00,1,1,1,0,1,1,1,1.0,1,1,272.0,13,0,0,0,1,1.0,1,1
ae8a3ffb-3d5d-48f7-820e-31f00c96a5ed,35a960a1-e1aa-45db-8043-5650f7e73b8c,d2c71720-7813-4482-8d1d-bc561def93c8,2025-01-27T20:25:00,0,0,1,1,1,0,1,0.5,2,1,59.0,20,0,0,0,0,2.0,2,1
0cf596e8-f4ad-4371-9401-cfaca24342b4,7ce3dda1-de53-4002-8f7b-0cd22da8ea06,d2c71720-7813-4482-8d1d-bc561def93c8,2025-01-27T20:30:00,1,0,0,0,1,1,1,1.0,1,1,395.0,20,0,0,0,0,2.0,2,1
f0a5f1a1-0e50-40a1-8e4c-9278d643b454,eeafa879-969e-4fb1-b5cc-4bb4d3216e00,d2c71720-7813-4482-8d1d-bc561def93c8,2025-01-27T20:30:00,1,0,0,0,1,1,1,1.0,3,3,171.0,20,0,0,0,0,2.0,2,1
f0aeba18-cd93-4833-87c4-5f96a3edea29,18425d44-6ba9-45d1-a297-f3778d4b10e7,d2c71720-7813-4482-8d1d-bc561def93c8,2025-01-27T20:33:00,1,0,0,0,1,1,1,1.0,3,3,365.0,20,0,0,0,0,2.0,2,1
7f7f6d80-e963-4adf-898f-b10abddd34cd,088b5742-8640-45a5-9823-8486f1015782,d2c71720-7813-4482-8d1d-bc561def93c8,2025-01-27T20:36:00,1,0,0,0,1,1,0,1.0,1,1,376.0,20,0,0,0,0,2.0,2,1
23d6d31b-9cfb-4ac4-8ae9-5f5396a9a200,27f63174-92e0-4ec5-a8d6-df307aa20f3b,51097f9b-b3a3-4b4c-97db-57792bde2f3f,2025-01-27T21:47:00,1,1,1,0,1,1,1,1.0,2,2,365.0,21,0,0,0,0,2.0,3,0
5d459fb2-c741-4c5d-9eff-cce35394d017,ad71dc4d-d139-444d-a8ee-c755441c0f54,51097f9b-b3a3-4b4c-97db-57792bde2f3f,2025-01-27T21:48:00,1,1,1,0,1,1,1,0.0,0,0,365.0,21,0,0,0,0,2.0,3,0
7f32d1b2-b57a-44e1-af92-4e4a6c09d2d7,664b1167-88df-4fdd-afcb-3e9296fb4ad6,51097f9b-b3a3-4b4c-97db-57792bde2f3f,2025-01-27T21:51:00,1,0,0,0,1,1,1,1.0,3,3,153.0,21,0,0,0,0,2.0,3,0
4383f5e9-53d6-4251-8a8e-404ddf9386f5,20f6053d-1512-49be-a186-de29bf5ec234,51097f9b-b3a3-4b4c-97db-57792bde2f3f,2025-01-27T21:56:00,1,0,0,0,1,1,1,1.0,5,5,169.0,21,0,0,0,0,2.0,3,0
26556b7c-2c11-43de-a365-0efa5673b5e5,14dd9b4c-5ebc-4843-9f14-a7de9f6c0f44,d4b802eb-c664-43db-86ae-8b9948a5f755,2025-01-28T00:29:00,1,0,0,0,1,1,1,1.0,2,2,155.0,0,1,0,1,0,2.0,3,0
ae5c57e9-9d39-45b3-a6e4-8973ac4bd946,ab6072b4-0254-40d6-8861-f0f1506fcbb7,d4b802eb-c664-43db-86ae-8b9948a5f755,2025-01-28T00:31:00,1,0,0,0,1,1,1,0.5,2,1,186.0,0,1,0,1,0,2.0,3,0
7abcff1e-7030-4d46-ada4-8bc5cce7cc19,836f20e8-ac46-4599-a783-92f86ea182c4,6a5f7de2-a8ac-464f-999a-f63eed50c83b,2025-01-28T06:30:00,1,0,1,0,1,1,1,1.0,1,1,247.0,6,1,0,0,0,2.0,2,1
f68309ea-d207-4545-b1c8-805a8501e539,2ef47c0b-e8fe-448b-93ff-36c85588d2fd,6a5f7de2-a8ac-464f-999a-f63eed50c83b,2025-01-28T06:30:00,1,0,1,0,1,1,1,1.0,2,2,170.0,6,1,0,0,0,2.0,2,1
c7074f3e-223c-43b7-b645-8d59d034accc,03dd11aa-3bce-44bb-af81-d893187d3f9b,6a5f7de2-a8ac-464f-999a-f63eed50c83b,2025-01-28T06:38:00,1,0,1,0,1,1,1,1.0,1,1,202.0,6,1,0,0,0,2.0,2,1
07a54f97-091b-411e-91a3-5298658f21e2,d346ac11-9b08-4a8a-b887-845a17ae7266,295908fb-f40a-4f74-af35-86dd444c0f2c,2025-01-28T06:55:00,1,1,1,0,1,1,1,1.0,3,3,550.0,6,1,0,0,0,2.0,1,1
4ae6bbd1-6a7c-4673-88a7-43e7d6e510ca,5b144804-32b7-4e82-9f3c-1b20f6f52721,295908fb-f40a-4f74-af35-86dd444c0f2c,2025-01-28T07:02:00,1,1,1,0,1,1,1,1.0,2,2,66.0,7,1,0,0,0,2.0,1,1
51276f42-498c-4b02-b9e8-e6e9428d4375,877380d4-dd5d-4104-83fc-bdf86e194c54,295908fb-f40a-4f74-af35-86dd444c0f2c,2025-01-28T07:03:00,1,1,1,0,1,1,1,1.0,2,2,126.0,7,1,0,0,0,2.0,1,1
d1012a87-7ce0-4385-b03f-bad43c11a27b,64333604-4c8c-43e1-a6e9-7c4582414c02,295908fb-f40a-4f74-af35-86dd444c0f2c,2025-01-28T07:06:00,1,1,1,0,1,1,1,0.0,0,0,165.0,7,1,0,0,0,2.0,1,1
1c3ad3e4-a37e-47fa-80e7-d6133bda2c9d,1165e327-489d-430a-9be8-467e1efd789d,295908fb-f40a-4f74-af35-86dd444c0f2c,2025-01-28T07:07:00,1,0,0,0,1,1,1,0.0,0,0,166.0,7,1,0,0,0,2.0,1,1
2bd375de-32e7-4c08-a5c7-d8918dceec95,7724d47c-dcf0-4aba-a2e1-ec51d9d4eef2,4102d6b3-dcd7-4a70-9a28-37355fe361d5,2025-01-28T16:00:00,0,1,1,0,1,1,1,0.75,4,3,329.0,16,1,0,0,1,3.0,0,1
e5523cff-cdb2-4180-bb05-e5513df8afa7,ba0652ab-674d-480e-b23d-7fb7301f9218,4102d6b3-dcd7-4a70-9a28-37355fe361d5,2025-01-28T16:05:00,0,1,1,0,1,1,1,1.0,1,1,77.0,16,1,0,0,1,3.0,0,1
60e12c8f-b992-4206-90eb-7a7ffb08d58d,cb3c9262-005e-4dcb-a8e5-a2c3920ffe15,4102d6b3-dcd7-4a70-9a28-37355fe361d5,2025-01-28T16:07:00,1,1,1,0,1,0,0,0.0,1,0,84.0,16,1,0,0,1,3.0,0,1
bd0fa1fd-fc6f-4376-87ab-d3e52bb6f256,97e19e53-5b1a-48ed-959a-3b8ab801c890,870b5b19-4d03-4bb6-ad57-b4599d9e1755,2025-01-29T01:18:00,0,0,1,0,1,1,1,1.0,2,2,217.0,1,2,0,1,0,2.0,2,1
8bcdc800-0d81-4319-ad49-8dcc5f977333,9ad5103d-928f-448b-903a-76f5be1dfa37,870b5b19-4d03-4bb6-ad57-b4599d9e1755,2025-01-29T01:19:00,1,1,1,0,1,1,1,0.0,0,0,360.0,1,2,0,1,0,2.0,2,1
00742198-8ebf-465c-877f-3d3ea86c4c2e,a9048c9b-4ff2-49a2-8387-544ccfc02e0e,870b5b19-4d03-4bb6-ad57-b4599d9e1755,2025-01-29T01:31:00,0,0,1,0,1,1,0,0.6667,3,2,433.0,1,2,0,1,0,2.0,2,1
a4783a3c-5ae3-47db-b39a-bd3ac99d8dd8,804fa05c-3d11-4c0b-acfe-70a082a82e75,e4a9fd36-5950-4cf4-b8fd-5745424b408f,2025-01-29T02:12:00,1,0,0,0,1,1,1,0.0,0,0,331.0,2,2,0,1,0,2.0,2,1
b570a37a-10dd-4862-84ce-a8cba36fd6d2,9af05ac7-06a8-49dd-abb8-7a4c2f508938,e4a9fd36-5950-4cf4-b8fd-5745424b408f,2025-01-29T02:13:00,1,0,0,0,1,0,1,0.5,2,1,365.0,2,2,0,1,0,2.0,2,1
db113427-8fa7-4f99-b2ef-4ad26bde30ea,e07bda41-053d-4aac-9836-2124ef24f237,e4a9fd36-5950-4cf4-b8fd-5745424b408f,2025-01-29T02:14:00,1,1,1,0,1,1,1,0.0,0,0,82.0,2,2,0,1,0,2.0,2,1
64cd42b3-8461-4b6c-9d6e-66d7855e7881,46c4620d-f466-43aa-86c4-b6bea05d529d,e4a9fd36-5950-4cf4-b8fd-5745424b408f,2025-01-29T02:23:00,0,0,1,1,1,1,1,1.0,3,3,201.0,2,2,0,1,0,2.0,2,1
7c8486e7-f387-479e-af29-3270ba245442,aa77487c-31e8-47c0-83d6-5c4fb9f9dc95,e4a9fd36-5950-4cf4-b8fd-5745424b408f,2025-01-29T02:23:00,0,1,1,0,1,1,0,0.5,2,1,252.0,2,2,0,1,0,2.0,2,1
c2480d8b-3ded-4fc7-a063-aac1ea54d687,eda6ff35-1d22-4a35-b25d-3279ba02175c,e4a9fd36-5950-4cf4-b8fd-5745424b408f,2025-01-29T02:23:00,0,0,0,0,1,1,0,0.25,4,1,62.0,2,2,0,1,0,2.0,2,1
a37b326c-ce80-4b2e-9456-ad0cff899775,ca5ce99f-cf40-4ef6-9c3d-4a4177383ff2,637fac96-1be3-4112-a345-55a2af85028e,2025-01-29T04:56:00,0,0,1,0,1,0,1,1.0,2,2,365.0,4,2,0,1,0,3.0,1,1
f7e6d01a-57a9-43af-8d59-299a7ea71bb1,facc5b5b-c0fa-45e8-8b9d-e13559d60097,637fac96-1be3-4112-a345-55a2af85028e,2025-01-29T04:56:00,1,0,0,0,1,1,1,0.0,1,0,329.0,4,2,0,1,0,3.0,1,1
d2bccbdf-d1d8-4919-97f5-40cd265422a6,4c569839-3efa-4170-b6a4-f0a4d13d4639,637fac96-1be3-4112-a345-55a2af85028e,2025-01-29T05:01:00,1,0,0,0,1,1,1,1.0,1,1,111.0,5,2,0,1,0,3.0,1,1
2c48c95c-a060-432a-84da-abcf31b2cb76,02ab37f8-95ba-4069-b113-066bd5d1f267,637fac96-1be3-4112-a345-55a2af85028e,2025-01-29T05:02:00,0,0,1,0,1,0,0,0.0,3,0,261.0,5,2,0,1,0,3.0,1,1
7a6a9e15-2286-4af3-87c8-feba284c11d1,53ed2f86-5a3a-4240-86cc-9f9f609bdea0,637fac96-1be3-4112-a345-55a2af85028e,2025-01-29T05:07:00,0,1,1,0,1,1,0,1.0,2,2,152.0,5,2,0,1,0,3.0,1,1
954cb973-a93d-4610-9cb8-f4b17fe0e5b5,878b86c2-438d-4767-ad44-f8c58de74bd2,972fbade-4992-41ed-b94e-2404c9ad8c70,2025-01-29T06:51:00,1,0,1,0,1,1,1,1.0,1,1,365.0,6,2,0,0,0,4.0,1,1
b17d75a8-0c51-459d-b88c-bebdf54f96d2,4ca593a6-6883-4ff4-b14b-a47593e71ecc,972fbade-4992-41ed-b94e-2404c9ad8c70,2025-01-29T06:51:00,0,0,0,0,1,1,1,1.0,3,3,129.0,6,2,0,0,0,4.0,1,1
d5b652fb-a62d-4fb0-bad5-66d51098b194,6ea9a5eb-fa10-4a3a-b0ff-8ec7b4d27eff,972fbade-4992-41ed-b94e-2404c9ad8c70,2025-01-29T06:53:00,1,0,0,0,1,1,1,0.0,0,0,365.0,6,2,0,0,0,4.0,1,1
e6516ee9-7618-4633-9ecd-266a13db5bf8,74de697e-ecd0-4975-8057-f21088a888b4,320b76b1-9cd6-485f-8c2d-502ae4360d73,2025-01-29T16:08:00,1,0,1,1,1,1,0,0.4,5,2,365.0,16,2,0,0,1,2.0,2,1
2015693d-1f5e-4d30-946f-0be90bbf0eea,6bb36c9a-793f-4f90-bf6f-df150cb1f85a,320b76b1-9cd6-485f-8c2d-502ae4360d73,2025-01-29T16:11:00,1,0,0,0,1,0,1,1.0,1,1,107.0,16,2,0,0,1,2.0,2,1
959f636b-f7a7-4f0f-8924-18b40aa4d1de,72d80153-ab97-4442-b132-ccdf469ad157,320b76b1-9cd6-485f-8c2d-502ae4360d73,2025-01-29T16:11:00,1,0,1,0,0,1,1,0.5,2,1,119.0,16,2,0,0,1,2.0,2,1
c67d69e5-46ba-475a-b05f-e4f60e799541,5b144804-32b7-4e82-9f3c-1b20f6f52721,320b76b1-9cd6-485f-8c2d-502ae4360d73,2025-01-29T16:18:00,1,0,1,0,1,1,1,1.0,3,3,67.0,16,2,0,0,1,2.0,2,1
c8e11925-bddb-4cc3-9f4a-31a9f56317f2,4dedcbdc-081b-4f07-a1d8-a65cfe88d71e,320b76b1-9cd6-485f-8c2d-502ae4360d73,2025-01-29T16:18:00,0,0,0,0,1,0,1,1.0,2,2,107.0,16,2,0,0,1,2.0,2,1
414c6e91-91d8-453b-9c2c-76bb81e415d3,445beb91-c8f4-47ed-b5c7-e8a70759c76b,a76c50d7-c356-4cfb-b4ab-f1ddc05f44a0,2025-01-29T23:53:00,1,0,1,0,1,1,1,1.0,3,3,87.0,23,2,0,1,0,6.0,0,0
5cb244b2-5eca-4ef4-87cd-f005f986e313,909e8f9d-0127-4f44-9f4c-24a2e2b45782,a76c50d7-c356-4cfb-b4ab-f1ddc05f44a0,2025-01-29T23:55:00,0,0,1,0,1,1,1,0.0,0,0,111.0,23,2,0,1,0,6.0,0,0
7bd331fe-b55d-4902-91e2-f72b6c4febc3,b1b36f5b-7867-499a-abe3-c46756bb926a,9a14a324-1dfd-467f-9ac4-3e41b242fae1,2025-01-30T00:14:00,1,0,0,0,1,1,1,0.0,0,0,72.0,0,3,0,1,0,2.0,2,1
f54c9b62-158f-4f1c-a15c-3c01f63bd18c,fdd10e56-22de-4a56-98b8-fcf4cc56744d,9a14a324-1dfd-467f-9ac4-3e41b242fae1,2025-01-30T00:18:00,0,0,0,0,1,1,1,1.0,1,1,94.0,0,3,0,1,0,2.0,2,1
d4fbae29-bc4f-42b2-9627-8b4208650d11,3e19e0d8-1f00-40bc-8358-1472a358eb9a,9a14a324-1dfd-467f-9ac4-3e41b242fae1,2025-01-30T00:22:00,1,1,1,0,1,1,1,1.0,1,1,79.0,0,3,0,1,0,2.0,2,1
f3a81141-8eef-49c0-bb8b-5bb86281f41a,6c25e2ff-8bc0-4abc-a978-052ba5e4650a,9a14a324-1dfd-467f-9ac4-3e41b242fae1,2025-01-30T00:23:00,1,0,1,0,1,1,1,1.0,4,4,136.0,0,3,0,1,0,2.0,2,1
5ddf36a1-bb1f-45d8-a9b9-f245823557a7,56788efb-19f3-4d23-8b92-d96dc8d14718,9a14a324-1dfd-467f-9ac4-3e41b242fae1,2025-01-30T00:24:00,1,1,1,0,1,1,1,0.0,0,0,365.0,0,3,0,1,0,2.0,2,1
1cbe375b-6916-4e8f-ae3a-3cb1a14b72fe,7fe949fd-61b1-475a-8c19-580e4b0b98a7,81e9f475-97f1-4e06-9de7-360e97341f4d,2025-01-30T02:37:00,1,0,0,0,1,1,1,0.25,4,1,127.0,2,3,0,1,0,3.0,1,1
f1a39291-a256-4fd8-8436-8bba0b5baf66,64333604-4c8c-43e1-a6e9-7c4582414c02,81e9f475-97f1-4e06-9de7-360e97341f4d,2025-01-30T02:37:00,1,0,1,0,1,1,1,1.0,1,1,167.0,2,3,0,1,0,3.0,1,1
115654d6-c4ad-43c5-99fa-714d15295887,f609cf6c-d0e4-48e5-9d6b-2cb379d2f51c,81e9f475-97f1-4e06-9de7-360e97341f4d,2025-01-30T02:39:00,1,0,1,0,1,1,1,1.0,3,3,365.0,2,3,0,1,0,3.0,1,1
e6931f69-76dc-4b98-b567-c4db2bbe0874,58d8deb5-5531-43c5-81ae-7352d2d2b8c9,81e9f475-97f1-4e06-9de7-360e97341f4d,2025-01-30T02:39:00,0,0,0,0,1,1,1,0.6667,3,2,365.0,2,3,0,1,0,3.0,1,1
654e142a-861d-4f0c-825f-2561b3f56615,87ee165d-91a2-4857-b698-c97864b7c6d5,81e9f475-97f1-4e06-9de7-360e97341f4d,2025-01-30T02:41:00,1,1,1,0,1,1,0,1.0,2,2,449.0,2,3,0,1,0,3.0,1,1
747dade2-fd0a-44c1-91dc-8114b521b448,4076050c-ef30-4ae6-9a40-cdcec3cb6dd8,81e9f475-97f1-4e06-9de7-360e97341f4d,2025-01-30T02:44:00,1,1,1,0,0,1,1,1.0,2,2,395.0,2,3,0,1,0,3.0,1,1
bb93a7da-7e63-436f-9694-2c1a452954ba,93125440-01af-4643-ac94-7c4da12295ea,fee18172-f6f7-4e8f-970f-3d69ed978df5,2025-01-30T10:08:00,1,0,0,0,1,1,1,1.0,1,1,273.0,10,3,0,0,1,6.0,3,0
e22c8d96-f6b9-4881-a7b4-053fb761d742,dd3c9c80-9a9d-4efd-a8fc-06ac9e8600c4,fee18172-f6f7-4e8f-970f-3d69ed978df5,2025-01-30T10:09:00,1,1,1,0,1,1,1,0.0,1,0,365.0,10,3,0,0,1,6.0,3,0
ba045f69-7265-4a45-8955-fd79249dc783,253205df-9c22-4418-a061-b758af343928,fee18172-f6f7-4e8f-970f-3d69ed978df5,2025-01-30T10:17:00,0,0,0,0,1,1,0,1.0,2,2,75.0,10,3,0,0,1,6.0,3,0
028357e3-e054-486e-89bb-19980c5350cb,1165e327-489d-430a-9be8-467e1efd789d,b6122a45-2382-4757-8dab-8122c8ad6ad2,2025-01-30T13:32:00,1,1,1,0,1,1,1,1.0,1,1,168.0,13,3,0,0,1,2.0,3,0
57811ff7-f524-48ec-a0b2-946406feadd6,3fbab77f-078b-48d4-ab31-908df43ab95e,b6122a45-2382-4757-8dab-8122c8ad6ad2,2025-01-30T13:36:00,1,1,1,0,1,1,1,1.0,1,1,239.0,13,3,0,0,1,2.0,3,0
085bd3b7-b7a7-4fe4-b207-069a8394b865,d74d726f-1a04-4093-9eb1-ae0ea06feb1c,b6122a45-2382-4757-8dab-8122c8ad6ad2,2025-01-30T13:41:00,0,0,1,0,1,0,1,0.5,2,1,365.0,13,3,0,0,1,2.0,3,0
3ed09135-10b6-4510-a2c1-ae7459228fc3,7dce07a7-bf0e-49d0-8e10-0fae45654bf0,36aff8b4-711f-4a26-b2d0-64389cb90093,2025-01-30T14:43:00,1,0,1,0,0,1,0,0.0,0,0,79.0,14,3,0,0,1,2.0,2,0
c26b193c-96c5-4224-a0fe-9a76781f730a,8342ece1-dc13-431d-b735-f045953e170d,36aff8b4-711f-4a26-b2d0-64389cb90093,2025-01-30T14:45:00,1,1,1,0,1,1,0,0.0,2,0,96.0,14,3,0,0,1,2.0,2,0
92ef11fe-35f1-463b-a013-cd1924fca3f7,f7f1655c-f8c2-4296-91c4-9f8f570ad765,36aff8b4-711f-4a26-b2d0-64389cb90093,2025-01-30T14:50:00,1,1,1,0,1,1,1,1.0,1,1,64.0,14,3,0,0,1,2.0,2,0
f2d9aca2-4d16-482b-8914-cf47402dce52,8aadad3e-4591-4c88-a738-78b84530fbda,36aff8b4-711f-4a26-b2d0-64389cb90093,2025-01-30T14:51:00,1,0,1,0,1,1,1,1.0,2,2,275.0,14,3,0,0,1,2.0,2,0
2aba4c4c-d9b7-4b6e-ac33-d4001e50ab90,feca2cc5-9c28-40c7-8543-ca69b34076e3,ce06babc-a051-424b-90a8-bdbc12dabfec,2025-01-30T21:42:00,1,1,1,0,1,0,1,1.0,1,1,365.0,21,3,0,0,0,6.0,3,1
fdc04945-fb6f-4f24-8505-c06847e17010,42ea4e92-f7aa-4bae-ab07-f79963ba71a1,ce06babc-a051-424b-90a8-bdbc12dabfec,2025-01-30T21:44:00,1,0,0,0,0,1,1,1.0,2,2,242.0,21,3,0,0,0,6.0,3,1
839f91c8-8cee-4102-b7c4-e28a99d3469a,27f63174-92e0-4ec5-a8d6-df307aa20f3b,ce06babc-a051-424b-90a8-bdbc12dabfec,2025-01-30T21:48:00,1,0,1,0,1,1,1,1.0,3,3,365.0,21,3,0,0,0,6.0,3,1
60c3b3bc-80c1-4f88-b805-01a1e2b208c0,075750fe-b6ad-4c6a-a4e3-91e723ad0bdf,ce06babc-a051-424b-90a8-bdbc12dabfec,2025-01-30T21:49:00,1,0,1,0,1,1,1,1.0,2,2,97.0,21,3,0,0,0,6.0,3,1
1e990f0a-5a5b-4e43-997e-9a3b1cfac55f,5ed79810-0c9b-4377-870c-58916ee465a7,ce06babc-a051-424b-90a8-bdbc12dabfec,2025-01-30T21:52:00,1,1,1,0,1,0,1,0.3333,3,1,365.0,21,3,0,0,0,6.0,3,1
588745c3-c8c8-4c57-8b3c-7ff17272c1ef,fdd10e56-22de-4a56-98b8-fcf4cc56744d,ce06babc-a051-424b-90a8-bdbc12dabfec,2025-01-30T21:55:00,0,0,0,0,1,1,1,0.5,2,1,94.0,21,3,0,0,0,6.0,3,1
a312e5ca-eeee-457d-a8a2-61b240fc117c,4b0c223e-3977-4c3a-96bc-a4febeb624c3,794c7384-b094-442f-851c-25008c3d4ff4,2025-01-30T21:56:00,1,0,0,0,1,1,1,0.0,0,0,73.0,21,3,0,0,0,6.0,3,1
0f9f8a91-75fc-4428-8183-11117ddcc090,b2bf9e98-85b8-494e-b4cc-bd65231bcd14,794c7384-b094-442f-851c-25008c3d4ff4,2025-01-30T21:58:00,0,0,1,1,1,1,1,0.0,1,0,131.0,21,3,0,0,0,6.0,3,1
4166ab48-62ff-4e2b-87ca-a5dc00e99662,3b128aa7-53a1-48cc-ba33-cd0df14eac90,794c7384-b094-442f-851c-25008c3d4ff4,2025-01-30T21:59:00,1,0,0,0,1,1,0,1.0,1,1,280.0,21,3,0,0,0,6.0,3,1
e327e9c2-c8c3-4f0b-b335-501d12f219f7,28be837f-36ab-4fc3-b1d9-db1a3b881b02,794c7384-b094-442f-851c-25008c3d4ff4,2025-01-30T22:01:00,1,1,1,0,1,1,1,0.0,0,0,74.0,22,3,0,1,0,6.0,3,1
c09ffec4-c801-4fe9-806f-93197894d52c,d6b5ae43-d86a-4b5f-abd6-b4e06091ee44,794c7384-b094-442f-851c-25008c3d4ff4,2025-01-30T22:06:00,1,0,1,0,1,1,1,1.0,4,4,462.0,22,3,0,1,0,6.0,3,1
a70cb322-897c-4aca-8386-7233dc881cb6,86982baf-89fb-453b-bd13-a6cfe928ea51,794c7384-b094-442f-851c-25008c3d4ff4,2025-01-30T22:08:00,1,0,1,0,1,1,1,1.0,1,1,291.0,22,3,0,1,0,6.0,3,1
6c2aa171-5877-458e-b035-02065504ea65,8472b4dc-b0f7-4b8e-aeb1-10bfb842eb2f,78ad2cf7-f18c-4cd4-b5eb-2cc4b4d13203,2025-01-30T22:44:00,1,1,1,0,1,1,0,0.5,2,1,106.0,22,3,0,1,0,2.0,1,0
d38e45a1-d251-4910-bd9d-a4c5d47659f4,6fe6108b-0137-4ed4-bb54-e1ed13a743e9,78ad2cf7-f18c-4cd4-b5eb-2cc4b4d13203,2025-01-30T22:46:00,1,1,1,0,1,1,1,1.0,1,1,267.0,22,3,0,1,0,2.0,1,0
7efaf974-523c-4e72-a377-dac7a4def2bc,a8a1af91-93b6-4f04-8e14-d38aa8302607,78ad2cf7-f18c-4cd4-b5eb-2cc4b4d13203,2025-01-30T22:49:00,0,0,0,0,1,1,1,0.0,0,0,112.0,22,3,0,1,0,2.0,1,0
4ab3e080-f22a-47bb-a528-7654f4d60f80,73461d9a-b17a-4f20-a132-39ca2f8c91ed,78ad2cf7-f18c-4cd4-b5eb-2cc4b4d13203,2025-01-30T22:53:00,0,0,0,0,1,1,1,1.0,2,2,59.0,22,3,0,1,0,2.0,1,0
13f13bb2-976d-4c73-b6db-37dd8da636c6,85b594e8-d460-4e0d-bd65-07df78f69665,a9db0020-7454-4adf-869f-cc26f2cca7eb,2025-01-30T23:16:00,0,0,0,0,1,1,0,0.0,2,0,76.0,23,3,0,1,0,3.0,1,1
b46e4058-3ef5-4916-96b5-673c42931810,a2c7df0e-ef10-4dcc-aaed-b693b2b5db03,a9db0020-7454-4adf-869f-cc26f2cca7eb,2025-01-30T23:19:00,1,0,0,0,0,0,1,0.0,1,0,98.0,23,3,0,1,0,3.0,1,1
683e30c9-7fea-42a8-84fb-6e23abf2f2a0,8342ece1-dc13-431d-b735-f045953e170d,a9db0020-7454-4adf-869f-cc26f2cca7eb,2025-01-30T23:23:00,0,0,0,0,1,1,0,0.3333,3,1,96.0,23,3,0,1,0,3.0,1,1
133617a8-b787-495e-b299-495db97d05f0,1b81506a-481d-42f6-b01c-dbb52717cc9e,a9db0020-7454-4adf-869f-cc26f2cca7eb,2025-01-30T23:24:00,0,0,0,0,1,1,1,1.0,1,1,117.0,23,3,0,1,0,3.0,1,1
001d1fa8-a749-4e0f-8885-770aaa2e8e96,7dce07a7-bf0e-49d0-8e10-0fae45654bf0,a9db0020-7454-4adf-869f-cc26f2cca7eb,2025-01-30T23:25:00,1,0,0,0,0,1,0,1.0,1,1,79.0,23,3,0,1,0,3.0,1,1
8fb77415-2c61-49b8-aa4b-7977792b2f68,258c585a-0983-4f1a-9632-3c358d253411,a9db0020-7454-4adf-869f-cc26f2cca7eb,2025-01-30T23:25:00,1,0,0,0,1,1,1,0.0,1,0,583.0,23,3,0,1,0,3.0,1,1
f7c4a95b-4e01-4ba5-b9cf-738848313db1,4be00de0-ff5a-454f-aca8-e915814cf135,346e14bc-750f-4e1d-9f01-f36c27f0494a,2025-01-31T17:52:00,1,0,0,0,1,1,1,1.0,1,1,365.0,17,4,0,0,1,3.0,2,0
cee0d614-4fa8-4325-ac66-bf9fa3bf1897,626cbf28-4c14-4dc1-a51b-9a94ba59000e,346e14bc-750f-4e1d-9f01-f36c27f0494a,2025-01-31T17:54:00,0,0,0,0,1,0,0,0.3333,3,1,365.0,17,4,0,0,1,3.0,2,0
81380f49-08a2-482e-a182-a6c3b88c32d8,3d9f3b15-c774-4537-9706-6a9c0ce3bcd0,346e14bc-750f-4e1d-9f01-f36c27f0494a,2025-01-31T17:55:00,1,0,0,0,1,1,0,1.0,1,1,98.0,17,4,0,0,1,3.0,2,0
c54a36be-d267-47c4-a2d9-5c9f68ecc819,bf160ba0-ac86-4d11-b5e7-904beff9cc2d,346e14bc-750f-4e1d-9f01-f36c27f0494a,2025-01-31T18:02:00,1,1,1,0,1,1,1,0.0,0,0,219.0,18,4,0,0,0,3.0,2,0
00f2d4b6-bd61-4b2f-8555-302aff8f31b9,030d9e23-9b13-43d8-8711-c5c4d8470363,346e14bc-750f-4e1d-9f01-f36c27f0494a,2025-01-31T18:03:00,0,0,0,0,1,1,1,1.0,3,3,133.0,18,4,0,0,0,3.0,2,0
42b454ee-6295-4361-abad-42bf1d0b5590,1693939d-11cb-4a60-bfb6-8f2fec00eb4f,346e14bc-750f-4e1d-9f01-f36c27f0494a,2025-01-31T18:03:00,1,1,1,0,1,1,1,1.0,1,1,139.0,18,4,0,0,0,3.0,2,0
0f8844b2-e4a5-4965-9c67-1bfc0d9004d7,dd3c9c80-9a9d-4efd-a8fc-06ac9e8600c4,4ab7fb1b-c249-461c-9cd4-6c04298ed0ee,2025-01-31T18:25:00,1,0,1,0,1,1,1,0.5,2,1,365.0,18,4,0,0,0,2.0,3,0
77bc45cc-3796-4c56-84c4-5e533092e11d,5578cdc0-e19a-4fb1-909f-349d3abc4652,4ab7fb1b-c249-461c-9cd4-6c04298ed0ee,2025-01-31T18:25:00,1,0,0,0,0,1,0,0.0,0,0,365.0,18,4,0,0,0,2.0,3,0
5c24a1e5-acbf-404e-8935-3a8fde532a76,979b5d05-d629-42eb-925c-ca3d093ceaca,12a107c4-aab1-4cf5-8139-c83160313f3c,2025-01-31T23:46:00,1,0,0,0,1,1,1,1.0,1,1,220.0,23,4,0,1,0,2.0,1,1
1e6fa3aa-8aa2-4985-92d9-86c10dc4d551,02fee361-2aed-4d3b-a7f5-6649d00e35ff,12a107c4-aab1-4cf5-8139-c83160313f3c,2025-01-31T23:52:00,1,0,1,1,1,1,0,0.5,4,2,238.0,23,4,0,1,0,2.0,1,1
7b7ba0fe-e985-40f8-a74b-6aafe659ce02,1fac9453-e829-479d-ae5f-008babfc456d,0f54f114-6655-43bc-ab9d-461ddb3e5b54,2025-01-31T23:59:00,0,0,0,0,1,1,1,0.0,0,0,101.0,23,4,0,1,0,1.0,2,1
c980c495-9e79-429e-860f-da110e63ad80,a5412686-ad1b-4800-b166-5b72f3faa02d,0f54f114-6655-43bc-ab9d-461ddb3e5b54,2025-01-31T23:59:00,1,0,0,0,1,1,1,1.0,1,1,75.0,23,4,0,1,0,1.0,2,1
e218cda3-8dcc-477b-9ec1-47c0d6e56b03,18425d44-6ba9-45d1-a297-f3778d4b10e7,0f54f114-6655-43bc-ab9d-461ddb3e5b54,2025-02-01T00:01:00,1,1,1,0,1,1,1,1.0,4,4,365.0,0,5,1,1,0,1.0,2,1
8c30c77b-8a01-4acb-bb1c-60fbdc99537e,3b1c0630-6304-4f24-90a0-39e3fd579418,0f54f114-6655-43bc-ab9d-461ddb3e5b54,2025-02-01T00:03:00,0,0,0,0,1,0,0,0.3333,3,1,163.0,0,5,1,1,0,1.0,2,1
4d9c6dcf-419b-42e3-b00f-fec76f11668e,62758655-2759-47fd-8cfb-18e44d2da35e,13cb3803-04de-4b32-a14f-463370e7c9c5,2025-02-01T00:07:00,1,0,1,0,1,1,1,1.0,1,1,78.0,0,5,1,1,0,3.0,2,1
bc3ec018-744e-4150-a8e5-535e20aabc89,e07bda41-053d-4aac-9836-2124ef24f237,13cb3803-04de-4b32-a14f-463370e7c9c5,2025-02-01T00:07:00,1,0,1,0,1,1,1,1.0,1,1,85.0,0,5,1,1,0,3.0,2,1
1ab4375e-9964-4b2a-afae-7760ffbda7a0,6808b218-ad45-4d5a-8374-ac96bd2f9e51,0f54f114-6655-43bc-ab9d-461ddb3e5b54,2025-02-01T00:10:00,1,0,0,0,1,1,1,1.0,2,2,365.0,0,5,1,1,0,1.0,2,1
404e2b1a-8051-4235-a840-5f28df45aadb,a92ac821-12c7-40b8-bbb8-e287da0564eb,13cb3803-04de-4b32-a14f-463370e7c9c5,2025-02-01T00:12:00,1,0,1,0,1,1,1,0.0,0,0,365.0,0,5,1,1,0,3.0,2,1
0746ab63-23b8-4647-a9b2-3ed215474861,4dedcbdc-081b-4f07-a1d8-a65cfe88d71e,13cb3803-04de-4b32-a14f-463370e7c9c5,2025-02-01T00:14:00,1,0,1,0,1,0,1,0.6667,3,2,110.0,0,5,1,1,0,3.0,2,1
988bf232-23d8-4c8c-9a84-3b31c367bfe9,b31f3223-35d1-446c-9991-79665d0b1ef3,13cb3803-04de-4b32-a14f-463370e7c9c5,2025-02-01T00:15:00,0,0,1,0,1,1,1,0.75,4,3,88.0,0,5,1,1,0,3.0,2,1
ce9a622e-bd54-466e-87ba-ae153c82672d,3b128aa7-53a1-48cc-ba33-cd0df14eac90,0ec91455-1178-48df-b2be-5f2876c07033,2025-02-01T00:33:00,1,0,0,0,1,1,0,1.0,2,2,282.0,0,5,1,1,0,2.0,2,0
4cf8c57e-e801-4697-978a-1d12d70d574f,c57abeef-b6d8-4cf7-ae50-3774b55c6768,0ec91455-1178-48df-b2be-5f2876c07033,2025-02-01T00:36:00,0,0,0,0,1,1,0,0.0,0,0,109.0,0,5,1,1,0,2.0,2,0
82800988-31cb-445c-a287-f1c9621fe897,2bc00f4d-1415-492e-ab45-855a39d62175,0ec91455-1178-48df-b2be-5f2876c07033,2025-02-01T00:44:00,0,0,0,0,1,0,1,1.0,5,5,142.0,0,5,1,1,0,2.0,2,0
66cfc176-3624-46f1-8f1f-82daaec186cb,fe22cac5-c785-4cc2-a706-9b3cbd277ddf,0ec91455-1178-48df-b2be-5f2876c07033,2025-02-01T00:45:00,1,0,0,0,1,1,1,1.0,1,1,255.0,0,5,1,1,0,2.0,2,0
bf6305d8-4f22-4984-988d-17b1d9863b57,3b1c0630-6304-4f24-90a0-39e3fd579418,0ec91455-1178-48df-b2be-5f2876c07033,2025-02-01T00:45:00,0,0,0,0,1,0,0,0.25,4,1,163.0,0,5,1,1,0,2.0,2,0
5d7ff32e-ef10-4ee4-ba6e-b7a5d6fb5587,af32b242-6347-4914-8703-8bc3222ac8c4,02d81dbb-48e6-4fd6-86eb-c415f8e01193,2025-02-01T11:15:00,1,1,1,0,1,1,1,0.0,1,0,112.0,11,5,1,0,0,2.0,2,1
9be16659-2709-4f64-b2d4-4bb749102fe2,bf160ba0-ac86-4d11-b5e7-904beff9cc2d,02d81dbb-48e6-4fd6-86eb-c415f8e01193,2025-02-01T11:15:00,1,1,1,0,1,1,1,1.0,1,1,220.0,11,5,1,0,0,2.0,2,1
244138f9-8d25-49fa-af63-28dee42355ca,bfe8f73a-9210-4c1c-b628-3cea7b8977ae,02d81dbb-48e6-4fd6-86eb-c415f8e01193,2025-02-01T11:16:00,0,0,0,0,1,1,0,0.0,2,0,365.0,11,5,1,0,0,2.0,2,1
1ed91388-ce91-45f9-849d-db04828427e9,68cf86cf-66aa-443c-ae5b-e601c8cc76c7,169b6e2c-b221-43a1-b314-3ee981798884,2025-02-01T12:11:00,1,0,0,0,1,1,0,0.6667,3,2,365.0,12,5,1,0,0,1.0,1,0
9756a837-9f52-4f82-baa9-3a4fe3cb9216,36ab981c-07be-4841-8992-11118d375327,169b6e2c-b221-43a1-b314-3ee981798884,2025-02-01T12:14:00,1,0,0,0,1,1,1,0.5,2,1,98.0,12,5,1,0,0,1.0,1,0
9fcd0f83-b880-4c06-aa47-512c0acac33f,6ba5036b-8e59-4341-9bc3-f959ef8d8360,169b6e2c-b221-43a1-b314-3ee981798884,2025-02-01T12:17:00,1,0,0,0,1,1,1,0.0,0,0,365.0,12,5,1,0,0,1.0,1,0
2f349d1f-c3a0-42dc-9c81-4e97c73a4924,7f3eb456-b77d-4612-a975-16e81b7af215,169b6e2c-b221-43a1-b314-3ee981798884,2025-02-01T12:18:00,0,0,0,0,1,1,0,0.5,2,1,365.0,12,5,1,0,0,1.0,1,0
da0ce6e5-b032-446c-bd7d-07ba25a62eb7,14dd9b4c-5ebc-4843-9f14-a7de9f6c0f44,169b6e2c-b221-43a1-b314-3ee981798884,2025-02-01T12:20:00,0,0,0,0,1,1,1,1.0,3,3,159.0,12,5,1,0,0,1.0,1,0
12aa7e5c-20b9-483d-979f-d29909280166,bf160ba0-ac86-4d11-b5e7-904beff9cc2d,8b15c865-012d-4cc1-896c-ebcc236055cc,2025-02-01T14:17:00,1,0,1,0,1,1,1,1.0,2,2,220.0,14,5,1,0,0,6.0,1,1
03de089e-a986-45f7-9339-a68456833621,00fe7012-13c0-4486-9a33-e56253f1a860,8b15c865-012d-4cc1-896c-ebcc236055cc,2025-02-01T14:24:00,0,1,1,0,1,1,0,1.0,1,1,231.0,14,5,1,0,0,6.0,1,1
0848a264-f9e2-42c1-b0b8-6125d070fcd0,468555a1-384e-4985-9c39-f4333176e51f,8b15c865-012d-4cc1-896c-ebcc236055cc,2025-02-01T14:24:00,1,0,0,0,1,1,1,1.0,2,2,123.0,14,5,1,0,0,6.0,1,1
e8d88a61-419d-4b8d-9f17-6694879670a9,b7b35df4-cc30-48d4-b856-21583b9c43c1,8b15c865-012d-4cc1-896c-ebcc236055cc,2025-02-01T14:24:00,1,0,1,0,1,1,1,0.0,0,0,401.0,14,5,1,0,0,6.0,1,1
f2f4c1d9-4459-440d-8e28-96e91137c54e,c0eaa600-b15c-463a-b278-86b3ca57fd5c,8b15c865-012d-4cc1-896c-ebcc236055cc,2025-02-01T14:24:00,1,1,1,0,1,1,1,1.0,2,2,64.0,14,5,1,0,0,6.0,1,1
f16d063f-87e8-4bbb-aa72-ca5dcdbba0c6,ffd6e179-bce4-414a-9aef-db47a3caea86,8b15c865-012d-4cc1-896c-ebcc236055cc,2025-02-01T14:25:00,0,0,1,0,1,0,1,0.0,1,0,440.0,14,5,1,0,0,6.0,1,1
aaa25178-ef3f-4516-8dd2-2440dfeb3068,3a844307-c065-40ea-b773-262c476a0e2a,122e4ae4-3296-4cd8-b398-a6f75b64aae4,2025-02-01T18:06:00,0,0,1,0,1,1,0,0.5,2,1,99.0,18,5,1,0,0,2.0,1,0
8a583cb6-f245-4d0e-b139-f7210d21e52c,4a804056-cd59-4216-97bd-e4bb6eaee651,122e4ae4-3296-4cd8-b398-a6f75b64aae4,2025-02-01T18:08:00,0,0,1,0,1,1,1,0.0,0,0,365.0,18,5,1,0,0,2.0,1,0
d4a8060a-b60c-4f81-a8d4-40526d37006f,63e1e7de-8090-46e0-a921-6add4ddcfef9,3e5c572e-07e5-4739-80ed-ba352f4d33cd,2025-02-01T18:41:00,0,0,0,0,1,1,1,0.5,2,1,410.0,18,5,1,0,0,1.0,0,0
496318ba-7c61-4f77-8a87-912530b7b934,f7c3f29d-48af-49aa-bce7-bec02869395a,3e5c572e-07e5-4739-80ed-ba352f4d33cd,2025-02-01T18:44:00,1,1,1,0,1,1,1,1.0,1,1,365.0,18,5,1,0,0,1.0,0,0
37f5a4fe-ecb1-45a4-905c-14ec18717d44,e0cd5b09-11cd-4194-bf88-03edd17fe919,bc559365-b8f5-4006-8526-6a5c94914dab,2025-02-01T23:50:00,0,1,1,0,1,0,1,0.0,0,0,365.0,23,5,1,1,0,3.0,3,0
efea59ce-ca7c-4958-9dd5-b1a059c5d66e,d74d726f-1a04-4093-9eb1-ae0ea06feb1c,bc559365-b8f5-4006-8526-6a5c94914dab,2025-02-01T23:56:00,1,0,1,0,1,0,1,0.3333,3,1,365.0,23,5,1,1,0,3.0,3,0
6e0fe1e5-170b-4640-af38-6cd4f077bf6a,0239e706-289d-4498-9947-7818e4011dc0,3373a8ac-3627-4893-92dd-dec100184d05,2025-02-02T00:35:00,0,1,1,0,1,0,1,1.0,1,1,104.0,0,6,1,1,0,1.0,3,1
e5fabbd0-c31d-421c-a8cd-0c2043921893,2ef47c0b-e8fe-448b-93ff-36c85588d2fd,3373a8ac-3627-4893-92dd-dec100184d05,2025-02-02T00:35:00,1,0,1,0,1,1,1,1.0,3,3,175.0,0,6,1,1,0,1.0,3,1
e350efff-f10c-4551-9064-b68a98d17e1a,afa47c4e-62b3-4586-9824-3169d0ae4f73,3373a8ac-3627-4893-92dd-dec100184d05,2025-02-02T00:36:00,0,0,1,0,1,1,1,1.0,2,2,365.0,0,6,1,1,0,1.0,3,1
ee6923ff-5630-4493-a241-789df229b690,a77bcc83-4a3d-492d-bcd8-592aba88fc9d,3373a8ac-3627-4893-92dd-dec100184d05,2025-02-02T00:40:00,1,1,1,0,1,0,1,0.0,1,0,75.0,0,6,1,1,0,1.0,3,1
3d6d8a15-dd97-415f-b213-4b61bcf3f549,feca2cc5-9c28-40c7-8543-ca69b34076e3,3373a8ac-3627-4893-92dd-dec100184d05,2025-02-02T00:46:00,1,1,1,0,1,0,1,1.0,2,2,365.0,0,6,1,1,0,1.0,3,1
6f77ede9-bbae-4404-9db4-b9a60654f559,fda5fef4-939c-4a0d-864d-c6a11b14bd2a,3373a8ac-3627-4893-92dd-dec100184d05,2025-02-02T00:47:00,1,0,1,0,1,1,1,0.0,1,0,480.0,0,6,1,1,0,1.0,3,1
38aba2f4-43d9-40ed-ba74-baac2e522b20,fe02ea3a-03d9-4d57-94a7-47e4a11e404f,ca40ff23-2dc3-4ec7-8051-712c027180a2,2025-02-02T02:57:00,1,0,0,0,1,1,1,0.5,2,1,401.0,2,6,1,1,0,1.0,1,1
d38c4bcb-dc00-48b4-8ca2-34c00e3e4ddc,103eb3c6-8619-4c37-b55b-6a3438e71b7a,ca40ff23-2dc3-4ec7-8051-712c027180a2,2025-02-02T02:57:00,0,0,0,0,0,1,0,0.0,1,0,73.0,2,6,1,1,0,1.0,1,1
7685049a-7a8f-4556-bb12-f17499230736,ac84e25a-f305-4698-9545-957806397804,ca40ff23-2dc3-4ec7-8051-712c027180a2,2025-02-02T03:02:00,1,1,1,0,1,1,1,0.0,0,0,392.0,3,6,1,1,0,1.0,1,1
e0efaaeb-02fa-4f31-a06e-c5d8e1fd50c5,8149a5a0-b1e9-4bb0-a980-b7f5bdcb02a4,699fa9d7-8843-48e2-b028-54dbf9ac0ba6,2025-02-02T05:01:00,1,1,1,0,1,1,1,0.6667,3,2,77.0,5,6,1,1,0,2.0,1,1
7b48635b-f91c-4122-b280-9c66d232d668,b649daf0-45a0-4879-bceb-08f29bf19ce2,699fa9d7-8843-48e2-b028-54dbf9ac0ba6,2025-02-02T05:07:00,1,0,1,0,1,1,1,1.0,2,2,232.0,5,6,1,1,0,2.0,1,1
7de5b129-9325-42f7-82bd-1327f1389348,bc7ffdff-d62a-437c-9957-5c8739b97d73,699fa9d7-8843-48e2-b028-54dbf9ac0ba6,2025-02-02T05:13:00,0,0,1,0,1,1,1,0.6667,3,2,64.0,5,6,1,1,0,2.0,1,1
9fd91dd6-0e22-43a8-96be-13dc0f4d709f,bfe6f01b-84b9-4986-b7ea-e375c91d0d8c,699fa9d7-8843-48e2-b028-54dbf9ac0ba6,2025-02-02T05:14:00,1,0,0,0,1,1,1,0.0,0,0,275.0,5,6,1,1,0,2.0,1,1
dd6682da-48ac-4601-8ebc-21f0a96f35d4,03dd11aa-3bce-44bb-af81-d893187d3f9b,8f585f33-a16c-495e-b94e-364be546dd05,2025-02-02T09:52:00,0,0,1,0,1,1,1,1.0,2,2,207.0,9,6,1,0,0,2.0,2,1
e4c29295-0365-4f32-86a2-2b3c7789de44,8a40fb38-7cf4-468d-954f-bebd5270f111,8f585f33-a16c-495e-b94e-364be546dd05,2025-02-02T09:53:00,1,0,1,0,0,1,1,1.0,1,1,178.0,9,6,1,0,0,2.0,2,1
dc6aab9d-1172-40c1-8d7d-7dc6c8c1588a,7dce07a7-bf0e-49d0-8e10-0fae45654bf0,8f585f33-a16c-495e-b94e-364be546dd05,2025-02-02T09:54:00,1,0,1,0,0,1,0,1.0,2,2,82.0,9,6,1,0,0,2.0,2,1
447b045e-b7a9-4547-a9de-8b0bd3ba92fd,a92ac821-12c7-40b8-bbb8-e287da0564eb,8f585f33-a16c-495e-b94e-364be546dd05,2025-02-02T10:00:00,1,1,1,0,1,1,1,1.0,1,1,365.0,10,6,1,0,0,2.0,2,1
50b0e6a8-24f0-4318-958b-73ca2bcce633,93125440-01af-4643-ac94-7c4da12295ea,8f585f33-a16c-495e-b94e-364be546dd05,2025-02-02T10:00:00,1,0,0,0,1,1,1,1.0,2,2,276.0,10,6,1,0,0,2.0,2,1
5cee3f7c-9309-4a31-b01e-b6786111d747,ba0652ab-674d-480e-b23d-7fb7301f9218,8f585f33-a16c-495e-b94e-364be546dd05,2025-02-02T10:01:00,1,0,1,0,1,1,1,0.5,2,1,82.0,10,6,1,0,0,2.0,2,1
703c6e9b-90e9-44db-8e39-d63d5c4ec880,7368f039-3b92-4ed6-9281-8a546afbbd0c,68dba2e0-7288-48c3-a998-2c347c08df74,2025-02-02T10:21:00,1,0,0,0,1,1,1,0.6667,3,2,69.0,10,6,1,0,0,4.0,2,1
05130b21-4481-4bc8-af1c-f2c89de027e6,63e1e7de-8090-46e0-a921-6add4ddcfef9,68dba2e0-7288-48c3-a998-2c347c08df74,2025-02-02T10:28:00,1,0,0,0,1,1,1,0.3333,3,1,411.0,10,6,1,0,0,4.0,2,1
2aa4d514-6a69-413e-ace6-ad789c76782a,429de809-3eeb-42af-94fa-c9c8fc3dda46,68dba2e0-7288-48c3-a998-2c347c08df74,2025-02-02T10:28:00,1,1,1,0,1,1,1,0.0,1,0,365.0,10,6,1,0,0,4.0,2,1
5785f7f3-235d-419d-8b80-938087949609,1693939d-11cb-4a60-bfb6-8f2fec00eb4f,68dba2e0-7288-48c3-a998-2c347c08df74,2025-02-02T10:30:00,1,1,1,0,1,1,1,1.0,2,2,141.0,10,6,1,0,0,4.0,2,1
c1c06bf5-c5d8-4d27-a69a-9abd90ecaf72,7df3d0f3-a755-40a4-a102-6e1158275be1,410b616c-f4d8-434b-8a34-c89b3ba54c15,2025-02-02T12:05:00,1,0,0,0,1,0,1,0.5,2,1,85.0,12,6,1,0,0,4.0,0,1
272eac8b-21e5-47d1-bbc2-93a8d920ba96,f44d8cd1-1833-4e30-b14f-417870b4502a,410b616c-f4d8-434b-8a34-c89b3ba54c15,2025-02-02T12:07:00,0,0,0,0,1,1,1,0.0,0,0,432.0,12,6,1,0,0,4.0,0,1
5d20d4af-680d-4f58-b41d-90b8a111d3ed,8d54dd37-108d-4ec9-87e8-552d73629a00,410b616c-f4d8-434b-8a34-c89b3ba54c15,2025-02-02T12:08:00,0,0,0,0,1,1,0,1.0,2,2,324.0,12,6,1,0,0,4.0,0,1
26e86ad9-313c-4fab-947d-1b48c8daf290,bfe8f73a-9210-4c1c-b628-3cea7b8977ae,410b616c-f4d8-434b-8a34-c89b3ba54c15,2025-02-02T12:09:00,0,0,0,0,1,1,0,0.0,3,0,365.0,12,6,1,0,0,4.0,0,1
e60f8d1d-d910-4b10-baa5-576612efd7a3,ed732f11-698a-40e6-8fab-9a1b078261d2,410b616c-f4d8-434b-8a34-c89b3ba54c15,2025-02-02T12:13:00,1,1,1,0,1,1,0,0.0,0,0,365.0,12,6,1,0,0,4.0,0,1
98728fcd-a7b3-435e-a0da-78c7fad31d58,56fc804f-b101-461b-a304-d6f9c28ae2ef,410b616c-f4d8-434b-8a34-c89b3ba54c15,2025-02-02T12:16:00,1,1,1,0,1,1,1,0.0,0,0,87.0,12,6,1,0,0,4.0,0,1
82bd5ae7-2aac-44f0-96f9-636c3dc33e8d,d869910e-02c0-4d29-a1fd-9bdef530d653,7498dfa7-8a7b-40a3-855f-04c93558ca44,2025-02-02T13:03:00,0,0,1,0,1,0,1,1.0,4,4,365.0,13,6,1,0,0,3.0,2,1
98f49694-9929-4819-bac4-542904db913f,90226cb0-70e6-4d51-8a71-165165d84910,7498dfa7-8a7b-40a3-855f-04c93558ca44,2025-02-02T13:10:00,1,1,1,0,1,1,1,0.0,0,0,288.0,13,6,1,0,0,3.0,2,1
f39e88d3-c278-4deb-9034-9f5824c93a2b,1f112d30-78c2-428c-a403-aea38638cdce,7498dfa7-8a7b-40a3-855f-04c93558ca44,2025-02-02T13:11:00,1,0,0,0,1,0,1,0.0,0,0,99.0,13,6,1,0,0,3.0,2,1
8111261b-cfc3-4b5e-871b-36c3e6306d85,77328cba-6ede-4bbd-b0b3-4810c8e8f09e,6341951b-1b40-4f22-ac97-eccf0e828384,2025-02-02T14:07:00,1,1,1,0,1,1,0,1.0,1,1,112.0,14,6,1,0,0,4.0,1,1
7a7e1283-27fe-42af-acb7-a43959013f10,1165e327-489d-430a-9be8-467e1efd789d,6341951b-1b40-4f22-ac97-eccf0e828384,2025-02-02T14:08:00,1,1,1,0,1,1,1,1.0,2,2,171.0,14,6,1,0,0,4.0,1,1
2c51c302-01ca-4770-b181-0fe76bd26166,b2bf9e98-85b8-494e-b4cc-bd65231bcd14,6341951b-1b40-4f22-ac97-eccf0e828384,2025-02-02T14:11:00,1,0,1,1,1,1,1,0.0,2,0,134.0,14,6,1,0,0,4.0,1,1
6c7a5672-c28c-4f1f-893e-7bbde64a71cd,6a793798-198b-46b9-85cd-0ec03d79cc88,6341951b-1b40-4f22-ac97-eccf0e828384,2025-02-02T14:19:00,1,0,1,0,1,1,1,1.0,1,1,108.0,14,6,1,0,0,4.0,1,1
11bd933d-2fc3-42ed-b18e-9f95de5b36bf,9a08a817-eaf1-4182-9eb1-290121129ead,f7dbbc38-e6a0-4d7c-a5a7-3946a09f3f64,2025-02-02T19:22:00,1,1,1,0,1,1,1,0.5,2,1,365.0,19,6,1,0,0,3.0,3,1
6fb5d7ae-17ff-41ea-a1a9-5f625f0e5c43,445beb91-c8f4-47ed-b5c7-e8a70759c76b,f7dbbc38-e6a0-4d7c-a5a7-3946a09f3f64,2025-02-02T19:23:00,1,0,0,0,1,1,1,1.0,4,4,91.0,19,6,1,0,0,3.0,3,1
2351a6f1-047a-4a5a-b234-8615707dc43f,2f38acd6-86c3-4ffd-b869-1117ac2e0be7,170cc392-44fd-45d1-ac70-c320cdd7c0bf,2025-02-03T02:25:00,0,0,1,0,1,1,0,0.0,2,0,365.0,2,0,0,1,0,3.0,0,0
66727f0d-fc2b-4dcf-a0ad-2828c3547fe2,feca2cc5-9c28-40c7-8543-ca69b34076e3,170cc392-44fd-45d1-ac70-c320cdd7c0bf,2025-02-03T02:27:00,1,0,1,0,1,0,1,1.0,3,3,365.0,2,0,0,1,0,3.0,0,0
1e81f326-5bb9-41c6-8ecc-efddbb3d775a,643a2cfd-c940-4060-89e8-05b38ecebd84,170cc392-44fd-45d1-ac70-c320cdd7c0bf,2025-02-03T02:34:00,1,0,1,0,1,1,1,1.0,2,2,157.0,2,0,0,1,0,3.0,0,0
5a53a136-a582-4839-a28a-4619ac3fa730,4f92c3e6-e44d-4309-b4ad-e6eaf75dd28f,170cc392-44fd-45d1-ac70-c320cdd7c0bf,2025-02-03T02:35:00,1,0,1,0,1,1,1,0.0,0,0,365.0,2,0,0,1,0,3.0,0,0
9c6ccb19-8690-4d5d-b39e-fce7638e2e4c,28309fde-6955-4852-ae11-f09951df357a,208e523f-357f-4b8b-9f61-b84e56e5349b,2025-02-03T03:26:00,1,0,0,0,1,1,1,0.0,0,0,193.0,3,0,0,1,0,1.0,2,1
ae87c7c5-fa90-49fb-824d-bff7169b423a,afa47c4e-62b3-4586-9824-3169d0ae4f73,208e523f-357f-4b8b-9f61-b84e56e5349b,2025-02-03T03:28:00,1,1,1,0,1,1,1,0.6667,3,2,365.0,3,0,0,1,0,1.0,2,1
44c3ad43-dc66-4555-9a7f-4a05c84d3122,4b933cd5-19a8-4e2e-8322-78978d1bb4b2,208e523f-357f-4b8b-9f61-b84e56e5349b,2025-02-03T03:30:00,0,1,1,0,1,0,1,1.0,1,1,365.0,3,0,0,1,0,1.0,2,1
fea2c70c-6a76-459e-8aed-643d0d0a5b88,f2f92179-5d28-4944-970e-4735cb6d6a92,208e523f-357f-4b8b-9f61-b84e56e5349b,2025-02-03T03:31:00,1,0,0,0,1,1,0,0.6667,3,2,122.0,3,0,0,1,0,1.0,2,1
b65d0bb4-a77d-4775-8093-5e42713264f9,20973b43-2cf6-456f-b7bc-c097d6343c32,208e523f-357f-4b8b-9f61-b84e56e5349b,2025-02-03T03:32:00,0,0,0,0,1,1,0,0.5,2,1,365.0,3,0,0,1,0,1.0,2,1
598a2dda-334c-4082-880d-c96d6a997e24,ffd6e179-bce4-414a-9aef-db47a3caea86,7aadeefe-b117-4788-beec-a4ffcd6672ad,2025-02-03T23:21:00,1,1,1,0,1,0,1,0.0,2,0,442.0,23,0,0,1,0,2.0,1,1
84edf1a1-1db0-400d-8fdb-3ed634de7ca1,f63c50b9-9712-4146-b62f-580951ca12c3,7aadeefe-b117-4788-beec-a4ffcd6672ad,2025-02-03T23:22:00,1,1,1,0,0,1,0,1.0,1,1,69.0,23,0,0,1,0,2.0,1,1
d52a8f74-9d5a-4f33-a636-1e7ee3fd8691,4e738475-88e6-4df8-90b2-45dacfb7c6e2,7aadeefe-b117-4788-beec-a4ffcd6672ad,2025-02-03T23:22:00,1,1,1,0,1,1,1,1.0,2,2,365.0,23,0,0,1,0,2.0,1,1
c982e03a-16aa-4f81-a40c-45216816632f,5a9cd770-f74a-4cdd-87d0-646aa0e13b89,7aadeefe-b117-4788-beec-a4ffcd6672ad,2025-02-03T23:23:00,1,0,0,0,1,1,1,0.4,5,2,187.0,23,0,0,1,0,2.0,1,1
61c4b49e-c23e-47aa-ad5f-dce3c5f77d3d,5053490e-deb6-4adb-911f-6fcef3832803,7aadeefe-b117-4788-beec-a4ffcd6672ad,2025-02-03T23:24:00,0,0,0,0,1,1,1,0.0,0,0,186.0,23,0,0,1,0,2.0,1,1
e50d205a-f253-4b25-93aa-fbcc15b8e8c9,afa47c4e-62b3-4586-9824-3169d0ae4f73,03a81a6b-9c16-4b2f-bf34-68d25ec1a344,2025-02-03T23:26:00,1,1,1,0,1,1,1,0.75,4,3,365.0,23,0,0,1,0,2.0,2,1
8db5d780-7a4c-4a72-bf4b-7cc69887f686,d6b5ae43-d86a-4b5f-abd6-b4e06091ee44,03a81a6b-9c16-4b2f-bf34-68d25ec1a344,2025-02-03T23:29:00,1,1,1,0,1,1,1,1.0,5,5,466.0,23,0,0,1,0,2.0,2,1
da135e33-5a94-4be1-82d8-9e924a207618,3e5bcb3e-d421-4d2e-b8ee-6482c43242d7,03a81a6b-9c16-4b2f-bf34-68d25ec1a344,2025-02-03T23:30:00,1,1,1,0,1,1,0,1.0,1,1,94.0,23,0,0,1,0,2.0,2,1
2719beed-f903-4501-9ee7-11cfc2d55da4,bf8e736f-22d8-4087-bff3-6507e937c56f,03a81a6b-9c16-4b2f-bf34-68d25ec1a344,2025-02-03T23:36:00,1,0,0,0,1,0,1,1.0,1,1,171.0,23,0,0,1,0,2.0,2,1
15f01e64-13aa-4366-9820-1f2abb26a565,ea9269ef-352d-4ec8-93a1-f6e436740b10,03a81a6b-9c16-4b2f-bf34-68d25ec1a344,2025-02-03T23:37:00,0,1,1,0,0,0,0,1.0,1,1,365.0,23,0,0,1,0,2.0,2,1
6a2c14b3-917d-48fa-be1c-9bdcafd973cb,2bc00f4d-1415-492e-ab45-855a39d62175,475dab99-5609-464c-8846-0dbbc97989ac,2025-02-03T23:41:00,1,0,1,0,1,0,1,0.8333,6,5,144.0,23,0,0,1,0,2.0,3,1
5623c5a0-c121-4ad2-bf28-e8c191ef05e5,3eeabab8-191e-4745-993a-32c183d79d3c,475dab99-5609-464c-8846-0dbbc97989ac,2025-02-03T23:44:00,1,0,1,0,1,1,1,1.0,1,1,365.0,23,0,0,1,0,2.0,3,1
e78808b8-f303-4db8-9b8a-1864601a9e88,c436515f-d954-43ab-83ea-71d7b85b1ab2,475dab99-5609-464c-8846-0dbbc97989ac,2025-02-03T23:48:00,1,1,1,0,1,1,1,0.0,0,0,88.0,23,0,0,1,0,2.0,3,1
8855633b-3120-4690-b0fa-45638bf45607,c1c99edc-e331-448e-a7ab-7b7fcb4ae4e7,475dab99-5609-464c-8846-0dbbc97989ac,2025-02-03T23:50:00,1,0,1,1,1,1,1,1.0,1,1,219.0,23,0,0,1,0,2.0,3,1
399f34df-7543-435d-b3d2-b8174ace6144,6c42715a-7792-4ae5-bd27-72ddeffdf209,475dab99-5609-464c-8846-0dbbc97989ac,2025-02-03T23:51:00,1,0,1,0,1,1,1,1.0,1,1,73.0,23,0,0,1,0,2.0,3,1
91f5acc6-ca27-4d6d-8180-6afdce8a0677,ba816062-c1ac-43da-97de-4c1216324bb5,367dbf3a-b42b-4dc8-bf5c-92298eff737f,2025-02-04T03:11:00,0,0,0,0,1,1,1,1.0,2,2,144.0,3,1,0,1,0,3.0,3,1
e171f665-1077-4404-8485-5c54bd33ce05,f6556829-5e66-4e5a-aff5-3233c86566a8,367dbf3a-b42b-4dc8-bf5c-92298eff737f,2025-02-04T03:15:00,1,0,0,0,1,0,1,0.0,0,0,131.0,3,1,0,1,0,3.0,3,1
cc73551e-ef46-403b-9c68-6834739c7c70,0163ca09-1636-4809-8246-282d82afd3a3,367dbf3a-b42b-4dc8-bf5c-92298eff737f,2025-02-04T03:17:00,1,0,1,0,0,0,0,0.0,4,0,199.0,3,1,0,1,0,3.0,3,1
ad965070-1127-4e60-ad76-e04ed155c7d2,02ab37f8-95ba-4069-b113-066bd5d1f267,367dbf3a-b42b-4dc8-bf5c-92298eff737f,2025-02-04T03:21:00,0,0,1,0,1,0,0,0.0,4,0,267.0,3,1,0,1,0,3.0,3,1
aa0361a0-aba1-484d-8697-bb9e344f9bdc,a1bc2676-aad3-49f3-9131-e812c904d689,a0970bbb-cfb2-40f6-a916-70f840cfb502,2025-02-04T16:27:00,1,0,0,0,0,1,1,0.5,2,1,321.0,16,1,0,0,1,2.0,3,1
13415b10-46ef-4457-acd2-dcd42250ff2f,e0e3fb99-db30-4123-b346-7f11de4197c6,a0970bbb-cfb2-40f6-a916-70f840cfb502,2025-02-04T16:28:00,1,0,0,0,1,1,1,0.5,2,1,260.0,16,1,0,0,1,2.0,3,1
d55a739d-58dd-4832-a95f-0297a19ababf,00924f36-733f-4345-a507-751101551a9c,a0970bbb-cfb2-40f6-a916-70f840cfb502,2025-02-04T16:30:00,1,0,0,0,1,1,1,1.0,1,1,157.0,16,1,0,0,1,2.0,3,1
63960a8c-70cf-460a-a99d-1f086f066388,c436515f-d954-43ab-83ea-71d7b85b1ab2,a0970bbb-cfb2-40f6-a916-70f840cfb502,2025-02-04T16:34:00,1,0,0,0,1,1,1,1.0,1,1,89.0,16,1,0,0,1,2.0,3,1
e60857e7-27f6-4a3f-bbb3-a9e19ddcbc53,1b1c6a4c-9521-43d0-af56-40e628a2cb1d,a0970bbb-cfb2-40f6-a916-70f840cfb502,2025-02-04T16:36:00,1,0,0,0,1,1,1,0.6667,3,2,261.0,16,1,0,0,1,2.0,3,1
db719cea-c39c-4f71-b5fd-0b73d5c5d7cf,5e1e8005-4458-440a-9d56-64d0e7c3e96b,e2529a9f-34f8-4e11-9ec0-a2fe0ca53492,2025-02-04T17:29:00,0,0,0,0,0,1,1,0.5,2,1,157.0,17,1,0,0,1,1.0,0,1
7da29d83-4eef-4667-a9f8-31e3ec4eac99,3e6e3033-9a9c-4988-9e45-362e43ee98e6,e2529a9f-34f8-4e11-9ec0-a2fe0ca53492,2025-02-04T17:30:00,1,0,1,1,1,1,1,1.0,3,3,631.0,17,1,0,0,1,1.0,0,1
a654260b-bd3c-4e27-89e8-d2c35e1d63b6,7fe949fd-61b1-475a-8c19-580e4b0b98a7,42bd63f0-d49d-4173-b769-b44e84fdf81d,2025-02-04T19:25:00,1,0,0,0,1,1,1,0.4,5,2,132.0,19,1,0,0,0,3.0,2,1
aa15d415-eb88-48d1-8f8a-fcd65208d6b1,d9bd2841-036c-4f1f-91b6-419ea0458f8e,42bd63f0-d49d-4173-b769-b44e84fdf81d,2025-02-04T19:25:00,0,0,0,0,1,1,0,1.0,3,3,143.0,19,1,0,0,0,3.0,2,1
ca24d05f-975a-4f07-b8c6-322005696881,3e6e3033-9a9c-4988-9e45-362e43ee98e6,42bd63f0-d49d-4173-b769-b44e84fdf81d,2025-02-04T19:25:00,1,0,1,1,1,1,1,1.0,4,4,631.0,19,1,0,0,0,3.0,2,1
efbffc7b-ccfb-449b-84cc-03b44eea8ae2,4b933cd5-19a8-4e2e-8322-78978d1bb4b2,42bd63f0-d49d-4173-b769-b44e84fdf81d,2025-02-04T19:28:00,1,1,1,0,1,0,1,0.5,2,1,365.0,19,1,0,0,0,3.0,2,1
37c4e824-d18b-4e97-8e77-02eb98a75345,89b16628-7a7b-4967-800e-f441e05d2779,42bd63f0-d49d-4173-b769-b44e84fdf81d,2025-02-04T19:34:00,1,0,0,0,1,1,1,0.0,1,0,444.0,19,1,0,0,0,3.0,2,1
1229fa10-9bde-45f3-bda3-456640b4da6f,76c87fab-4634-487d-a03f-d4c7ee94749e,42bd63f0-d49d-4173-b769-b44e84fdf81d,2025-02-04T19:36:00,1,0,0,0,1,0,1,0.5,2,1,111.0,19,1,0,0,0,3.0,2,1
2d4bc3d9-4a1e-4c23-ad32-ce1b868272c3,6c841b96-0d6c-4d4f-a647-602aca520949,130689ec-0fb5-403d-93b8-276d909c3890,2025-02-04T21:21:00,0,0,0,0,1,0,1,0.5,2,1,283.0,21,1,0,0,0,1.0,3,1
23db188d-d5e1-4a7c-9d13-6c3e584d87b3,ffd6e179-bce4-414a-9aef-db47a3caea86,130689ec-0fb5-403d-93b8-276d909c3890,2025-02-04T21:22:00,1,0,0,0,1,0,1,0.3333,3,1,443.0,21,1,0,0,0,1.0,3,1
3b3b0c12-207d-41b2-98ff-6434fb3d5ac0,64af186a-4a5e-4d8e-8b52-ff4a3c5bc1ec,130689ec-0fb5-403d-93b8-276d909c3890,2025-02-04T21:27:00,1,0,0,0,1,1,1,1.0,1,1,240.0,21,1,0,0,0,1.0,3,1
8e6eff46-6040-4b89-9212-2cb13d02b5cf,62dcf5be-c7c7-4332-ba46-a97ff4593dd6,cb40dad0-8da9-4263-9ebf-bffd15e5c60c,2025-02-04T21:27:00,1,0,0,0,1,1,1,0.5,2,1,64.0,21,1,0,0,0,4.0,2,1
39a2ecc4-d670-4b88-b295-db935d9c2fc3,dbebf1a3-387d-417a-abcb-ebdd3d136562,cb40dad0-8da9-4263-9ebf-bffd15e5c60c,2025-02-04T21:29:00,0,0,1,0,1,1,1,0.0,0,0,157.0,21,1,0,0,0,4.0,2,1
6d8f2c9f-97c2-4155-8100-b018b724b110,4dbf9849-ac53-4f89-9962-e94bf0dccfbc,130689ec-0fb5-403d-93b8-276d909c3890,2025-02-04T21:34:00,1,1,1,1,1,1,1,0.5,2,1,365.0,21,1,0,0,0,1.0,3,1
eff5fed3-58b9-408f-836d-de39ea2e2a0e,3d9f3b15-c774-4537-9706-6a9c0ce3bcd0,cb40dad0-8da9-4263-9ebf-bffd15e5c60c,2025-02-04T21:37:00,1,1,1,0,1,1,0,1.0,2,2,102.0,21,1,0,0,0,4.0,2,1
869bfb12-93b3-438a-8d6f-3d8a7b7133c9,5ed79810-0c9b-4377-870c-58916ee465a7,cb40dad0-8da9-4263-9ebf-bffd15e5c60c,2025-02-04T21:39:00,0,1,1,0,1,0,1,0.5,4,2,365.0,21,1,0,0,0,4.0,2,1
0718d533-aa5e-47b5-8bf6-ca7a68487e4f,fe02ea3a-03d9-4d57-94a7-47e4a11e404f,cb40dad0-8da9-4263-9ebf-bffd15e5c60c,2025-02-04T21:40:00,1,0,0,0,1,1,1,0.6667,3,2,403.0,21,1,0,0,0,4.0,2,1
5f34080c-e9e7-49b3-b773-a38c5eca9d85,664b1167-88df-4fdd-afcb-3e9296fb4ad6,b0be38ee-d3a1-41c4-8c17-cbbaf78e432e,2025-02-05T01:50:00,1,0,0,0,1,1,1,1.0,4,4,162.0,1,2,0,1,0,6.0,3,1
39160bfe-98e7-40aa-b92b-81773195c8b4,b7b35df4-cc30-48d4-b856-21583b9c43c1,b0be38ee-d3a1-41c4-8c17-cbbaf78e432e,2025-02-05T02:00:00,1,0,1,0,1,1,1,1.0,1,1,405.0,2,2,0,1,0,6.0,3,1
50b76013-6b41-4dc6-a868-d640fbaa92e1,4d73646f-823d-4c1b-9fe9-150b22e01890,53b7f34d-a31d-4158-8ab3-b3a5482f1368,2025-02-05T09:49:00,1,1,1,0,1,1,0,1.0,2,2,365.0,9,2,0,0,1,2.0,1,1
db99251c-6313-47e4-b6a7-f36879377dff,83d13c8e-fd29-4343-bf35-4497b673a39d,53b7f34d-a31d-4158-8ab3-b3a5482f1368,2025-02-05T09:51:00,1,1,1,0,1,1,1,1.0,3,3,155.0,9,2,0,0,1,2.0,1,1
d458800d-56cc-4955-a9fd-a66f9d7ab036,b34b9ff4-c6a5-4e42-9619-75d5b29e68d4,53b7f34d-a31d-4158-8ab3-b3a5482f1368,2025-02-05T09:52:00,1,1,1,0,1,1,0,1.0,2,2,222.0,9,2,0,0,1,2.0,1,1
a4689106-2e93-4c72-b572-7419812f0176,02e664d4-0b6a-4921-9a18-18529c0b46fb,53b7f34d-a31d-4158-8ab3-b3a5482f1368,2025-02-05T09:53:00,0,1,1,0,1,1,1,1.0,1,1,365.0,9,2,0,0,1,2.0,1,1
5b60f126-a6a1-49ec-b3d5-4b78ad5801db,fdd10e56-22de-4a56-98b8-fcf4cc56744d,53b7f34d-a31d-4158-8ab3-b3a5482f1368,2025-02-05T09:56:00,1,0,0,0,1,1,1,0.3333,3,1,100.0,9,2,0,0,1,2.0,1,1
5b6366cd-536c-4a05-97dc-0476dd661313,74de697e-ecd0-4975-8057-f21088a888b4,53b7f34d-a31d-4158-8ab3-b3a5482f1368,2025-02-05T09:57:00,1,0,1,1,1,1,0,0.5,6,3,365.0,9,2,0,0,1,2.0,1,1
b0aaaadc-7bac-49af-aab3-b0c3d51fae65,f9c29be2-ddc0-4390-8bf7-68d4469a289f,afd6e803-244c-4f6d-a8c2-723628becff3,2025-02-05T23:53:00,1,0,0,0,1,0,1,1.0,1,1,365.0,23,2,0,1,0,6.0,1,1
30d5a114-782d-4658-a992-369798a0d23f,5ed79810-0c9b-4377-870c-58916ee465a7,afd6e803-244c-4f6d-a8c2-723628becff3,2025-02-05T23:56:00,0,0,0,0,1,0,1,0.4,5,2,365.0,23,2,0,1,0,6.0,1,1
6fe65526-a9ac-4a62-986b-1400c890816f,c5f535ca-0ce9-4d6a-9653-50c63468cb62,afd6e803-244c-4f6d-a8c2-723628becff3,2025-02-05T23:59:00,0,1,1,0,1,1,0,0.0,0,0,230.0,23,2,0,1,0,6.0,1,1
6f113a64-a17b-4a7d-aaa6-aa92253af409,03e883fa-634d-4ebc-8db3-ff97e5ec7eb2,afd6e803-244c-4f6d-a8c2-723628becff3,2025-02-06T00:04:00,1,0,0,0,0,1,0,0.0,0,0,199.0,0,3,0,1,0,6.0,1,1
699cfb3b-cdc0-4a63-b3a6-5a3e6684ec16,afa47c4e-62b3-4586-9824-3169d0ae4f73,41e5bfcb-dd8d-4649-9a1e-33b6a23ac901,2025-02-06T04:03:00,1,0,1,0,1,1,1,0.8,5,4,365.0,4,3,0,1,0,1.0,3,0
d7e3aa80-48e8-4c28-aec4-ee66dce6038b,29e49c87-bf5c-4e0a-844a-7ce3f4f2d13d,41e5bfcb-dd8d-4649-9a1e-33b6a23ac901,2025-02-06T04:06:00,1,0,0,0,1,1,1,1.0,3,3,119.0,4,3,0,1,0,1.0,3,0
4f85772d-f878-4f08-bfc4-8c4be0943a8b,4e738475-88e6-4df8-90b2-45dacfb7c6e2,41e5bfcb-dd8d-4649-9a1e-33b6a23ac901,2025-02-06T04:10:00,1,0,1,0,1,1,1,1.0,3,3,365.0,4,3,0,1,0,1.0,3,0
0a284b95-d93d-4570-9b36-98c922cc967c,d6b5ae43-d86a-4b5f-abd6-b4e06091ee44,41e5bfcb-dd8d-4649-9a1e-33b6a23ac901,2025-02-06T04:11:00,0,0,1,0,1,1,1,1.0,6,6,469.0,4,3,0,1,0,1.0,3,0
4ca9b8fc-269d-46c2-a332-83a5cc734580,bbaea4a2-227b-4e8f-9f8b-61615adfff9f,41e5bfcb-dd8d-4649-9a1e-33b6a23ac901,2025-02-06T04:11:00,1,0,1,0,1,1,1,1.0,1,1,109.0,4,3,0,1,0,1.0,3,0
40e05de4-4fe0-4c6d-b93c-9bf2424a7093,34dc13fa-a9a1-4b88-8692-d63511225a68,41e5bfcb-dd8d-4649-9a1e-33b6a23ac901,2025-02-06T04:13:00,1,0,1,0,1,1,1,1.0,2,2,281.0,4,3,0,1,0,1.0,3,0
da05c7ff-a09b-4218-809e-549e78333a30,0b51ced4-84e3-45ad-a67a-de86af260d64,bb2dbfb6-765e-48c3-b80e-20f78ceb79ed,2025-02-06T04:44:00,0,0,1,0,1,1,1,1.0,2,2,342.0,4,3,0,1,0,6.0,1,0
782f440e-4cb1-4ae7-bdb9-7538cf8aa13e,91080d43-a198-4089-b53a-109a95c5e635,bb2dbfb6-765e-48c3-b80e-20f78ceb79ed,2025-02-06T04:45:00,0,0,1,0,1,1,1,1.0,2,2,183.0,4,3,0,1,0,6.0,1,0
bdca765d-57d8-430b-8c38-4992b0e8e3aa,8a51ac8d-1598-4fa0-bf75-085c49cbc370,bb2dbfb6-765e-48c3-b80e-20f78ceb79ed,2025-02-06T04:46:00,1,1,1,0,1,1,1,0.6667,3,2,345.0,4,3,0,1,0,6.0,1,0
c320002a-89c9-4b89-bf68-43108e165cb4,67e602e6-39ad-4901-acb6-b01a84f70f34,bb2dbfb6-765e-48c3-b80e-20f78ceb79ed,2025-02-06T04:54:00,0,0,1,0,1,1,1,0.5,2,1,68.0,4,3,0,1,0,6.0,1,0
ae707f6b-6095-4638-88bd-08e260d91884,979e4feb-883b-4b84-a316-add5625c20c0,d89f9a03-c7e5-4203-ab52-4de642d06806,2025-02-06T16:30:00,1,1,1,0,1,1,1,1.0,3,3,75.0,16,3,0,0,1,4.0,0,1
8def5d8b-7d0c-4586-8b7f-ea4f68b96fee,caedcc90-6c34-4e03-8f0b-b86ff3cda6a7,d89f9a03-c7e5-4203-ab52-4de642d06806,2025-02-06T16:35:00,1,1,1,0,1,1,1,1.0,1,1,196.0,16,3,0,0,1,4.0,0,1
a746011e-72df-4b17-b892-4b7886e8d513,b2bf9e98-85b8-494e-b4cc-bd65231bcd14,d89f9a03-c7e5-4203-ab52-4de642d06806,2025-02-06T16:36:00,1,0,1,1,1,1,1,0.3333,3,1,138.0,16,3,0,0,1,4.0,0,1
84329b3d-696a-4fe8-8b20-8916d94cb7d0,972c2711-206c-49a4-b763-2a7319f31c08,d89f9a03-c7e5-4203-ab52-4de642d06806,2025-02-06T16:37:00,1,0,0,0,1,1,1,1.0,1,1,365.0,16,3,0,0,1,4.0,0,1
bb428f68-bae1-4d3f-85e9-b6433c279198,53ed2f86-5a3a-4240-86cc-9f9f609bdea0,d89f9a03-c7e5-4203-ab52-4de642d06806,2025-02-06T16:39:00,1,0,0,0,1,1,0,0.6667,3,2,160.0,16,3,0,0,1,4.0,0,1
aeccd380-43e0-4a8e-804c-424f2cad023b,909e8f9d-0127-4f44-9f4c-24a2e2b45782,d89f9a03-c7e5-4203-ab52-4de642d06806,2025-02-06T16:41:00,1,0,0,0,1,1,1,0.0,1,0,119.0,16,3,0,0,1,4.0,0,1
f04f749f-19a9-4705-a859-8693062ecaf1,5e1e8005-4458-440a-9d56-64d0e7c3e96b,3e040e70-6656-49af-81bf-f444b84aa192,2025-02-06T18:57:00,1,0,0,0,0,1,1,0.3333,3,1,159.0,18,3,0,0,0,2.0,0,1
b3303edb-0975-43af-89c5-c80886cfc7cd,2d8800e7-4323-4d12-918d-a987209ae260,3e040e70-6656-49af-81bf-f444b84aa192,2025-02-06T19:03:00,1,1,1,0,1,1,1,0.6667,3,2,76.0,19,3,0,0,0,2.0,0,1
a2d5236d-c351-49f9-8a31-9fff71862196,3fbab77f-078b-48d4-ab31-908df43ab95e,2a4fe49b-a7a2-4365-893e-986b1cb09a1a,2025-02-06T20:56:00,1,0,0,0,1,1,1,1.0,2,2,246.0,20,3,0,0,0,4.0,2,1
4e016f03-759e-4c08-87f6-4f9e308f7242,caedcc90-6c34-4e03-8f0b-b86ff3cda6a7,2a4fe49b-a7a2-4365-893e-986b1cb09a1a,2025-02-06T20:58:00,1,1,1,0,1,1,1,1.0,2,2,196.0,20,3,0,0,0,4.0,2,1
03416662-eef0-4596-9c92-ad9e56aa2764,985ab403-ddfd-47f6-9b98-9ce2f7dcd16e,2a4fe49b-a7a2-4365-893e-986b1cb09a1a,2025-02-06T21:01:00,1,0,1,1,1,1,0,1.0,3,3,149.0,21,3,0,0,0,4.0,2,1
ec047004-5d09-4be4-8679-fefe3ee3c291,40c6fe05-f02d-4157-ba15-09913e067c14,2a4fe49b-a7a2-4365-893e-986b1cb09a1a,2025-02-06T21:02:00,1,1,1,0,1,1,1,0.0,0,0,73.0,21,3,0,0,0,4.0,2,1
bdfe2a17-3ebe-47c4-8fbb-8a3a186e5393,5a1a919b-115a-40fc-ad8a-b6ffd35a23eb,ac937307-66e9-4e31-af30-7fe53ae7323b,2025-02-07T01:32:00,1,0,0,0,1,1,1,0.5,2,1,399.0,1,4,0,1,0,2.0,2,1
e153daba-5e2e-4931-9e04-b6e050e10872,6c25e2ff-8bc0-4abc-a978-052ba5e4650a,ac937307-66e9-4e31-af30-7fe53ae7323b,2025-02-07T01:32:00,1,0,0,0,1,1,1,1.0,5,5,144.0,1,4,0,1,0,2.0,2,1
9a9ddb69-e1d8-436b-b25f-ef6d0dd31391,fdd10e56-22de-4a56-98b8-fcf4cc56744d,ac937307-66e9-4e31-af30-7fe53ae7323b,2025-02-07T01:33:00,1,0,0,0,1,1,1,0.5,4,2,102.0,1,4,0,1,0,2.0,2,1
ff9ea4fe-b8ec-477d-ab35-6d97339cdb36,7dce07a7-bf0e-49d0-8e10-0fae45654bf0,ac937307-66e9-4e31-af30-7fe53ae7323b,2025-02-07T01:33:00,0,0,0,0,0,1,0,1.0,3,3,87.0,1,4,0,1,0,2.0,2,1
a0f9a2dc-bc49-4ec2-9a33-6364053342d0,4adfcc20-75f4-424d-8645-1ab7b11ade80,ac937307-66e9-4e31-af30-7fe53ae7323b,2025-02-07T01:36:00,0,0,0,0,1,1,1,1.0,3,3,141.0,1,4,0,1,0,2.0,2,1
a0c0a65f-d0b2-44ac-aa1f-5eb4981fb462,bf16397a-e456-456e-98bd-2730736c43f3,55bd962e-ab9c-404e-b761-664e63f1606a,2025-02-07T06:50:00,0,0,1,0,1,0,1,0.6667,3,2,158.0,6,4,0,0,0,6.0,2,1
2f78f8bf-9a43-4154-b1ba-a3ebc3979e88,9af05ac7-06a8-49dd-abb8-7a4c2f508938,55bd962e-ab9c-404e-b761-664e63f1606a,2025-02-07T06:57:00,1,0,0,0,1,0,1,0.6667,3,2,365.0,6,4,0,0,0,6.0,2,1
b700aa3a-7816-4f5e-982f-d7708b282e57,cc255119-86e4-43ad-b1f0-6c24ac17d920,55bd962e-ab9c-404e-b761-664e63f1606a,2025-02-07T07:02:00,1,1,1,0,1,1,1,1.0,2,2,365.0,7,4,0,0,0,6.0,2,1
ffca41f5-0ac0-4fe3-b8ee-6c59fe842b05,a9048c9b-4ff2-49a2-8387-544ccfc02e0e,659e6eec-3dde-49de-a05b-73eea379dbaa,2025-02-07T08:16:00,1,1,1,0,1,1,0,0.5,4,2,442.0,8,4,0,0,0,3.0,1,0
041fd87d-2827-48a6-910a-84ab466d8e70,2d67b8f1-6839-41a5-a4f9-ed87959a5394,659e6eec-3dde-49de-a05b-73eea379dbaa,2025-02-07T08:18:00,1,0,0,0,1,1,1,1.0,1,1,124.0,8,4,0,0,0,3.0,1,0
c9b29528-92c6-4684-b626-52f4c314c367,ef2b35e1-aedc-4a84-a9b0-5f90c4eca927,659e6eec-3dde-49de-a05b-73eea379dbaa,2025-02-07T08:19:00,0,0,0,0,1,1,0,0.0,1,0,365.0,8,4,0,0,0,3.0,1,0
fdfe6db8-835f-4e7e-9d95-3c149534f0a2,b452a2de-4232-41a0-814e-2651c197f192,659e6eec-3dde-49de-a05b-73eea379dbaa,2025-02-07T08:20:00,0,0,0,0,1,1,1,0.0,2,0,128.0,8,4,0,0,0,3.0,1,0
c05e0a8e-2b9c-4b3c-9138-e345d87042e0,1fac9453-e829-479d-ae5f-008babfc456d,0ed2e8f3-b860-42aa-a9fc-6be37abe04cb,2025-02-07T09:14:00,1,0,0,0,1,1,1,0.0,1,0,108.0,9,4,0,0,1,2.0,3,1
f843becd-60b6-4a0a-9cf0-f0cd379cd381,614d0845-b187-40ca-a14f-5c975fccd81c,0ed2e8f3-b860-42aa-a9fc-6be37abe04cb,2025-02-07T09:18:00,1,0,1,1,1,0,1,0.0,0,0,187.0,9,4,0,0,1,2.0,3,1
07fe8697-9676-4ccd-852e-1e5d478e7e93,82f273c1-a6d9-473e-b339-93f7a0379a64,0ed2e8f3-b860-42aa-a9fc-6be37abe04cb,2025-02-07T09:22:00,1,0,0,0,1,1,1,1.0,3,3,115.0,9,4,0,0,1,2.0,3,1
a28524b9-1632-4cce-9e65-03946f8adf40,b2bf9e98-85b8-494e-b4cc-bd65231bcd14,0ed2e8f3-b860-42aa-a9fc-6be37abe04cb,2025-02-07T09:23:00,1,0,1,1,1,1,1,0.5,4,2,139.0,9,4,0,0,1,2.0,3,1
015d9d00-d84c-43c6-9737-a796dff596ff,d74d726f-1a04-4093-9eb1-ae0ea06feb1c,a1b5ba7e-93b3-4423-bc41-57ee7ecdddf9,2025-02-07T09:43:00,1,0,0,0,1,0,1,0.5,4,2,365.0,9,4,0,0,1,2.0,1,1
80c80761-a158-4480-877f-72e222eb3320,dc070752-162d-4ca3-ae3a-25c40e32397b,a1b5ba7e-93b3-4423-bc41-57ee7ecdddf9,2025-02-07T09:45:00,1,0,0,0,1,1,1,0.6667,3,2,387.0,9,4,0,0,1,2.0,1,1
da2e46b4-55de-40d9-98ec-e65f11ccad22,309497b0-41ad-483a-a10a-7040ec34710d,a1b5ba7e-93b3-4423-bc41-57ee7ecdddf9,2025-02-07T09:47:00,1,0,0,0,1,1,0,0.0,2,0,177.0,9,4,0,0,1,2.0,1,1
2b8551b7-7bb6-4bd5-bc75-f217564e12cc,273ddb7f-7af3-44a5-b945-f6705e9f338f,a1b5ba7e-93b3-4423-bc41-57ee7ecdddf9,2025-02-07T09:51:00,1,0,0,0,1,1,0,0.5,2,1,153.0,9,4,0,0,1,2.0,1,1
6b91aead-1b0b-4b3f-8596-f66e3931f338,979b5d05-d629-42eb-925c-ca3d093ceaca,a1b5ba7e-93b3-4423-bc41-57ee7ecdddf9,2025-02-07T09:52:00,1,0,0,0,1,1,1,1.0,2,2,227.0,9,4,0,0,1,2.0,1,1
4feb62a1-57cd-4024-a394-b70d2efc38bc,887c04b7-3558-4cd6-b634-cf5a4cd93877,a1b5ba7e-93b3-4423-bc41-57ee7ecdddf9,2025-02-07T09:55:00,1,0,0,0,1,1,1,1.0,3,3,365.0,9,4,0,0,1,2.0,1,1
5eafa6d7-30b5-4c07-abc5-7e9b7e072152,103eb3c6-8619-4c37-b55b-6a3438e71b7a,e82f31cf-c3b5-431a-9175-ce8ebb6359d1,2025-02-07T15:33:00,0,0,0,0,0,1,0,0.0,2,0,78.0,15,4,0,0,1,4.0,3,1
7a5f45b3-0495-4edc-8271-547a032effe6,ab824e7b-6c52-415c-9b45-3252ae8f2969,e82f31cf-c3b5-431a-9175-ce8ebb6359d1,2025-02-07T15:33:00,0,0,0,0,1,1,1,1.0,3,3,119.0,15,4,0,0,1,4.0,3,1
e2bd21a1-9376-42d5-ab40-1b8fc11875ba,f09d1541-147b-4b19-b485-f9ad246bf702,e82f31cf-c3b5-431a-9175-ce8ebb6359d1,2025-02-07T15:34:00,1,0,0,0,1,1,1,1.0,1,1,68.0,15,4,0,0,1,4.0,3,1
da5e9eb9-fa85-4a86-b183-98d601089718,cf15cd3c-d017-49b8-af4a-bd4471976dd4,e82f31cf-c3b5-431a-9175-ce8ebb6359d1,2025-02-07T15:46:00,1,1,1,0,1,1,1,1.0,1,1,282.0,15,4,0,0,1,4.0,3,1
97e2c9a5-d945-4bb9-bd98-828f03467ca2,6c5114ec-b8e2-4c74-8e20-93ded422c3b1,5f763cc2-5e15-48f2-884d-9a80d72366f0,2025-02-07T17:31:00,0,1,1,0,1,0,0,0.5,2,1,78.0,17,4,0,0,1,4.0,2,0
17646237-b712-484b-ad45-3e7c9a8e841e,e00b0ffc-7f24-4a41-8150-e710ef1d3730,5f763cc2-5e15-48f2-884d-9a80d72366f0,2025-02-07T17:32:00,1,0,0,0,1,1,1,1.0,1,1,318.0,17,4,0,0,1,4.0,2,0
7b767e64-d310-4d69-b5ad-9229a15bac92,dd1ab9ef-a26d-487b-9f4e-071ae247a999,5f763cc2-5e15-48f2-884d-9a80d72366f0,2025-02-07T17:33:00,0,0,0,0,1,1,1,1.0,2,2,276.0,17,4,0,0,1,4.0,2,0
5e9177ce-a20a-4304-9def-fbe04f0b602e,6ba5036b-8e59-4341-9bc3-f959ef8d8360,5f763cc2-5e15-48f2-884d-9a80d72366f0,2025-02-07T17:35:00,1,0,0,0,1,1,1,1.0,1,1,365.0,17,4,0,0,1,4.0,2,0
96b3308c-f7ab-4d01-ad19-b03efef394ce,2ae377b5-178c-428d-8503-302dc4d6f806,5f763cc2-5e15-48f2-884d-9a80d72366f0,2025-02-07T17:36:00,1,0,0,0,1,1,1,0.0,0,0,313.0,17,4,0,0,1,4.0,2,0
a7ad5ed1-0991-4793-800b-5cbcb656983a,126fbc28-6b03-407e-b020-19175754625a,45476e2e-4a1f-4c48-88ec-14571e44ecc5,2025-02-07T18:44:00,1,1,1,0,1,1,1,0.0,0,0,192.0,18,4,0,0,0,4.0,2,1
91fc4079-769d-490c-8a53-c79b433725be,979b5d05-d629-42eb-925c-ca3d093ceaca,45476e2e-4a1f-4c48-88ec-14571e44ecc5,2025-02-07T18:49:00,1,0,0,0,1,1,1,1.0,3,3,227.0,18,4,0,0,0,4.0,2,1
66896b7c-04b3-4089-ae51-78a16a5081ae,7874fffd-6a3d-4885-92ad-f115c4f7779f,45476e2e-4a1f-4c48-88ec-14571e44ecc5,2025-02-07T18:54:00,1,0,0,0,1,1,1,0.6667,3,2,365.0,18,4,0,0,0,4.0,2,1
617c002a-eb40-427f-a749-74c2a224573f,2e3af94c-8ff5-4a35-ac8a-571d4fa070d4,c9af6455-97d7-4e76-b2be-942b05bbc9c9,2025-02-07T19:41:00,1,1,1,0,1,1,1,0.5,4,2,365.0,19,4,0,0,0,4.0,0,1
ff9649bb-d0f3-4ef6-9fe4-a8bde6db92a8,28309fde-6955-4852-ae11-f09951df357a,c9af6455-97d7-4e76-b2be-942b05bbc9c9,2025-02-07T19:49:00,0,0,0,0,1,1,1,1.0,1,1,197.0,19,4,0,0,0,4.0,0,1
68864783-cd29-48e0-be5d-14eb32343a78,d0a96683-1429-46b7-a70f-c0a765bdce73,c9af6455-97d7-4e76-b2be-942b05bbc9c9,2025-02-07T19:50:00,1,0,1,0,1,1,1,1.0,1,1,124.0,19,4,0,0,0,4.0,0,1
32bb527f-4fd9-4bf1-a6a7-320a90071ea4,628e4e35-5853-4d59-b32f-4056b7e3e27b,c9af6455-97d7-4e76-b2be-942b05bbc9c9,2025-02-07T19:51:00,1,0,1,0,1,0,1,0.5,2,1,365.0,19,4,0,0,0,4.0,0,1
ccb21c6e-84e3-4fe5-adb1-7fa08b3684d2,64333604-4c8c-43e1-a6e9-7c4582414c02,c9af6455-97d7-4e76-b2be-942b05bbc9c9,2025-02-07T19:54:00,1,0,1,0,1,1,1,1.0,2,2,175.0,19,4,0,0,0,4.0,0,1
3e0cc056-c2cb-4cbb-be96-2e70016a50b2,01980ae7-4a49-4fe8-b3d2-6850ed621b41,7961cc07-d7d5-49dd-9d42-d3ddcf5b6b67,2025-02-08T00:56:00,1,1,1,0,1,1,1,0.0,0,0,252.0,0,5,1,1,0,2.0,2,1
2ff9d4a4-8f87-4e1d-8a4a-55df91791a7b,346ece9f-9eed-4c58-95d7-1c3e38d7cceb,7961cc07-d7d5-49dd-9d42-d3ddcf5b6b67,2025-02-08T00:59:00,1,0,0,0,1,1,1,1.0,1,1,365.0,0,5,1,1,0,2.0,2,1
4bf43a90-0dfb-483c-a380-0f155f9837f1,c1c99edc-e331-448e-a7ab-7b7fcb4ae4e7,7961cc07-d7d5-49dd-9d42-d3ddcf5b6b67,2025-02-08T01:04:00,1,0,1,1,1,1,1,1.0,2,2,224.0,1,5,1,1,0,2.0,2,1
c9f91b36-b24c-4bd0-8194-65c2ebf698fa,8a51ac8d-1598-4fa0-bf75-085c49cbc370,699d1660-543f-455a-9308-49b224aeb5c4,2025-02-08T06:45:00,1,0,0,0,1,1,1,0.75,4,3,347.0,6,5,1,0,0,2.0,1,0
8304bc44-c8fb-4650-bd72-2617d5bfae16,0f830c26-3d4f-4cf5-81cf-08041535d161,699d1660-543f-455a-9308-49b224aeb5c4,2025-02-08T06:47:00,0,0,0,0,1,0,1,1.0,3,3,133.0,6,5,1,0,0,2.0,1,0
4b9c3b13-8acb-4aeb-a7e5-2e5996f13817,088b5742-8640-45a5-9823-8486f1015782,699d1660-543f-455a-9308-49b224aeb5c4,2025-02-08T06:49:00,1,1,1,0,1,1,0,1.0,2,2,388.0,6,5,1,0,0,2.0,1,0
ca2080b4-4137-45e8-99c1-62cc1577f759,a14bd188-163c-4039-b950-9d6f9fd5a629,699d1660-543f-455a-9308-49b224aeb5c4,2025-02-08T06:49:00,0,0,0,0,1,1,0,1.0,2,2,106.0,6,5,1,0,0,2.0,1,0
957be5f2-d4ef-4d6b-9625-ab3d4cd7cdc4,1ee3aa44-6749-4c32-9bfe-c3306275fe48,e2d5268d-9d8a-4aec-86d6-5812fa28eb41,2025-02-08T06:56:00,1,1,1,0,1,1,1,1.0,4,4,119.0,6,5,1,0,0,3.0,2,1
f6c026aa-6824-48a8-90ec-84f62811975f,d869910e-02c0-4d29-a1fd-9bdef530d653,e2d5268d-9d8a-4aec-86d6-5812fa28eb41,2025-02-08T06:59:00,1,1,1,0,1,0,1,0.8,5,4,365.0,6,5,1,0,0,3.0,2,1
0dab8e15-29a9-4700-b1f7-bb951869a127,4dbf9849-ac53-4f89-9962-e94bf0dccfbc,e2d5268d-9d8a-4aec-86d6-5812fa28eb41,2025-02-08T07:02:00,1,0,1,1,1,1,1,0.6667,3,2,365.0,7,5,1,0,0,3.0,2,1
85b065da-b49f-46f9-9244-bb6d54ec8533,a9192324-9347-4f6f-998a-20066ce0209e,e2d5268d-9d8a-4aec-86d6-5812fa28eb41,2025-02-08T07:03:00,0,0,0,0,1,1,0,0.0,0,0,262.0,7,5,1,0,0,3.0,2,1
ab210ce5-0337-4111-845c-3b81cfb4a3ce,cc255119-86e4-43ad-b1f0-6c24ac17d920,e2d5268d-9d8a-4aec-86d6-5812fa28eb41,2025-02-08T07:04:00,0,0,0,0,1,1,1,1.0,3,3,365.0,7,5,1,0,0,3.0,2,1
a8bd0cea-342b-42c9-8634-1605cfd1c932,273ddb7f-7af3-44a5-b945-f6705e9f338f,e2d5268d-9d8a-4aec-86d6-5812fa28eb41,2025-02-08T07:09:00,0,0,0,0,1,1,0,0.6667,3,2,154.0,7,5,1,0,0,3.0,2,1
54e94ae8-e2eb-4df0-b62c-7b6b69f8b02a,ed732f11-698a-40e6-8fab-9a1b078261d2,cdce3e49-f26e-492e-b85f-7f6614c29f02,2025-02-08T08:46:00,1,1,1,0,1,1,0,1.0,1,1,365.0,8,5,1,0,0,4.0,2,1
5c616d91-debc-415e-a0fe-4931bc563437,4076050c-ef30-4ae6-9a40-cdcec3cb6dd8,cdce3e49-f26e-492e-b85f-7f6614c29f02,2025-02-08T08:47:00,1,0,0,0,0,1,1,1.0,3,3,404.0,8,5,1,0,0,4.0,2,1
510ad401-18f1-432c-b1db-9c69adf827cd,ac84e25a-f305-4698-9545-957806397804,cdce3e49-f26e-492e-b85f-7f6614c29f02,2025-02-08T08:49:00,0,0,0,0,1,1,1,1.0,1,1,398.0,8,5,1,0,0,4.0,2,1
84c91e73-64eb-4b6a-ab4a-661f62e2236d,f6556829-5e66-4e5a-aff5-3233c86566a8,cdce3e49-f26e-492e-b85f-7f6614c29f02,2025-02-08T08:52:00,0,0,0,0,1,0,1,1.0,1,1,135.0,8,5,1,0,0,4.0,2,1
b207fb24-44e8-4281-84d6-0e58a51e7bca,56cb3f18-5215-48ce-a5e3-0cd1a2498d02,cdce3e49-f26e-492e-b85f-7f6614c29f02,2025-02-08T08:56:00,1,0,0,0,1,1,1,1.0,4,4,68.0,8,5,1,0,0,4.0,2,1
77852c7c-73ba-40a2-8c54-af3a61ab796c,1191fc52-63be-4740-bba1-06592a0f8eb5,41dba6c0-3829-4fde-a67c-b3f3857cd592,2025-02-08T11:25:00,1,1,1,0,1,1,1,1.0,1,1,88.0,11,5,1,0,0,2.0,2,1
d377bc8c-a710-4f2b-a74a-07e2d113a4d7,b822f3f2-bc12-474d-9f5a-b3cef19341f0,41dba6c0-3829-4fde-a67c-b3f3857cd592,2025-02-08T11:32:00,1,0,0,0,1,1,1,0.5,4,2,365.0,11,5,1,0,0,2.0,2,1
07c06c3f-612f-4ac0-b7fd-2e374525e31d,eca2c7b8-3bf7-4912-8e53-7666a464dbfc,41dba6c0-3829-4fde-a67c-b3f3857cd592,2025-02-08T11:34:00,1,0,0,0,1,1,1,0.0,0,0,182.0,11,5,1,0,0,2.0,2,1
9fec491c-3a80-49fb-91ce-ae8d23d6f624,78548b9a-a9e8-46f5-9d4b-45f2377b352b,41dba6c0-3829-4fde-a67c-b3f3857cd592,2025-02-08T11:34:00,1,0,0,0,1,0,1,1.0,1,1,302.0,11,5,1,0,0,2.0,2,1
40ad8a14-3213-4da8-af14-589584f9996f,309497b0-41ad-483a-a10a-7040ec34710d,41dba6c0-3829-4fde-a67c-b3f3857cd592,2025-02-08T11:36:00,0,0,0,0,1,1,0,0.3333,3,1,178.0,11,5,1,0,0,2.0,2,1
62a4f330-c725-4329-9993-3e869e725020,a1bc2676-aad3-49f3-9131-e812c904d689,2ad3fbb0-dd2c-46c8-b335-7a944099ea10,2025-02-08T12:42:00,1,0,0,0,0,1,1,0.6667,3,2,325.0,12,5,1,0,0,4.0,1,1
af83cb6f-b1f2-4089-8650-e9efc36106bc,02e664d4-0b6a-4921-9a18-18529c0b46fb,2ad3fbb0-dd2c-46c8-b335-7a944099ea10,2025-02-08T12:44:00,1,0,0,0,1,1,1,0.5,2,1,365.0,12,5,1,0,0,4.0,1,1
aa32d264-db67-40e6-b58d-a715233c1458,88dfaec5-4862-48de-a187-81674968acbd,2ad3fbb0-dd2c-46c8-b335-7a944099ea10,2025-02-08T12:45:00,1,0,0,0,1,1,1,0.0,0,0,365.0,12,5,1,0,0,4.0,1,1
1c35a5ff-1e3c-4d64-aa08-fd369b7c6470,a92ac821-12c7-40b8-bbb8-e287da0564eb,2ad3fbb0-dd2c-46c8-b335-7a944099ea10,2025-02-08T12:51:00,0,0,0,0,1,1,1,1.0,2,2,365.0,12,5,1,0,0,4.0,1,1
262befdf-8e2d-4661-bfde-7e2c3a5255c5,abdc90fb-c824-469f-8f0e-8dd72f8f977f,2ad3fbb0-dd2c-46c8-b335-7a944099ea10,2025-02-08T12:53:00,0,0,0,0,0,1,1,0.8333,6,5,367.0,12,5,1,0,0,4.0,1,1
ce0dc08c-1f0d-4317-b20e-f93519e83e2b,a5412686-ad1b-4800-b166-5b72f3faa02d,2ad3fbb0-dd2c-46c8-b335-7a944099ea10,2025-02-08T12:54:00,1,0,0,0,1,1,1,1.0,2,2,83.0,12,5,1,0,0,4.0,1,1
6348cb68-6ed7-4605-b8b9-aae6d96b57aa,e07bda41-053d-4aac-9836-2124ef24f237,6d1a08c9-a2cc-4f62-82a8-705ef5a0feeb,2025-02-08T23:28:00,0,1,1,0,1,1,1,1.0,2,2,92.0,23,5,1,1,0,3.0,3,1
79d7446c-dec0-4842-93e0-48b07e53cb50,8aadad3e-4591-4c88-a738-78b84530fbda,6d1a08c9-a2cc-4f62-82a8-705ef5a0feeb,2025-02-08T23:34:00,1,1,1,0,1,1,1,1.0,3,3,284.0,23,5,1,1,0,3.0,3,1
1c1be1aa-6735-4b10-ab5b-3aa40dde667d,6ea9a5eb-fa10-4a3a-b0ff-8ec7b4d27eff,6d1a08c9-a2cc-4f62-82a8-705ef5a0feeb,2025-02-08T23:38:00,1,0,0,0,1,1,1,1.0,1,1,365.0,23,5,1,1,0,3.0,3,1
9d6ba1a2-79a3-4d36-be24-00aa1f51f710,3e19e0d8-1f00-40bc-8358-1472a358eb9a,0c378270-37f1-4109-a1d9-9ed22441406e,2025-02-09T04:19:00,1,0,0,0,1,1,1,1.0,2,2,89.0,4,6,1,1,0,3.0,3,0
8e132d0b-36d5-47ce-bee9-02c4f835ad59,4e738475-88e6-4df8-90b2-45dacfb7c6e2,0c378270-37f1-4109-a1d9-9ed22441406e,2025-02-09T04:27:00,1,1,1,0,1,1,1,1.0,4,4,365.0,4,6,1,1,0,3.0,3,0
9bb6b207-729c-487c-991c-99d1a8ba9e5e,5805c9e4-e8a0-4c33-9ca3-70004d94c948,4d7cd9bd-6949-4f1a-9c37-75ca373ac248,2025-02-09T06:37:00,1,1,1,0,1,1,1,1.0,1,1,256.0,6,6,1,0,0,6.0,2,1
50e1091a-35c5-414b-bad4-8c49c1e07805,8149a5a0-b1e9-4bb0-a980-b7f5bdcb02a4,4d7cd9bd-6949-4f1a-9c37-75ca373ac248,2025-02-09T06:41:00,1,0,0,0,1,1,1,0.75,4,3,84.0,6,6,1,0,0,6.0,2,1
fc8e4db5-2a6c-4969-a5f5-c54372989a2b,1ee3aa44-6749-4c32-9bfe-c3306275fe48,2b3f4059-4ed8-40e9-87df-8b5350917de5,2025-02-09T06:41:00,0,1,1,0,1,1,1,1.0,5,5,120.0,6,6,1,0,0,2.0,1,1
a2a0fe32-2b62-4173-9a4f-69ca3f80bc1b,0a75681e-3c8c-4c6e-aee4-3ed6e64484f2,4d7cd9bd-6949-4f1a-9c37-75ca373ac248,2025-02-09T06:47:00,1,1,1,0,1,1,1,0.6667,3,2,330.0,6,6,1,0,0,6.0,2,1
c839d703-4e91-4aee-acc2-ef4d17e5ab7e,77222c64-5090-4b91-b802-e153a736f651,2b3f4059-4ed8-40e9-87df-8b5350917de5,2025-02-09T06:49:00,1,0,0,0,1,1,0,0.5,2,1,363.0,6,6,1,0,0,2.0,1,1
407262f9-9237-4a59-84fb-b83d34b7db21,8e7b58d3-fd28-4f41-ad6d-99b81fe9d484,2b3f4059-4ed8-40e9-87df-8b5350917de5,2025-02-09T06:50:00,1,0,0,0,1,1,1,0.0,1,0,272.0,6,6,1,0,0,2.0,1,1
0f518d45-b4ef-4478-a46b-d55f4dc43116,cf15cd3c-d017-49b8-af4a-bd4471976dd4,2b3f4059-4ed8-40e9-87df-8b5350917de5,2025-02-09T06:51:00,1,1,1,0,1,1,1,1.0,2,2,284.0,6,6,1,0,0,2.0,1,1
77d6980d-c6b4-4455-ac43-fcf0d31f0d31,bfe8f73a-9210-4c1c-b628-3cea7b8977ae,9418c574-0398-4435-afaf-dd4676ed65c0,2025-02-09T11:27:00,0,0,0,0,1,1,0,0.0,4,0,365.0,11,6,1,0,0,2.0,1,0
88d2bdd0-2e44-4730-a662-90a35d981986,12fc0202-67a8-417a-a936-b348c6432014,9418c574-0398-4435-afaf-dd4676ed65c0,2025-02-09T11:27:00,1,1,1,0,0,1,1,0.0,1,0,365.0,11,6,1,0,0,2.0,1,0
d9172021-10d2-4837-ba14-5b2d1fb768ea,4b933cd5-19a8-4e2e-8322-78978d1bb4b2,9418c574-0398-4435-afaf-dd4676ed65c0,2025-02-09T11:29:00,1,1,1,0,1,0,1,0.6667,3,2,365.0,11,6,1,0,0,2.0,1,0
2c652f60-b218-4c4f-ac5d-cd8bed9962d6,80faa51d-a2ac-468a-a4b0-b1c148fd10fe,9418c574-0398-4435-afaf-dd4676ed65c0,2025-02-09T11:31:00,1,0,0,0,1,1,1,0.5,2,1,141.0,11,6,1,0,0,2.0,1,0
80b15d16-ec7d-4b38-af2a-b7aae2a38f95,0db56994-7b77-4dee-bd9c-894ba39fcd46,9418c574-0398-4435-afaf-dd4676ed65c0,2025-02-09T11:32:00,1,1,1,0,1,1,0,1.0,3,3,130.0,11,6,1,0,0,2.0,1,0
30aba879-e7de-46cf-91a9-1ee6553aef51,2c3db408-b5ed-488b-889b-94d27474e75e,9418c574-0398-4435-afaf-dd4676ed65c0,2025-02-09T11:36:00,1,1,1,0,1,1,1,0.5,4,2,442.0,11,6,1,0,0,2.0,1,0
6f3eebba-0edb-4c66-9786-d97e7045dd07,4e738475-88e6-4df8-90b2-45dacfb7c6e2,4d146bdf-856c-42a8-82fd-bdef087124ed,2025-02-09T23:56:00,1,0,1,0,1,1,1,1.0,5,5,365.0,23,6,1,1,0,2.0,3,1
9b44b667-86ad-4214-8a32-945a7540f13b,bdc0370d-62f2-4b37-aaa3-b2871252b644,4d146bdf-856c-42a8-82fd-bdef087124ed,2025-02-09T23:57:00,1,0,1,0,1,1,1,1.0,1,1,365.0,23,6,1,1,0,2.0,3,1
d40e81d9-5d30-471f-a652-8cc7ca967bf8,309497b0-41ad-483a-a10a-7040ec34710d,4d146bdf-856c-42a8-82fd-bdef087124ed,2025-02-10T00:04:00,1,1,1,0,1,1,0,0.25,4,1,180.0,0,0,0,1,0,2.0,3,1
2a9c7a49-196e-4c32-bf6f-3aad3450419b,4be00de0-ff5a-454f-aca8-e915814cf135,4d146bdf-856c-42a8-82fd-bdef087124ed,2025-02-10T00:05:00,0,0,0,0,1,1,1,1.0,2,2,365.0,0,0,0,1,0,2.0,3,1
bb3acfda-b2ec-4201-b5b9-2d44b4d3fc4d,c9dc82a9-929e-4f50-b5b7-c81e47b0668c,38972174-f098-47ef-992d-330765b1513f,2025-02-10T01:45:00,0,0,0,0,1,1,0,1.0,1,1,108.0,1,0,0,1,0,1.0,1,0
ce85e5c5-eb76-4407-ad02-ed8e1a5abfea,972c2711-206c-49a4-b763-2a7319f31c08,38972174-f098-47ef-992d-330765b1513f,2025-02-10T01:45:00,1,0,0,0,1,1,1,1.0,2,2,365.0,1,0,0,1,0,1.0,1,0
6c066688-b778-4899-849a-4a8d2ff4c22f,93125440-01af-4643-ac94-7c4da12295ea,38972174-f098-47ef-992d-330765b1513f,2025-02-10T01:49:00,0,0,0,0,1,1,1,1.0,3,3,284.0,1,0,0,1,0,1.0,1,0
dbe2e3b0-c8a2-49bb-a3ea-366f3102a39c,0648f122-df82-42c1-b7a4-513681226246,38972174-f098-47ef-992d-330765b1513f,2025-02-10T01:49:00,0,0,0,0,1,1,1,0.0,1,0,88.0,1,0,0,1,0,1.0,1,0
92e8ffb9-6c61-4359-973b-82fc4b9c7af2,02ab37f8-95ba-4069-b113-066bd5d1f267,38972174-f098-47ef-992d-330765b1513f,2025-02-10T01:55:00,0,0,0,0,1,0,0,0.0,5,0,273.0,1,0,0,1,0,1.0,1,0
827bf031-9f9a-41f7-a22d-2dc4905f831d,77222c64-5090-4b91-b802-e153a736f651,21cd29bb-dd8c-43d7-9cc2-1b6fe6040276,2025-02-10T02:02:00,0,0,0,0,1,1,0,0.6667,3,2,364.0,2,0,0,1,0,1.0,3,1
fb88bfb0-6371-4c4b-b35d-a7a57a2d3924,caedcc90-6c34-4e03-8f0b-b86ff3cda6a7,21cd29bb-dd8c-43d7-9cc2-1b6fe6040276,2025-02-10T02:03:00,1,1,1,0,1,1,1,1.0,3,3,200.0,2,0,0,1,0,1.0,3,1
582c77df-340f-46a2-a624-125b6c7d9892,f4f6b626-e397-4f44-8dde-9d51ac118ff6,1e39c69c-aaef-4447-a399-3f7d42523f37,2025-02-10T04:30:00,1,1,1,0,1,1,1,0.0,0,0,262.0,4,0,0,1,0,3.0,0,1
41dee368-37c2-437e-84c6-b8dfa56b8ce5,b822f3f2-bc12-474d-9f5a-b3cef19341f0,1e39c69c-aaef-4447-a399-3f7d42523f37,2025-02-10T04:34:00,0,0,0,0,1,1,1,0.6,5,3,365.0,4,0,0,1,0,3.0,0,1
878c75b9-8ef0-46ca-a9ae-de292017149d,5ed79810-0c9b-4377-870c-58916ee465a7,1e39c69c-aaef-4447-a399-3f7d42523f37,2025-02-10T04:36:00,0,0,0,0,1,0,1,0.3333,6,2,365.0,4,0,0,1,0,3.0,0,1
0e168e92-aab1-4284-ba82-81f6fcb46253,35c97ba1-3b93-4844-a896-f8caf863e1ad,855c8af8-4ea6-4304-9d58-eab6d576a57d,2025-02-10T05:30:00,1,0,1,0,1,1,0,1.0,2,2,365.0,5,0,0,1,0,2.0,2,0
40184780-8aca-4aa4-9b8f-f13a99ba2823,c1a1cac9-8c8d-4709-b171-00b08bdbc45b,855c8af8-4ea6-4304-9d58-eab6d576a57d,2025-02-10T05:35:00,1,0,1,0,1,1,1,0.0,0,0,394.0,5,0,0,1,0,2.0,2,0
5954b581-a7b2-4ff6-83fe-ebc636fbe746,18663a26-c010-4e4e-8471-6194347da84d,655cf946-5566-4def-9938-ab31eecbc2fb,2025-02-10T06:53:00,1,0,0,0,1,1,1,0.8,5,4,365.0,6,0,0,0,0,1.0,2,1
fcd6ef74-3d97-4c45-862a-03764954990b,f3cd1be3-bc16-4a73-961d-f832dfb5f084,655cf946-5566-4def-9938-ab31eecbc2fb,2025-02-10T06:55:00,1,0,0,0,1,1,0,1.0,2,2,89.0,6,0,0,0,0,1.0,2,1
4c79eb4d-c1f9-4b17-8d24-3664b93e6320,3e6e3033-9a9c-4988-9e45-362e43ee98e6,655cf946-5566-4def-9938-ab31eecbc2fb,2025-02-10T06:58:00,0,0,1,1,1,1,1,1.0,5,5,637.0,6,0,0,0,0,1.0,2,1
72fafdbd-efb3-451e-84d8-841d8b2236b0,9ad5103d-928f-448b-903a-76f5be1dfa37,655cf946-5566-4def-9938-ab31eecbc2fb,2025-02-10T06:58:00,1,0,0,0,1,1,1,1.0,1,1,372.0,6,0,0,0,0,1.0,2,1
16ae50a7-4f2b-4b64-94f3-60fed0fd854c,97b426ef-09b1-4692-8010-6897b909efc6,655cf946-5566-4def-9938-ab31eecbc2fb,2025-02-10T07:03:00,1,0,0,0,1,0,1,0.5,2,1,85.0,7,0,0,0,0,1.0,2,1
66e77cc9-392c-47c5-a0e0-4573a5de04a9,94f4bd27-c237-4bb0-b104-cb7bb01c0fdc,b2760171-744e-453e-9896-bfe31dfc64d3,2025-02-10T07:13:00,1,0,1,0,0,1,0,0.0,0,0,514.0,7,0,0,0,0,6.0,2,1
7cdc80d2-04b5-4f15-836c-a89162fea36c,e5932f7a-3ade-43d3-b57c-3dd00eae2d48,b2760171-744e-453e-9896-bfe31dfc64d3,2025-02-10T07:13:00,1,1,1,0,0,1,1,0.0,0,0,111.0,7,0,0,0,0,6.0,2,1
05c5f6be-e765-4c9f-9ebe-a3fab77547a9,4c569839-3efa-4170-b6a4-f0a4d13d4639,3b02132c-3960-4c71-8cec-7c9a7687edba,2025-02-10T08:00:00,1,0,0,0,1,1,1,1.0,2,2,123.0,8,0,0,0,0,3.0,2,1
512b156d-692a-4cea-99bc-e8309027fe6e,6982ca50-e7c0-467d-8a70-8533e3077bd9,3b02132c-3960-4c71-8cec-7c9a7687edba,2025-02-10T08:02:00,1,1,1,0,1,1,1,1.0,1,1,365.0,8,0,0,0,0,3.0,2,1
f54d2ab2-a30b-4f02-8569-995b7ba40820,ab6072b4-0254-40d6-8861-f0f1506fcbb7,3b02132c-3960-4c71-8cec-7c9a7687edba,2025-02-10T08:03:00,1,0,0,0,1,1,1,0.6667,3,2,199.0,8,0,0,0,0,3.0,2,1
9667946f-47c2-468d-b4f3-a547b8ac89e6,74de697e-ecd0-4975-8057-f21088a888b4,3b02132c-3960-4c71-8cec-7c9a7687edba,2025-02-10T08:04:00,1,0,1,1,1,1,0,0.5714,7,4,365.0,8,0,0,0,0,3.0,2,1
8ecb30a8-7610-4747-b95c-2e4c74a26b0f,7724d47c-dcf0-4aba-a2e1-ec51d9d4eef2,3b02132c-3960-4c71-8cec-7c9a7687edba,2025-02-10T08:05:00,1,1,1,0,1,1,1,0.6,5,3,342.0,8,0,0,0,0,3.0,2,1
0c134cdc-f2d3-49c3-8945-4f0163aa426e,3eeabab8-191e-4745-993a-32c183d79d3c,3b02132c-3960-4c71-8cec-7c9a7687edba,2025-02-10T08:08:00,1,1,1,0,1,1,1,1.0,2,2,365.0,8,0,0,0,0,3.0,2,1
6f402e76-698f-40e1-83c5-2128263192ce,fe22cac5-c785-4cc2-a706-9b3cbd277ddf,b5afdf64-0940-472c-a2c9-960537793214,2025-02-10T09:53:00,1,0,1,0,1,1,1,1.0,2,2,264.0,9,0,0,0,1,2.0,0,1
ab0d2b0a-4a25-4dac-8974-a94ba97da833,aa432f38-de85-46c8-ad80-6b3373671c95,b5afdf64-0940-472c-a2c9-960537793214,2025-02-10T09:53:00,1,1,1,0,1,0,1,0.6,5,3,222.0,9,0,0,0,1,2.0,0,1
8e5f2b19-e0ed-4e27-8da0-be3530ad34dd,03eeb252-1e41-4f67-91f0-687b64393568,b5afdf64-0940-472c-a2c9-960537793214,2025-02-10T09:59:00,1,1,1,0,1,1,1,0.8571,7,6,129.0,9,0,0,0,1,2.0,0,1
f4ac2d9e-d72e-4c6e-a173-86e63cd26c23,97dbbf0c-d2b5-452c-b22a-e11e30701e99,b5afdf64-0940-472c-a2c9-960537793214,2025-02-10T10:03:00,1,0,1,1,0,0,1,0.5,2,1,178.0,10,0,0,0,1,2.0,0,1
cd8eea9d-d9ec-4b48-be52-0aa5b3d16143,e0cd5b09-11cd-4194-bf88-03edd17fe919,b5afdf64-0940-472c-a2c9-960537793214,2025-02-10T10:04:00,1,1,1,0,1,0,1,0.0,1,0,365.0,10,0,0,0,1,2.0,0,1
d4018e01-f3f1-4026-80f8-cd4dc5516b96,34dc13fa-a9a1-4b88-8692-d63511225a68,eb57bfec-8bc9-4ffc-b384-b272b188b362,2025-02-10T13:21:00,1,1,1,0,1,1,1,1.0,3,3,285.0,13,0,0,0,1,2.0,1,1
f8f74368-b547-476a-bea6-f021b5237523,57d21420-eb05-457e-8d19-6289775c7ce5,eb57bfec-8bc9-4ffc-b384-b272b188b362,2025-02-10T13:28:00,1,0,0,0,1,1,0,0.0,1,0,365.0,13,0,0,0,1,2.0,1,1
c57a3a20-db5d-428f-963d-0bd0aa0442bb,4b0c223e-3977-4c3a-96bc-a4febeb624c3,eb57bfec-8bc9-4ffc-b384-b272b188b362,2025-02-10T13:30:00,1,0,0,0,1,1,1,1.0,1,1,84.0,13,0,0,0,1,2.0,1,1
9f54f0cb-6528-4fa3-b853-53e3533a5067,dc3945d5-6321-4ff3-a949-9cc365303d45,eb57bfec-8bc9-4ffc-b384-b272b188b362,2025-02-10T13:34:00,0,1,1,0,1,0,1,0.75,4,3,106.0,13,0,0,0,1,2.0,1,1
85d1c584-67b0-4923-b539-8c36611057b7,bfe8f73a-9210-4c1c-b628-3cea7b8977ae,a529ac49-94ca-4fb9-9054-a4f5d07cd6ae,2025-02-10T14:49:00,0,0,0,0,1,1,0,0.0,5,0,365.0,14,0,0,0,1,2.0,2,1
6cc46e6d-7632-412c-91e4-7bf4a3b5eff9,12fc0202-67a8-417a-a936-b348c6432014,a529ac49-94ca-4fb9-9054-a4f5d07cd6ae,2025-02-10T14:52:00,1,1,1,0,0,1,1,0.5,2,1,365.0,14,0,0,0,1,2.0,2,1
a3247e6c-c271-4173-8d6c-1a27b1a1c85a,b16f7848-a2a4-4c2c-8a3b-0bf76ecdf857,a5bf481c-54f8-4d42-931f-1e86908c218d,2025-02-10T19:26:00,1,0,1,0,0,1,1,1.0,3,3,365.0,19,0,0,0,0,4.0,3,1
b777eeca-d202-4b7c-8ee9-7216510e1c43,9f966f0d-58e3-4b25-ab78-8fe097b30675,a5bf481c-54f8-4d42-931f-1e86908c218d,2025-02-10T19:27:00,1,1,1,0,1,1,1,1.0,2,2,125.0,19,0,0,0,0,4.0,3,1
447db895-5732-43c4-acd9-c32e0a50a1b9,8aadad3e-4591-4c88-a738-78b84530fbda,a5bf481c-54f8-4d42-931f-1e86908c218d,2025-02-10T19:31:00,0,0,1,0,1,1,1,1.0,4,4,286.0,19,0,0,0,0,4.0,3,1
1a86b10f-41ad-409d-9eb8-d232043c1993,f63c50b9-9712-4146-b62f-580951ca12c3,a5bf481c-54f8-4d42-931f-1e86908c218d,2025-02-10T19:33:00,1,0,1,0,0,1,0,1.0,2,2,76.0,19,0,0,0,0,4.0,3,1
7ca43ea0-0f08-48d6-ab4b-3ffbe1e7db83,f609cf6c-d0e4-48e5-9d6b-2cb379d2f51c,352e2565-47cc-4bec-b549-a22e4bb3e469,2025-02-10T22:15:00,1,1,1,0,1,1,1,1.0,4,4,365.0,22,0,0,1,0,2.0,2,1
acc948ae-3d06-4a04-aea4-bf80c0fd95af,afa47c4e-62b3-4586-9824-3169d0ae4f73,352e2565-47cc-4bec-b549-a22e4bb3e469,2025-02-10T22:19:00,1,1,1,0,1,1,1,0.8333,6,5,365.0,22,0,0,1,0,2.0,2,1
b1058aad-7575-495a-92a5-9ac770aac39c,b535926f-1249-45e1-8443-3898d91728ed,352e2565-47cc-4bec-b549-a22e4bb3e469,2025-02-10T22:21:00,0,0,0,0,1,1,0,0.0,1,0,108.0,22,0,0,1,0,2.0,2,1
b16527fc-2a14-4c91-9f0f-6e22fac1ca31,ea9269ef-352d-4ec8-93a1-f6e436740b10,352e2565-47cc-4bec-b549-a22e4bb3e469,2025-02-10T22:24:00,1,1,1,0,0,0,0,0.5,2,1,365.0,22,0,0,1,0,2.0,2,1
ffe7a6e1-53cd-4b56-ba4c-b37b239b1c63,126fbc28-6b03-407e-b020-19175754625a,352e2565-47cc-4bec-b549-a22e4bb3e469,2025-02-10T22:26:00,1,1,1,0,1,1,1,1.0,1,1,195.0,22,0,0,1,0,2.0,2,1
e767eba1-0bdf-4b5a-bcbc-2f30b4153a27,199debac-e563-46ab-8829-e7e1973cebc1,1505c26a-d3e0-4f3e-818c-e18909679a62,2025-02-11T00:55:00,0,0,0,0,0,1,1,1.0,1,1,349.0,0,1,0,1,0,4.0,2,0
1a512374-becc-4a0f-a741-c02cb0267ac7,c57abeef-b6d8-4cf7-ae50-3774b55c6768,1505c26a-d3e0-4f3e-818c-e18909679a62,2025-02-11T00:57:00,0,0,0,0,1,1,0,0.0,1,0,119.0,0,1,0,1,0,4.0,2,0
ae1d80ea-97dc-447d-8470-6e0450ea5335,bf16397a-e456-456e-98bd-2730736c43f3,1505c26a-d3e0-4f3e-818c-e18909679a62,2025-02-11T00:59:00,0,0,0,0,1,0,1,0.5,4,2,162.0,0,1,0,1,0,4.0,2,0
954a6bff-8603-47fe-87f4-704dce1c1e12,14dd9b4c-5ebc-4843-9f14-a7de9f6c0f44,95d74af1-d579-49dd-b846-80553294d70b,2025-02-11T01:15:00,1,1,1,0,1,1,1,0.75,4,3,169.0,1,1,0,1,0,1.0,3,1
7cbf9e8c-2294-4981-9e17-eec02955e42c,42ea4e92-f7aa-4bae-ab07-f79963ba71a1,95d74af1-d579-49dd-b846-80553294d70b,2025-02-11T01:18:00,1,0,0,0,0,1,1,1.0,3,3,254.0,1,1,0,1,0,1.0,3,1
db3b14c9-a8da-4580-b2af-ced012ab5eca,a77bcc83-4a3d-492d-bcd8-592aba88fc9d,eb4d83ef-e758-4ed0-9491-29779d6eb112,2025-02-11T01:38:00,0,0,0,0,1,0,1,0.5,2,1,84.0,1,1,0,1,0,2.0,0,1
4f5ee0d7-564e-4f8d-ae2b-bf894594de16,96b33493-7f4b-4752-a880-e07a1deccfc8,eb4d83ef-e758-4ed0-9491-29779d6eb112,2025-02-11T01:41:00,0,0,0,0,1,1,0,1.0,1,1,100.0,1,1,0,1,0,2.0,0,1
050efead-830f-40c7-a9e6-9084918003e6,aa432f38-de85-46c8-ad80-6b3373671c95,eb4d83ef-e758-4ed0-9491-29779d6eb112,2025-02-11T01:49:00,0,0,0,0,1,0,1,0.6667,6,4,223.0,1,1,0,1,0,2.0,0,1
72706eec-c664-412b-91d5-6e4eb699aa43,748bd135-2aa2-42af-9ae8-8edfadd6d30f,eb4d83ef-e758-4ed0-9491-29779d6eb112,2025-02-11T01:51:00,0,0,0,0,1,1,1,0.0,1,0,130.0,1,1,0,1,0,2.0,0,1
3e89bc80-3cee-411e-875e-1ce12197c5d4,deac09c6-92df-437d-890a-ec1f48406829,c7b1e2b2-20dc-4e58-b0e5-6f4636dee73d,2025-02-11T02:15:00,1,1,1,0,1,0,0,1.0,2,2,80.0,2,1,0,1,0,3.0,3,1
304417e0-61fb-4da5-9203-63e2327e39b2,28be837f-36ab-4fc3-b1d9-db1a3b881b02,c7b1e2b2-20dc-4e58-b0e5-6f4636dee73d,2025-02-11T02:16:00,1,0,0,0,1,1,1,1.0,1,1,86.0,2,1,0,1,0,3.0,3,1
004f3694-31fd-4adf-970f-fc828c9951e7,11955be9-03b2-4274-9002-7a2a5ae499a8,c7b1e2b2-20dc-4e58-b0e5-6f4636dee73d,2025-02-11T02:23:00,0,0,0,0,1,0,0,0.5,2,1,365.0,2,1,0,1,0,3.0,3,1
9d4fda5e-724f-4168-a64d-c9a1320b6883,f7f1655c-f8c2-4296-91c4-9f8f570ad765,c7b1e2b2-20dc-4e58-b0e5-6f4636dee73d,2025-02-11T02:23:00,1,0,0,0,1,1,1,1.0,2,2,76.0,2,1,0,1,0,3.0,3,1
4e9087a7-6cde-424e-aba1-ce29b15c05cc,877380d4-dd5d-4104-83fc-bdf86e194c54,c7b1e2b2-20dc-4e58-b0e5-6f4636dee73d,2025-02-11T02:28:00,0,1,1,0,1,1,1,1.0,3,3,140.0,2,1,0,1,0,3.0,3,1
d2c8e644-315c-426e-a180-4a2d4f26c590,cd532bc0-2367-446e-8e57-68c7cd6101f6,9f1768f7-cbc9-4ea3-9538-5d12b87cd47b,2025-02-11T08:08:00,1,1,1,0,1,1,1,0.6667,3,2,278.0,8,1,0,0,0,6.0,2,0
02182417-b627-4416-859c-42fea009d32e,97b426ef-09b1-4692-8010-6897b909efc6,9f1768f7-cbc9-4ea3-9538-5d12b87cd47b,2025-02-11T08:09:00,0,0,0,0,1,0,1,0.6667,3,2,86.0,8,1,0,0,0,6.0,2,0
26dcfdc5-3309-4762-a3d9-917adae24316,ab824e7b-6c52-415c-9b45-3252ae8f2969,9f1768f7-cbc9-4ea3-9538-5d12b87cd47b,2025-02-11T08:13:00,1,0,0,0,1,1,1,0.75,4,3,123.0,8,1,0,0,0,6.0,2,0
45543afd-e6b7-4d10-9aff-56c0348c4d9b,c52b0995-269e-4253-8965-8f14d5fd2b13,9f1768f7-cbc9-4ea3-9538-5d12b87cd47b,2025-02-11T08:14:00,0,0,0,0,0,1,0,0.0,1,0,323.0,8,1,0,0,0,6.0,2,0
20707399-f3fa-42d7-950c-81a9274a7ce1,dbebf1a3-387d-417a-abcb-ebdd3d136562,9f1768f7-cbc9-4ea3-9538-5d12b87cd47b,2025-02-11T08:15:00,0,1,1,0,1,1,1,0.0,1,0,164.0,8,1,0,0,0,6.0,2,0
422b0f3d-b2c3-43ac-a175-88f0029e4a3a,5e1e8005-4458-440a-9d56-64d0e7c3e96b,9f1768f7-cbc9-4ea3-9538-5d12b87cd47b,2025-02-11T08:17:00,1,0,0,0,0,1,1,0.5,4,2,164.0,8,1,0,0,0,6.0,2,0
50b140ba-a5c3-4f45-9ecf-ccc1e4354253,bbaea4a2-227b-4e8f-9f8b-61615adfff9f,66f9451f-8f5b-49ba-9334-6dbfdf791448,2025-02-11T09:50:00,1,0,1,0,1,1,1,1.0,2,2,114.0,9,1,0,0,1,3.0,3,1
313cec37-ff01-48a8-9237-2edef72ad4e6,6750ba86-aaa8-423d-a650-9ae8bc37d902,66f9451f-8f5b-49ba-9334-6dbfdf791448,2025-02-11T09:52:00,1,1,1,0,1,1,1,1.0,2,2,365.0,9,1,0,0,1,3.0,3,1
0d647889-9ca9-4e2d-9439-ad4c0b5a8fda,3a844307-c065-40ea-b773-262c476a0e2a,66f9451f-8f5b-49ba-9334-6dbfdf791448,2025-02-11T09:57:00,1,0,1,0,1,1,0,0.3333,3,1,109.0,9,1,0,0,1,3.0,3,1
7ee6c340-29bf-4362-a6b0-7146038dd88e,4adfcc20-75f4-424d-8645-1ab7b11ade80,66f9451f-8f5b-49ba-9334-6dbfdf791448,2025-02-11T09:57:00,1,1,1,0,1,1,1,0.75,4,3,145.0,9,1,0,0,1,3.0,3,1
4a56afa4-16e9-4243-834d-3799a1b7e305,6750ba86-aaa8-423d-a650-9ae8bc37d902,6f0efaa6-3a10-47f8-b197-4e11d778b63d,2025-02-11T15:00:00,0,0,0,0,1,1,1,1.0,3,3,365.0,15,1,0,0,1,3.0,1,0
70e9868a-635a-4846-9eed-fe34113e76d6,0ad41086-120a-480a-a25e-68be9c95144c,6f0efaa6-3a10-47f8-b197-4e11d778b63d,2025-02-11T15:00:00,1,0,0,0,1,1,1,1.0,2,2,365.0,15,1,0,0,1,3.0,1,0
1525cf9c-4ded-40a0-861f-66f6b3287455,258c585a-0983-4f1a-9632-3c358d253411,32d03cef-8079-47a7-bd00-a6b2388f0da8,2025-02-11T18:51:00,0,0,0,0,1,1,1,0.5,2,1,595.0,18,1,0,0,0,1.0,1,0
183a42fb-5098-4f07-ac86-7de81dbb4053,0239e706-289d-4498-9947-7818e4011dc0,32d03cef-8079-47a7-bd00-a6b2388f0da8,2025-02-11T18:53:00,0,0,0,0,1,0,1,0.5,2,1,113.0,18,1,0,0,0,1.0,1,0
e01ab8d2-a0c0-4a0a-af7a-1d9af500107e,e0e3fb99-db30-4123-b346-7f11de4197c6,32d03cef-8079-47a7-bd00-a6b2388f0da8,2025-02-11T18:53:00,1,1,1,0,1,1,1,0.6667,3,2,267.0,18,1,0,0,0,1.0,1,0
7fa08d94-2d6f-4656-8b8e-06093f07dc04,a88bf6b5-168a-42ee-bea7-b40defa21e24,32d03cef-8079-47a7-bd00-a6b2388f0da8,2025-02-11T18:58:00,0,0,0,0,1,1,1,1.0,4,4,79.0,18,1,0,0,0,1.0,1,0
9dbb5754-2b91-48c0-823e-daed05a0c1d9,90f0edf1-053b-433f-b7d0-041be1e882d4,ac25ef29-2c35-4465-86ba-440668055688,2025-02-11T21:56:00,1,0,1,0,1,1,0,0.0,2,0,231.0,21,1,0,0,0,2.0,2,0
3196750b-db1f-4e2a-86c1-b3eee97865b6,f4f6b626-e397-4f44-8dde-9d51ac118ff6,ac25ef29-2c35-4465-86ba-440668055688,2025-02-11T21:58:00,1,0,1,0,1,1,1,1.0,1,1,263.0,21,1,0,0,0,2.0,2,0
0795059a-bc70-4a59-a0fc-0edd95fcee22,543b149c-d59c-49f5-bb4f-e6ac6bd72dd3,ac25ef29-2c35-4465-86ba-440668055688,2025-02-11T22:04:00,0,0,1,0,1,0,1,1.0,2,2,127.0,22,1,0,1,0,2.0,2,0
a6db0645-3606-4ada-a7d4-3864a2cb1250,763f9657-b714-4ebf-a75d-03a0bd961883,ac25ef29-2c35-4465-86ba-440668055688,2025-02-11T22:08:00,1,0,1,0,1,1,1,1.0,3,3,639.0,22,1,0,1,0,2.0,2,0
0eaa3cbd-d38a-4074-9f57-289b22ba6225,2ca5443d-9c69-4b59-a783-d0c9ad1c7da7,8381d3ca-fe3c-4cbb-9cb1-b39c0cbf204d,2025-02-12T04:23:00,0,0,1,0,1,1,1,1.0,2,2,72.0,4,2,0,1,0,1.0,3,0
299071e3-f458-404f-b965-352c37aa4776,bf160ba0-ac86-4d11-b5e7-904beff9cc2d,8381d3ca-fe3c-4cbb-9cb1-b39c0cbf204d,2025-02-12T04:23:00,1,0,1,0,1,1,1,1.0,3,3,231.0,4,2,0,1,0,1.0,3,0
08a0b5e0-7d88-44ff-a3c8-92bb6fcf6cab,2361c7a1-b851-4b64-97aa-0cf019d4b69d,8381d3ca-fe3c-4cbb-9cb1-b39c0cbf204d,2025-02-12T04:27:00,1,0,1,0,0,1,1,1.0,2,2,219.0,4,2,0,1,0,1.0,3,0
a6d1e90c-5f31-4254-85a4-9c1db21af27d,c0eaa600-b15c-463a-b278-86b3ca57fd5c,32843fc4-cb6c-4266-9a26-820fe1af18a4,2025-02-12T04:57:00,0,0,0,0,1,1,1,1.0,3,3,75.0,4,2,0,1,0,2.0,1,1
d5582539-0c20-4d6d-9310-889d7e369281,afa47c4e-62b3-4586-9824-3169d0ae4f73,32843fc4-cb6c-4266-9a26-820fe1af18a4,2025-02-12T05:00:00,0,0,1,0,1,1,1,0.8571,7,6,365.0,5,2,0,1,0,2.0,1,1
0a064a0e-d8f5-4421-a40c-c71d471b5cb0,1bb18a0a-a6b4-48df-9096-d512f9773d9b,d3107006-d9ac-4ecb-b1b2-e2b18c04e5fa,2025-02-12T07:11:00,1,0,0,0,1,1,1,0.0,0,0,365.0,7,2,0,0,0,3.0,3,1
65763c8d-2882-483c-b015-31d5364d15e4,1dc62eea-d501-4cc2-8b28-21af417cd2bd,d3107006-d9ac-4ecb-b1b2-e2b18c04e5fa,2025-02-12T07:15:00,1,1,1,0,1,1,0,1.0,1,1,154.0,7,2,0,0,0,3.0,3,1
956a68f9-7728-4d24-9f83-5875ab149c25,7689a61a-5823-4dd9-8e3c-29c2d4415219,d3107006-d9ac-4ecb-b1b2-e2b18c04e5fa,2025-02-12T07:21:00,0,0,1,0,1,1,0,1.0,4,4,365.0,7,2,0,0,0,3.0,3,1
fe282153-2a19-41cf-adba-cb0b8ae2d514,0f830c26-3d4f-4cf5-81cf-08041535d161,d3107006-d9ac-4ecb-b1b2-e2b18c04e5fa,2025-02-12T07:21:00,1,1,1,0,1,0,1,0.75,4,3,137.0,7,2,0,0,0,3.0,3,1
ba3e34e3-e3f9-49f6-bc19-dc501e5a40c6,b822f3f2-bc12-474d-9f5a-b3cef19341f0,d3107006-d9ac-4ecb-b1b2-e2b18c04e5fa,2025-02-12T07:24:00,0,0,0,0,1,1,1,0.5,6,3,365.0,7,2,0,0,0,3.0,3,1
ee7b95fc-f6db-4e30-b4a9-8615dd800889,0163ca09-1636-4809-8246-282d82afd3a3,e8a37c41-c16c-4c23-afa0-028a2f17aa98,2025-02-12T08:11:00,1,1,1,0,0,0,0,0.2,5,1,207.0,8,2,0,0,0,1.0,0,1
e348abaa-5d41-45c5-95fc-f060c1cee980,748bd135-2aa2-42af-9ae8-8edfadd6d30f,e8a37c41-c16c-4c23-afa0-028a2f17aa98,2025-02-12T08:14:00,1,0,0,0,1,1,1,0.0,2,0,131.0,8,2,0,0,0,1.0,0,1
b66e20e3-d065-49b0-9660-78a86892f6f3,ed732f11-698a-40e6-8fab-9a1b078261d2,e8a37c41-c16c-4c23-afa0-028a2f17aa98,2025-02-12T08:19:00,1,1,1,0,1,1,0,1.0,2,2,365.0,8,2,0,0,0,1.0,0,1
efd9201c-4bba-4ee5-8099-c87f8532a3a5,96e372e4-86b2-4e68-b468-3cdf7686a490,bfa93c49-8ae6-4985-822a-69b8cc4583c9,2025-02-12T14:11:00,1,1,1,0,1,1,1,1.0,3,3,102.0,14,2,0,0,1,2.0,1,0
19c4eb64-dfdb-49d5-9327-e44bf41f83c0,d869910e-02c0-4d29-a1fd-9bdef530d653,bfa93c49-8ae6-4985-822a-69b8cc4583c9,2025-02-12T14:18:00,1,1,1,0,1,0,1,0.8333,6,5,365.0,14,2,0,0,1,2.0,1,0
7af84c65-b249-4170-a83f-aecdffacfa1e,265b1191-c474-4c10-b744-2accb997520e,8cb597b3-07d4-44fb-8f23-4d51b342caa7,2025-02-12T18:20:00,1,1,1,0,1,1,1,0.8333,6,5,276.0,18,2,0,0,0,1.0,2,1
0fa6c110-dd35-461e-af73-1a8dfcd1b87e,93125440-01af-4643-ac94-7c4da12295ea,8cb597b3-07d4-44fb-8f23-4d51b342caa7,2025-02-12T18:23:00,1,0,0,0,1,1,1,0.75,4,3,286.0,18,2,0,0,0,1.0,2,1
5912e561-15e3-469f-bf66-ada4f8356a5e,c5f535ca-0ce9-4d6a-9653-50c63468cb62,8cb597b3-07d4-44fb-8f23-4d51b342caa7,2025-02-12T18:25:00,1,0,1,0,1,1,0,0.0,1,0,237.0,18,2,0,0,0,1.0,2,1
43b566d3-4a07-4816-88da-87005e8f5ff8,f2f92179-5d28-4944-970e-4735cb6d6a92,233b4eb1-a183-4069-b5f9-053fd4588ffb,2025-02-12T19:00:00,1,0,1,0,1,1,0,0.75,4,3,131.0,19,2,0,0,0,4.0,1,1
90b53ade-ca12-40fa-bbdc-52c44c66c432,3d0574c0-08cf-44f2-89c9-b4b783a59644,233b4eb1-a183-4069-b5f9-053fd4588ffb,2025-02-12T19:01:00,1,0,1,0,1,1,1,0.0,0,0,95.0,19,2,0,0,0,4.0,1,1
5b9e61d9-7ba0-4fcd-8d44-31351eec3c8e,deac09c6-92df-437d-890a-ec1f48406829,233b4eb1-a183-4069-b5f9-053fd4588ffb,2025-02-12T19:02:00,1,0,1,0,1,0,0,1.0,3,3,81.0,19,2,0,0,0,4.0,1,1
7e18b0c7-8ec0-403a-b648-820d54d542a8,f7f1655c-f8c2-4296-91c4-9f8f570ad765,233b4eb1-a183-4069-b5f9-053fd4588ffb,2025-02-12T19:04:00,0,0,0,0,1,1,1,1.0,3,3,77.0,19,2,0,0,0,4.0,1,1
61d14c78-0e1b-477e-8ef1-60e949ec7d5d,7df3d0f3-a755-40a4-a102-6e1158275be1,c253b443-8256-41ff-be73-d03325bd4ec4,2025-02-13T01:57:00,0,0,0,0,1,0,1,0.6667,3,2,96.0,1,3,0,1,0,3.0,0,0
80eb7220-5035-4396-8ed3-76536b00d09c,bc7ffdff-d62a-437c-9957-5c8739b97d73,c253b443-8256-41ff-be73-d03325bd4ec4,2025-02-13T01:57:00,0,0,1,0,1,1,1,0.5,4,2,75.0,1,3,0,1,0,3.0,0,0
b3222006-ce29-4769-8944-d2c138d6b55c,f44d8cd1-1833-4e30-b14f-417870b4502a,c253b443-8256-41ff-be73-d03325bd4ec4,2025-02-13T01:58:00,1,1,1,0,1,1,1,0.0,1,0,443.0,1,3,0,1,0,3.0,0,0
144b211e-90af-438b-be94-0d671f2da7fc,ab824e7b-6c52-415c-9b45-3252ae8f2969,c253b443-8256-41ff-be73-d03325bd4ec4,2025-02-13T02:04:00,0,1,1,0,1,1,1,0.8,5,4,125.0,2,3,0,1,0,3.0,0,0
63e3036c-7a1d-4b82-a081-5c65a0ccfb82,62dcf5be-c7c7-4332-ba46-a97ff4593dd6,c253b443-8256-41ff-be73-d03325bd4ec4,2025-02-13T02:04:00,0,0,0,0,1,1,1,0.6667,3,2,73.0,2,3,0,1,0,3.0,0,0
1f7f8450-941b-49ba-bb12-39c8430e2df2,cfca1fba-b8fd-43a2-8e84-7c868fae649d,c253b443-8256-41ff-be73-d03325bd4ec4,2025-02-13T02:06:00,1,0,1,1,1,1,1,1.0,1,1,365.0,2,3,0,1,0,3.0,0,0
f57c0224-18c4-4dee-830a-9724430c82f8,b535926f-1249-45e1-8443-3898d91728ed,ef03fdab-a7da-43b0-945b-c91ec5ceb10e,2025-02-13T12:20:00,0,0,0,0,1,1,0,0.0,2,0,111.0,12,3,0,0,1,2.0,2,1
93f1d1e4-99fa-415a-bdbd-a7127d036968,6a684832-6713-46ad-8845-56c424779c27,ef03fdab-a7da-43b0-945b-c91ec5ceb10e,2025-02-13T12:22:00,1,1,1,0,1,1,1,1.0,1,1,102.0,12,3,0,0,1,2.0,2,1
6425136e-b734-4396-81e7-4a0b394f86de,0b51ced4-84e3-45ad-a67a-de86af260d64,877d4ccf-a1aa-4954-9f10-0dca840da344,2025-02-13T13:46:00,1,1,1,0,1,1,1,0.6667,3,2,349.0,13,3,0,0,1,3.0,3,0
eb7142f4-11fc-405e-9afc-b8eef2027734,429de809-3eeb-42af-94fa-c9c8fc3dda46,877d4ccf-a1aa-4954-9f10-0dca840da344,2025-02-13T13:51:00,1,1,1,0,1,1,1,0.5,2,1,365.0,13,3,0,0,1,3.0,3,0
dc670b9d-41f6-4703-a52a-f7f4876721be,846be435-a2e1-4850-bad5-07de99099078,877d4ccf-a1aa-4954-9f10-0dca840da344,2025-02-13T13:54:00,1,1,1,0,1,1,1,1.0,4,4,105.0,13,3,0,0,1,3.0,3,0
e4c9fb8f-e582-452a-8c2f-0f69d4cde86f,d3edbff9-b137-4f59-9b59-c049d8cda101,877d4ccf-a1aa-4954-9f10-0dca840da344,2025-02-13T13:54:00,1,1,1,0,1,0,1,1.0,4,4,245.0,13,3,0,0,1,3.0,3,0
4dae3dae-4ec8-4e7e-8d76-522f764d47ac,c2d25642-919c-4075-a54a-aedcf9642a56,877d4ccf-a1aa-4954-9f10-0dca840da344,2025-02-13T13:57:00,1,0,0,0,1,1,0,0.3333,3,1,233.0,13,3,0,0,1,3.0,3,0
bb94ce30-819e-4b5c-8d81-16b0efbe2380,4b933cd5-19a8-4e2e-8322-78978d1bb4b2,877d4ccf-a1aa-4954-9f10-0dca840da344,2025-02-13T13:57:00,1,1,1,0,1,0,1,0.75,4,3,365.0,13,3,0,0,1,3.0,3,0
672a4055-b051-4678-9e63-c3f82f29aee2,27f63174-92e0-4ec5-a8d6-df307aa20f3b,02305865-6f35-42ed-847d-8f0ea7c83590,2025-02-14T15:34:00,1,0,1,0,1,1,1,1.0,4,4,365.0,15,4,0,0,1,2.0,2,1
1e67dd46-fe95-4fa2-bf47-a2f78815fc5a,748bd135-2aa2-42af-9ae8-8edfadd6d30f,02305865-6f35-42ed-847d-8f0ea7c83590,2025-02-14T15:37:00,1,0,0,0,1,1,1,0.3333,3,1,133.0,15,4,0,0,1,2.0,2,1
dee6806e-5d0b-4426-a5e7-663bd1375820,088b5742-8640-45a5-9823-8486f1015782,02305865-6f35-42ed-847d-8f0ea7c83590,2025-02-14T15:38:00,0,0,1,0,1,1,0,1.0,3,3,394.0,15,4,0,0,1,2.0,2,1
df60bc38-2ede-49f5-ab73-8c1781f646d6,4d0e1b54-5e79-4df5-b9bd-bd996b9c9642,e695a6ea-20bd-4417-9374-30855a72ff0f,2025-02-14T17:41:00,1,1,1,0,1,1,0,0.0,1,0,330.0,17,4,0,0,1,6.0,0,1
efce6412-0a46-401c-ba38-c9e84481b5e1,6c25e2ff-8bc0-4abc-a978-052ba5e4650a,e695a6ea-20bd-4417-9374-30855a72ff0f,2025-02-14T17:42:00,1,1,1,0,1,1,1,1.0,6,6,151.0,17,4,0,0,1,6.0,0,1
3ad480a6-ac5a-46cf-85ab-359a47aef060,fdd10e56-22de-4a56-98b8-fcf4cc56744d,e695a6ea-20bd-4417-9374-30855a72ff0f,2025-02-14T17:49:00,1,0,0,0,1,1,1,0.6,5,3,109.0,17,4,0,0,1,6.0,0,1
4f280c29-cfcf-44ba-b81f-44470bc86b4a,03dd11aa-3bce-44bb-af81-d893187d3f9b,6b2003b7-2719-4f45-97a5-0bdd2d8c4bbe,2025-02-15T02:41:00,0,1,1,0,1,1,1,0.6667,3,2,220.0,2,5,1,1,0,6.0,1,1
51cc6978-61d6-41de-a7e2-89c580882eae,d239a4ec-9007-41bc-a9af-3ceae895f0c0,6b2003b7-2719-4f45-97a5-0bdd2d8c4bbe,2025-02-15T02:51:00,0,0,0,0,1,1,1,0.5,2,1,85.0,2,5,1,1,0,6.0,1,1
c8936646-05e8-484a-a6f8-8193d66a9500,088b5742-8640-45a5-9823-8486f1015782,56e2d5b8-612e-4b66-9add-dc28d40e14d1,2025-02-15T03:48:00,1,0,1,0,1,1,0,0.75,4,3,395.0,3,5,1,1,0,2.0,2,0
e3cee744-e79e-49ed-86a9-882b1b7a30bd,1d67536a-01f8-430f-8e5d-331ea756ad1c,56e2d5b8-612e-4b66-9add-dc28d40e14d1,2025-02-15T03:50:00,1,1,1,0,1,1,1,0.6667,3,2,78.0,3,5,1,1,0,2.0,2,0
7ab9399c-fd0d-42c5-8a3c-44c4f2bbcc58,c57abeef-b6d8-4cf7-ae50-3774b55c6768,56e2d5b8-612e-4b66-9add-dc28d40e14d1,2025-02-15T03:51:00,1,1,1,0,1,1,0,0.0,2,0,123.0,3,5,1,1,0,2.0,2,0
d053753a-308a-4678-abce-0fa0cdc400d1,eb9471c8-ba19-42a2-94b9-9a533ce84d63,1d378fbf-2908-473b-8aea-1baf03c87435,2025-02-15T03:53:00,1,0,0,0,1,1,1,0.6667,3,2,389.0,3,5,1,1,0,2.0,1,1
e7c8ef64-0881-44a1-ad8e-09a40f273cf8,7dce07a7-bf0e-49d0-8e10-0fae45654bf0,1d378fbf-2908-473b-8aea-1baf03c87435,2025-02-15T03:55:00,0,0,0,0,0,1,0,0.75,4,3,95.0,3,5,1,1,0,2.0,1,1
108b9fe6-5d1d-40fd-bdb3-2baee46f4d88,7ce3dda1-de53-4002-8f7b-0cd22da8ea06,1d378fbf-2908-473b-8aea-1baf03c87435,2025-02-15T03:58:00,0,0,0,0,1,1,1,1.0,2,2,414.0,3,5,1,1,0,2.0,1,1
dc1b84cc-6eea-481c-bb13-460e31986170,e0cd5b09-11cd-4194-bf88-03edd17fe919,1d378fbf-2908-473b-8aea-1baf03c87435,2025-02-15T04:00:00,1,0,0,0,1,0,1,0.5,2,1,365.0,4,5,1,1,0,2.0,1,1
1fd3e9ef-bf7f-4f13-943b-c7f69ab305bd,a92ac821-12c7-40b8-bbb8-e287da0564eb,2ebc4b55-bca3-4f1e-9e1b-fc57424d9755,2025-02-15T05:29:00,1,0,0,0,1,1,1,0.6667,3,2,365.0,5,5,1,1,0,3.0,2,0
d5c44373-2a9b-49d1-91d9-1893008a428f,ef2b35e1-aedc-4a84-a9b0-5f90c4eca927,2ebc4b55-bca3-4f1e-9e1b-fc57424d9755,2025-02-15T05:31:00,0,0,0,0,1,1,0,0.0,2,0,365.0,5,5,1,1,0,3.0,2,0
357a1831-081a-4706-a9c4-9e51c36d61e6,2ca5443d-9c69-4b59-a783-d0c9ad1c7da7,2ebc4b55-bca3-4f1e-9e1b-fc57424d9755,2025-02-15T05:36:00,1,1,1,0,1,1,1,0.6667,3,2,75.0,5,5,1,1,0,3.0,2,0
37f0ad64-8128-4220-b5b5-d244f7809c8b,f7f1655c-f8c2-4296-91c4-9f8f570ad765,ccce0292-fec3-4cc4-9329-edeabf05cb7e,2025-02-15T08:54:00,1,0,0,0,1,1,1,0.75,4,3,80.0,8,5,1,0,0,2.0,1,1
873b06bc-7496-4d33-bca7-6547745beb49,edf481eb-bab0-46c2-a7e6-67b59a510550,ccce0292-fec3-4cc4-9329-edeabf05cb7e,2025-02-15T08:57:00,1,1,1,0,1,1,1,1.0,2,2,216.0,8,5,1,0,0,2.0,1,1
d335a2fb-e8e2-4357-a465-9c2ea321929e,93125440-01af-4643-ac94-7c4da12295ea,ccce0292-fec3-4cc4-9329-edeabf05cb7e,2025-02-15T09:00:00,1,0,0,0,1,1,1,0.8,5,4,289.0,9,5,1,0,0,2.0,1,1
127da00c-ad39-43f1-a7a5-5a0ace3dcf82,97dbbf0c-d2b5-452c-b22a-e11e30701e99,ccce0292-fec3-4cc4-9329-edeabf05cb7e,2025-02-15T09:02:00,1,0,1,1,0,0,1,0.6667,3,2,183.0,9,5,1,0,0,2.0,1,1
92289b1b-f0e1-467c-ad66-433a0fda4202,eeafa879-969e-4fb1-b5cc-4bb4d3216e00,ccce0292-fec3-4cc4-9329-edeabf05cb7e,2025-02-15T09:06:00,1,0,0,0,1,1,1,1.0,4,4,190.0,9,5,1,0,0,2.0,1,1
badd7b9e-9afa-4bad-84ae-241ef1dc44cb,57d21420-eb05-457e-8d19-6289775c7ce5,820c05bd-2bf4-4ec7-b423-8bf8a0e08dd9,2025-02-15T14:54:00,0,0,0,0,1,1,0,0.5,2,1,365.0,14,5,1,0,0,4.0,1,1
adb2652d-ff3d-4f5c-93aa-41c9ca660188,2361c7a1-b851-4b64-97aa-0cf019d4b69d,820c05bd-2bf4-4ec7-b423-8bf8a0e08dd9,2025-02-15T14:56:00,1,0,1,0,0,1,1,1.0,3,3,222.0,14,5,1,0,0,4.0,1,1
1979e56d-1052-47b8-a0d8-fd4ecec5c722,e30fd279-849b-4132-8b55-debf0747d8c4,820c05bd-2bf4-4ec7-b423-8bf8a0e08dd9,2025-02-15T14:58:00,0,0,0,0,1,1,1,1.0,2,2,104.0,14,5,1,0,0,4.0,1,1
b4f54840-2de5-41a2-873a-4eb152368645,0163ca09-1636-4809-8246-282d82afd3a3,820c05bd-2bf4-4ec7-b423-8bf8a0e08dd9,2025-02-15T14:58:00,1,0,1,0,0,0,0,0.3333,6,2,210.0,14,5,1,0,0,4.0,1,1
6ee0423d-8c60-4ec9-ba8d-29d30d430111,d6f6800e-5c63-432b-93d2-8d7c32142867,8f6b476d-47b8-4746-afbf-aa1a108ee631,2025-02-15T15:05:00,0,0,1,0,0,1,0,0.0,2,0,365.0,15,5,1,0,0,6.0,3,1
5e8652df-ec63-47c7-9348-a57f471d6c1c,5af7e665-37a6-4d00-a895-44a3a239f4cf,820c05bd-2bf4-4ec7-b423-8bf8a0e08dd9,2025-02-15T15:07:00,1,0,1,1,1,1,1,1.0,1,1,108.0,15,5,1,0,0,4.0,1,1
58d2a3d2-633b-4fc4-806d-f308189c18e9,6750ba86-aaa8-423d-a650-9ae8bc37d902,8f6b476d-47b8-4746-afbf-aa1a108ee631,2025-02-15T15:09:00,1,1,1,0,1,1,1,0.75,4,3,365.0,15,5,1,0,0,6.0,3,1
89c5594c-5780-486b-8392-2e056e62f324,40e2e31f-1e2d-4f70-9de8-91ad096fe41a,8f6b476d-47b8-4746-afbf-aa1a108ee631,2025-02-15T15:11:00,1,0,0,0,1,1,1,0.6667,3,2,92.0,15,5,1,0,0,6.0,3,1
80313680-3615-4e30-9165-3e03f00ab70e,34dc13fa-a9a1-4b88-8692-d63511225a68,8f6b476d-47b8-4746-afbf-aa1a108ee631,2025-02-15T15:14:00,1,0,1,0,1,1,1,1.0,4,4,290.0,15,5,1,0,0,6.0,3,1
e84f2657-5d4c-4fe0-b0ca-2b0a08a3c9ba,8aadad3e-4591-4c88-a738-78b84530fbda,8f6b476d-47b8-4746-afbf-aa1a108ee631,2025-02-15T15:16:00,1,0,1,0,1,1,1,0.8,5,4,291.0,15,5,1,0,0,6.0,3,1
41cb8c83-d8b7-43ff-8fd5-72205e8b1d2b,c2695e79-4d08-4f69-b539-6de83b562463,4d3aa5d3-0d90-4caa-ba3d-067cc8fd509d,2025-02-16T10:37:00,1,0,0,0,1,1,1,0.0,0,0,283.0,10,6,1,0,0,1.0,1,1
e076316e-9105-4ffb-bc4d-fe79b044f37a,126fbc28-6b03-407e-b020-19175754625a,4d3aa5d3-0d90-4caa-ba3d-067cc8fd509d,2025-02-16T10:38:00,1,0,1,0,1,1,1,1.0,2,2,201.0,10,6,1,0,0,1.0,1,1
be626baa-8b61-4c13-9d3b-edab91256a05,18663a26-c010-4e4e-8471-6194347da84d,1d6033d7-cfc0-436b-ab2f-7a72d8db4386,2025-02-16T13:29:00,1,0,0,0,1,1,1,0.8333,6,5,365.0,13,6,1,0,0,2.0,3,1
f904a8fb-a905-4ff6-8e4c-60323fd97d42,992a9f5e-edc4-40f0-b76a-3f29c20d5618,aaa76907-2f27-45ec-9f10-d6aaa093bb85,2025-02-16T13:30:00,1,0,0,0,1,1,1,0.5,2,1,80.0,13,6,1,0,0,2.0,3,1
386ee5a9-ca5b-4702-9a78-6f0beba6962d,6c5114ec-b8e2-4c74-8e20-93ded422c3b1,1d6033d7-cfc0-436b-ab2f-7a72d8db4386,2025-02-16T13:31:00,1,1,1,0,1,0,0,0.3333,3,1,87.0,13,6,1,0,0,2.0,3,1
38c6b73e-9666-4b68-869f-a1903c0d4a02,5ed79810-0c9b-4377-870c-58916ee465a7,aaa76907-2f27-45ec-9f10-d6aaa093bb85,2025-02-16T13:33:00,1,1,1,0,1,0,1,0.2857,7,2,365.0,13,6,1,0,0,2.0,3,1
2d31086c-b6da-4d4c-b5b5-d969bfcec8d0,d2fbf799-2a03-4408-8c26-4fc239c5d4fc,aaa76907-2f27-45ec-9f10-d6aaa093bb85,2025-02-16T13:36:00,1,0,1,0,1,0,1,1.0,2,2,162.0,13,6,1,0,0,2.0,3,1
ee499acd-06ac-45ca-b523-a25f3ae98077,ff447bf1-e688-4eb7-ba18-cdcef5b86e01,aaa76907-2f27-45ec-9f10-d6aaa093bb85,2025-02-16T13:41:00,1,0,1,0,1,1,1,0.6667,3,2,208.0,13,6,1,0,0,2.0,3,1
5bb072f2-fc55-480b-996f-94640a03bfa0,ab6072b4-0254-40d6-8861-f0f1506fcbb7,1d6033d7-cfc0-436b-ab2f-7a72d8db4386,2025-02-16T13:42:00,1,0,0,0,1,1,1,0.75,4,3,205.0,13,6,1,0,0,2.0,3,1
a49f6231-c067-4327-8e59-d7de078785b8,aed96858-5a79-4453-afc9-995064972c5b,45573e59-45ac-43bd-b53d-cc19029ff9b3,2025-02-16T15:35:00,0,0,0,0,1,1,0,0.5,2,1,193.0,15,6,1,0,0,6.0,2,0
3d668dc1-a2c7-4470-83f3-d13237ee1b4a,4408ab43-7f7a-4a44-b781-4dd2edca4a74,45573e59-45ac-43bd-b53d-cc19029ff9b3,2025-02-16T15:38:00,1,0,0,0,1,1,1,0.0,0,0,134.0,15,6,1,0,0,6.0,2,0
9ebebd69-0cb8-4304-ac42-bbf808936545,7dce07a7-bf0e-49d0-8e10-0fae45654bf0,3f8168f8-a097-449f-9559-8156ae52e2c6,2025-02-16T15:46:00,1,1,1,0,0,1,0,0.6,5,3,96.0,15,6,1,0,0,2.0,2,0
261216af-6c0a-48f6-a00c-71a82834b24c,c4ccc935-dd86-4d48-92ab-3e02bfbbdedd,3f8168f8-a097-449f-9559-8156ae52e2c6,2025-02-16T15:52:00,1,1,1,0,1,1,1,0.6667,3,2,92.0,15,6,1,0,0,2.0,2,0
b51c852c-17e0-4a47-801d-36c97b2abee9,cf15cd3c-d017-49b8-af4a-bd4471976dd4,3f8168f8-a097-449f-9559-8156ae52e2c6,2025-02-16T15:56:00,1,1,1,0,1,1,1,1.0,3,3,291.0,15,6,1,0,0,2.0,2,0
de3a88ef-9527-439b-977a-015fb25954b9,d3edbff9-b137-4f59-9b59-c049d8cda101,3f8168f8-a097-449f-9559-8156ae52e2c6,2025-02-16T15:56:00,1,1,1,0,1,0,1,1.0,5,5,248.0,15,6,1,0,0,2.0,2,0
aa6c739b-1ac8-4d46-80cd-8e7126bbf56a,89b16628-7a7b-4967-800e-f441e05d2779,ffeceed5-c4b2-4384-9316-ce412dfb6d89,2025-02-16T16:20:00,1,0,0,0,1,1,1,0.5,2,1,456.0,16,6,1,0,0,6.0,0,1
e26123ce-e2a5-4291-a6ef-a0fca90600e2,2d8800e7-4323-4d12-918d-a987209ae260,ffeceed5-c4b2-4384-9316-ce412dfb6d89,2025-02-16T16:20:00,1,0,1,0,1,1,1,0.75,4,3,86.0,16,6,1,0,0,6.0,0,1
a8adf8c4-afeb-4486-b45c-e751bb4b1247,977055e7-58dc-4d79-b576-2feb17172418,ffeceed5-c4b2-4384-9316-ce412dfb6d89,2025-02-16T16:23:00,1,0,1,0,1,1,0,0.6667,3,2,198.0,16,6,1,0,0,6.0,0,1
ba1d5ded-ba59-484b-a105-dba032267274,ba0652ab-674d-480e-b23d-7fb7301f9218,ffeceed5-c4b2-4384-9316-ce412dfb6d89,2025-02-16T16:27:00,1,0,1,0,1,1,1,0.6667,3,2,96.0,16,6,1,0,0,6.0,0,1
bec153c4-2f2c-4224-b892-bf961f5b0ee0,e10f8499-9444-4031-828d-33425d7476a6,ffeceed5-c4b2-4384-9316-ce412dfb6d89,2025-02-16T16:27:00,0,0,0,0,1,0,1,0.6,5,3,365.0,16,6,1,0,0,6.0,0,1
cfbf6fff-8a2e-4fe6-b4dd-4f9a896589a9,c52b0995-269e-4253-8965-8f14d5fd2b13,ffeceed5-c4b2-4384-9316-ce412dfb6d89,2025-02-16T16:33:00,1,1,1,0,0,1,0,0.0,2,0,328.0,16,6,1,0,0,6.0,0,1
5e447114-0618-4490-b754-2e694cd68e8c,ed86563a-268b-43b8-851a-f22f9296edc5,a99bdf17-ca9d-4ec2-b297-e7c43ac2f7f1,2025-02-16T20:31:00,0,1,1,0,0,1,0,0.5,2,1,198.0,20,6,1,0,0,2.0,1,1
9241261d-289f-467c-b1c1-f0f300a58d04,0b47310a-57de-411d-a3af-67fcc8e4038f,a99bdf17-ca9d-4ec2-b297-e7c43ac2f7f1,2025-02-16T20:33:00,1,0,0,0,1,1,1,0.0,0,0,398.0,20,6,1,0,0,2.0,1,1
a075dfa8-7953-43fc-83b6-ed08a5ff47be,e407e92f-fbeb-4577-975a-db39c26f5872,a99bdf17-ca9d-4ec2-b297-e7c43ac2f7f1,2025-02-16T20:38:00,1,0,1,1,1,1,1,1.0,2,2,245.0,20,6,1,0,0,2.0,1,1
2feacb0e-aeca-4f09-9a82-27d1794a53ed,0f0a17e5-ee39-4b55-89bf-da47d9347eab,a99bdf17-ca9d-4ec2-b297-e7c43ac2f7f1,2025-02-16T20:39:00,1,0,0,0,1,1,0,0.0,3,0,93.0,20,6,1,0,0,2.0,1,1
d3cb3cd5-c28d-43e7-bb7e-919cae72f652,804fa05c-3d11-4c0b-acfe-70a082a82e75,3e6e7360-1f6c-4e6b-aa6d-56fe8efffe51,2025-02-16T23:05:00,1,0,1,0,1,1,1,1.0,1,1,349.0,23,6,1,1,0,2.0,1,1
6a2a0fdb-0d5e-4c7b-90a6-6eae4e29a9c8,979b5d05-d629-42eb-925c-ca3d093ceaca,3e6e7360-1f6c-4e6b-aa6d-56fe8efffe51,2025-02-16T23:07:00,0,0,0,0,1,1,1,1.0,4,4,236.0,23,6,1,1,0,2.0,1,1
dd844c6f-3586-4647-bf5d-7f870801c667,d25bbe98-216b-4faf-8f76-0d3dd2269a66,3e6e7360-1f6c-4e6b-aa6d-56fe8efffe51,2025-02-16T23:11:00,1,1,1,0,1,0,1,0.0,0,0,365.0,23,6,1,1,0,2.0,1,1
d3b23dc2-18e3-469d-ac4a-97e73b695089,346ece9f-9eed-4c58-95d7-1c3e38d7cceb,3e6e7360-1f6c-4e6b-aa6d-56fe8efffe51,2025-02-16T23:14:00,1,1,1,0,1,1,1,1.0,2,2,365.0,23,6,1,1,0,2.0,1,1
6ebd8f39-fc59-455e-8802-a2ef8ec91f99,6808b218-ad45-4d5a-8374-ac96bd2f9e51,3e6e7360-1f6c-4e6b-aa6d-56fe8efffe51,2025-02-16T23:17:00,1,0,0,0,1,1,1,1.0,3,3,365.0,23,6,1,1,0,2.0,1,1
d19d4142-1339-43be-b0f5-dd30bfbebe3c,543b149c-d59c-49f5-bb4f-e6ac6bd72dd3,b6775dc5-a71f-47de-ae07-5ca40a267f00,2025-02-17T02:14:00,1,0,1,0,1,0,1,0.6667,3,2,133.0,2,0,0,1,0,3.0,3,1
899a00a1-34f8-44db-aad5-63e1d0d28709,e0e3fb99-db30-4123-b346-7f11de4197c6,b6775dc5-a71f-47de-ae07-5ca40a267f00,2025-02-17T02:16:00,1,0,0,0,1,1,1,0.75,4,3,273.0,2,0,0,1,0,3.0,3,1
c94a698f-279e-469c-ade8-0ed4983c2cf2,7dce07a7-bf0e-49d0-8e10-0fae45654bf0,b6775dc5-a71f-47de-ae07-5ca40a267f00,2025-02-17T02:20:00,1,0,1,0,0,1,0,0.6667,6,4,97.0,2,0,0,1,0,3.0,3,1
fe66a8a0-72c7-4ed8-b3f2-e84de8ddfa84,03dd11aa-3bce-44bb-af81-d893187d3f9b,b6775dc5-a71f-47de-ae07-5ca40a267f00,2025-02-17T02:21:00,0,0,1,0,1,1,1,0.5,4,2,222.0,2,0,0,1,0,3.0,3,1
68c714b4-01e9-4232-89bd-806df48eb03a,d239a4ec-9007-41bc-a9af-3ceae895f0c0,b6775dc5-a71f-47de-ae07-5ca40a267f00,2025-02-17T02:26:00,1,0,0,0,1,1,1,0.3333,3,1,87.0,2,0,0,1,0,3.0,3,1
d2c20743-0dbc-4512-8818-04b7e21b53e5,c1c99edc-e331-448e-a7ab-7b7fcb4ae4e7,b6775dc5-a71f-47de-ae07-5ca40a267f00,2025-02-17T02:26:00,1,0,1,1,1,1,1,1.0,3,3,233.0,2,0,0,1,0,3.0,3,1
c49145d2-718b-4108-b35c-ff5659091f97,1f639402-8dc8-4776-97e8-d35510b12cd1,18e6d83e-beee-46f3-8e2b-7591f79f6127,2025-02-17T07:52:00,1,1,1,0,1,1,1,1.0,2,2,393.0,7,0,0,0,0,6.0,2,0
d5c1dc69-3842-4441-9262-cc845b8e259b,aa432f38-de85-46c8-ad80-6b3373671c95,18e6d83e-beee-46f3-8e2b-7591f79f6127,2025-02-17T07:56:00,0,1,1,0,1,0,1,0.5714,7,4,229.0,7,0,0,0,0,6.0,2,0
86b0b0ce-87cc-4c66-8c03-7664e93acc1e,fb360121-72e2-40f7-bcc1-c7c613c988c0,18e6d83e-beee-46f3-8e2b-7591f79f6127,2025-02-17T08:00:00,1,0,1,0,1,1,1,1.0,2,2,365.0,8,0,0,0,0,6.0,2,0
5b9961e3-61f9-4d92-8732-1d07e63319c9,cd532bc0-2367-446e-8e57-68c7cd6101f6,4b6ba040-2c6d-4263-bb42-ade0199835e6,2025-02-17T15:00:00,1,0,0,0,1,1,1,0.75,4,3,284.0,15,0,0,0,1,1.0,1,1
39df93c9-abc2-4b57-8808-61e635db52ec,d37d167a-e253-4bf1-bf50-bfa4c95a4260,4b6ba040-2c6d-4263-bb42-ade0199835e6,2025-02-17T15:01:00,1,0,0,0,1,1,1,0.5,2,1,124.0,15,0,0,0,1,1.0,1,1
e2927a95-a3a9-4d8f-9614-8bcf8965cb73,d6f6800e-5c63-432b-93d2-8d7c32142867,4b6ba040-2c6d-4263-bb42-ade0199835e6,2025-02-17T15:07:00,0,0,0,0,0,1,0,0.0,3,0,365.0,15,0,0,0,1,1.0,1,1
29f6bee5-35be-4e67-b78b-0422bd719761,9af05ac7-06a8-49dd-abb8-7a4c2f508938,4b6ba040-2c6d-4263-bb42-ade0199835e6,2025-02-17T15:09:00,1,0,0,0,1,0,1,0.75,4,3,365.0,15,0,0,0,1,1.0,1,1
7bb888b5-6fc1-4d13-8737-36ccb1000239,29e49c87-bf5c-4e0a-844a-7ce3f4f2d13d,4b6ba040-2c6d-4263-bb42-ade0199835e6,2025-02-17T15:11:00,1,0,0,0,1,1,1,1.0,4,4,130.0,15,0,0,0,1,1.0,1,1
d1805f31-f1e2-4188-9a0c-bf097bbeb556,a77bcc83-4a3d-492d-bcd8-592aba88fc9d,497c4612-6169-4f52-b02f-e26ba1588015,2025-02-18T00:36:00,1,0,1,0,1,0,1,0.3333,3,1,91.0,0,1,0,1,0,1.0,3,1
bfe966ab-7f53-40df-a936-3b0a5fc4b5bc,d86275ba-b1a0-4e6e-a363-d11e975f6df6,497c4612-6169-4f52-b02f-e26ba1588015,2025-02-18T00:43:00,1,0,1,0,1,1,1,1.0,3,3,195.0,0,1,0,1,0,1.0,3,1
15a58d77-505a-4a96-a1d8-8450c55102c6,96e372e4-86b2-4e68-b468-3cdf7686a490,497c4612-6169-4f52-b02f-e26ba1588015,2025-02-18T00:44:00,0,0,1,0,1,1,1,1.0,4,4,108.0,0,1,0,1,0,1.0,3,1
9d8bd0c6-89a7-4f8f-95c5-d0894ed60b80,4ac85ad1-81f9-4db3-a7c9-2bd4d3df0e31,64ae316e-9263-4aba-994f-e35c77559d61,2025-02-18T02:51:00,1,1,1,0,1,1,1,0.75,4,3,129.0,2,1,0,1,0,3.0,2,1
87633e25-7892-4d80-8356-59b131e93124,20973b43-2cf6-456f-b7bc-c097d6343c32,64ae316e-9263-4aba-994f-e35c77559d61,2025-02-18T02:52:00,0,1,1,0,1,1,0,0.3333,3,1,365.0,2,1,0,1,0,3.0,2,1
6ea12d89-8767-434e-8b81-7dc32351e168,2c4d68b2-c9d6-4244-9ac3-ce7b208c9147,64ae316e-9263-4aba-994f-e35c77559d61,2025-02-18T02:59:00,1,1,1,0,1,1,1,1.0,2,2,99.0,2,1,0,1,0,3.0,2,1
529406e5-1697-4770-9f59-93e1a88aee2d,b61abfe1-9a4f-45c1-ac54-daa9a9a0b274,64ae316e-9263-4aba-994f-e35c77559d61,2025-02-18T03:04:00,1,0,0,0,1,0,1,0.25,4,1,171.0,3,1,0,1,0,3.0,2,1
14fbe288-9253-42ca-998d-d14dccea3e89,dbebf1a3-387d-417a-abcb-ebdd3d136562,a7f2327c-bca4-4fc2-a62a-cb2ecf790b9c,2025-02-18T06:46:00,1,0,0,0,1,1,1,0.0,2,0,171.0,6,1,0,0,0,2.0,3,1
e7f72182-a2d4-4993-a148-25983141d83a,a12f0067-a0a7-4294-ae23-d9759cd6beb6,8055084f-b989-4697-b205-d8dfa14db6b5,2025-02-18T06:48:00,1,1,1,0,1,1,1,0.6667,3,2,132.0,6,1,0,0,0,1.0,0,1
1b942e57-bd89-44df-be93-d95966e9c212,5b144804-32b7-4e82-9f3c-1b20f6f52721,a7f2327c-bca4-4fc2-a62a-cb2ecf790b9c,2025-02-18T06:49:00,1,0,0,0,1,1,1,1.0,4,4,87.0,6,1,0,0,0,2.0,3,1
77d2e687-b7f0-4b50-9a50-64e4938c577a,2e3af94c-8ff5-4a35-ac8a-571d4fa070d4,a7f2327c-bca4-4fc2-a62a-cb2ecf790b9c,2025-02-18T06:49:00,1,0,0,0,1,1,1,0.6,5,3,365.0,6,1,0,0,0,2.0,3,1
2abac3a3-f2cc-4efd-b00a-97e9a42b229c,950e5213-a1b0-4cdc-9127-044adb973cb5,8055084f-b989-4697-b205-d8dfa14db6b5,2025-02-18T06:50:00,1,0,0,0,1,1,0,0.5,2,1,365.0,6,1,0,0,0,1.0,0,1
857305aa-d698-4e0f-9bec-45878b9b2c7b,46c4620d-f466-43aa-86c4-b6bea05d529d,a7f2327c-bca4-4fc2-a62a-cb2ecf790b9c,2025-02-18T06:52:00,1,0,1,1,1,1,1,0.75,4,3,221.0,6,1,0,0,0,2.0,3,1
c6e19edc-3eb2-4b87-830b-80a56b87e4e6,797a96d3-916e-44ca-9537-0bd455606d82,a7f2327c-bca4-4fc2-a62a-cb2ecf790b9c,2025-02-18T06:53:00,1,0,0,0,0,1,1,0.0,1,0,254.0,6,1,0,0,0,2.0,3,1
fd242d7b-c509-4000-bcde-b644fc5f0393,aed96858-5a79-4453-afc9-995064972c5b,8055084f-b989-4697-b205-d8dfa14db6b5,2025-02-18T06:53:00,1,0,1,0,1,1,0,0.3333,3,1,195.0,6,1,0,0,0,1.0,0,1
450a6543-a674-4c50-9b42-0058201145b9,7874fffd-6a3d-4885-92ad-f115c4f7779f,8055084f-b989-4697-b205-d8dfa14db6b5,2025-02-18T06:57:00,1,0,0,0,1,1,1,0.75,4,3,365.0,6,1,0,0,0,1.0,0,1
78926cb8-d62f-4891-b99d-07642d65560e,dc3945d5-6321-4ff3-a949-9cc365303d45,a7f2327c-bca4-4fc2-a62a-cb2ecf790b9c,2025-02-18T06:59:00,1,0,0,0,1,0,1,0.6,5,3,114.0,6,1,0,0,0,2.0,3,1
1f73ffac-1716-4e3e-8d8f-b1e0e75cd800,075750fe-b6ad-4c6a-a4e3-91e723ad0bdf,f4ccd7bf-6afc-4216-9c8d-c792faebf035,2025-02-18T10:44:00,1,0,1,0,1,1,1,1.0,3,3,116.0,10,1,0,0,1,1.0,3,1
f78f9adf-a655-40ba-bbf2-912bf0f9bbfe,abdc90fb-c824-469f-8f0e-8dd72f8f977f,f4ccd7bf-6afc-4216-9c8d-c792faebf035,2025-02-18T10:44:00,1,0,1,0,0,1,1,0.7143,7,5,377.0,10,1,0,0,1,1.0,3,1
f26b9aca-95a1-4d5e-bf4b-71ce91581730,885c50e2-3162-47fa-90f5-23d9287648cc,d23117c3-3c14-4a28-8925-d90c37900211,2025-02-18T11:18:00,1,0,0,0,0,1,1,1.0,1,1,365.0,11,1,0,0,1,3.0,2,1
f778f018-f477-4b25-9994-af0a0d9e8e28,97b426ef-09b1-4692-8010-6897b909efc6,d23117c3-3c14-4a28-8925-d90c37900211,2025-02-18T11:18:00,0,0,0,0,1,0,1,0.5,4,2,93.0,11,1,0,0,1,3.0,2,1
2b01b7c7-5bf4-4c8c-8a2f-85ded96b7a23,7fe949fd-61b1-475a-8c19-580e4b0b98a7,d23117c3-3c14-4a28-8925-d90c37900211,2025-02-18T11:24:00,1,0,0,0,1,1,1,0.5,6,3,146.0,11,1,0,0,1,3.0,2,1
6382b98d-f03e-48d9-905a-cb93c8bebfe1,5af7e665-37a6-4d00-a895-44a3a239f4cf,d23117c3-3c14-4a28-8925-d90c37900211,2025-02-18T11:28:00,1,1,1,1,1,1,1,1.0,2,2,111.0,11,1,0,0,1,3.0,2,1
58951221-1a5e-4577-80a5-5e844a605324,a927ec13-1431-4870-8c63-e98dc7bad4b8,d23117c3-3c14-4a28-8925-d90c37900211,2025-02-18T11:31:00,0,0,0,0,1,1,1,1.0,2,2,97.0,11,1,0,0,1,3.0,2,1
e4fddac5-6242-4a03-97b9-75cc2aa5d946,87ee165d-91a2-4857-b698-c97864b7c6d5,ee1fe56e-38f5-42e3-9844-b450bd4bf51c,2025-02-18T11:58:00,1,1,1,0,1,1,0,1.0,3,3,468.0,11,1,0,0,1,4.0,1,0
bff638c4-d69a-4520-9bf0-379066bd3768,9b2d4384-c4a9-4135-8458-c0c14e077dce,ee1fe56e-38f5-42e3-9844-b450bd4bf51c,2025-02-18T11:59:00,1,0,1,0,1,1,1,1.0,2,2,158.0,11,1,0,0,1,4.0,1,0
783d0389-65e4-46b0-918c-0d03d79be6a4,429de809-3eeb-42af-94fa-c9c8fc3dda46,ee1fe56e-38f5-42e3-9844-b450bd4bf51c,2025-02-18T12:04:00,1,0,1,0,1,1,1,0.6667,3,2,365.0,12,1,0,0,1,4.0,1,0
f51b1f7a-f53f-411a-955b-3b13c3e0ed5d,7dce07a7-bf0e-49d0-8e10-0fae45654bf0,ee1fe56e-38f5-42e3-9844-b450bd4bf51c,2025-02-18T12:04:00,0,0,1,0,0,1,0,0.7143,7,5,98.0,12,1,0,0,1,4.0,1,0
c5f1e691-12ee-42d0-b8a2-9c34763908fa,f6612e9b-17e3-4407-bad5-87d18f75c172,ee1fe56e-38f5-42e3-9844-b450bd4bf51c,2025-02-18T12:05:00,1,1,1,0,0,1,1,0.5,2,1,91.0,12,1,0,0,1,4.0,1,0
772b4f34-50b5-4ac5-a378-55d1adbd6abf,d2112070-a709-4a6f-a1fe-b83a282d0da2,994da873-9009-404f-bd27-c16cd43d2b94,2025-02-18T13:31:00,1,1,1,0,1,1,1,1.0,1,1,365.0,13,1,0,0,1,2.0,1,1
86cf89d7-41fe-4200-a55d-60b77ae1eba7,1fac9453-e829-479d-ae5f-008babfc456d,994da873-9009-404f-bd27-c16cd43d2b94,2025-02-18T13:32:00,1,0,0,0,1,1,1,0.5,2,1,119.0,13,1,0,0,1,2.0,1,1
0ea75ed0-99ee-4ea1-b079-0c14a73d96d0,3b1c0630-6304-4f24-90a0-39e3fd579418,994da873-9009-404f-bd27-c16cd43d2b94,2025-02-18T13:41:00,1,0,0,0,1,0,0,0.2,5,1,180.0,13,1,0,0,1,2.0,1,1
ce28a6de-5a60-4d05-9eee-3cd69c5ee05d,75455c5a-fc28-4e12-ab1d-c5bf91975e07,994da873-9009-404f-bd27-c16cd43d2b94,2025-02-18T13:42:00,1,1,1,0,1,1,1,1.0,2,2,150.0,13,1,0,0,1,2.0,1,1
f499d1c0-ee9f-4379-8e73-447b3d819daa,972c2711-206c-49a4-b763-2a7319f31c08,994da873-9009-404f-bd27-c16cd43d2b94,2025-02-18T13:43:00,1,0,0,0,1,1,1,1.0,3,3,365.0,13,1,0,0,1,2.0,1,1
5a38a7a7-1f58-41d2-ba33-a61417468ab1,9af05ac7-06a8-49dd-abb8-7a4c2f508938,ebe769a7-b440-4b59-a116-4aa7f18831ff,2025-02-18T15:08:00,1,0,0,0,1,0,1,0.8,5,4,365.0,15,1,0,0,1,1.0,1,1
c28f5b55-d52f-43d4-8cce-654083c04fdf,415a8ed8-6bf8-47ec-9265-7eacc19a825f,ebe769a7-b440-4b59-a116-4aa7f18831ff,2025-02-18T15:08:00,0,0,0,0,1,1,1,0.0,0,0,365.0,15,1,0,0,1,1.0,1,1
b3ed7d1e-3541-47e2-812f-a18405c07577,35a960a1-e1aa-45db-8043-5650f7e73b8c,ebe769a7-b440-4b59-a116-4aa7f18831ff,2025-02-18T15:09:00,0,0,1,1,1,0,1,0.3333,3,1,81.0,15,1,0,0,1,1.0,1,1
24b2347c-529d-47d5-9499-5aa80215d4d2,5a9cd770-f74a-4cdd-87d0-646aa0e13b89,ebe769a7-b440-4b59-a116-4aa7f18831ff,2025-02-18T15:14:00,1,0,0,0,1,1,1,0.5,6,3,202.0,15,1,0,0,1,1.0,1,1
4b498fa2-5867-42f9-ba49-368204c7eb87,a9192324-9347-4f6f-998a-20066ce0209e,ebe769a7-b440-4b59-a116-4aa7f18831ff,2025-02-18T15:15:00,0,0,0,0,1,1,0,0.0,1,0,272.0,15,1,0,0,1,1.0,1,1
1b4be861-6648-4ba3-b902-a218ca7cc906,4d0e1b54-5e79-4df5-b9bd-bd996b9c9642,ebe769a7-b440-4b59-a116-4aa7f18831ff,2025-02-18T15:17:00,1,0,0,0,1,1,0,0.5,2,1,334.0,15,1,0,0,1,1.0,1,1
492a3e4f-4194-4f21-9521-368c7173fe9d,626cbf28-4c14-4dc1-a51b-9a94ba59000e,fdf07deb-c49a-44c7-af6d-784126f2bc7d,2025-02-18T17:47:00,1,1,1,0,1,0,0,0.25,4,1,365.0,17,1,0,0,1,4.0,2,0
db441558-9694-475f-a51c-756229235ef4,11e977ea-77b0-4be7-a600-4b4895750d3e,fdf07deb-c49a-44c7-af6d-784126f2bc7d,2025-02-18T17:47:00,1,0,0,0,1,1,1,1.0,2,2,169.0,17,1,0,0,1,4.0,2,0
dff9c0be-b798-48a2-b44b-36ced1bd688a,15e8b88b-3071-48e6-b989-88d3d4c35e68,fdf07deb-c49a-44c7-af6d-784126f2bc7d,2025-02-18T17:49:00,1,0,1,0,1,1,1,1.0,3,3,81.0,17,1,0,0,1,4.0,2,0
67157d4e-7947-4ec7-98ca-7acc1a69245f,b535926f-1249-45e1-8443-3898d91728ed,fdf07deb-c49a-44c7-af6d-784126f2bc7d,2025-02-18T17:55:00,0,0,0,0,1,1,0,0.0,3,0,116.0,17,1,0,0,1,4.0,2,0
7305c3d5-2c85-4905-8266-21c29b211b45,664b1167-88df-4fdd-afcb-3e9296fb4ad6,fdf07deb-c49a-44c7-af6d-784126f2bc7d,2025-02-18T17:55:00,1,1,1,0,1,1,1,1.0,5,5,175.0,17,1,0,0,1,4.0,2,0
35442296-fff4-42ce-b367-78fd1d1e65c1,cfdec3c3-1f55-4c1b-bf64-7c30eaf6fc9d,fdf07deb-c49a-44c7-af6d-784126f2bc7d,2025-02-18T17:57:00,1,0,1,0,1,1,1,1.0,1,1,91.0,17,1,0,0,1,4.0,2,0
f44aec94-324c-4c27-b6e3-83a0187b013b,7df3d0f3-a755-40a4-a102-6e1158275be1,7ae40a5b-f399-4f31-9b84-ea9dec7cee69,2025-02-18T18:25:00,0,0,0,0,1,0,1,0.5,4,2,101.0,18,1,0,0,0,1.0,3,1
42638b60-98e9-4e8b-9e21-469cf95d3e55,3cad9af4-3e76-49e7-a472-17fbf3b30322,7ae40a5b-f399-4f31-9b84-ea9dec7cee69,2025-02-18T18:27:00,1,1,1,0,1,1,1,0.5,2,1,89.0,18,1,0,0,0,1.0,3,1
e487b783-a72f-4250-bf29-380500bf6775,1f6fb1c2-eed4-453e-843e-8dcf8faefb39,588cb5b8-25e6-4e35-b5fd-364f829a084b,2025-02-18T18:38:00,1,1,1,0,1,1,1,1.0,1,1,88.0,18,1,0,0,0,3.0,2,1
838afbd8-60d0-4ac3-b845-554fe68d15ba,e0e3fb99-db30-4123-b346-7f11de4197c6,588cb5b8-25e6-4e35-b5fd-364f829a084b,2025-02-18T18:39:00,1,0,0,0,1,1,1,0.8,5,4,274.0,18,1,0,0,0,3.0,2,1
51494ac5-d267-4e73-a1c1-660370bea7a4,f6612e9b-17e3-4407-bad5-87d18f75c172,588cb5b8-25e6-4e35-b5fd-364f829a084b,2025-02-18T18:41:00,1,1,1,0,0,1,1,0.6667,3,2,91.0,18,1,0,0,0,3.0,2,1
54aa69b8-2b2b-48b9-a68c-846f3e57278c,7ce3dda1-de53-4002-8f7b-0cd22da8ea06,588cb5b8-25e6-4e35-b5fd-364f829a084b,2025-02-18T18:42:00,0,0,1,0,1,1,1,0.6667,3,2,417.0,18,1,0,0,0,3.0,2,1
492c37a7-69b1-4d9e-b875-8dd54769e116,53ed2f86-5a3a-4240-86cc-9f9f609bdea0,588cb5b8-25e6-4e35-b5fd-364f829a084b,2025-02-18T18:46:00,1,1,1,0,1,1,0,0.75,4,3,172.0,18,1,0,0,0,3.0,2,1
75fa9e30-36b5-4434-897b-141c93cd7b0b,af32b242-6347-4914-8703-8bc3222ac8c4,2537e792-5127-4f6c-b6db-70bd0d204881,2025-02-19T00:26:00,1,0,1,0,1,1,1,0.5,2,1,130.0,0,2,0,1,0,2.0,1,0
91a2e928-da65-4176-8d71-7059657c0b33,bdc0370d-62f2-4b37-aaa3-b2871252b644,2537e792-5127-4f6c-b6db-70bd0d204881,2025-02-19T00:27:00,1,0,1,0,1,1,1,1.0,2,2,365.0,0,2,0,1,0,2.0,1,0
dff41322-3a21-4870-bc93-b1f2df82df6e,9b2d4384-c4a9-4135-8458-c0c14e077dce,2537e792-5127-4f6c-b6db-70bd0d204881,2025-02-19T00:27:00,0,0,1,0,1,1,1,1.0,3,3,159.0,0,2,0,1,0,2.0,1,0
5673ffc2-1dab-44e6-98a7-a456c619fb70,878b86c2-438d-4767-ad44-f8c58de74bd2,2537e792-5127-4f6c-b6db-70bd0d204881,2025-02-19T00:29:00,0,0,1,0,1,1,1,1.0,2,2,365.0,0,2,0,1,0,2.0,1,0
a10bcdbe-af89-4092-b04b-7bbc1e600a2a,238bf442-7dd1-4625-97b1-0fd3299287dc,2537e792-5127-4f6c-b6db-70bd0d204881,2025-02-19T00:32:00,0,0,1,0,1,1,1,1.0,2,2,242.0,0,2,0,1,0,2.0,1,0
a8fcaebc-d27b-4971-af37-a89d3801947b,11e977ea-77b0-4be7-a600-4b4895750d3e,2537e792-5127-4f6c-b6db-70bd0d204881,2025-02-19T00:32:00,1,1,1,0,1,1,1,1.0,3,3,170.0,0,2,0,1,0,2.0,1,0
e21cd3fb-43c8-4053-b0c8-6ad23c9dcedc,18425d44-6ba9-45d1-a297-f3778d4b10e7,cd325844-b07c-4f64-aa90-a9ab9cf769a6,2025-02-19T01:21:00,0,1,1,0,1,1,1,1.0,5,5,365.0,1,2,0,1,0,6.0,1,1
3eedf9b9-c135-4c27-8b61-f350e6c56d68,03eeb252-1e41-4f67-91f0-687b64393568,cd325844-b07c-4f64-aa90-a9ab9cf769a6,2025-02-19T01:29:00,1,0,0,0,1,1,1,0.875,8,7,138.0,1,2,0,1,0,6.0,1,1
77f4f59b-5e9d-46ad-85eb-1104de277e63,abdc90fb-c824-469f-8f0e-8dd72f8f977f,5f285205-54e0-4b75-9762-4e93239799ff,2025-02-19T09:28:00,1,0,1,0,0,1,1,0.75,8,6,378.0,9,2,0,0,1,2.0,1,0
2584bf2e-f538-4c53-8c13-837f3e9a4917,f6c6d337-db40-4e0d-a2a5-3f792a85ae63,5f285205-54e0-4b75-9762-4e93239799ff,2025-02-19T09:30:00,0,0,1,0,1,1,1,0.0,0,0,365.0,9,2,0,0,1,2.0,1,0
c7c6ee36-2d8d-4f69-b15e-b604ef94d014,90f0edf1-053b-433f-b7d0-041be1e882d4,5f285205-54e0-4b75-9762-4e93239799ff,2025-02-19T09:33:00,1,0,0,0,1,1,0,0.3333,3,1,239.0,9,2,0,0,1,2.0,1,0
1aca34fb-b44a-41b5-b97a-8999d4beed1b,2d8800e7-4323-4d12-918d-a987209ae260,5f285205-54e0-4b75-9762-4e93239799ff,2025-02-19T09:34:00,1,0,1,0,1,1,1,0.8,5,4,89.0,9,2,0,0,1,2.0,1,0
dcfb0d27-b35e-4e4c-b4d1-90be710ccab8,fda5fef4-939c-4a0d-864d-c6a11b14bd2a,e63b451a-954c-4e51-95e5-443f74d8152e,2025-02-19T09:58:00,1,1,1,0,1,1,1,0.5,2,1,497.0,9,2,0,0,1,6.0,1,1
2fbd422a-848e-4c2f-b41c-c9d7f258362c,9af05ac7-06a8-49dd-abb8-7a4c2f508938,e63b451a-954c-4e51-95e5-443f74d8152e,2025-02-19T10:09:00,1,0,0,0,1,0,1,0.8333,6,5,365.0,10,2,0,0,1,6.0,1,1
564319e6-730c-4a2c-9654-f3fb9de94dc8,aa88c4dd-4d72-4fc4-81fb-864525abed74,7daa927b-204c-4483-ad6f-87e4d2163d63,2025-02-19T13:04:00,1,0,1,1,1,1,1,0.0,1,0,135.0,13,2,0,0,1,2.0,2,1
b9c92fe0-cda7-4fcb-9f5a-5e0e6cba0c6c,6808b218-ad45-4d5a-8374-ac96bd2f9e51,7daa927b-204c-4483-ad6f-87e4d2163d63,2025-02-19T13:07:00,1,0,0,0,1,1,1,1.0,4,4,365.0,13,2,0,0,1,2.0,2,1
4e239431-f03e-4516-b7b9-a73802bedcfc,075750fe-b6ad-4c6a-a4e3-91e723ad0bdf,621b2bb4-9f53-4023-982d-85edbdf72455,2025-02-19T14:00:00,1,0,1,0,1,1,1,1.0,4,4,117.0,14,2,0,0,1,4.0,1,0
fc49bae2-fbd7-4927-b3f7-8456edb45a03,1f639402-8dc8-4776-97e8-d35510b12cd1,621b2bb4-9f53-4023-982d-85edbdf72455,2025-02-19T14:12:00,1,0,0,0,1,1,1,1.0,3,3,395.0,14,2,0,0,1,4.0,1,0
7e58d325-55a3-4512-82f3-dcfe2346a91d,e10f8499-9444-4031-828d-33425d7476a6,0fa27623-2baa-412a-9f1a-7c0220916ae4,2025-02-19T19:34:00,1,0,0,0,1,0,1,0.5,6,3,365.0,19,2,0,0,0,6.0,1,1
25165ce8-c9b5-4d17-a8cd-6ccd2b06eeca,d6b5ae43-d86a-4b5f-abd6-b4e06091ee44,0fa27623-2baa-412a-9f1a-7c0220916ae4,2025-02-19T19:35:00,1,0,1,0,1,1,1,0.8571,7,6,482.0,19,2,0,0,0,6.0,1,1
8671ea63-82fa-4933-ac29-55244112ab49,c6725451-3108-4aec-a1da-c4cd931af67d,0fa27623-2baa-412a-9f1a-7c0220916ae4,2025-02-19T19:35:00,1,0,1,0,1,1,0,1.0,1,1,365.0,19,2,0,0,0,6.0,1,1
80b01574-4953-40e6-96a9-0bd74ca09e3d,4dedcbdc-081b-4f07-a1d8-a65cfe88d71e,0fa27623-2baa-412a-9f1a-7c0220916ae4,2025-02-19T19:38:00,1,1,1,0,1,0,1,0.75,4,3,128.0,19,2,0,0,0,6.0,1,1
4fef35e0-2ed3-4c17-983b-7972d085a8c3,62758655-2759-47fd-8cfb-18e44d2da35e,0fa27623-2baa-412a-9f1a-7c0220916ae4,2025-02-19T19:44:00,1,0,0,0,1,1,1,1.0,2,2,96.0,19,2,0,0,0,6.0,1,1
8fccf3bb-8e2c-4350-a4a4-d24d030ed174,80faa51d-a2ac-468a-a4b0-b1c148fd10fe,0fa27623-2baa-412a-9f1a-7c0220916ae4,2025-02-19T19:47:00,0,0,0,0,1,1,1,0.6667,3,2,151.0,19,2,0,0,0,6.0,1,1
448097ff-2a97-46cf-8213-66ef1835c0fb,19e65af6-da1e-4052-bf71-1659737f5cc7,46cbc33b-9a92-439b-8225-41517327f69f,2025-02-20T01:26:00,1,0,0,0,1,1,1,1.0,4,4,375.0,1,3,0,1,0,1.0,1,1
7835cfe1-0537-4b90-985e-77218a49fb75,a12f0067-a0a7-4294-ae23-d9759cd6beb6,46cbc33b-9a92-439b-8225-41517327f69f,2025-02-20T01:26:00,0,0,0,0,1,1,1,0.75,4,3,134.0,1,3,0,1,0,1.0,1,1
a4b00e44-3c0e-4cb3-a691-1ee8b9f33a18,c6725451-3108-4aec-a1da-c4cd931af67d,46cbc33b-9a92-439b-8225-41517327f69f,2025-02-20T01:26:00,0,0,1,0,1,1,0,1.0,2,2,365.0,1,3,0,1,0,1.0,1,1
e33bd606-6c9f-4fd9-96c3-808a0cf7bb48,5ae18917-1ec4-457c-a836-7efc4c4c8fff,46cbc33b-9a92-439b-8225-41517327f69f,2025-02-20T01:26:00,1,0,1,0,1,1,1,1.0,2,2,171.0,1,3,0,1,0,1.0,1,1
7ca305c5-873f-473a-8fb9-f897fd51bdee,b0102217-6663-410d-8e4b-e802cddf4baa,46cbc33b-9a92-439b-8225-41517327f69f,2025-02-20T01:30:00,1,0,0,0,1,1,1,1.0,1,1,107.0,1,3,0,1,0,1.0,1,1
94ed49f5-e997-47ba-95f4-b18fcc4b4b38,e407e92f-fbeb-4577-975a-db39c26f5872,46cbc33b-9a92-439b-8225-41517327f69f,2025-02-20T01:37:00,0,0,1,1,1,1,1,1.0,3,3,249.0,1,3,0,1,0,1.0,1,1
5826f75e-7bd5-4772-8ef6-d33222945b86,8149a5a0-b1e9-4bb0-a980-b7f5bdcb02a4,fdf85a1e-0bc5-434f-b00a-3546af318c8d,2025-02-20T07:32:00,1,0,0,0,1,1,1,0.8,5,4,95.0,7,3,0,0,0,4.0,3,1
8f18f73e-522e-4c5e-9cab-aebcbae18824,f7c3f29d-48af-49aa-bce7-bec02869395a,fdf85a1e-0bc5-434f-b00a-3546af318c8d,2025-02-20T07:36:00,1,1,1,0,1,1,1,1.0,2,2,365.0,7,3,0,0,0,4.0,3,1
49bcd66a-83e4-4a6e-b93a-5488cfafc1cc,f6556829-5e66-4e5a-aff5-3233c86566a8,fdf85a1e-0bc5-434f-b00a-3546af318c8d,2025-02-20T07:43:00,1,0,0,0,1,0,1,0.5,2,1,147.0,7,3,0,0,0,4.0,3,1
4b1b1f9b-15b9-480b-9941-fe7b3c9d5efb,b0102217-6663-410d-8e4b-e802cddf4baa,05f04be6-bf37-49b3-9702-70ff3b02de05,2025-02-20T08:49:00,0,0,0,0,1,1,1,1.0,2,2,107.0,8,3,0,0,0,3.0,1,1
f719cb2a-5087-401a-a46e-a73bb1a61025,19cad05e-ae8b-4d86-b026-69fbb73b2e76,05f04be6-bf37-49b3-9702-70ff3b02de05,2025-02-20T08:58:00,1,0,0,0,1,1,1,0.6667,3,2,216.0,8,3,0,0,0,3.0,1,1
1446e9c0-9c6e-46a4-9fb3-be6f5eac10f5,d6f6800e-5c63-432b-93d2-8d7c32142867,05f04be6-bf37-49b3-9702-70ff3b02de05,2025-02-20T08:59:00,1,1,1,0,0,1,0,0.0,4,0,365.0,8,3,0,0,0,3.0,1,1
809c32a6-7dfa-4d91-b000-7f98bed996d6,2c1091c3-2c2e-4305-8524-f2651ddbea75,05f04be6-bf37-49b3-9702-70ff3b02de05,2025-02-20T08:59:00,1,0,0,0,1,1,1,0.5,2,1,668.0,8,3,0,0,0,3.0,1,1
c267c2d9-6672-4898-8964-82bf273f5225,cfdec3c3-1f55-4c1b-bf64-7c30eaf6fc9d,05f04be6-bf37-49b3-9702-70ff3b02de05,2025-02-20T09:01:00,1,1,1,0,1,1,1,1.0,2,2,93.0,9,3,0,0,1,3.0,1,1
4746b4ec-7e4d-4f52-af0e-ffe46020f5b7,20973b43-2cf6-456f-b7bc-c097d6343c32,d2611442-dd84-4d2f-809b-ca4a3ff72629,2025-02-20T11:46:00,0,0,0,0,1,1,0,0.25,4,1,365.0,11,3,0,0,1,4.0,3,1
d45cbcd7-c5d1-4053-865e-a82f3ae3a578,34dc13fa-a9a1-4b88-8692-d63511225a68,d2611442-dd84-4d2f-809b-ca4a3ff72629,2025-02-20T11:46:00,1,1,1,0,1,1,1,1.0,5,5,295.0,11,3,0,0,1,4.0,3,1
4b7f8228-9d6b-4b53-b593-e38f83c3007d,d346ac11-9b08-4a8a-b887-845a17ae7266,c0595c98-1ac3-4259-b6c1-a06d09d050d0,2025-02-20T11:59:00,1,0,1,0,1,1,1,1.0,4,4,573.0,11,3,0,0,1,1.0,3,1
c8e56d08-16a8-4581-948d-cb74e6d90ed7,103eb3c6-8619-4c37-b55b-6a3438e71b7a,c0595c98-1ac3-4259-b6c1-a06d09d050d0,2025-02-20T11:59:00,1,0,0,0,0,1,0,0.0,3,0,91.0,11,3,0,0,1,1.0,3,1
32e58f2e-f1cc-4d07-a7a0-65244c88b51a,0b47310a-57de-411d-a3af-67fcc8e4038f,c0595c98-1ac3-4259-b6c1-a06d09d050d0,2025-02-20T12:00:00,1,0,0,0,1,1,1,1.0,1,1,402.0,12,3,0,0,1,1.0,3,1
07d0d9ce-c628-48b1-81c3-f12487487a1b,6ba5036b-8e59-4341-9bc3-f959ef8d8360,c0595c98-1ac3-4259-b6c1-a06d09d050d0,2025-02-20T12:05:00,1,0,0,0,1,1,1,1.0,2,2,365.0,12,3,0,0,1,1.0,3,1
d1582d1a-7d7d-4f3e-af72-0d86a7f271ba,628e4e35-5853-4d59-b32f-4056b7e3e27b,0e5ae998-edeb-4a4a-b130-a5728d108b18,2025-02-20T17:57:00,1,0,1,0,1,0,1,0.6667,3,2,365.0,17,3,0,0,1,3.0,0,1
2cbb0ce6-bb1c-45dd-9ef5-b89585b6b5b6,80faa51d-a2ac-468a-a4b0-b1c148fd10fe,0e5ae998-edeb-4a4a-b130-a5728d108b18,2025-02-20T18:03:00,0,0,0,0,1,1,1,0.5,4,2,152.0,18,3,0,0,0,3.0,0,1
b4179020-1beb-477a-bc75-9774611c53a5,ed86563a-268b-43b8-851a-f22f9296edc5,0e5ae998-edeb-4a4a-b130-a5728d108b18,2025-02-20T18:07:00,0,0,1,0,0,1,0,0.3333,3,1,202.0,18,3,0,0,0,3.0,0,1
28a73ea5-fcd1-4cd9-8f1d-dce923480eda,bfe6f01b-84b9-4986-b7ea-e375c91d0d8c,0e5ae998-edeb-4a4a-b130-a5728d108b18,2025-02-20T18:08:00,1,0,0,0,1,1,1,1.0,1,1,293.0,18,3,0,0,0,3.0,0,1
34edfab9-caed-4f3b-890d-c0959058c63c,4f92c3e6-e44d-4309-b4ad-e6eaf75dd28f,0e5ae998-edeb-4a4a-b130-a5728d108b18,2025-02-20T18:09:00,1,0,1,0,1,1,1,1.0,1,1,365.0,18,3,0,0,0,3.0,0,1
58768813-e145-444b-9165-20c41c0ff9f3,ca2995db-95cb-4226-8f04-6f57902f8cf4,0e5ae998-edeb-4a4a-b130-a5728d108b18,2025-02-20T18:10:00,1,0,1,0,1,0,1,0.3333,3,1,365.0,18,3,0,0,0,3.0,0,1
96c6ef7b-4615-4c90-bd09-7d99d80bb0fc,a8a1af91-93b6-4f04-8e14-d38aa8302607,24230b93-1f2d-4cc0-89ac-3ecc25d1174d,2025-02-20T19:54:00,1,0,0,0,1,1,1,0.0,1,0,133.0,19,3,0,0,0,2.0,1,1
d4a855b6-0268-4ee4-a554-8b42b113e11d,a0b1bd76-723b-4abd-bf35-77c31a4185e5,24230b93-1f2d-4cc0-89ac-3ecc25d1174d,2025-02-20T19:55:00,0,0,0,0,1,0,0,0.0,0,0,136.0,19,3,0,0,0,2.0,1,1
37da5b6c-d8a8-4073-91ae-5628cacc7af8,9f966f0d-58e3-4b25-ab78-8fe097b30675,24230b93-1f2d-4cc0-89ac-3ecc25d1174d,2025-02-20T19:57:00,1,0,0,0,1,1,1,1.0,3,3,135.0,19,3,0,0,0,2.0,1,1
ce48334f-b479-45db-8cd1-806bc07eeb23,d37d167a-e253-4bf1-bf50-bfa4c95a4260,24230b93-1f2d-4cc0-89ac-3ecc25d1174d,2025-02-20T20:00:00,1,0,0,0,1,1,1,0.6667,3,2,127.0,20,3,0,0,0,2.0,1,1
861b941e-e3e3-43e4-996b-47be8e53a6d4,1165e327-489d-430a-9be8-467e1efd789d,24230b93-1f2d-4cc0-89ac-3ecc25d1174d,2025-02-20T20:04:00,0,0,0,0,1,1,1,1.0,3,3,189.0,20,3,0,0,0,2.0,1,1
ec4c4380-3202-4ed7-988b-80706d99a1f2,4ca593a6-6883-4ff4-b14b-a47593e71ecc,24230b93-1f2d-4cc0-89ac-3ecc25d1174d,2025-02-20T20:04:00,0,0,0,0,1,1,1,0.75,4,3,151.0,20,3,0,0,0,2.0,1,1
3db5eb31-419c-4d84-a7d6-666750a40a51,992a9f5e-edc4-40f0-b76a-3f29c20d5618,33da10f8-a2e5-4f12-8cc1-488a89def9d5,2025-02-21T03:00:00,0,0,0,0,1,1,1,0.6667,3,2,85.0,3,4,0,1,0,6.0,1,1
015bae52-2907-4407-9fe0-c6108d79bafe,f609cf6c-d0e4-48e5-9d6b-2cb379d2f51c,33da10f8-a2e5-4f12-8cc1-488a89def9d5,2025-02-21T03:02:00,0,1,1,0,1,1,1,1.0,5,5,365.0,3,4,0,1,0,6.0,1,1
fc24dc3e-414c-4a00-a74c-48d7c64fc711,03dd11aa-3bce-44bb-af81-d893187d3f9b,33da10f8-a2e5-4f12-8cc1-488a89def9d5,2025-02-21T03:04:00,1,1,1,0,1,1,1,0.4,5,2,226.0,3,4,0,1,0,6.0,1,1
71f0c3b3-d16b-4b3a-981e-5b5b4b4e9778,d6f6800e-5c63-432b-93d2-8d7c32142867,33da10f8-a2e5-4f12-8cc1-488a89def9d5,2025-02-21T03:06:00,1,1,1,0,0,1,0,0.2,5,1,365.0,3,4,0,1,0,6.0,1,1
71c08050-cc46-47b8-8fc8-a84855196fda,6c25e2ff-8bc0-4abc-a978-052ba5e4650a,33da10f8-a2e5-4f12-8cc1-488a89def9d5,2025-02-21T03:11:00,1,1,1,0,1,1,1,1.0,7,7,158.0,3,4,0,1,0,6.0,1,1
dd6d64ba-6eab-455f-be51-00d22250067f,bc7ffdff-d62a-437c-9957-5c8739b97d73,643d9446-6aa8-42ed-8b82-df1884fdcebc,2025-02-21T06:34:00,1,1,1,0,1,1,1,0.4,5,2,83.0,6,4,0,0,0,1.0,2,0
0e28f014-d4d3-4870-a377-122d33555ccf,12fc0202-67a8-417a-a936-b348c6432014,643d9446-6aa8-42ed-8b82-df1884fdcebc,2025-02-21T06:40:00,1,1,1,0,0,1,1,0.6667,3,2,365.0,6,4,0,0,0,1.0,2,0
58b49717-ae11-4d4f-8117-347e4084a38f,9f966f0d-58e3-4b25-ab78-8fe097b30675,643d9446-6aa8-42ed-8b82-df1884fdcebc,2025-02-21T06:43:00,0,0,0,0,1,1,1,1.0,4,4,136.0,6,4,0,0,0,1.0,2,0
5008985b-8320-40f7-8455-0a14f477ba93,2e3af94c-8ff5-4a35-ac8a-571d4fa070d4,745add40-e4b1-4212-b248-45761eb611ff,2025-02-21T07:56:00,1,0,0,0,1,1,1,0.6667,6,4,365.0,7,4,0,0,0,2.0,1,1
7e4b5141-3650-40f6-a6f1-f9105069be28,992a9f5e-edc4-40f0-b76a-3f29c20d5618,745add40-e4b1-4212-b248-45761eb611ff,2025-02-21T07:58:00,0,0,0,0,1,1,1,0.5,4,2,85.0,7,4,0,0,0,2.0,1,1
7e9e05dd-0f32-4533-8624-16bcee862c49,d2112070-a709-4a6f-a1fe-b83a282d0da2,745add40-e4b1-4212-b248-45761eb611ff,2025-02-21T08:04:00,0,0,0,0,1,1,1,1.0,2,2,365.0,8,4,0,0,0,2.0,1,1
9a8805d9-377b-4537-8e71-25a41fd39844,c2d25642-919c-4075-a54a-aedcf9642a56,745add40-e4b1-4212-b248-45761eb611ff,2025-02-21T08:05:00,0,0,0,0,1,1,0,0.5,4,2,241.0,8,4,0,0,0,2.0,1,1
c6f6147f-39c9-43e6-b49d-dfc6eaa3db7f,6f397cf4-9959-4fad-93f5-e6397f2f273d,745add40-e4b1-4212-b248-45761eb611ff,2025-02-21T08:05:00,1,0,0,0,1,1,1,1.0,2,2,354.0,8,4,0,0,0,2.0,1,1
48c82f53-a84d-442f-8875-d75419837625,797a96d3-916e-44ca-9537-0bd455606d82,1aa31682-6911-4402-b072-652cda6c126a,2025-02-21T13:33:00,0,0,0,0,0,1,1,0.5,2,1,257.0,13,4,0,0,1,6.0,0,1
34d4b77e-8ae0-46d8-9186-4a820c56f510,42ea4e92-f7aa-4bae-ab07-f79963ba71a1,1aa31682-6911-4402-b072-652cda6c126a,2025-02-21T13:37:00,1,0,1,0,0,1,1,1.0,4,4,264.0,13,4,0,0,1,6.0,0,1
8bba0413-111e-4103-9d59-6fd23e2c8f9f,97b426ef-09b1-4692-8010-6897b909efc6,1aa31682-6911-4402-b072-652cda6c126a,2025-02-21T13:38:00,0,0,0,0,1,0,1,0.4,5,2,96.0,13,4,0,0,1,6.0,0,1
29b5a9a9-2ec5-4a06-b725-d476faa3b7f5,57d21420-eb05-457e-8d19-6289775c7ce5,1aa31682-6911-4402-b072-652cda6c126a,2025-02-21T13:43:00,0,0,0,0,1,1,0,0.3333,3,1,365.0,13,4,0,0,1,6.0,0,1
6ba5be08-4014-4f22-b24c-18dbdf037d39,614d0845-b187-40ca-a14f-5c975fccd81c,1aa31682-6911-4402-b072-652cda6c126a,2025-02-21T13:44:00,1,0,1,1,1,0,1,1.0,1,1,201.0,13,4,0,0,1,6.0,0,1
8ef70b03-ec26-43dc-a253-19f82a78b106,6fe6108b-0137-4ed4-bb54-e1ed13a743e9,28c9eea7-0119-4d3e-aeb7-375f7f83ab15,2025-02-21T18:03:00,1,0,1,0,1,1,1,1.0,2,2,289.0,18,4,0,0,0,2.0,1,1
f7030147-ec9e-4cfb-a021-50f45108690a,f6556829-5e66-4e5a-aff5-3233c86566a8,28c9eea7-0119-4d3e-aeb7-375f7f83ab15,2025-02-21T18:03:00,1,0,0,0,1,0,1,0.6667,3,2,148.0,18,4,0,0,0,2.0,1,1
224a8593-028f-4540-b1b3-173c01ded5de,86982baf-89fb-453b-bd13-a6cfe928ea51,28c9eea7-0119-4d3e-aeb7-375f7f83ab15,2025-02-21T18:10:00,1,0,1,0,1,1,1,1.0,2,2,313.0,18,4,0,0,0,2.0,1,1
ffa589b6-b3ef-42dd-8047-4bb96c60388b,88dfaec5-4862-48de-a187-81674968acbd,28c9eea7-0119-4d3e-aeb7-375f7f83ab15,2025-02-21T18:10:00,1,0,0,0,1,1,1,1.0,1,1,365.0,18,4,0,0,0,2.0,1,1
cf271129-3e4e-4c37-ad35-d22ffabaf1af,6c25e2ff-8bc0-4abc-a978-052ba5e4650a,28c9eea7-0119-4d3e-aeb7-375f7f83ab15,2025-02-21T18:13:00,1,0,1,0,1,1,1,1.0,8,8,158.0,18,4,0,0,0,2.0,1,1
6d4b97a8-11b5-4020-a75e-726a5e93afe3,030d9e23-9b13-43d8-8711-c5c4d8470363,43c2880d-9b09-41c3-99df-686b308c9429,2025-02-21T20:24:00,1,0,1,0,1,1,1,0.75,4,3,154.0,20,4,0,0,0,1.0,1,1
bf80412a-cc51-4ae4-a3ae-c63d4d2e7a47,1b195c08-15b1-40fe-af14-43f69a65bef9,43c2880d-9b09-41c3-99df-686b308c9429,2025-02-21T20:24:00,1,0,1,0,1,1,1,0.0,0,0,157.0,20,4,0,0,0,1.0,1,1
f791e6c7-e62b-47ee-b89f-d36a77446f3f,dc3945d5-6321-4ff3-a949-9cc365303d45,43c2880d-9b09-41c3-99df-686b308c9429,2025-02-21T20:27:00,0,0,1,0,1,0,1,0.6667,6,4,117.0,20,4,0,0,0,1.0,1,1
e2bb477c-4e82-4c5e-bbb1-bc4cfa38a465,a88bf6b5-168a-42ee-bea7-b40defa21e24,7d831e39-7b46-411f-96d0-419a38844105,2025-02-22T06:49:00,1,1,1,0,1,1,1,0.8,5,4,90.0,6,5,1,0,0,2.0,1,1
9d16c448-4395-404a-8aee-d6a4a38b2c7b,d2112070-a709-4a6f-a1fe-b83a282d0da2,7d831e39-7b46-411f-96d0-419a38844105,2025-02-22T06:50:00,1,0,1,0,1,1,1,0.6667,3,2,365.0,6,5,1,0,0,2.0,1,1
6e7c5662-3e0b-47e7-a25b-016ed79870af,02e664d4-0b6a-4921-9a18-18529c0b46fb,7d831e39-7b46-411f-96d0-419a38844105,2025-02-22T06:53:00,1,0,1,0,1,1,1,0.6667,3,2,365.0,6,5,1,0,0,2.0,1,1
fbfa9284-06f3-4ffa-b5ab-cc5a09347cc2,ed3b9800-2f5e-489d-92bb-8bb1332538be,7d831e39-7b46-411f-96d0-419a38844105,2025-02-22T06:54:00,1,0,1,0,1,0,1,0.0,0,0,365.0,6,5,1,0,0,2.0,1,1
14e64899-9f0c-465e-baec-41eb36219333,0f0a17e5-ee39-4b55-89bf-da47d9347eab,92fdaf1c-d367-42bd-8c79-60f52b743c2f,2025-02-22T07:19:00,1,0,0,0,1,1,0,0.25,4,1,99.0,7,5,1,0,0,2.0,3,1
b85421f0-7614-494f-9db0-174156af28df,887c04b7-3558-4cd6-b634-cf5a4cd93877,92fdaf1c-d367-42bd-8c79-60f52b743c2f,2025-02-22T07:21:00,1,1,1,0,1,1,1,1.0,4,4,365.0,7,5,1,0,0,2.0,3,1
376a7032-4e80-4111-8e0d-4f86a33df77e,6b1ba131-fea8-4018-9f7b-bb75d5846414,92fdaf1c-d367-42bd-8c79-60f52b743c2f,2025-02-22T07:29:00,1,0,0,0,1,1,1,0.0,2,0,365.0,7,5,1,0,0,2.0,3,1
dc771415-7f43-489e-afab-fbaa08ff1c14,4a804056-cd59-4216-97bd-e4bb6eaee651,539ea97d-c667-44d9-b835-b133728bcb28,2025-02-22T11:42:00,1,1,1,0,1,1,1,0.0,1,0,365.0,11,5,1,0,0,2.0,2,1
1612fea3-9582-4852-8d5c-c6ee68e68186,d6f6800e-5c63-432b-93d2-8d7c32142867,539ea97d-c667-44d9-b835-b133728bcb28,2025-02-22T11:43:00,1,1,1,0,0,1,0,0.3333,6,2,365.0,11,5,1,0,0,2.0,2,1
8ca804cd-b067-471c-ae8f-87951adf3852,57d21420-eb05-457e-8d19-6289775c7ce5,539ea97d-c667-44d9-b835-b133728bcb28,2025-02-22T11:44:00,1,0,0,0,1,1,0,0.25,4,1,365.0,11,5,1,0,0,2.0,2,1
0c32ce92-3c63-45ca-a55e-8bf03b6cd91e,9b2d4384-c4a9-4135-8458-c0c14e077dce,539ea97d-c667-44d9-b835-b133728bcb28,2025-02-22T11:45:00,1,1,1,0,1,1,1,0.75,4,3,162.0,11,5,1,0,0,2.0,2,1
93741a64-735c-4e2c-9b33-f3d830b2ed6d,a1aa727a-9750-4916-9300-dd333ae653cc,539ea97d-c667-44d9-b835-b133728bcb28,2025-02-22T11:45:00,1,1,1,0,0,0,0,1.0,2,2,197.0,11,5,1,0,0,2.0,2,1
f48be4e1-dd97-4492-8fc8-924fb2095f83,15e8b88b-3071-48e6-b989-88d3d4c35e68,539ea97d-c667-44d9-b835-b133728bcb28,2025-02-22T11:48:00,1,1,1,0,1,1,1,1.0,4,4,85.0,11,5,1,0,0,2.0,2,1
22574617-e35a-4600-91db-d9f8c87c8c12,68cf86cf-66aa-443c-ae5b-e601c8cc76c7,cc9aae8f-9847-4205-b700-ad6e6323230b,2025-02-23T01:47:00,0,0,0,0,1,1,0,0.75,4,3,365.0,1,6,1,1,0,6.0,0,1
edf7a4da-6396-49d0-8eab-c920c3db6a6d,eb58213e-ba40-46c3-9d6b-38ab2414fb43,cc9aae8f-9847-4205-b700-ad6e6323230b,2025-02-23T01:49:00,0,0,0,0,1,0,0,1.0,1,1,131.0,1,6,1,1,0,6.0,0,1
de4b4646-d142-410c-b103-77c13c8a5501,e407e92f-fbeb-4577-975a-db39c26f5872,cc9aae8f-9847-4205-b700-ad6e6323230b,2025-02-23T01:50:00,1,0,1,1,1,1,1,0.75,4,3,252.0,1,6,1,1,0,6.0,0,1
562a3005-49ff-4517-9496-d5041dae3b5b,ac84e25a-f305-4698-9545-957806397804,cc9aae8f-9847-4205-b700-ad6e6323230b,2025-02-23T01:54:00,1,0,0,0,1,1,1,0.5,2,1,413.0,1,6,1,1,0,6.0,0,1
d1a30ca0-8a98-4929-bab5-a9abde89da3e,18425d44-6ba9-45d1-a297-f3778d4b10e7,cc9aae8f-9847-4205-b700-ad6e6323230b,2025-02-23T01:58:00,1,1,1,0,1,1,1,0.8333,6,5,365.0,1,6,1,1,0,6.0,0,1
46650495-96b4-447e-a5e9-8c21e878a257,35a960a1-e1aa-45db-8043-5650f7e73b8c,cc9aae8f-9847-4205-b700-ad6e6323230b,2025-02-23T01:59:00,0,0,1,1,1,0,1,0.25,4,1,86.0,1,6,1,1,0,6.0,0,1
1a2e50c5-7b0c-435c-ac0d-1b4c8f9c4f89,6c42715a-7792-4ae5-bd27-72ddeffdf209,24d4cd7f-338d-4c96-98db-657b3788a605,2025-02-23T02:10:00,1,1,1,0,1,1,1,1.0,2,2,93.0,2,6,1,1,0,2.0,2,1
0b8c0cbb-04f7-43bd-a7dd-e1d70ef1d1d4,29863a10-f78d-4e41-9aa9-3e446b4fe73f,24d4cd7f-338d-4c96-98db-657b3788a605,2025-02-23T02:12:00,1,0,0,0,1,1,0,0.5,2,1,108.0,2,6,1,1,0,2.0,2,1
cee39448-406d-4dd2-8c5c-fac4f09f7ab2,4eee87b4-abdd-4100-ad14-aaafa8fd5f81,24d4cd7f-338d-4c96-98db-657b3788a605,2025-02-23T02:12:00,1,1,1,0,1,1,1,1.0,1,1,153.0,2,6,1,1,0,2.0,2,1
04eec915-cda3-40ac-a4f2-64a9486f2c52,2bc00f4d-1415-492e-ab45-855a39d62175,24d4cd7f-338d-4c96-98db-657b3788a605,2025-02-23T02:13:00,1,1,1,0,1,0,1,0.8571,7,6,164.0,2,6,1,1,0,2.0,2,1
d4867e3b-ffd8-4d99-9959-463222f69075,34dc13fa-a9a1-4b88-8692-d63511225a68,24d4cd7f-338d-4c96-98db-657b3788a605,2025-02-23T02:18:00,1,1,1,0,1,1,1,1.0,6,6,298.0,2,6,1,1,0,2.0,2,1
184229a9-3961-4726-a8b2-1eb5e306be53,6a9c2430-d23f-4e3a-9d23-36289b5ec791,c3195304-432b-4ab0-a114-2f73b5f8a42d,2025-02-23T07:33:00,1,0,1,0,0,1,1,1.0,1,1,264.0,7,6,1,0,0,4.0,1,1
1d3ba250-927a-4bc7-81d5-13860d64f0e3,443aebc7-b493-44c6-bde3-762b445ca7e3,c3195304-432b-4ab0-a114-2f73b5f8a42d,2025-02-23T07:33:00,1,1,1,0,0,1,1,1.0,3,3,365.0,7,6,1,0,0,4.0,1,1
beb9d231-fa2a-4560-8a18-eda6873cbb06,c5f535ca-0ce9-4d6a-9653-50c63468cb62,c3195304-432b-4ab0-a114-2f73b5f8a42d,2025-02-23T07:34:00,1,0,1,0,1,1,0,0.5,2,1,248.0,7,6,1,0,0,4.0,1,1
84d69b1f-7808-4a5d-b84d-e96f76317e82,238bf442-7dd1-4625-97b1-0fd3299287dc,c3195304-432b-4ab0-a114-2f73b5f8a42d,2025-02-23T07:36:00,1,0,1,0,1,1,1,0.6667,3,2,246.0,7,6,1,0,0,4.0,1,1
29b8d880-01be-43ae-a32a-73191f23e328,ed86563a-268b-43b8-851a-f22f9296edc5,eeeb5c4e-37a3-497c-bec1-29511e5b9169,2025-02-23T08:44:00,0,1,1,0,0,1,0,0.25,4,1,205.0,8,6,1,0,0,3.0,0,1
37a225d3-26be-4704-b9a0-571652d102db,5e1e8005-4458-440a-9d56-64d0e7c3e96b,eeeb5c4e-37a3-497c-bec1-29511e5b9169,2025-02-23T08:48:00,1,0,0,0,0,1,1,0.6,5,3,176.0,8,6,1,0,0,3.0,0,1
8e4147b7-8e13-4e1f-9c3d-e42cbf2606a1,5d69d39a-573c-4fc2-b61f-084eeb974f10,eeeb5c4e-37a3-497c-bec1-29511e5b9169,2025-02-23T08:50:00,0,0,0,0,1,0,1,0.0,0,0,365.0,8,6,1,0,0,3.0,0,1
6b30c7c8-80e9-477c-9333-e73db523ca92,74de697e-ecd0-4975-8057-f21088a888b4,eeeb5c4e-37a3-497c-bec1-29511e5b9169,2025-02-23T08:52:00,1,0,1,1,1,1,0,0.625,8,5,365.0,8,6,1,0,0,3.0,0,1
69451fb2-6e41-4ccd-a7df-b36293a439d4,cd36ff59-5ea4-42e6-93c5-5e86da3a1bf9,eeeb5c4e-37a3-497c-bec1-29511e5b9169,2025-02-23T08:55:00,1,1,1,0,1,0,1,1.0,4,4,365.0,8,6,1,0,0,3.0,0,1
b8a0ee02-2599-4d9b-9457-12b520009790,c26464e8-28b6-4923-b2ea-5e7dbf4e5c58,4c68081d-6920-46d9-bde4-edfd39bf1b0f,2025-02-23T10:38:00,1,1,1,0,0,0,1,1.0,2,2,365.0,10,6,1,0,0,1.0,1,1
490898f6-df4c-4c9a-b2bb-b8eeed5699a6,0ad41086-120a-480a-a25e-68be9c95144c,4c68081d-6920-46d9-bde4-edfd39bf1b0f,2025-02-23T10:43:00,1,0,0,0,1,1,1,1.0,3,3,365.0,10,6,1,0,0,1.0,1,1
4f37dd2f-f80c-485a-b1d3-2e575e47897d,7ce3dda1-de53-4002-8f7b-0cd22da8ea06,4c68081d-6920-46d9-bde4-edfd39bf1b0f,2025-02-23T10:44:00,1,1,1,0,1,1,1,0.5,4,2,422.0,10,6,1,0,0,1.0,1,1
da89423e-e647-49b0-bcb7-b2a1bf86727e,42ea4e92-f7aa-4bae-ab07-f79963ba71a1,4c68081d-6920-46d9-bde4-edfd39bf1b0f,2025-02-23T10:47:00,1,0,0,0,0,1,1,1.0,5,5,266.0,10,6,1,0,0,1.0,1,1
e534aca3-8424-46d4-b4c1-d954c064f446,75455c5a-fc28-4e12-ab1d-c5bf91975e07,4c68081d-6920-46d9-bde4-edfd39bf1b0f,2025-02-23T10:49:00,1,1,1,0,1,1,1,1.0,3,3,155.0,10,6,1,0,0,1.0,1,1
22345e4b-2023-4bf3-8a82-231ea6baf85c,7874fffd-6a3d-4885-92ad-f115c4f7779f,4c68081d-6920-46d9-bde4-edfd39bf1b0f,2025-02-23T10:51:00,1,0,0,0,1,1,1,0.8,5,4,365.0,10,6,1,0,0,1.0,1,1
9475d8e3-ebb9-4cec-bc77-9ae410f26e24,3e6e3033-9a9c-4988-9e45-362e43ee98e6,c8445ded-4d19-480b-a6de-e14500d09ca7,2025-02-23T15:44:00,0,0,1,1,1,1,1,0.8333,6,5,650.0,15,6,1,0,0,3.0,1,1
4126bd43-3f04-4896-b7e5-eaade03a7e66,f63c50b9-9712-4146-b62f-580951ca12c3,c8445ded-4d19-480b-a6de-e14500d09ca7,2025-02-23T15:45:00,0,0,0,0,0,1,0,1.0,3,3,89.0,15,6,1,0,0,3.0,1,1
e0819971-8b27-46e4-9ee1-6836b34b1339,b822f3f2-bc12-474d-9f5a-b3cef19341f0,c8445ded-4d19-480b-a6de-e14500d09ca7,2025-02-23T15:45:00,1,0,0,0,1,1,1,0.4286,7,3,365.0,15,6,1,0,0,3.0,1,1
83b4fc3e-6a58-4b8a-a8d1-83768e4685a2,8472b4dc-b0f7-4b8e-aeb1-10bfb842eb2f,c8445ded-4d19-480b-a6de-e14500d09ca7,2025-02-23T15:46:00,1,0,0,0,1,1,0,0.6667,3,2,130.0,15,6,1,0,0,3.0,1,1
dba44e63-5779-4093-a1b9-c6210fd80421,ba816062-c1ac-43da-97de-4c1216324bb5,c8445ded-4d19-480b-a6de-e14500d09ca7,2025-02-23T15:52:00,0,0,0,0,1,1,1,0.6667,3,2,163.0,15,6,1,0,0,3.0,1,1
a2e0814a-f2b5-42ee-8b67-08c492ea707a,0db56994-7b77-4dee-bd9c-894ba39fcd46,a3a2e90a-cf23-4bf4-8879-b0d7abec8701,2025-02-23T16:18:00,0,0,1,0,1,1,0,1.0,4,4,144.0,16,6,1,0,0,1.0,2,1
2e6577df-4342-4d71-9aa4-2740b41963c0,b649daf0-45a0-4879-bceb-08f29bf19ce2,a3a2e90a-cf23-4bf4-8879-b0d7abec8701,2025-02-23T16:20:00,1,0,1,0,1,1,1,1.0,3,3,253.0,16,6,1,0,0,1.0,2,1
c767d38c-8721-4695-b4c2-2bcb321bdbf3,05088ba7-5428-4853-8cc9-e76f460fddd4,a3a2e90a-cf23-4bf4-8879-b0d7abec8701,2025-02-23T16:24:00,0,0,0,0,1,1,1,1.0,1,1,182.0,16,6,1,0,0,1.0,2,1
bda47bd5-70f2-42c6-b334-4a797e343d6c,d34c976e-433f-4254-8ff9-9f722de3d7df,a3a2e90a-cf23-4bf4-8879-b0d7abec8701,2025-02-23T16:25:00,1,0,1,0,1,1,1,0.6667,3,2,365.0,16,6,1,0,0,1.0,2,1
f6a688e1-d694-484e-bc8a-f752a2355d62,030d9e23-9b13-43d8-8711-c5c4d8470363,a3a2e90a-cf23-4bf4-8879-b0d7abec8701,2025-02-23T16:25:00,1,0,0,0,1,1,1,0.8,5,4,156.0,16,6,1,0,0,1.0,2,1
54d541c7-a897-42b6-8b71-53a7d174a47b,4be00de0-ff5a-454f-aca8-e915814cf135,a3a2e90a-cf23-4bf4-8879-b0d7abec8701,2025-02-23T16:31:00,1,1,1,0,1,1,1,0.6667,3,2,365.0,16,6,1,0,0,1.0,2,1
867986de-ca12-4998-a2bb-d0acbaf68884,f7f1655c-f8c2-4296-91c4-9f8f570ad765,84a78eaf-17d9-4871-a6be-e61fc1c8db5b,2025-02-23T20:15:00,1,0,0,0,1,1,1,0.8,5,4,88.0,20,6,1,0,0,2.0,1,1
be3d1f5e-1746-43ea-a606-b645f6140c1c,7874fffd-6a3d-4885-92ad-f115c4f7779f,84a78eaf-17d9-4871-a6be-e61fc1c8db5b,2025-02-23T20:15:00,1,1,1,0,1,1,1,0.8333,6,5,365.0,20,6,1,0,0,2.0,1,1
cd9f9c11-7346-49c4-bec4-111a773d5555,18425d44-6ba9-45d1-a297-f3778d4b10e7,84a78eaf-17d9-4871-a6be-e61fc1c8db5b,2025-02-23T20:18:00,1,0,1,0,1,1,1,0.8571,7,6,365.0,20,6,1,0,0,2.0,1,1
8c316fd3-68b9-460a-8349-0d0bad99d4da,29e49c87-bf5c-4e0a-844a-7ce3f4f2d13d,84a78eaf-17d9-4871-a6be-e61fc1c8db5b,2025-02-23T20:21:00,1,0,0,0,1,1,1,1.0,5,5,136.0,20,6,1,0,0,2.0,1,1
301a85dc-358d-40a4-adbf-27f054c4c9a0,bd48baab-9e75-48be-85b5-d5b192d7bba9,84a78eaf-17d9-4871-a6be-e61fc1c8db5b,2025-02-23T20:22:00,1,0,1,0,1,0,1,0.5,2,1,95.0,20,6,1,0,0,2.0,1,1
7ca22a6d-92e3-4d5b-9d74-840d7ed642fd,d86275ba-b1a0-4e6e-a363-d11e975f6df6,2d0a5ddb-b1ff-499f-ac0d-8e62145fe653,2025-02-23T22:18:00,0,0,0,0,1,1,1,1.0,4,4,200.0,22,6,1,1,0,6.0,2,1
e25b83d5-c047-456d-bd32-b35fc1ba6376,1f07a96f-aedb-4b8a-b298-4bb359530928,2d0a5ddb-b1ff-499f-ac0d-8e62145fe653,2025-02-23T22:20:00,1,1,1,0,0,0,1,0.0,0,0,272.0,22,6,1,1,0,6.0,2,1
8750ba31-8ec2-4fab-bccc-36b173ac55d8,6fe6108b-0137-4ed4-bb54-e1ed13a743e9,afe80d28-56fc-412a-bf63-69f8956fb4b0,2025-02-24T08:12:00,1,1,1,0,1,1,1,1.0,3,3,292.0,8,0,0,0,0,4.0,0,0
3f7d8e92-460e-429b-bbdb-7e95246697b7,614d0845-b187-40ca-a14f-5c975fccd81c,afe80d28-56fc-412a-bf63-69f8956fb4b0,2025-02-24T08:13:00,1,0,1,1,1,0,1,1.0,2,2,204.0,8,0,0,0,0,4.0,0,0
26137c58-dda8-4b4e-b276-2d03fcada401,9b2d4384-c4a9-4135-8458-c0c14e077dce,afe80d28-56fc-412a-bf63-69f8956fb4b0,2025-02-24T08:15:00,1,1,1,0,1,1,1,0.8,5,4,164.0,8,0,0,0,0,4.0,0,0
6088c6a5-835d-4d8c-9867-ac5160ddbbe8,02e664d4-0b6a-4921-9a18-18529c0b46fb,afe80d28-56fc-412a-bf63-69f8956fb4b0,2025-02-24T08:15:00,1,1,1,0,1,1,1,0.75,4,3,365.0,8,0,0,0,0,4.0,0,0
ca417fab-8aff-4c9a-995c-8d6b78c43a28,e5932f7a-3ade-43d3-b57c-3dd00eae2d48,afe80d28-56fc-412a-bf63-69f8956fb4b0,2025-02-24T08:18:00,0,0,0,0,0,1,1,1.0,1,1,125.0,8,0,0,0,0,4.0,0,0
ceecf4c1-c98c-425d-bf77-13204a2e28c3,6b1ba131-fea8-4018-9f7b-bb75d5846414,afe80d28-56fc-412a-bf63-69f8956fb4b0,2025-02-24T08:22:00,1,0,0,0,1,1,1,0.3333,3,1,365.0,8,0,0,0,0,4.0,0,0
f7fc7b09-1cac-4f51-9bea-78ced70cee89,e116edc5-9b26-4e7c-88d9-765a7676524f,9ad14890-f269-4eed-962b-305a583459ad,2025-02-24T09:46:00,1,0,0,0,1,1,1,0.0,1,0,161.0,9,0,0,0,1,4.0,1,1
2f5a6d76-33cd-4845-8b80-f53348659043,a5412686-ad1b-4800-b166-5b72f3faa02d,9ad14890-f269-4eed-962b-305a583459ad,2025-02-24T09:55:00,1,0,0,0,1,1,1,1.0,3,3,99.0,9,0,0,0,1,4.0,1,1
b1fd9f36-10d1-4b3c-8d29-be08dc2e17f1,d00a6ed9-0c78-4d11-8599-3f98cf750bc5,9ad14890-f269-4eed-962b-305a583459ad,2025-02-24T09:58:00,1,0,0,0,1,1,1,0.6667,3,2,349.0,9,0,0,0,1,4.0,1,1
05bea7e9-8dc9-4381-b67c-ca8a62d54212,bfe8f73a-9210-4c1c-b628-3cea7b8977ae,9ad14890-f269-4eed-962b-305a583459ad,2025-02-24T09:59:00,1,0,0,0,1,1,0,0.0,6,0,365.0,9,0,0,0,1,4.0,1,1
68902fe6-530e-4ed9-8618-4478c78cd38b,ad32e776-9492-4189-a4eb-d73ed256a7ea,9ad14890-f269-4eed-962b-305a583459ad,2025-02-24T09:59:00,1,1,1,0,1,1,1,0.75,4,3,94.0,9,0,0,0,1,4.0,1,1
b87a6cca-89cb-4f02-8147-efad0d3fdb07,5a9cd770-f74a-4cdd-87d0-646aa0e13b89,cdc0a9b1-b9bc-4cee-95e0-06a85a28a65e,2025-02-24T10:02:00,0,0,0,0,1,1,1,0.5714,7,4,208.0,10,0,0,0,1,1.0,3,0
a7fcf36e-ffa2-47a8-9550-682211367a74,238bf442-7dd1-4625-97b1-0fd3299287dc,cdc0a9b1-b9bc-4cee-95e0-06a85a28a65e,2025-02-24T10:06:00,0,1,1,0,1,1,1,0.75,4,3,247.0,10,0,0,0,1,1.0,3,0
1d137986-3a38-4711-b06f-7392584c0e15,1b81506a-481d-42f6-b01c-dbb52717cc9e,cdc0a9b1-b9bc-4cee-95e0-06a85a28a65e,2025-02-24T10:11:00,1,1,1,0,1,1,1,0.5,2,1,142.0,10,0,0,0,1,1.0,3,0
1dff3bc8-703e-4c6a-b54d-d499e535fc9f,866f151d-9b2b-4c13-9341-f46f866efb61,3e0b363a-6f06-42dc-a1fc-7380d44e6f84,2025-02-24T11:18:00,1,0,0,0,1,1,1,0.6667,3,2,365.0,11,0,0,0,1,1.0,1,1
2eaa1d10-7d0b-4fdb-837d-311cc1687892,6ea9a5eb-fa10-4a3a-b0ff-8ec7b4d27eff,3e0b363a-6f06-42dc-a1fc-7380d44e6f84,2025-02-24T11:23:00,0,0,0,0,1,1,1,1.0,2,2,365.0,11,0,0,0,1,1.0,1,1
e5560b0e-4019-460d-838c-5cec5bff3be2,94906dc6-84f5-4e83-97bc-c3f5fdc665d5,3e0b363a-6f06-42dc-a1fc-7380d44e6f84,2025-02-24T11:24:00,0,0,0,0,1,1,0,1.0,1,1,137.0,11,0,0,0,1,1.0,1,1
da22a777-ce76-48af-a4cf-24a9ca4661a9,fe02ea3a-03d9-4d57-94a7-47e4a11e404f,3e0b363a-6f06-42dc-a1fc-7380d44e6f84,2025-02-24T11:25:00,1,1,1,0,1,1,1,0.75,4,3,423.0,11,0,0,0,1,1.0,1,1
3f2f7108-21df-4463-a069-d34e1c355ef5,4ac85ad1-81f9-4db3-a7c9-2bd4d3df0e31,3e0b363a-6f06-42dc-a1fc-7380d44e6f84,2025-02-24T11:26:00,1,0,0,0,1,1,1,0.8,5,4,135.0,11,0,0,0,1,1.0,1,1
3908f04a-b741-4a76-9bb9-c800c1f1c0ab,ef2b35e1-aedc-4a84-a9b0-5f90c4eca927,3e0b363a-6f06-42dc-a1fc-7380d44e6f84,2025-02-24T11:28:00,0,0,0,0,1,1,0,0.0,3,0,365.0,11,0,0,0,1,1.0,1,1
68ca8961-a65d-4ad0-93e1-680f8fd00e70,28be837f-36ab-4fc3-b1d9-db1a3b881b02,90de5893-f30d-47af-9854-08cc223fc62f,2025-02-24T11:53:00,1,0,0,0,1,1,1,1.0,2,2,99.0,11,0,0,0,1,6.0,2,0
91831280-7c97-457f-8624-c945ec112d45,4b0c223e-3977-4c3a-96bc-a4febeb624c3,90de5893-f30d-47af-9854-08cc223fc62f,2025-02-24T11:58:00,1,1,1,0,1,1,1,1.0,2,2,98.0,11,0,0,0,1,6.0,2,0
ea18f23e-acc5-46c6-9949-f25aacc0a176,5a1a919b-115a-40fc-ad8a-b6ffd35a23eb,90de5893-f30d-47af-9854-08cc223fc62f,2025-02-24T12:01:00,1,0,0,0,1,1,1,0.6667,3,2,416.0,12,0,0,0,1,6.0,2,0
33dfb681-2418-4a9e-961f-a965e3905fb5,c5df4563-5594-46ee-912f-a3c37bc8f200,3ca55773-3182-40b3-bbf0-154ebd756d42,2025-02-24T13:46:00,1,0,0,0,1,1,1,0.0,1,0,365.0,13,0,0,0,1,6.0,1,1
52163d37-500a-4787-bf3c-614b35a19116,6505256d-ee75-49c0-889a-900cd074daa4,3ca55773-3182-40b3-bbf0-154ebd756d42,2025-02-24T13:48:00,1,1,1,0,0,1,1,1.0,1,1,125.0,13,0,0,0,1,6.0,1,1
38f09604-f427-47fd-bb3b-6d224490df85,1b1c6a4c-9521-43d0-af56-40e628a2cb1d,3ca55773-3182-40b3-bbf0-154ebd756d42,2025-02-24T13:55:00,1,0,0,0,1,1,1,0.75,4,3,281.0,13,0,0,0,1,6.0,1,1
b57df24c-2a5a-44cc-b7b3-74747d9add5f,53ed2f86-5a3a-4240-86cc-9f9f609bdea0,3ca55773-3182-40b3-bbf0-154ebd756d42,2025-02-24T13:55:00,1,0,0,0,1,1,0,0.8,5,4,178.0,13,0,0,0,1,6.0,1,1
433cb706-93f8-42d0-86dc-29d5d0975975,4b4303f9-d680-4320-80ac-0fc7377998df,3ca55773-3182-40b3-bbf0-154ebd756d42,2025-02-24T13:56:00,1,0,0,0,1,1,1,0.6667,3,2,166.0,13,0,0,0,1,6.0,1,1
889557e6-5f4d-4cd0-b1aa-9809248ed0ab,93125440-01af-4643-ac94-7c4da12295ea,1a79543e-5f3a-4e82-94bb-3a6ad848fcfb,2025-02-24T17:19:00,1,0,0,0,1,1,1,0.8333,6,5,298.0,17,0,0,0,1,6.0,0,1
0c5dbf8c-22d1-4cb0-aa70-ebe79ebe5362,1ee3aa44-6749-4c32-9bfe-c3306275fe48,1a79543e-5f3a-4e82-94bb-3a6ad848fcfb,2025-02-24T17:23:00,1,0,0,0,1,1,1,0.8333,6,5,135.0,17,0,0,0,1,6.0,0,1
6b60fe14-745d-4e25-9c13-1dd501515130,950e5213-a1b0-4cdc-9127-044adb973cb5,1a79543e-5f3a-4e82-94bb-3a6ad848fcfb,2025-02-24T17:23:00,0,0,0,0,1,1,0,0.6667,3,2,365.0,17,0,0,0,1,6.0,0,1
4c55065f-e45d-480b-abbc-5f3f71ce3416,18663a26-c010-4e4e-8471-6194347da84d,1a79543e-5f3a-4e82-94bb-3a6ad848fcfb,2025-02-24T17:30:00,1,0,0,0,1,1,1,0.8571,7,6,365.0,17,0,0,0,1,6.0,0,1
24effcce-e8ff-4c8d-8885-81280445bda5,0bd74d79-c6ed-4e86-a612-e698b486ec29,ef23021c-2d58-4b76-a155-7026db2fb8c0,2025-02-24T23:03:00,1,0,1,0,1,1,1,1.0,3,3,456.0,23,0,0,1,0,3.0,3,1
487a9b4f-db92-4a0d-b87f-3ffbb25440da,12fc0202-67a8-417a-a936-b348c6432014,ef23021c-2d58-4b76-a155-7026db2fb8c0,2025-02-24T23:03:00,1,0,1,0,0,1,1,0.75,4,3,365.0,23,0,0,1,0,3.0,3,1
51023f92-538b-476e-a809-bb6f95b0ae1b,eca2c7b8-3bf7-4912-8e53-7666a464dbfc,ef23021c-2d58-4b76-a155-7026db2fb8c0,2025-02-24T23:06:00,1,0,1,0,1,1,1,1.0,1,1,198.0,23,0,0,1,0,3.0,3,1
7bfb4cbf-ab98-4378-a2e7-e910cd73bf95,6bb36c9a-793f-4f90-bf6f-df150cb1f85a,548fa2f4-aacf-418c-8b84-fc07f446884b,2025-02-24T23:47:00,0,0,0,0,1,0,1,1.0,2,2,133.0,23,0,0,1,0,1.0,3,0
f2f882ef-1670-4471-85dd-2779901f0a04,4408ab43-7f7a-4a44-b781-4dd2edca4a74,548fa2f4-aacf-418c-8b84-fc07f446884b,2025-02-24T23:50:00,1,1,1,0,1,1,1,1.0,1,1,142.0,23,0,0,1,0,1.0,3,0
f26f7a04-a700-4131-b3a9-d6e3c0edd0b8,1711dff0-5b73-4336-ae3e-5003955b231a,9a762cb5-f046-4a25-b373-462948d3cafe,2025-02-25T03:58:00,1,0,1,1,1,1,1,0.0,0,0,253.0,3,1,0,1,0,4.0,3,1
fd0c71f2-31a7-4f2d-ba55-fd60b58bfac8,0f830c26-3d4f-4cf5-81cf-08041535d161,9a762cb5-f046-4a25-b373-462948d3cafe,2025-02-25T03:59:00,1,0,0,0,1,0,1,0.8,5,4,150.0,3,1,0,1,0,4.0,3,1
a6a75bf7-83b5-4d21-8d92-f40122e85673,80faa51d-a2ac-468a-a4b0-b1c148fd10fe,9a762cb5-f046-4a25-b373-462948d3cafe,2025-02-25T04:01:00,1,0,0,0,1,1,1,0.4,5,2,157.0,4,1,0,1,0,4.0,3,1
ce79c3f6-f8a2-493c-bb28-e647336a5b4f,bbaea4a2-227b-4e8f-9f8b-61615adfff9f,9a762cb5-f046-4a25-b373-462948d3cafe,2025-02-25T04:01:00,1,1,1,0,1,1,1,1.0,3,3,128.0,4,1,0,1,0,4.0,3,1
3617000e-aa19-496a-8976-a92d6696706f,11e977ea-77b0-4be7-a600-4b4895750d3e,9a762cb5-f046-4a25-b373-462948d3cafe,2025-02-25T04:09:00,1,0,0,0,1,1,1,1.0,4,4,176.0,4,1,0,1,0,4.0,3,1
4df953d6-4c8e-4880-98a0-7a6948dd92b4,4ca593a6-6883-4ff4-b14b-a47593e71ecc,9a762cb5-f046-4a25-b373-462948d3cafe,2025-02-25T04:09:00,1,0,0,0,1,1,1,0.6,5,3,156.0,4,1,0,1,0,4.0,3,1
2a478e2a-1c1f-4b9e-ba56-20e8f3f4cc9f,979b5d05-d629-42eb-925c-ca3d093ceaca,cd7f08b8-de29-4d52-8a97-0ba86e5b6721,2025-02-25T06:06:00,1,1,1,0,1,1,1,0.8,5,4,245.0,6,1,0,0,0,3.0,3,0
80ef151b-87d2-40c3-a53d-fb8a46b96e6c,543b149c-d59c-49f5-bb4f-e6ac6bd72dd3,cd7f08b8-de29-4d52-8a97-0ba86e5b6721,2025-02-25T06:12:00,0,0,1,0,1,0,1,0.75,4,3,141.0,6,1,0,0,0,3.0,3,0
90d13bbc-2227-4bce-b124-5b18d65d6743,a92ac821-12c7-40b8-bbb8-e287da0564eb,c627861a-eb50-4bef-aaf4-1b09cd52287e,2025-02-25T08:51:00,0,0,0,0,1,1,1,0.75,4,3,365.0,8,1,0,0,0,2.0,2,0
bca6d975-9495-4cb1-a333-fd0020a00cc3,3a844307-c065-40ea-b773-262c476a0e2a,c627861a-eb50-4bef-aaf4-1b09cd52287e,2025-02-25T08:52:00,1,1,1,0,1,1,0,0.5,4,2,123.0,8,1,0,0,0,2.0,2,0
431d9522-ad9a-4044-92d4-84fc7de9d0f6,836f20e8-ac46-4599-a783-92f86ea182c4,c627861a-eb50-4bef-aaf4-1b09cd52287e,2025-02-25T08:53:00,1,1,1,0,1,1,1,1.0,2,2,275.0,8,1,0,0,0,2.0,2,0
d5412376-d1f9-4188-8272-f62f6d4ac16c,003d6f49-5fb1-4dd6-a54d-b1bc078eb57e,c627861a-eb50-4bef-aaf4-1b09cd52287e,2025-02-25T08:53:00,0,0,0,0,1,1,1,0.0,2,0,365.0,8,1,0,0,0,2.0,2,0
3da821d1-ee74-491d-b338-b2f7485229d0,0648f122-df82-42c1-b7a4-513681226246,c627861a-eb50-4bef-aaf4-1b09cd52287e,2025-02-25T08:56:00,1,1,1,0,1,1,1,0.0,2,0,103.0,8,1,0,0,0,2.0,2,0
ca25c0b9-3734-4077-8ad4-f2e53428b46a,89351c19-fb07-4021-8981-38f3a660e1f1,c627861a-eb50-4bef-aaf4-1b09cd52287e,2025-02-25T08:59:00,1,0,0,0,1,0,1,1.0,1,1,86.0,8,1,0,0,0,2.0,2,0
6e0064d7-0f98-4491-b71b-2f56de7a05ff,6bb36c9a-793f-4f90-bf6f-df150cb1f85a,c5683156-bda3-4773-a4d0-de0ab726a5cf,2025-02-25T10:12:00,1,0,0,0,1,0,1,0.6667,3,2,134.0,10,1,0,0,1,1.0,2,0
22836b06-a063-428b-97da-0590a6ea9005,6b1ba131-fea8-4018-9f7b-bb75d5846414,c5683156-bda3-4773-a4d0-de0ab726a5cf,2025-02-25T10:14:00,1,0,0,0,1,1,1,0.5,4,2,365.0,10,1,0,0,1,1.0,2,0
86697ec4-ff7b-4bed-bab0-e1a1b1b825e6,a8a1af91-93b6-4f04-8e14-d38aa8302607,c5683156-bda3-4773-a4d0-de0ab726a5cf,2025-02-25T10:15:00,1,1,1,0,1,1,1,0.5,2,1,138.0,10,1,0,0,1,1.0,2,0
e2f8dbee-24c4-4927-b99a-d27a9e41aa8f,238bf442-7dd1-4625-97b1-0fd3299287dc,c5683156-bda3-4773-a4d0-de0ab726a5cf,2025-02-25T10:16:00,1,0,1,0,1,1,1,0.6,5,3,248.0,10,1,0,0,1,1.0,2,0
942c57b4-83ea-442b-b201-38b8025a6afa,1711dff0-5b73-4336-ae3e-5003955b231a,c5683156-bda3-4773-a4d0-de0ab726a5cf,2025-02-25T10:25:00,1,0,1,1,1,1,1,1.0,1,1,253.0,10,1,0,0,1,1.0,2,0
f8836095-5905-4eed-8e6f-81bb1adfbc85,5e1e8005-4458-440a-9d56-64d0e7c3e96b,0e6858e1-8cee-4e61-a2d0-2009038041bd,2025-02-25T11:45:00,0,0,0,0,0,1,1,0.6667,6,4,178.0,11,1,0,0,1,4.0,1,0
52e29f7c-f86d-45f1-89e4-ce59ab642cd2,5d834b3d-0d58-4d16-bdc4-32869531ea10,0e6858e1-8cee-4e61-a2d0-2009038041bd,2025-02-25T11:48:00,1,0,0,0,1,1,1,1.0,2,2,101.0,11,1,0,0,1,4.0,1,0
0f6b795a-2009-42af-b62f-b29f0ce236b7,e116edc5-9b26-4e7c-88d9-765a7676524f,0e6858e1-8cee-4e61-a2d0-2009038041bd,2025-02-25T11:50:00,1,0,0,0,1,1,1,0.5,2,1,162.0,11,1,0,0,1,4.0,1,0
eea46e6e-ff26-4df7-88a2-5fa1fdbc742a,643a2cfd-c940-4060-89e8-05b38ecebd84,0e6858e1-8cee-4e61-a2d0-2009038041bd,2025-02-25T11:53:00,1,0,0,0,1,1,1,1.0,3,3,179.0,11,1,0,0,1,4.0,1,0
6b084851-ebc7-46e9-b6da-495fa75cc41d,03e883fa-634d-4ebc-8db3-ff97e5ec7eb2,0e6858e1-8cee-4e61-a2d0-2009038041bd,2025-02-25T11:54:00,0,0,0,0,0,1,0,1.0,1,1,218.0,11,1,0,0,1,4.0,1,0
53288e15-c59c-48d7-af0a-9efe800acc84,0f0a17e5-ee39-4b55-89bf-da47d9347eab,0e6858e1-8cee-4e61-a2d0-2009038041bd,2025-02-25T11:56:00,1,0,0,0,1,1,0,0.4,5,2,102.0,11,1,0,0,1,4.0,1,0
2605d852-ebe6-40f4-af78-0a38e245257e,03e883fa-634d-4ebc-8db3-ff97e5ec7eb2,9cb3de67-f10f-4333-8fd8-c061e90b1064,2025-02-25T18:50:00,0,0,0,0,0,1,0,0.5,2,1,218.0,18,1,0,0,0,2.0,2,1
8ef037a2-04dd-47fa-8cf8-9edafd311b0d,5b144804-32b7-4e82-9f3c-1b20f6f52721,9cb3de67-f10f-4333-8fd8-c061e90b1064,2025-02-25T18:53:00,1,1,1,0,1,1,1,1.0,5,5,94.0,18,1,0,0,0,2.0,2,1
0a94dd5b-5eb6-4db2-a86e-928f378a5252,258c585a-0983-4f1a-9632-3c358d253411,9cb3de67-f10f-4333-8fd8-c061e90b1064,2025-02-25T18:56:00,1,0,0,0,1,1,1,0.3333,3,1,609.0,18,1,0,0,0,2.0,2,1
14776903-56e7-4d5f-b3df-d687b03235ae,dd1ab9ef-a26d-487b-9f4e-071ae247a999,9cb3de67-f10f-4333-8fd8-c061e90b1064,2025-02-25T18:58:00,1,0,0,0,1,1,1,0.6667,3,2,294.0,18,1,0,0,0,2.0,2,1
235912aa-120a-4fad-900c-eea655c14346,3eeabab8-191e-4745-993a-32c183d79d3c,9cb3de67-f10f-4333-8fd8-c061e90b1064,2025-02-25T18:59:00,1,1,1,0,1,1,1,1.0,3,3,365.0,18,1,0,0,0,2.0,2,1
b80bf291-538f-4a92-870a-9a9f675403b8,6982ca50-e7c0-467d-8a70-8533e3077bd9,9cb3de67-f10f-4333-8fd8-c061e90b1064,2025-02-25T18:59:00,1,1,1,0,1,1,1,1.0,2,2,365.0,18,1,0,0,0,2.0,2,1
8eed0d47-f5a3-48a5-89c8-110d189fb81a,c5f535ca-0ce9-4d6a-9653-50c63468cb62,0d49950b-d870-448c-8fa8-09b900229d79,2025-02-26T00:01:00,1,1,1,0,1,1,0,0.6667,3,2,251.0,0,2,0,1,0,4.0,3,1
af791896-0943-4a26-8a24-75eafc4f8216,a0b1bd76-723b-4abd-bf35-77c31a4185e5,4d6c6be2-ed08-4dcf-868a-a02ede3a7c26,2025-02-26T00:04:00,1,0,1,0,1,0,0,0.0,1,0,142.0,0,2,0,1,0,2.0,2,1
34d55623-7e81-49d0-8e7f-717894e7bd52,d81e4f34-385a-4f91-a183-890ca677d88c,4d6c6be2-ed08-4dcf-868a-a02ede3a7c26,2025-02-26T00:06:00,1,1,1,0,1,1,1,1.0,2,2,117.0,0,2,0,1,0,2.0,2,1
ebf5a1bb-28d8-42df-98ba-91fcc70dff6f,67e602e6-39ad-4901-acb6-b01a84f70f34,0d49950b-d870-448c-8fa8-09b900229d79,2025-02-26T00:12:00,1,1,1,0,1,1,1,0.3333,3,1,88.0,0,2,0,1,0,4.0,3,1
313a3437-01bb-4240-b588-29b5745f6bd7,ad71dc4d-d139-444d-a8ee-c755441c0f54,0d49950b-d870-448c-8fa8-09b900229d79,2025-02-26T00:13:00,1,1,1,0,1,1,1,1.0,1,1,365.0,0,2,0,1,0,4.0,3,1
f0dcd074-e9b9-408c-800a-9cf519d26881,dbebf1a3-387d-417a-abcb-ebdd3d136562,0d49950b-d870-448c-8fa8-09b900229d79,2025-02-26T00:13:00,1,1,1,0,1,1,1,0.3333,3,1,179.0,0,2,0,1,0,4.0,3,1
d211d4a6-2db9-4858-b9c0-1852db2bb939,46c4620d-f466-43aa-86c4-b6bea05d529d,89cb65c0-554c-435e-9de7-28c77f44f219,2025-02-26T01:55:00,1,0,1,1,1,1,1,0.8,5,4,229.0,1,2,0,1,0,2.0,1,1
423debd0-ea15-4492-91fb-195ee6c75134,e00b0ffc-7f24-4a41-8150-e710ef1d3730,89cb65c0-554c-435e-9de7-28c77f44f219,2025-02-26T02:00:00,0,0,0,0,1,1,1,1.0,2,2,337.0,2,2,0,1,0,2.0,1,1
7fcc69ff-eb3d-4ffd-9eba-6cc10a3bda0a,e154750f-17df-43f5-8c04-401ee73830f6,68565d08-0f30-4b1e-a6cd-0619c5f4a1f7,2025-02-26T06:28:00,1,1,1,0,1,1,0,0.3333,3,1,121.0,6,2,0,0,0,2.0,1,1
c70a4f6b-9980-4f99-aace-98a46b1b470b,a5412686-ad1b-4800-b166-5b72f3faa02d,68565d08-0f30-4b1e-a6cd-0619c5f4a1f7,2025-02-26T06:28:00,1,1,1,0,1,1,1,1.0,4,4,101.0,6,2,0,0,0,2.0,1,1
859b2179-a04f-4b10-8103-85ecd2ccace1,64037712-470c-40c3-b34b-66128b93e18d,e9f5bc96-644c-4885-b036-70d52a00a4fd,2025-02-26T06:29:00,1,0,0,0,1,1,0,0.0,0,0,365.0,6,2,0,0,0,2.0,1,0
b75fc36a-ba4f-47f9-833f-7e6c4bed0f8a,a77bcc83-4a3d-492d-bcd8-592aba88fc9d,68565d08-0f30-4b1e-a6cd-0619c5f4a1f7,2025-02-26T06:29:00,1,1,1,0,1,0,1,0.5,4,2,99.0,6,2,0,0,0,2.0,1,1
1806a1b1-13d0-4a7b-94b2-c8eebdf0755b,cd532bc0-2367-446e-8e57-68c7cd6101f6,68565d08-0f30-4b1e-a6cd-0619c5f4a1f7,2025-02-26T06:30:00,0,0,1,0,1,1,1,0.8,5,4,293.0,6,2,0,0,0,2.0,1,1
a62c5b88-0ee1-4030-9f46-0c33c3fc3f87,992a9f5e-edc4-40f0-b76a-3f29c20d5618,e9f5bc96-644c-4885-b036-70d52a00a4fd,2025-02-26T06:30:00,0,0,0,0,1,1,1,0.4,5,2,90.0,6,2,0,0,0,2.0,1,0
fb7e5200-c4dd-45f9-b64a-d5f561588a80,1b1c6a4c-9521-43d0-af56-40e628a2cb1d,e9f5bc96-644c-4885-b036-70d52a00a4fd,2025-02-26T06:30:00,0,0,0,0,1,1,1,0.8,5,4,283.0,6,2,0,0,0,2.0,1,0
718acd1a-dd66-460f-b688-471a977b6bff,346ece9f-9eed-4c58-95d7-1c3e38d7cceb,68565d08-0f30-4b1e-a6cd-0619c5f4a1f7,2025-02-26T06:31:00,1,1,1,0,1,1,1,1.0,3,3,365.0,6,2,0,0,0,2.0,1,1
85d1a113-ce8a-4c8e-9436-7a6670e4940a,feca2cc5-9c28-40c7-8543-ca69b34076e3,e9f5bc96-644c-4885-b036-70d52a00a4fd,2025-02-26T06:35:00,0,0,0,0,1,0,1,1.0,4,4,365.0,6,2,0,0,0,2.0,1,0
fdd26f29-2f2f-442a-9bbc-d8add5d444b6,d6f6800e-5c63-432b-93d2-8d7c32142867,e9f5bc96-644c-4885-b036-70d52a00a4fd,2025-02-26T06:38:00,1,1,1,0,0,1,0,0.4286,7,3,365.0,6,2,0,0,0,2.0,1,0
892f8a94-11f6-44f0-a076-14d642e4b5c1,dc3945d5-6321-4ff3-a949-9cc365303d45,e9f5bc96-644c-4885-b036-70d52a00a4fd,2025-02-26T06:39:00,0,1,1,0,1,0,1,0.5714,7,4,122.0,6,2,0,0,0,2.0,1,0
17820e85-4173-4b11-8df7-a4bab932a9b5,d869910e-02c0-4d29-a1fd-9bdef530d653,a2080132-bbc3-40a5-b5b6-a0488f39a233,2025-02-26T08:46:00,1,0,1,0,1,0,1,0.8571,7,6,365.0,8,2,0,0,0,6.0,3,1
9b0819d1-ca9b-4b9a-92d2-d399f16eb634,003d6f49-5fb1-4dd6-a54d-b1bc078eb57e,a2080132-bbc3-40a5-b5b6-a0488f39a233,2025-02-26T08:47:00,1,1,1,0,1,1,1,0.0,3,0,365.0,8,2,0,0,0,6.0,3,1
a332aad8-5ede-41ba-a342-667c672e8ca6,b34b9ff4-c6a5-4e42-9619-75d5b29e68d4,a2080132-bbc3-40a5-b5b6-a0488f39a233,2025-02-26T08:49:00,1,0,1,0,1,1,0,1.0,3,3,243.0,8,2,0,0,0,6.0,3,1
5829f71c-26bc-4665-bc1d-96b77f3003b5,b16f7848-a2a4-4c2c-8a3b-0bf76ecdf857,8044f0e4-d62c-4a76-a023-a4fb90d05a8e,2025-02-26T08:54:00,1,0,1,0,0,1,1,1.0,4,4,365.0,8,2,0,0,0,3.0,1,1
84648e02-8e46-4460-b7d7-7cb4f1b8fe0c,0c006a63-150c-4896-a935-e4015ce402d4,8044f0e4-d62c-4a76-a023-a4fb90d05a8e,2025-02-26T08:54:00,1,0,1,0,1,1,1,1.0,1,1,136.0,8,2,0,0,0,3.0,1,1
a0e12969-f7fc-4509-8b0b-336d0355a299,88dfaec5-4862-48de-a187-81674968acbd,322729a8-4f58-4ae7-b8e8-833812795ef6,2025-02-26T11:40:00,1,0,0,0,1,1,1,1.0,2,2,365.0,11,2,0,0,1,3.0,3,0
8f863d67-c25a-4bea-a74c-56f2dc653e01,bf160ba0-ac86-4d11-b5e7-904beff9cc2d,322729a8-4f58-4ae7-b8e8-833812795ef6,2025-02-26T11:43:00,0,1,1,0,1,1,1,1.0,4,4,245.0,11,2,0,0,1,3.0,3,0
ff284379-3840-4ffb-9ff3-5dc1487da2e1,a2c7df0e-ef10-4dcc-aaed-b693b2b5db03,322729a8-4f58-4ae7-b8e8-833812795ef6,2025-02-26T11:44:00,1,0,0,0,0,0,1,0.5,2,1,125.0,11,2,0,0,1,3.0,3,0
f8848db4-6a97-4703-bd00-f41f04a0ddf5,909e8f9d-0127-4f44-9f4c-24a2e2b45782,9444b94b-4fa8-401b-a744-36e36ccba07b,2025-02-26T16:01:00,1,0,0,0,1,1,1,0.5,2,1,139.0,16,2,0,0,1,4.0,2,1
b41a68da-effc-40a6-a860-90ffeda224b4,3f72d86e-c11c-497f-b6d0-5f2e08b013cd,9444b94b-4fa8-401b-a744-36e36ccba07b,2025-02-26T16:03:00,1,1,1,0,0,1,1,0.6667,3,2,160.0,16,2,0,0,1,4.0,2,1
e73f9170-3fe8-4269-9a6e-8bf3ba127729,985ab403-ddfd-47f6-9b98-9ce2f7dcd16e,9444b94b-4fa8-401b-a744-36e36ccba07b,2025-02-26T16:07:00,1,0,1,1,1,1,0,1.0,4,4,169.0,16,2,0,0,1,4.0,2,1
1596f7de-48bb-40b8-8a45-f4f40bcb251a,003d6f49-5fb1-4dd6-a54d-b1bc078eb57e,6df4b08d-39d0-40a3-a286-5ac238b6f4b3,2025-02-26T20:55:00,1,0,0,0,1,1,1,0.25,4,1,365.0,20,2,0,0,0,2.0,2,1
99aed178-13a9-4089-9b35-e2fd6e96265b,28309fde-6955-4852-ae11-f09951df357a,6df4b08d-39d0-40a3-a286-5ac238b6f4b3,2025-02-26T20:57:00,0,0,0,0,1,1,1,0.5,2,1,216.0,20,2,0,0,0,2.0,2,1
19b062c1-3a58-4781-97ba-712bbe9f01a2,8465564b-f0a3-4480-b044-c0a4cf6d01a0,6df4b08d-39d0-40a3-a286-5ac238b6f4b3,2025-02-26T20:59:00,1,1,1,0,1,1,1,1.0,3,3,460.0,20,2,0,0,0,2.0,2,1
dbf305da-5cf3-445e-b638-d8a02c141b6b,16199d23-baa8-4292-b1d9-9b27b201daa1,6df4b08d-39d0-40a3-a286-5ac238b6f4b3,2025-02-26T21:01:00,1,0,0,0,1,0,1,1.0,1,1,160.0,21,2,0,0,0,2.0,2,1
ceaa3662-c94e-4507-be1d-0b39043fff5b,af32b242-6347-4914-8703-8bc3222ac8c4,ef4be64c-e6d8-4a5c-86dd-1406e4bbc149,2025-02-26T22:24:00,1,0,1,0,1,1,1,0.6667,3,2,137.0,22,2,0,1,0,1.0,1,1
e8b1bad5-8fb3-471f-be8f-69062ef4c52b,85b594e8-d460-4e0d-bd65-07df78f69665,ef4be64c-e6d8-4a5c-86dd-1406e4bbc149,2025-02-26T22:24:00,1,1,1,0,1,1,0,0.0,3,0,103.0,22,2,0,1,0,1.0,1,1
5e34fc3e-399b-4a9d-b144-1adec38c720f,90226cb0-70e6-4d51-8a71-165165d84910,ef4be64c-e6d8-4a5c-86dd-1406e4bbc149,2025-02-26T22:27:00,1,1,1,0,1,1,1,1.0,1,1,312.0,22,2,0,1,0,1.0,1,1
9e045865-b467-4aad-8f6e-b72713473ae4,83d13c8e-fd29-4343-bf35-4497b673a39d,ef4be64c-e6d8-4a5c-86dd-1406e4bbc149,2025-02-26T22:28:00,0,0,1,0,1,1,1,1.0,4,4,176.0,22,2,0,1,0,1.0,1,1
bf596ce1-feac-4312-8449-8df98f73a927,c16201b1-943e-4c96-8b98-654faa1c4f67,ef4be64c-e6d8-4a5c-86dd-1406e4bbc149,2025-02-26T22:28:00,1,1,1,0,1,1,1,0.0,0,0,102.0,22,2,0,1,0,1.0,1,1
eb267c28-9f2e-475e-8935-76424e2381cf,3d9f3b15-c774-4537-9706-6a9c0ce3bcd0,3de912d6-18f6-4846-85da-99626970b40b,2025-02-27T07:27:00,1,0,0,0,1,1,0,1.0,3,3,125.0,7,3,0,0,0,2.0,0,1
6876561f-3c40-4d20-8ce0-80d2798bea40,e0e3fb99-db30-4123-b346-7f11de4197c6,3de912d6-18f6-4846-85da-99626970b40b,2025-02-27T07:28:00,1,0,0,0,1,1,1,0.8333,6,5,283.0,7,3,0,0,0,2.0,0,1
d322766a-c177-4dab-bb3e-be5a8e42a4c2,68cf86cf-66aa-443c-ae5b-e601c8cc76c7,3de912d6-18f6-4846-85da-99626970b40b,2025-02-27T07:29:00,1,0,0,0,1,1,0,0.6,5,3,365.0,7,3,0,0,0,2.0,0,1
c989e469-7733-4cd8-84cb-c56729f395ac,6a793798-198b-46b9-85cd-0ec03d79cc88,3de912d6-18f6-4846-85da-99626970b40b,2025-02-27T07:30:00,1,0,0,0,1,1,1,1.0,2,2,133.0,7,3,0,0,0,2.0,0,1
eac1ee0a-d6c5-4461-8ae8-c898d23b1627,97dbbf0c-d2b5-452c-b22a-e11e30701e99,3de912d6-18f6-4846-85da-99626970b40b,2025-02-27T07:34:00,1,0,1,1,0,0,1,0.75,4,3,195.0,7,3,0,0,0,2.0,0,1
d4b3171e-a9cb-4e1e-976a-b421b3a67863,cd532bc0-2367-446e-8e57-68c7cd6101f6,3de912d6-18f6-4846-85da-99626970b40b,2025-02-27T07:35:00,1,0,0,0,1,1,1,0.6667,6,4,294.0,7,3,0,0,0,2.0,0,1
dbee12fa-b48c-49d2-b6b8-7a31da31a26f,1ee3aa44-6749-4c32-9bfe-c3306275fe48,e7fe10b0-7b1f-464e-bdf3-da9f792b1720,2025-02-27T12:00:00,0,1,1,0,1,1,1,0.8571,7,6,138.0,12,3,0,0,1,6.0,1,1
1c766be0-7977-4e43-a8ca-198181779e06,a9048c9b-4ff2-49a2-8387-544ccfc02e0e,e7fe10b0-7b1f-464e-bdf3-da9f792b1720,2025-02-27T12:04:00,1,1,1,0,1,1,0,0.6,5,3,462.0,12,3,0,0,1,6.0,1,1
3eff1490-5fde-4712-85d3-7ba68046b046,8465564b-f0a3-4480-b044-c0a4cf6d01a0,e7fe10b0-7b1f-464e-bdf3-da9f792b1720,2025-02-27T12:04:00,1,1,1,0,1,1,1,1.0,4,4,461.0,12,3,0,0,1,6.0,1,1
6b027361-a0e4-4fb6-9ad6-b5983074908e,6a793798-198b-46b9-85cd-0ec03d79cc88,a0b3da67-adfd-4465-99ca-247191a5ffac,2025-02-27T12:54:00,1,0,1,0,1,1,1,1.0,3,3,133.0,12,3,0,0,1,6.0,2,1
5f04e9e0-f597-4a0a-89f9-ba7dc2573a6a,7dce07a7-bf0e-49d0-8e10-0fae45654bf0,a0b3da67-adfd-4465-99ca-247191a5ffac,2025-02-27T12:56:00,1,0,1,0,0,1,0,0.625,8,5,107.0,12,3,0,0,1,6.0,2,1
5debccc9-cc52-4ad7-b1aa-299e67d86427,5578cdc0-e19a-4fb1-909f-349d3abc4652,a0b3da67-adfd-4465-99ca-247191a5ffac,2025-02-27T12:58:00,0,0,0,0,0,1,0,1.0,1,1,365.0,12,3,0,0,1,6.0,2,1
213e3708-07ef-406d-ab98-00053feb66f7,7724d47c-dcf0-4aba-a2e1-ec51d9d4eef2,a0b3da67-adfd-4465-99ca-247191a5ffac,2025-02-27T13:02:00,1,0,1,0,1,1,1,0.6667,6,4,359.0,13,3,0,0,1,6.0,2,1
6a7c5f27-68c5-45dc-9b94-adfa0880f8a3,fda5fef4-939c-4a0d-864d-c6a11b14bd2a,a0b3da67-adfd-4465-99ca-247191a5ffac,2025-02-27T13:03:00,1,0,1,0,1,1,1,0.6667,3,2,505.0,13,3,0,0,1,6.0,2,1
49df6636-da0b-4c28-bdbf-ba9ed1a52b06,e116edc5-9b26-4e7c-88d9-765a7676524f,a0b3da67-adfd-4465-99ca-247191a5ffac,2025-02-27T13:04:00,1,0,0,0,1,1,1,0.6667,3,2,164.0,13,3,0,0,1,6.0,2,1
26c29b71-6c8e-4db0-aace-0b92eb8b7e27,273ddb7f-7af3-44a5-b945-f6705e9f338f,12158f72-3296-44d3-9773-dc190f2b97ce,2025-02-27T20:20:00,0,0,0,0,1,1,0,0.5,4,2,173.0,20,3,0,0,0,3.0,2,1
6257d53a-151f-43c4-864b-9240d6efbd1d,1b1c6a4c-9521-43d0-af56-40e628a2cb1d,12158f72-3296-44d3-9773-dc190f2b97ce,2025-02-27T20:21:00,1,0,0,0,1,1,1,0.6667,6,4,284.0,20,3,0,0,0,3.0,2,1
944ac58c-852a-495a-9127-f5ccee0d1ef5,dd3c9c80-9a9d-4efd-a8fc-06ac9e8600c4,12158f72-3296-44d3-9773-dc190f2b97ce,2025-02-27T20:23:00,1,1,1,0,1,1,1,0.6667,3,2,365.0,20,3,0,0,0,3.0,2,1
098e5f5d-f428-474a-9dd9-a1a78816c601,d2112070-a709-4a6f-a1fe-b83a282d0da2,12158f72-3296-44d3-9773-dc190f2b97ce,2025-02-27T20:26:00,1,1,1,0,1,1,1,0.75,4,3,365.0,20,3,0,0,0,3.0,2,1
0dc9a38e-e864-41c3-945c-0fdecbf8181b,96b33493-7f4b-4752-a880-e07a1deccfc8,12158f72-3296-44d3-9773-dc190f2b97ce,2025-02-27T20:26:00,1,0,0,0,1,1,0,0.5,2,1,116.0,20,3,0,0,0,3.0,2,1
2aedd06e-48bd-4329-8bd6-79033622cd94,4d0e1b54-5e79-4df5-b9bd-bd996b9c9642,12158f72-3296-44d3-9773-dc190f2b97ce,2025-02-27T20:26:00,0,1,1,0,1,1,0,0.6667,3,2,343.0,20,3,0,0,0,3.0,2,1
c714a20a-5345-476a-9f3e-c0dad5976d38,238bf442-7dd1-4625-97b1-0fd3299287dc,0483728e-ce08-4e11-a7cc-f6f410ab94f6,2025-02-27T22:18:00,1,1,1,0,1,1,1,0.6667,6,4,250.0,22,3,0,1,0,2.0,1,1
eabc3529-5dc9-4f53-a3a0-c47113b6dfd7,e116edc5-9b26-4e7c-88d9-765a7676524f,0483728e-ce08-4e11-a7cc-f6f410ab94f6,2025-02-27T22:18:00,0,0,0,0,1,1,1,0.75,4,3,164.0,22,3,0,1,0,2.0,1,1
0b6f8381-a891-4f3b-a802-bfb8b90f5dab,11e977ea-77b0-4be7-a600-4b4895750d3e,0483728e-ce08-4e11-a7cc-f6f410ab94f6,2025-02-27T22:21:00,0,0,0,0,1,1,1,1.0,5,5,178.0,22,3,0,1,0,2.0,1,1
cdfaa266-bc8c-40e6-87c6-1e250d636475,a1aa727a-9750-4916-9300-dd333ae653cc,0483728e-ce08-4e11-a7cc-f6f410ab94f6,2025-02-27T22:22:00,0,1,1,0,0,0,0,1.0,3,3,202.0,22,3,0,1,0,2.0,1,1
87cb528a-c5af-4344-9cc9-b61684be8764,c0eaa600-b15c-463a-b278-86b3ca57fd5c,0efb4d92-68b2-4452-8bad-9ee7074764d9,2025-02-27T23:26:00,1,1,1,0,1,1,1,0.75,4,3,90.0,23,3,0,1,0,2.0,1,1
be348708-57f3-42da-9248-60d7939d53be,5ce51cd2-5e42-4c02-8828-aafbaf8181c6,0efb4d92-68b2-4452-8bad-9ee7074764d9,2025-02-27T23:35:00,1,1,1,0,1,0,1,0.0,0,0,223.0,23,3,0,1,0,2.0,1,1
74f29e0b-bf84-40ad-8748-eb5ad7e9cb41,7724d47c-dcf0-4aba-a2e1-ec51d9d4eef2,0efb4d92-68b2-4452-8bad-9ee7074764d9,2025-02-27T23:36:00,0,0,1,0,1,1,1,0.7143,7,5,359.0,23,3,0,1,0,2.0,1,1
623d8a92-10b2-4f05-9fe8-2e51e08e4cb8,12fc0202-67a8-417a-a936-b348c6432014,0efb4d92-68b2-4452-8bad-9ee7074764d9,2025-02-27T23:37:00,1,0,1,0,0,1,1,0.8,5,4,365.0,23,3,0,1,0,2.0,1,1
8fcaa775-c6ba-44d9-a90b-111bbde20498,86adaeeb-d381-4c0f-87c8-ba59ce1cad28,1cc5d0c4-045d-4581-9a6c-8a3a10eb2f90,2025-02-28T01:04:00,1,0,1,0,1,1,1,1.0,3,3,392.0,1,4,0,1,0,3.0,1,1
1938001e-daec-489e-9aff-6b9562df373e,5d69d39a-573c-4fc2-b61f-084eeb974f10,1cc5d0c4-045d-4581-9a6c-8a3a10eb2f90,2025-02-28T01:06:00,1,1,1,0,1,0,1,0.0,1,0,365.0,1,4,0,1,0,3.0,1,1
bf4dab9a-3157-4140-943c-cce297de5773,27f63174-92e0-4ec5-a8d6-df307aa20f3b,1cc5d0c4-045d-4581-9a6c-8a3a10eb2f90,2025-02-28T01:07:00,0,0,1,0,1,1,1,1.0,5,5,365.0,1,4,0,1,0,3.0,1,1
d6266822-3a47-418f-b5f4-1a0f4c24df00,e00b0ffc-7f24-4a41-8150-e710ef1d3730,1cc5d0c4-045d-4581-9a6c-8a3a10eb2f90,2025-02-28T01:11:00,1,1,1,0,1,1,1,0.6667,3,2,339.0,1,4,0,1,0,3.0,1,1
7b27ccd1-fca2-4aee-8404-5c11f8f2d1a9,bc7ffdff-d62a-437c-9957-5c8739b97d73,1cc5d0c4-045d-4581-9a6c-8a3a10eb2f90,2025-02-28T01:12:00,1,0,1,0,1,1,1,0.5,6,3,90.0,1,4,0,1,0,3.0,1,1
8384bfbe-1971-4df2-a8e3-fd5ead91e9f3,ed86563a-268b-43b8-851a-f22f9296edc5,1cc5d0c4-045d-4581-9a6c-8a3a10eb2f90,2025-02-28T01:12:00,1,0,1,0,0,1,0,0.2,5,1,210.0,1,4,0,1,0,3.0,1,1
bfecafd8-08fc-4c9f-9815-d1711eee14c9,00fe7012-13c0-4486-9a33-e56253f1a860,c9a77834-c436-4278-8d50-43a5354f443c,2025-02-28T02:19:00,1,1,1,0,1,1,0,0.5,2,1,258.0,2,4,0,1,0,2.0,2,1
afca0b89-f778-4dfd-b5a8-4da39820573a,a927ec13-1431-4870-8c63-e98dc7bad4b8,c9a77834-c436-4278-8d50-43a5354f443c,2025-02-28T02:22:00,1,0,1,0,1,1,1,0.6667,3,2,107.0,2,4,0,1,0,2.0,2,1
088b3e32-5e9d-4d14-b638-124059a4b30c,ba816062-c1ac-43da-97de-4c1216324bb5,c9a77834-c436-4278-8d50-43a5354f443c,2025-02-28T02:27:00,1,0,0,0,1,1,1,0.5,4,2,168.0,2,4,0,1,0,2.0,2,1
4058347a-943c-48ba-8efc-dd69ec051496,d2fbf799-2a03-4408-8c26-4fc239c5d4fc,c9a77834-c436-4278-8d50-43a5354f443c,2025-02-28T02:29:00,1,0,1,0,1,0,1,1.0,3,3,174.0,2,4,0,1,0,2.0,2,1
bf9359bc-f64b-46ac-9064-94408693c80f,63e1e7de-8090-46e0-a921-6add4ddcfef9,c9a77834-c436-4278-8d50-43a5354f443c,2025-02-28T02:30:00,0,0,0,0,1,1,1,0.5,4,2,437.0,2,4,0,1,0,2.0,2,1
0006a574-e97d-4d1e-a8d4-eabc92f5a7d9,0b51ced4-84e3-45ad-a67a-de86af260d64,0ae03bdf-c9f2-4842-93ba-9cdfa1660066,2025-02-28T10:37:00,1,0,1,0,1,1,1,0.75,4,3,364.0,10,4,0,0,1,4.0,3,1
2c0f59b4-92c7-444d-b78f-b82ab8eee658,19e65af6-da1e-4052-bf71-1659737f5cc7,0ae03bdf-c9f2-4842-93ba-9cdfa1660066,2025-02-28T10:40:00,1,1,1,0,1,1,1,1.0,5,5,383.0,10,4,0,0,1,4.0,3,1
308f9a54-5a12-4d01-abd8-b3d0f01c1a4d,4ac85ad1-81f9-4db3-a7c9-2bd4d3df0e31,0ae03bdf-c9f2-4842-93ba-9cdfa1660066,2025-02-28T10:42:00,1,1,1,0,1,1,1,0.8333,6,5,139.0,10,4,0,0,1,4.0,3,1
c55e8782-2b4c-4a55-96ec-016fdc79c83f,86adaeeb-d381-4c0f-87c8-ba59ce1cad28,3cc2c7f1-cff4-4173-8ffa-82580fa275e0,2025-02-28T19:16:00,1,1,1,0,1,1,1,1.0,4,4,392.0,19,4,0,0,0,4.0,2,0
05163d5a-732a-43f0-8526-2642f4d0f36f,b0102217-6663-410d-8e4b-e802cddf4baa,3cc2c7f1-cff4-4173-8ffa-82580fa275e0,2025-02-28T19:17:00,1,0,0,0,1,1,1,0.6667,3,2,115.0,19,4,0,0,0,4.0,2,0
55e5a13f-3744-4740-96e7-2f70502ec711,6c5114ec-b8e2-4c74-8e20-93ded422c3b1,3cc2c7f1-cff4-4173-8ffa-82580fa275e0,2025-02-28T19:18:00,1,1,1,0,1,0,0,0.5,4,2,99.0,19,4,0,0,0,4.0,2,0
33ada8db-f508-4ac9-b1bb-507dc3d07951,445beb91-c8f4-47ed-b5c7-e8a70759c76b,c7294329-2d81-48c5-b320-4682ab805d67,2025-02-28T20:28:00,1,1,1,0,1,1,1,1.0,5,5,117.0,20,4,0,0,0,1.0,3,0
f91c4d75-f13a-433c-b834-2462fd997340,bb55dc49-18c5-486f-aa1d-2aa9a6fac646,c7294329-2d81-48c5-b320-4682ab805d67,2025-02-28T20:30:00,1,0,1,0,1,1,1,0.0,1,0,134.0,20,4,0,0,0,1.0,3,0
f1519ae5-434a-412e-b5b1-b54f3c366023,3cad9af4-3e76-49e7-a472-17fbf3b30322,1b5838c1-1cb4-4e5d-b0e7-1e5044a10c75,2025-02-28T21:27:00,1,0,1,0,1,1,1,0.6667,3,2,99.0,21,4,0,0,0,3.0,1,0
94e6fba0-c03d-4912-824f-86e86c497a6f,e0e3fb99-db30-4123-b346-7f11de4197c6,1b5838c1-1cb4-4e5d-b0e7-1e5044a10c75,2025-02-28T21:32:00,1,0,0,0,1,1,1,0.8571,7,6,284.0,21,4,0,0,0,3.0,1,0
47d07f2b-b231-49aa-923b-28ff6bef94d8,ba654c1d-96a2-4ce2-96bf-a37bb05c6b58,1b5838c1-1cb4-4e5d-b0e7-1e5044a10c75,2025-02-28T21:35:00,1,1,1,0,1,0,0,0.6667,3,2,365.0,21,4,0,0,0,3.0,1,0
386fb6cb-4d0d-4096-b275-dfd599bbe11d,846be435-a2e1-4850-bad5-07de99099078,a6b705bd-6a0d-4926-9934-012103a4e180,2025-02-28T21:54:00,1,0,1,0,1,1,1,1.0,5,5,120.0,21,4,0,0,0,3.0,3,1
08e2f17b-e2d5-414d-93be-df3c01c67872,64333604-4c8c-43e1-a6e9-7c4582414c02,a6b705bd-6a0d-4926-9934-012103a4e180,2025-02-28T21:57:00,1,0,1,0,1,1,1,1.0,3,3,196.0,21,4,0,0,0,3.0,3,1
8871fc3a-708e-4d6b-811c-20e8e2a4c6ef,c4407f72-aaa4-45db-935c-f0c2d2f7c518,a6b705bd-6a0d-4926-9934-012103a4e180,2025-02-28T22:00:00,1,1,1,0,1,0,1,0.3333,3,1,91.0,22,4,0,1,0,3.0,3,1
ee00e193-8858-4398-9bbd-52456c3df1f9,3b128aa7-53a1-48cc-ba33-cd0df14eac90,a6b705bd-6a0d-4926-9934-012103a4e180,2025-02-28T22:00:00,1,1,1,0,1,1,0,1.0,3,3,309.0,22,4,0,1,0,3.0,3,1
9b163cd6-876f-4be3-b8d0-74833e01029d,ba654c1d-96a2-4ce2-96bf-a37bb05c6b58,43984f42-955b-43e5-bbfa-0a6a722ccf36,2025-03-01T01:11:00,0,0,0,0,1,0,0,0.75,4,3,365.0,1,5,1,1,0,3.0,3,1
7e4dc433-0a10-42a2-b243-a66d7e752f0b,0648f122-df82-42c1-b7a4-513681226246,43984f42-955b-43e5-bbfa-0a6a722ccf36,2025-03-01T01:17:00,0,0,1,0,1,1,1,0.3333,3,1,107.0,1,5,1,1,0,3.0,3,1
91f679d5-da13-4024-a75f-8ba10c678276,f6612e9b-17e3-4407-bad5-87d18f75c172,43984f42-955b-43e5-bbfa-0a6a722ccf36,2025-03-01T01:19:00,0,0,0,0,0,1,1,0.75,4,3,102.0,1,5,1,1,0,3.0,3,1
3a6df59c-8775-4282-b828-313bb1cd040d,c5f535ca-0ce9-4d6a-9653-50c63468cb62,43984f42-955b-43e5-bbfa-0a6a722ccf36,2025-03-01T01:22:00,0,0,1,0,1,1,0,0.75,4,3,254.0,1,5,1,1,0,3.0,3,1
7178f9c6-1cb1-4156-babc-85f906170277,19cad05e-ae8b-4d86-b026-69fbb73b2e76,43984f42-955b-43e5-bbfa-0a6a722ccf36,2025-03-01T01:23:00,1,0,0,0,1,1,1,0.75,4,3,225.0,1,5,1,1,0,3.0,3,1
eb5f3e7a-3182-4a01-b4ab-a25789bec700,5d69d39a-573c-4fc2-b61f-084eeb974f10,bd6bd645-ab06-4e86-837b-03c064480b13,2025-03-01T06:46:00,0,1,1,0,1,0,1,0.5,2,1,365.0,6,5,1,0,0,1.0,3,0
1f545f3d-8e7d-466c-bd17-ceec880f3b1c,93125440-01af-4643-ac94-7c4da12295ea,bd6bd645-ab06-4e86-837b-03c064480b13,2025-03-01T06:47:00,1,0,0,0,1,1,1,0.8571,7,6,303.0,6,5,1,0,0,1.0,3,0
b5c11778-9031-4f7d-8737-484738eee74c,ffd6e179-bce4-414a-9aef-db47a3caea86,bd6bd645-ab06-4e86-837b-03c064480b13,2025-03-01T06:48:00,1,0,1,0,1,0,1,0.5,4,2,468.0,6,5,1,0,0,1.0,3,0
1bcb2de2-d2be-4857-b4a4-f0c963554de9,82f273c1-a6d9-473e-b339-93f7a0379a64,59c4dfb0-d19e-442f-956a-c5af650bb41b,2025-03-01T12:38:00,1,0,0,0,1,1,1,1.0,4,4,137.0,12,5,1,0,0,3.0,1,1
bd7f024d-adfc-4bb3-9629-8e82deabeaa9,fe02ea3a-03d9-4d57-94a7-47e4a11e404f,59c4dfb0-d19e-442f-956a-c5af650bb41b,2025-03-01T12:46:00,0,0,0,0,1,1,1,0.8,5,4,428.0,12,5,1,0,0,3.0,1,1
312e308a-6947-4b27-a452-cd5b21ebbf98,5b144804-32b7-4e82-9f3c-1b20f6f52721,1e2869e5-804b-4130-a85e-67bd28f808a3,2025-03-01T16:22:00,1,1,1,0,1,1,1,1.0,6,6,98.0,16,5,1,0,0,2.0,1,1
bb320f9e-e6e5-498a-9403-ca19a0781083,7dce07a7-bf0e-49d0-8e10-0fae45654bf0,1e2869e5-804b-4130-a85e-67bd28f808a3,2025-03-01T16:26:00,1,1,1,0,0,1,0,0.6667,9,6,109.0,16,5,1,0,0,2.0,1,1
45a58cd9-4bb1-4f27-8ca1-24a1e2be209f,2e3af94c-8ff5-4a35-ac8a-571d4fa070d4,fa322a7a-8ba3-4024-9f27-617a490a85db,2025-03-01T19:04:00,1,1,1,0,1,1,1,0.7143,7,5,365.0,19,5,1,0,0,1.0,1,1
142e430b-14ab-4927-a7d9-25e9564bd36d,d3edbff9-b137-4f59-9b59-c049d8cda101,fa322a7a-8ba3-4024-9f27-617a490a85db,2025-03-01T19:08:00,1,0,1,0,1,0,1,1.0,6,6,261.0,19,5,1,0,0,1.0,1,1
86c43460-0998-4ef7-9c89-04d8efa177df,909e8f9d-0127-4f44-9f4c-24a2e2b45782,fa322a7a-8ba3-4024-9f27-617a490a85db,2025-03-01T19:09:00,1,1,1,0,1,1,1,0.6667,3,2,142.0,19,5,1,0,0,1.0,1,1
f322d852-343e-4246-a4a2-be05ac51e25b,3f72d86e-c11c-497f-b6d0-5f2e08b013cd,30ea10fa-9a39-4328-8407-08007a5fe623,2025-03-01T22:52:00,1,0,0,0,0,1,1,0.75,4,3,163.0,22,5,1,1,0,2.0,1,1
72172633-f5ad-4d33-bf25-933b4f9e2589,f53bf753-a0a3-4d28-99f6-434168f98cb2,30ea10fa-9a39-4328-8407-08007a5fe623,2025-03-01T22:53:00,0,0,0,0,1,1,1,1.0,1,1,365.0,22,5,1,1,0,2.0,1,1
6140c32e-b6ae-4f04-840d-c1982f6efa6b,8ffc4077-593e-43ff-990a-16a84fd422b4,30ea10fa-9a39-4328-8407-08007a5fe623,2025-03-01T22:56:00,1,0,1,1,1,1,1,0.0,1,0,365.0,22,5,1,1,0,2.0,1,1
bc7522fb-c3e0-4e17-874e-98608078d3e0,415a8ed8-6bf8-47ec-9265-7eacc19a825f,30ea10fa-9a39-4328-8407-08007a5fe623,2025-03-01T22:56:00,0,1,1,0,1,1,1,0.0,1,0,365.0,22,5,1,1,0,2.0,1,1
50891b42-2095-421c-9d89-8d9eef85d7e5,5d69d39a-573c-4fc2-b61f-084eeb974f10,30ea10fa-9a39-4328-8407-08007a5fe623,2025-03-01T22:59:00,0,0,0,0,1,0,1,0.3333,3,1,365.0,22,5,1,1,0,2.0,1,1
a6083b82-0787-4894-b149-ecffdde3fd2a,6f397cf4-9959-4fad-93f5-e6397f2f273d,30ea10fa-9a39-4328-8407-08007a5fe623,2025-03-01T23:00:00,1,1,1,0,1,1,1,1.0,3,3,362.0,23,5,1,1,0,2.0,1,1
901816a9-5e89-40c7-b69d-f58aab369c44,4e738475-88e6-4df8-90b2-45dacfb7c6e2,de09c1a5-d877-49f1-8f59-ab0f28c32537,2025-03-02T00:22:00,1,1,1,0,1,1,1,1.0,6,6,365.0,0,6,1,1,0,1.0,1,1
f2b49340-91ad-491a-b736-ca837de42c37,76c87fab-4634-487d-a03f-d4c7ee94749e,de09c1a5-d877-49f1-8f59-ab0f28c32537,2025-03-02T00:22:00,0,0,0,0,1,0,1,0.6667,3,2,137.0,0,6,1,1,0,1.0,1,1
a59f7a82-cc16-4a45-aed9-4196288e79dc,c52b0995-269e-4253-8965-8f14d5fd2b13,de09c1a5-d877-49f1-8f59-ab0f28c32537,2025-03-02T00:23:00,0,0,0,0,0,1,0,0.3333,3,1,342.0,0,6,1,1,0,1.0,1,1
59fcdb99-9c56-43ba-a38c-ad2e9ba7e785,aa88c4dd-4d72-4fc4-81fb-864525abed74,de09c1a5-d877-49f1-8f59-ab0f28c32537,2025-03-02T00:30:00,0,0,1,1,1,1,1,0.5,2,1,146.0,0,6,1,1,0,1.0,1,1
699194b3-258d-44c1-a875-a628f0455801,54d5caa7-5a58-4175-a139-ece2d4e285d1,de09c1a5-d877-49f1-8f59-ab0f28c32537,2025-03-02T00:33:00,1,0,0,0,0,1,1,0.6667,3,2,154.0,0,6,1,1,0,1.0,1,1
55ab6c80-95ab-4702-ae21-5928b869bc94,e07bda41-053d-4aac-9836-2124ef24f237,5401b724-e7c9-4301-b250-684bc63f52be,2025-03-02T05:08:00,1,1,1,0,1,1,1,0.6667,3,2,114.0,5,6,1,1,0,4.0,2,1
17c24621-8080-44b1-b61a-cb8fb7bbd623,2ae377b5-178c-428d-8503-302dc4d6f806,5401b724-e7c9-4301-b250-684bc63f52be,2025-03-02T05:10:00,0,0,0,0,1,1,1,1.0,1,1,336.0,5,6,1,1,0,4.0,2,1
cfd1bcaa-6167-48d3-afd6-e990006a8910,d37d167a-e253-4bf1-bf50-bfa4c95a4260,5da1fdcf-4209-412a-b74e-2bd8e818021c,2025-03-02T09:03:00,1,0,1,0,1,1,1,0.75,4,3,137.0,9,6,1,0,0,3.0,1,0
aea9d53c-db83-494c-a694-52eb24d990d4,8342ece1-dc13-431d-b735-f045953e170d,5da1fdcf-4209-412a-b74e-2bd8e818021c,2025-03-02T09:08:00,0,0,0,0,1,1,0,0.25,4,1,127.0,9,6,1,0,0,3.0,1,0
514640f2-e7a1-4865-a528-37f14ab2364c,2b53fe55-2a72-4432-a6b9-13c5a851be2a,1a5545f6-abf2-4ebe-9842-152b11ca2c94,2025-03-02T13:53:00,1,0,0,0,1,1,1,0.75,4,3,141.0,13,6,1,0,0,2.0,2,1
cdc71c49-925d-4a27-9026-2fe21dc48e64,cc823700-76b8-4614-9bae-555be744cc6e,1a5545f6-abf2-4ebe-9842-152b11ca2c94,2025-03-02T13:53:00,1,1,1,0,1,1,1,0.6667,3,2,365.0,13,6,1,0,0,2.0,2,1
ee994af9-301f-4a0e-8711-c6d98cafbb81,e407e92f-fbeb-4577-975a-db39c26f5872,1a5545f6-abf2-4ebe-9842-152b11ca2c94,2025-03-02T13:53:00,1,0,1,1,1,1,1,0.8,5,4,259.0,13,6,1,0,0,2.0,2,1
d03d0acf-f0ac-42b0-89a6-fa3348998dad,8ffc4077-593e-43ff-990a-16a84fd422b4,1a5545f6-abf2-4ebe-9842-152b11ca2c94,2025-03-02T13:54:00,1,0,1,1,1,1,1,0.5,2,1,365.0,13,6,1,0,0,2.0,2,1
f7c80ec7-a5c6-4b34-9b41-48dcbdfd498a,aa77487c-31e8-47c0-83d6-5c4fb9f9dc95,1a5545f6-abf2-4ebe-9842-152b11ca2c94,2025-03-02T14:01:00,0,1,1,0,1,1,0,0.3333,3,1,284.0,14,6,1,0,0,2.0,2,1
d5a53430-5c07-4fe4-b215-1887808023c1,a927ec13-1431-4870-8c63-e98dc7bad4b8,1a5545f6-abf2-4ebe-9842-152b11ca2c94,2025-03-02T14:03:00,1,1,1,0,1,1,1,0.75,4,3,109.0,14,6,1,0,0,2.0,2,1
da167898-86a3-4083-a524-76f77918c683,b31f3223-35d1-446c-9991-79665d0b1ef3,10247234-f538-4e24-923f-27098ce88777,2025-03-02T22:58:00,1,1,1,0,1,1,1,0.6,5,3,117.0,22,6,1,1,0,2.0,1,1
464bb456-4867-4422-9983-03e01e37949e,58d8deb5-5531-43c5-81ae-7352d2d2b8c9,10247234-f538-4e24-923f-27098ce88777,2025-03-02T22:59:00,0,0,0,0,1,1,1,0.5,4,2,365.0,22,6,1,1,0,2.0,1,1
657496f5-6142-49d8-be47-f607c2b96ad1,40e2e31f-1e2d-4f70-9de8-91ad096fe41a,10247234-f538-4e24-923f-27098ce88777,2025-03-02T23:05:00,0,0,0,0,1,1,1,0.75,4,3,107.0,23,6,1,1,0,2.0,1,1
45c3e837-44c8-4aa5-b6f9-812a64f4dcdb,cc823700-76b8-4614-9bae-555be744cc6e,10247234-f538-4e24-923f-27098ce88777,2025-03-02T23:06:00,1,1,1,0,1,1,1,0.75,4,3,365.0,23,6,1,1,0,2.0,1,1
b287a966-1fcd-4d0d-a3f1-fe5d12d13709,dbebf1a3-387d-417a-abcb-ebdd3d136562,10247234-f538-4e24-923f-27098ce88777,2025-03-02T23:07:00,1,1,1,0,1,1,1,0.5,4,2,183.0,23,6,1,1,0,2.0,1,1
9e024530-5af7-4829-a782-7793481f0bd9,ae85aaf6-cc9f-4c74-a816-5214f35ad158,7d635cbd-57ac-45c0-85aa-4a3bd58f6b05,2025-03-03T05:15:00,1,0,0,0,1,1,1,0.0,0,0,94.0,5,0,0,1,0,6.0,1,1
d98190c6-480a-440b-896d-26f205930457,977055e7-58dc-4d79-b576-2feb17172418,7d635cbd-57ac-45c0-85aa-4a3bd58f6b05,2025-03-03T05:16:00,1,1,1,0,1,1,0,0.75,4,3,213.0,5,0,0,1,0,6.0,1,1
2ade810b-3f1f-4614-8637-1f5292871400,1f07a96f-aedb-4b8a-b298-4bb359530928,e91603c1-d454-4bfa-b259-e4c81f0e733e,2025-03-03T14:13:00,1,0,1,0,0,0,1,1.0,1,1,280.0,14,0,0,0,1,2.0,1,0
0e623055-ef4e-4a6d-b9d8-84bba55493fd,c0eaa600-b15c-463a-b278-86b3ca57fd5c,e91603c1-d454-4bfa-b259-e4c81f0e733e,2025-03-03T14:16:00,1,1,1,0,1,1,1,0.8,5,4,94.0,14,0,0,0,1,2.0,1,0
d922e941-10e7-465b-99f5-47981df98b5e,6f397cf4-9959-4fad-93f5-e6397f2f273d,e91603c1-d454-4bfa-b259-e4c81f0e733e,2025-03-03T14:17:00,1,0,1,0,1,1,1,1.0,4,4,364.0,14,0,0,0,1,2.0,1,0
90b3e9a0-af1a-4345-8f8c-eceebbd32842,e10f8499-9444-4031-828d-33425d7476a6,e91603c1-d454-4bfa-b259-e4c81f0e733e,2025-03-03T14:23:00,1,0,0,0,1,0,1,0.5714,7,4,365.0,14,0,0,0,1,2.0,1,0
260b7ceb-3063-470b-a333-93bd53ff1c7a,6c841b96-0d6c-4d4f-a647-602aca520949,e91603c1-d454-4bfa-b259-e4c81f0e733e,2025-03-03T14:26:00,1,1,1,0,1,0,1,0.3333,3,1,310.0,14,0,0,0,1,2.0,1,0
8c3152de-6fdc-4df3-923c-71f231e81e90,a77bcc83-4a3d-492d-bcd8-592aba88fc9d,da21cbdb-4062-49c4-9ee7-38edeff297a9,2025-03-03T16:36:00,1,1,1,0,1,0,1,0.6,5,3,104.0,16,0,0,0,1,2.0,1,1
f88844a7-91ef-4307-8404-89a65b09b8fc,2d67b8f1-6839-41a5-a4f9-ed87959a5394,da21cbdb-4062-49c4-9ee7-38edeff297a9,2025-03-03T16:36:00,1,1,1,0,1,1,1,1.0,2,2,148.0,16,0,0,0,1,2.0,1,1
78f582a8-9b54-48fd-a7c1-a0b75f4f8154,4b4303f9-d680-4320-80ac-0fc7377998df,da21cbdb-4062-49c4-9ee7-38edeff297a9,2025-03-03T16:37:00,1,0,0,0,1,1,1,0.75,4,3,173.0,16,0,0,0,1,2.0,1,1
7ddc0e89-ce54-4f0f-9700-f23463fb87f7,cde8f468-ab23-43e9-8462-c07f508baa7f,da21cbdb-4062-49c4-9ee7-38edeff297a9,2025-03-03T16:39:00,1,0,0,0,0,1,1,1.0,1,1,791.0,16,0,0,0,1,2.0,1,1
5e38afaa-f64a-48b5-964c-14c6b5bd2720,27f63174-92e0-4ec5-a8d6-df307aa20f3b,da21cbdb-4062-49c4-9ee7-38edeff297a9,2025-03-03T16:41:00,0,0,1,0,1,1,1,0.8333,6,5,365.0,16,0,0,0,1,2.0,1,1
79085df7-eb52-4917-9363-dd83a07daab4,5d69d39a-573c-4fc2-b61f-084eeb974f10,da21cbdb-4062-49c4-9ee7-38edeff297a9,2025-03-03T16:45:00,0,0,0,0,1,0,1,0.25,4,1,365.0,16,0,0,0,1,2.0,1,1
06dc8ec4-a3b7-4934-bbbb-a5df573f88da,6808b218-ad45-4d5a-8374-ac96bd2f9e51,72a65a88-4b89-423d-8916-e8f48ab48487,2025-03-03T18:07:00,0,0,0,0,1,1,1,1.0,5,5,365.0,18,0,0,0,0,6.0,0,1
54ec65d7-c720-472f-ac49-5bc5d463f9cf,74de697e-ecd0-4975-8057-f21088a888b4,72a65a88-4b89-423d-8916-e8f48ab48487,2025-03-03T18:15:00,0,0,1,1,1,1,0,0.6667,9,6,365.0,18,0,0,0,0,6.0,0,1
135f3a6f-bd83-4f1d-b516-6c8879b24c35,c1a1cac9-8c8d-4709-b171-00b08bdbc45b,72a65a88-4b89-423d-8916-e8f48ab48487,2025-03-03T18:17:00,1,0,1,0,1,1,1,1.0,1,1,415.0,18,0,0,0,0,6.0,0,1
5d03d206-8256-490e-b61f-fef72716d313,1711dff0-5b73-4336-ae3e-5003955b231a,1e6715c8-c7c8-4751-8663-4a2713fd59b0,2025-03-03T18:34:00,1,0,1,1,1,1,1,1.0,2,2,259.0,18,0,0,0,0,3.0,3,0
7cf0003c-6e03-45bb-a332-1edf970263ba,6b1ba131-fea8-4018-9f7b-bb75d5846414,1e6715c8-c7c8-4751-8663-4a2713fd59b0,2025-03-03T18:38:00,1,0,0,0,1,1,1,0.6,5,3,365.0,18,0,0,0,0,3.0,3,0
5135a7a0-ea91-455d-8b38-b15b3a7571eb,543b149c-d59c-49f5-bb4f-e6ac6bd72dd3,1e6715c8-c7c8-4751-8663-4a2713fd59b0,2025-03-03T18:40:00,1,1,1,0,1,0,1,0.6,5,3,147.0,18,0,0,0,0,3.0,3,0
e9f97933-4fef-4bd2-a253-3813f8b7a4ae,f2f92179-5d28-4944-970e-4735cb6d6a92,1e6715c8-c7c8-4751-8663-4a2713fd59b0,2025-03-03T18:44:00,1,0,0,0,1,1,0,0.8,5,4,150.0,18,0,0,0,0,3.0,3,0
ff2b955b-53a3-4454-bab4-02a9ee3a1223,7689a61a-5823-4dd9-8e3c-29c2d4415219,1e6715c8-c7c8-4751-8663-4a2713fd59b0,2025-03-03T18:45:00,0,0,0,0,1,1,0,0.8,5,4,365.0,18,0,0,0,0,3.0,3,0
a987153f-dba7-4070-9266-765897d0bc7d,91080d43-a198-4089-b53a-109a95c5e635,1e6715c8-c7c8-4751-8663-4a2713fd59b0,2025-03-03T18:47:00,1,1,1,0,1,1,1,0.6667,3,2,208.0,18,0,0,0,0,3.0,3,0
1348c8bf-4ffc-47f4-bcc8-e4488acaf3af,cbfa701d-d50d-4cb5-a221-792b267c1d82,25c31e1b-8355-404a-83c9-78ca8b128d13,2025-03-03T19:44:00,0,0,0,0,1,0,0,0.0,1,0,224.0,19,0,0,0,0,3.0,0,0
7440494e-646b-48e1-8820-f8b0eeb68272,3fe93771-22fd-4ee6-a769-9f85123cf7bb,25c31e1b-8355-404a-83c9-78ca8b128d13,2025-03-03T19:54:00,1,1,1,0,1,1,1,1.0,2,2,365.0,19,0,0,0,0,3.0,0,0
99bf650c-5350-40ff-83b6-8a00c831a5f4,866f151d-9b2b-4c13-9341-f46f866efb61,74e6a306-c735-414f-8b86-941b80830e8c,2025-03-04T02:28:00,1,0,0,0,1,1,1,0.75,4,3,365.0,2,1,0,1,0,2.0,0,1
8b7ac977-0921-48a5-835a-e6be95dd1569,45b7f813-0851-4a27-a617-8d51f11199e0,74e6a306-c735-414f-8b86-941b80830e8c,2025-03-04T02:35:00,1,0,1,0,1,1,1,0.0,0,0,396.0,2,1,0,1,0,2.0,0,1
e0ec9157-56af-4d19-83d4-d31032f53999,ed3b9800-2f5e-489d-92bb-8bb1332538be,74e6a306-c735-414f-8b86-941b80830e8c,2025-03-04T02:35:00,1,0,1,0,1,0,1,1.0,1,1,365.0,2,1,0,1,0,2.0,0,1
05f8e560-9d06-43ec-be98-d4daad9edfbc,1693939d-11cb-4a60-bfb6-8f2fec00eb4f,74e6a306-c735-414f-8b86-941b80830e8c,2025-03-04T02:36:00,0,0,1,0,1,1,1,1.0,3,3,171.0,2,1,0,1,0,2.0,0,1
3b610e53-1881-4e2a-8470-9cdfc5a54aab,985ab403-ddfd-47f6-9b98-9ce2f7dcd16e,22e8d47a-bd70-4676-85aa-1d6504952cc3,2025-03-04T06:53:00,1,0,1,1,1,1,0,1.0,5,5,175.0,6,1,0,0,0,4.0,1,1
4e262308-01b1-40e0-bd15-52a5fd642d42,468555a1-384e-4985-9c39-f4333176e51f,22e8d47a-bd70-4676-85aa-1d6504952cc3,2025-03-04T06:54:00,1,0,0,0,1,1,1,1.0,3,3,154.0,6,1,0,0,0,4.0,1,1
8806248c-5986-466d-9242-bb244cb90812,664b1167-88df-4fdd-afcb-3e9296fb4ad6,22e8d47a-bd70-4676-85aa-1d6504952cc3,2025-03-04T06:54:00,1,1,1,0,1,1,1,1.0,6,6,189.0,6,1,0,0,0,4.0,1,1
0270855d-c049-49aa-88a7-a4a0b693620d,77328cba-6ede-4bbd-b0b3-4810c8e8f09e,22e8d47a-bd70-4676-85aa-1d6504952cc3,2025-03-04T06:56:00,1,1,1,0,1,1,0,1.0,2,2,142.0,6,1,0,0,0,4.0,1,1
ffa36625-203b-4ce2-8a71-9953bac652aa,6f397cf4-9959-4fad-93f5-e6397f2f273d,22e8d47a-bd70-4676-85aa-1d6504952cc3,2025-03-04T07:01:00,1,0,1,0,1,1,1,1.0,5,5,365.0,7,1,0,0,0,4.0,1,1
d1f61fb8-7eb7-46b3-acce-ae236e71dd4b,03dd11aa-3bce-44bb-af81-d893187d3f9b,9f4e9c94-7296-47f3-9d70-9ad0c2d15e2c,2025-03-04T10:08:00,1,0,1,0,1,1,1,0.5,6,3,237.0,10,1,0,0,1,4.0,1,0
47e1c606-4c1f-4545-85d8-abfe409ed1cf,003d6f49-5fb1-4dd6-a54d-b1bc078eb57e,9f4e9c94-7296-47f3-9d70-9ad0c2d15e2c,2025-03-04T10:17:00,1,1,1,0,1,1,1,0.4,5,2,365.0,10,1,0,0,1,4.0,1,0
77850017-0f1d-4f78-9e41-e483442b7aa4,cb3c9262-005e-4dcb-a8e5-a2c3920ffe15,95624fd2-2b5c-40f6-90d4-65f631741261,2025-03-04T12:26:00,1,1,1,0,1,0,0,0.5,2,1,119.0,12,1,0,0,1,6.0,2,1
ab3f9ba8-df55-4e41-a015-cfd3ea784d7e,a77bcc83-4a3d-492d-bcd8-592aba88fc9d,95624fd2-2b5c-40f6-90d4-65f631741261,2025-03-04T12:27:00,0,0,0,0,1,0,1,0.6667,6,4,105.0,12,1,0,0,1,6.0,2,1
f5a8874b-4573-4367-a217-dbf0efd1ce2c,606e67ca-9ccf-47a9-951e-95c0bc77f20d,95624fd2-2b5c-40f6-90d4-65f631741261,2025-03-04T12:38:00,1,0,0,0,0,1,1,0.8,5,4,365.0,12,1,0,0,1,6.0,2,1
5a70f9db-fb91-45a8-84f8-826abad8106b,12fc0202-67a8-417a-a936-b348c6432014,b744e486-8080-4d72-ac5e-29594f5c9039,2025-03-04T17:12:00,1,0,1,0,0,1,1,0.8333,6,5,365.0,17,1,0,0,1,4.0,1,1
95ae576f-f0af-4382-b962-f37ca974072e,b822f3f2-bc12-474d-9f5a-b3cef19341f0,b744e486-8080-4d72-ac5e-29594f5c9039,2025-03-04T17:14:00,1,0,1,0,1,1,1,0.5,8,4,365.0,17,1,0,0,1,4.0,1,1
34cb00ce-3f5f-426f-bbac-c78b0db94756,dd3c9c80-9a9d-4efd-a8fc-06ac9e8600c4,b744e486-8080-4d72-ac5e-29594f5c9039,2025-03-04T17:15:00,1,0,1,0,1,1,1,0.75,4,3,365.0,17,1,0,0,1,4.0,1,1
a86c4c54-9980-4815-82a2-3fb93a81e7a4,dbebf1a3-387d-417a-abcb-ebdd3d136562,b744e486-8080-4d72-ac5e-29594f5c9039,2025-03-04T17:19:00,1,0,1,0,1,1,1,0.6,5,3,185.0,17,1,0,0,1,4.0,1,1
9fb03f38-b577-404f-9bcd-534c7badedbf,468555a1-384e-4985-9c39-f4333176e51f,b744e486-8080-4d72-ac5e-29594f5c9039,2025-03-04T17:22:00,1,0,1,0,1,1,1,1.0,4,4,154.0,17,1,0,0,1,4.0,1,1
58ef606a-b0e3-4d80-b00c-a0580db3731c,8465564b-f0a3-4480-b044-c0a4cf6d01a0,f23262d8-dbef-408b-a9a0-554ed7ac870b,2025-03-04T17:50:00,1,1,1,0,1,1,1,1.0,5,5,466.0,17,1,0,0,1,2.0,3,1
f309409b-1b5f-440a-9428-fa38dc577468,7689a61a-5823-4dd9-8e3c-29c2d4415219,f23262d8-dbef-408b-a9a0-554ed7ac870b,2025-03-04T17:53:00,1,0,0,0,1,1,0,0.6667,6,4,365.0,17,1,0,0,1,2.0,3,1
7207464b-aa6a-40f4-8167-df2d52f2b7a3,d2d58d90-c3b6-419c-80fc-cd468552f315,acf46f74-1320-4f09-998e-6a4fb8b1878e,2025-03-04T22:14:00,1,1,1,0,1,1,1,1.0,1,1,684.0,22,1,0,1,0,2.0,2,1
d934838e-aad0-4f7d-873e-03f42da9b617,ba654c1d-96a2-4ce2-96bf-a37bb05c6b58,acf46f74-1320-4f09-998e-6a4fb8b1878e,2025-03-04T22:14:00,0,1,1,0,1,0,0,0.6,5,3,365.0,22,1,0,1,0,2.0,2,1
506ab615-abb2-4b95-bc50-5d203b7ae291,a2c7df0e-ef10-4dcc-aaed-b693b2b5db03,cd68741f-d730-4557-af96-3e73f484dc42,2025-03-04T23:34:00,0,0,0,0,0,0,1,0.6667,3,2,131.0,23,1,0,1,0,4.0,0,1
dcf93f73-ce2b-460d-bbe3-5c86ffc58b05,439e88c8-d95f-4954-bd8f-aec912f08cc1,cd68741f-d730-4557-af96-3e73f484dc42,2025-03-04T23:35:00,0,1,1,0,0,1,1,1.0,1,1,133.0,23,1,0,1,0,4.0,0,1
75355a56-a397-46da-8716-887a07c4c660,804fa05c-3d11-4c0b-acfe-70a082a82e75,cd68741f-d730-4557-af96-3e73f484dc42,2025-03-04T23:36:00,1,0,1,0,1,1,1,1.0,2,2,365.0,23,1,0,1,0,4.0,0,1
16310c38-da2d-494a-a1db-2ecc51548493,b2bf9e98-85b8-494e-b4cc-bd65231bcd14,cd68741f-d730-4557-af96-3e73f484dc42,2025-03-04T23:37:00,1,0,1,1,1,1,1,0.6,5,3,164.0,23,1,0,1,0,4.0,0,1
34ee666d-34d1-4d42-bcf1-5f5080ed0315,c6725451-3108-4aec-a1da-c4cd931af67d,cd68741f-d730-4557-af96-3e73f484dc42,2025-03-04T23:45:00,0,0,1,0,1,1,0,0.6667,3,2,365.0,23,1,0,1,0,4.0,0,1
ab772f4e-ce87-42ed-b96f-707aa3d3d219,cd532bc0-2367-446e-8e57-68c7cd6101f6,cd68741f-d730-4557-af96-3e73f484dc42,2025-03-04T23:45:00,1,0,1,0,1,1,1,0.7143,7,5,299.0,23,1,0,1,0,4.0,0,1
2d4dd202-2a77-4d76-812c-c6516a199f6c,c541fa0d-e389-41e3-8fbc-f794813f5148,2c4f5002-8121-475d-a4a7-186886e4aae5,2025-03-05T07:08:00,1,0,1,0,1,0,1,1.0,1,1,120.0,7,2,0,0,0,3.0,2,0
fe5870cb-5ca0-4356-9aea-4bcc61f0bb03,346ece9f-9eed-4c58-95d7-1c3e38d7cceb,2c4f5002-8121-475d-a4a7-186886e4aae5,2025-03-05T07:08:00,1,0,1,0,1,1,1,1.0,4,4,365.0,7,2,0,0,0,3.0,2,0
121a0b1d-539e-40c7-abcd-47d854d58097,346ece9f-9eed-4c58-95d7-1c3e38d7cceb,043dd752-387a-4235-a01d-beb54e61252a,2025-03-05T07:25:00,0,0,0,0,1,1,1,1.0,5,5,365.0,7,2,0,0,0,3.0,2,1
bd77530d-0439-4ea5-ad78-69d1aa5e74d9,cbfa701d-d50d-4cb5-a221-792b267c1d82,043dd752-387a-4235-a01d-beb54e61252a,2025-03-05T07:26:00,1,0,0,0,1,0,0,0.0,2,0,226.0,7,2,0,0,0,3.0,2,1
517ae651-2e87-4aed-ba58-c01f84075560,dd1ab9ef-a26d-487b-9f4e-071ae247a999,043dd752-387a-4235-a01d-beb54e61252a,2025-03-05T07:33:00,1,1,1,0,1,1,1,0.75,4,3,302.0,7,2,0,0,0,3.0,2,1
9b0ae67b-b108-4bc3-a216-ea9c8e9154d7,7b16f6d6-0f6b-446d-89fe-87723b0ad83c,043dd752-387a-4235-a01d-beb54e61252a,2025-03-05T07:38:00,1,0,0,0,1,1,1,1.0,2,2,94.0,7,2,0,0,0,3.0,2,1
cdcb1985-ee57-4e84-b313-063c9391c766,1dc62eea-d501-4cc2-8b28-21af417cd2bd,6dcf1451-4a8e-40cb-bd6a-05d1ae883a2d,2025-03-05T07:45:00,1,0,0,0,1,1,0,1.0,2,2,175.0,7,2,0,0,0,3.0,0,0
5f9415aa-16df-4237-849d-071b7ef5e2fb,6c25e2ff-8bc0-4abc-a978-052ba5e4650a,6dcf1451-4a8e-40cb-bd6a-05d1ae883a2d,2025-03-05T07:48:00,1,0,1,0,1,1,1,1.0,9,9,170.0,7,2,0,0,0,3.0,0,0
082b1783-4a78-4bca-8750-a2155a6edc92,d25bbe98-216b-4faf-8f76-0d3dd2269a66,db4ef39e-7d79-46d8-9a73-85d59eb62bc3,2025-03-05T08:44:00,1,0,0,0,1,0,1,1.0,1,1,365.0,8,2,0,0,0,3.0,1,0
fb5a246b-1401-4466-aa7e-cebd4b0fa5fe,3d9f3b15-c774-4537-9706-6a9c0ce3bcd0,db4ef39e-7d79-46d8-9a73-85d59eb62bc3,2025-03-05T08:50:00,0,0,0,0,1,1,0,1.0,4,4,131.0,8,2,0,0,0,3.0,1,0
3fb60ca7-11c4-49cd-8139-150085bba57a,dd3c9c80-9a9d-4efd-a8fc-06ac9e8600c4,6f7d1bec-4436-42ee-ba06-0551bac0f905,2025-03-05T14:53:00,1,0,1,0,1,1,1,0.8,5,4,365.0,14,2,0,0,1,6.0,0,1
1638083a-fcfd-4273-bb0f-c2cba90a2b84,27f63174-92e0-4ec5-a8d6-df307aa20f3b,6f7d1bec-4436-42ee-ba06-0551bac0f905,2025-03-05T15:01:00,1,0,1,0,1,1,1,0.7143,7,5,365.0,15,2,0,0,1,6.0,0,1
6806fcdb-d964-4de2-8bf5-de04bcd49285,bfe8f73a-9210-4c1c-b628-3cea7b8977ae,6f7d1bec-4436-42ee-ba06-0551bac0f905,2025-03-05T15:06:00,1,1,1,0,1,1,0,0.1429,7,1,365.0,15,2,0,0,1,6.0,0,1
6cf0ce0d-de50-4701-8b07-d4853c2e243c,f7f1655c-f8c2-4296-91c4-9f8f570ad765,c1d032b8-c93e-4035-a7e6-b00b5ca6c42e,2025-03-05T16:52:00,1,1,1,0,1,1,1,0.8333,6,5,98.0,16,2,0,0,1,3.0,2,1
139c727f-b5b5-4fff-b09e-cb53b7d27638,3f562206-66c9-45c7-94e1-a9dfde284d1b,c1d032b8-c93e-4035-a7e6-b00b5ca6c42e,2025-03-05T16:54:00,1,0,0,0,1,1,1,1.0,1,1,109.0,16,2,0,0,1,3.0,2,1
43fa507e-3517-4011-b5a8-e6d4dfc76b87,2e3af94c-8ff5-4a35-ac8a-571d4fa070d4,c1d032b8-c93e-4035-a7e6-b00b5ca6c42e,2025-03-05T16:54:00,1,0,0,0,1,1,1,0.75,8,6,365.0,16,2,0,0,1,3.0,2,1
528b1963-0f68-444c-b6c8-afe9dc2c6401,a88bf6b5-168a-42ee-bea7-b40defa21e24,c1d032b8-c93e-4035-a7e6-b00b5ca6c42e,2025-03-05T16:56:00,1,1,1,0,1,1,1,0.8333,6,5,101.0,16,2,0,0,1,3.0,2,1
73b66590-d308-4e7a-89a9-b8ceeb98ac8e,a0b1bd76-723b-4abd-bf35-77c31a4185e5,c1d032b8-c93e-4035-a7e6-b00b5ca6c42e,2025-03-05T16:56:00,0,0,0,0,1,0,0,0.5,2,1,149.0,16,2,0,0,1,3.0,2,1
6d1aec1b-04ab-4429-94e8-ea7504d31552,28309fde-6955-4852-ae11-f09951df357a,c1d032b8-c93e-4035-a7e6-b00b5ca6c42e,2025-03-05T16:57:00,1,1,1,0,1,1,1,0.3333,3,1,223.0,16,2,0,0,1,3.0,2,1
d781df3e-8889-4d1f-a083-bae151b1943e,1693939d-11cb-4a60-bfb6-8f2fec00eb4f,065f8c31-e121-4bc9-a3aa-87591821c585,2025-03-05T21:18:00,1,1,1,0,1,1,1,0.75,4,3,172.0,21,2,0,0,0,2.0,3,1
580523d4-80dc-4fdd-be56-276a144f5d8d,20973b43-2cf6-456f-b7bc-c097d6343c32,065f8c31-e121-4bc9-a3aa-87591821c585,2025-03-05T21:19:00,0,0,0,0,1,1,0,0.2,5,1,365.0,21,2,0,0,0,2.0,3,1
5ec434c9-908e-426f-8729-6dad94421400,a9192324-9347-4f6f-998a-20066ce0209e,ea909c50-6ba6-426c-b6c4-8b3ad87ad188,2025-03-05T23:17:00,1,0,0,0,1,1,0,0.0,2,0,287.0,23,2,0,1,0,1.0,3,1
8880c320-c2c5-4bfd-845d-9739738f359b,d6b5ae43-d86a-4b5f-abd6-b4e06091ee44,ea909c50-6ba6-426c-b6c4-8b3ad87ad188,2025-03-05T23:19:00,1,1,1,0,1,1,1,0.875,8,7,496.0,23,2,0,1,0,1.0,3,1
72229738-0165-498a-a59a-17ac1cc7e464,075750fe-b6ad-4c6a-a4e3-91e723ad0bdf,ea909c50-6ba6-426c-b6c4-8b3ad87ad188,2025-03-05T23:21:00,1,1,1,0,1,1,1,1.0,5,5,131.0,23,2,0,1,0,1.0,3,1
748c6da0-6b93-4c1a-94c9-3fa1dc7fb93d,02ab37f8-95ba-4069-b113-066bd5d1f267,ea909c50-6ba6-426c-b6c4-8b3ad87ad188,2025-03-05T23:22:00,1,1,1,0,1,0,0,0.0,6,0,296.0,23,2,0,1,0,1.0,3,1
8ab316fd-27e0-4180-9a53-bd55ddd9095c,0f830c26-3d4f-4cf5-81cf-08041535d161,ea909c50-6ba6-426c-b6c4-8b3ad87ad188,2025-03-05T23:26:00,0,0,0,0,1,0,1,0.8333,6,5,158.0,23,2,0,1,0,1.0,3,1
deca3ee5-764b-4c48-8c03-cac38342a64d,d2fbf799-2a03-4408-8c26-4fc239c5d4fc,7836523c-3def-483e-82b4-f40f7e766497,2025-03-06T02:10:00,1,1,1,0,1,0,1,1.0,4,4,180.0,2,3,0,1,0,3.0,3,0
bad2f1a4-81f2-46cd-ae58-0b6a09630c5f,ba816062-c1ac-43da-97de-4c1216324bb5,7836523c-3def-483e-82b4-f40f7e766497,2025-03-06T02:12:00,0,0,0,0,1,1,1,0.6,5,3,174.0,2,3,0,1,0,3.0,3,0
ea0fe57f-d454-44cd-a747-db3691723a51,d0541b7a-d91a-4f60-a3c9-55e8ae5577b7,7836523c-3def-483e-82b4-f40f7e766497,2025-03-06T02:12:00,1,1,1,0,1,1,1,1.0,3,3,229.0,2,3,0,1,0,3.0,3,0
833bdc80-9188-47f9-875d-d73ab595edb8,4cad0555-38c1-454b-8686-939facccb986,7836523c-3def-483e-82b4-f40f7e766497,2025-03-06T02:13:00,1,1,1,0,1,1,1,1.0,1,1,281.0,2,3,0,1,0,3.0,3,0
f19046a8-e827-4cba-ac82-09eaa734b037,89b16628-7a7b-4967-800e-f441e05d2779,7836523c-3def-483e-82b4-f40f7e766497,2025-03-06T02:13:00,1,0,0,0,1,1,1,0.6667,3,2,474.0,2,3,0,1,0,3.0,3,0
94cb11b1-411f-421c-b331-dadf20a16be0,d6f6800e-5c63-432b-93d2-8d7c32142867,32a50a77-71fe-4fd6-9fed-018f4bd0fcae,2025-03-06T05:16:00,1,1,1,0,0,1,0,0.5,8,4,365.0,5,3,0,1,0,2.0,3,0
a8e8ffd6-2e97-402e-b31b-6cc14c97d476,1f112d30-78c2-428c-a403-aea38638cdce,32a50a77-71fe-4fd6-9fed-018f4bd0fcae,2025-03-06T05:17:00,1,0,0,0,1,0,1,1.0,1,1,131.0,5,3,0,1,0,2.0,3,0
d4429a3b-eec1-454a-ad0b-5af8a132a603,aa77487c-31e8-47c0-83d6-5c4fb9f9dc95,32a50a77-71fe-4fd6-9fed-018f4bd0fcae,2025-03-06T05:18:00,1,1,1,0,1,1,0,0.25,4,1,288.0,5,3,0,1,0,2.0,3,0
ab3afcd1-4379-4543-870b-a3a29ce30b1b,05088ba7-5428-4853-8cc9-e76f460fddd4,2e429260-49c2-4d92-8ad3-82356f3328fe,2025-03-06T06:44:00,0,0,0,0,1,1,1,0.5,2,1,193.0,6,3,0,0,0,4.0,2,1
6651a577-b1e7-45c7-a2a3-b6da4e89e753,02ab37f8-95ba-4069-b113-066bd5d1f267,2e429260-49c2-4d92-8ad3-82356f3328fe,2025-03-06T06:46:00,1,0,1,0,1,0,0,0.1429,7,1,297.0,6,3,0,0,0,4.0,2,1
7789dfe9-5af4-479c-bb52-bbfc6b640aaf,643a2cfd-c940-4060-89e8-05b38ecebd84,2e429260-49c2-4d92-8ad3-82356f3328fe,2025-03-06T06:54:00,1,0,0,0,1,1,1,1.0,4,4,188.0,6,3,0,0,0,4.0,2,1
2a3a27ab-d5dc-4c7c-ad5c-6fcb6209dd14,2c3db408-b5ed-488b-889b-94d27474e75e,709d28e1-8348-43d4-871d-62d991873b7e,2025-03-06T08:46:00,1,1,1,0,1,1,1,0.6,5,3,467.0,8,3,0,0,0,2.0,2,1
d62ecf46-8689-48e2-9094-38554402fc50,8a40fb38-7cf4-468d-954f-bebd5270f111,709d28e1-8348-43d4-871d-62d991873b7e,2025-03-06T08:46:00,1,1,1,0,0,1,1,1.0,2,2,210.0,8,3,0,0,0,2.0,2,1
6068be63-f171-4e8e-9288-b7ab8be50ca7,93125440-01af-4643-ac94-7c4da12295ea,709d28e1-8348-43d4-871d-62d991873b7e,2025-03-06T08:48:00,0,0,0,0,1,1,1,0.875,8,7,308.0,8,3,0,0,0,2.0,2,1
bf4550f7-a3cc-4c28-97ef-f9ea8ec23160,29863a10-f78d-4e41-9aa9-3e446b4fe73f,709d28e1-8348-43d4-871d-62d991873b7e,2025-03-06T08:49:00,1,0,0,0,1,1,0,0.6667,3,2,119.0,8,3,0,0,0,2.0,2,1
4394d907-ca28-4532-b8c1-dbb06c72e288,5578cdc0-e19a-4fb1-909f-349d3abc4652,709d28e1-8348-43d4-871d-62d991873b7e,2025-03-06T08:50:00,0,0,0,0,0,1,0,0.5,2,1,365.0,8,3,0,0,0,2.0,2,1
d0a47e36-979a-4833-80af-ff8815a68422,5805c9e4-e8a0-4c33-9ca3-70004d94c948,709d28e1-8348-43d4-871d-62d991873b7e,2025-03-06T08:54:00,1,1,1,0,1,1,1,1.0,2,2,281.0,8,3,0,0,0,2.0,2,1
788055cc-dfd9-4af8-b41a-78a55d248e55,0f7ef1f5-00e2-4bab-b4de-83cd6652f636,1fc27add-58c2-449d-b4de-260f1a1b444a,2025-03-06T16:22:00,1,1,1,0,1,0,1,0.0,0,0,365.0,16,3,0,0,1,2.0,2,0
f08ab0d6-765a-46bd-87df-97b58e43efe3,6a9c2430-d23f-4e3a-9d23-36289b5ec791,537ccf62-bf0d-447b-9190-3b3b7caff389,2025-03-06T16:23:00,1,0,1,0,0,1,1,1.0,2,2,275.0,16,3,0,0,1,6.0,1,1
eea65711-5b18-4f86-a042-f326ce7f4a00,86adaeeb-d381-4c0f-87c8-ba59ce1cad28,58f813f2-2e70-41f8-95c5-813e9a1ce849,2025-03-06T16:24:00,1,1,1,0,1,1,1,1.0,5,5,398.0,16,3,0,0,1,2.0,3,1
1f99c391-9380-4ac4-859e-12ca8b715fc8,42ea4e92-f7aa-4bae-ab07-f79963ba71a1,537ccf62-bf0d-447b-9190-3b3b7caff389,2025-03-06T16:26:00,1,0,0,0,0,1,1,1.0,6,6,277.0,16,3,0,0,1,6.0,1,1
2d32b519-0dd3-44a3-90fa-d39cc2eab8fa,b649daf0-45a0-4879-bceb-08f29bf19ce2,537ccf62-bf0d-447b-9190-3b3b7caff389,2025-03-06T16:26:00,1,0,1,0,1,1,1,1.0,4,4,264.0,16,3,0,0,1,6.0,1,1
f9c15135-463b-4e87-af2e-abad268dbd30,78548b9a-a9e8-46f5-9d4b-45f2377b352b,58f813f2-2e70-41f8-95c5-813e9a1ce849,2025-03-06T16:26:00,0,0,0,0,1,0,1,1.0,2,2,328.0,16,3,0,0,1,2.0,3,1
28b85025-4292-4443-89aa-6e18511b08cc,73461d9a-b17a-4f20-a132-39ca2f8c91ed,537ccf62-bf0d-447b-9190-3b3b7caff389,2025-03-06T16:28:00,0,0,0,0,1,1,1,0.6667,3,2,94.0,16,3,0,0,1,6.0,1,1
ebd61282-80e8-42dc-b11b-bddf04066ddd,f7f1655c-f8c2-4296-91c4-9f8f570ad765,537ccf62-bf0d-447b-9190-3b3b7caff389,2025-03-06T16:28:00,1,1,1,0,1,1,1,0.8571,7,6,99.0,16,3,0,0,1,6.0,1,1
f979b23c-3cd3-45c4-8dff-b7b08089170e,ef2b35e1-aedc-4a84-a9b0-5f90c4eca927,58f813f2-2e70-41f8-95c5-813e9a1ce849,2025-03-06T16:28:00,1,0,0,0,1,1,0,0.0,4,0,365.0,16,3,0,0,1,2.0,3,1
8a859c31-6a92-493a-89b1-9e1b768c2d85,977055e7-58dc-4d79-b576-2feb17172418,58f813f2-2e70-41f8-95c5-813e9a1ce849,2025-03-06T16:32:00,1,1,1,0,1,1,0,0.8,5,4,216.0,16,3,0,0,1,2.0,3,1
cda4f1a4-1a45-43f1-bc13-2205d51d6eb2,1f112d30-78c2-428c-a403-aea38638cdce,1fc27add-58c2-449d-b4de-260f1a1b444a,2025-03-06T16:32:00,0,0,0,0,1,0,1,1.0,2,2,131.0,16,3,0,0,1,2.0,2,0
f455e177-185f-4be8-9459-7aceff7e9dc4,885c50e2-3162-47fa-90f5-23d9287648cc,58f813f2-2e70-41f8-95c5-813e9a1ce849,2025-03-06T16:34:00,1,1,1,0,0,1,1,1.0,2,2,365.0,16,3,0,0,1,2.0,3,1
17672469-876c-40af-b6eb-5de8ed9473ad,bf160ba0-ac86-4d11-b5e7-904beff9cc2d,a13d879c-cc09-4419-ba51-3ca9ea1672de,2025-03-06T20:06:00,1,0,1,0,1,1,1,0.8,5,4,253.0,20,3,0,0,0,4.0,0,1
b5440557-9303-4134-b518-1af5d68400b1,d2d58d90-c3b6-419c-80fc-cd468552f315,a13d879c-cc09-4419-ba51-3ca9ea1672de,2025-03-06T20:07:00,1,1,1,0,1,1,1,1.0,2,2,686.0,20,3,0,0,0,4.0,0,1
599f86a1-eacb-4c9e-a96a-f97bae7a831f,b31f3223-35d1-446c-9991-79665d0b1ef3,a13d879c-cc09-4419-ba51-3ca9ea1672de,2025-03-06T20:08:00,0,0,1,0,1,1,1,0.6667,6,4,121.0,20,3,0,0,0,4.0,0,1
6579f484-64b6-467e-891d-f05eac981822,3e9272f3-ed0f-4e1e-9e75-ffeefc9ff8be,7b8b4e21-a437-4580-b05c-c1319a1c3fc8,2025-03-06T20:22:00,1,0,0,0,1,1,0,1.0,1,1,331.0,20,3,0,0,0,4.0,1,1
43896930-e69a-4b3a-9bb4-5a86c429c816,1b1c6a4c-9521-43d0-af56-40e628a2cb1d,7b8b4e21-a437-4580-b05c-c1319a1c3fc8,2025-03-06T20:31:00,1,0,0,0,1,1,1,0.7143,7,5,291.0,20,3,0,0,0,4.0,1,1
a99c0d1e-a26e-48ac-9745-ed8e98a07003,4f49c613-b4ef-4840-9fd7-f80f9f0d844d,7b8b4e21-a437-4580-b05c-c1319a1c3fc8,2025-03-06T20:31:00,1,0,0,0,1,1,1,0.0,0,0,170.0,20,3,0,0,0,4.0,1,1
c472eecc-3f4f-49db-9aff-0fbca70ce278,1f112d30-78c2-428c-a403-aea38638cdce,d5a26fce-d64d-4e82-a28d-0cf9f97b3c69,2025-03-06T21:37:00,0,0,0,0,1,0,1,0.6667,3,2,131.0,21,3,0,0,0,2.0,0,0
6f8015d6-4600-4fa7-bb2b-c072c0581b63,b7e02dd5-bc57-4ce1-89ca-6341da919a60,d5a26fce-d64d-4e82-a28d-0cf9f97b3c69,2025-03-06T21:40:00,1,1,1,0,1,1,1,0.0,1,0,365.0,21,3,0,0,0,2.0,0,0
934745b1-e0bf-45cc-ae4a-075a576a6134,273ddb7f-7af3-44a5-b945-f6705e9f338f,d5a26fce-d64d-4e82-a28d-0cf9f97b3c69,2025-03-06T21:41:00,0,0,0,0,1,1,0,0.4,5,2,180.0,21,3,0,0,0,2.0,0,0
9d55d486-2ccb-4019-84e6-785c5b2ac80f,5e1e8005-4458-440a-9d56-64d0e7c3e96b,d5a26fce-d64d-4e82-a28d-0cf9f97b3c69,2025-03-06T21:47:00,1,0,0,0,0,1,1,0.5714,7,4,187.0,21,3,0,0,0,2.0,0,0
03b0b632-efb4-49bf-9493-3ac4b2679497,28309fde-6955-4852-ae11-f09951df357a,d5a26fce-d64d-4e82-a28d-0cf9f97b3c69,2025-03-06T21:48:00,0,0,0,0,1,1,1,0.5,4,2,224.0,21,3,0,0,0,2.0,0,0
4c5fafe1-6c01-476f-9702-16baa57b0acb,a8a1af91-93b6-4f04-8e14-d38aa8302607,52382a0c-93f3-4c4c-8913-01aaf91bf1d9,2025-03-06T22:31:00,1,0,0,0,1,1,1,0.6667,3,2,147.0,22,3,0,1,0,4.0,1,0
5db28ee0-288e-46a7-b5d8-4a82ab1eb4e6,4076050c-ef30-4ae6-9a40-cdcec3cb6dd8,2efcd69b-65c6-491e-9690-951b9062c9b8,2025-03-06T22:35:00,1,1,1,0,0,1,1,1.0,4,4,430.0,22,3,0,1,0,4.0,1,0
9d54ff01-82d8-4a64-855c-da97e644d39e,b1b36f5b-7867-499a-abe3-c46756bb926a,52382a0c-93f3-4c4c-8913-01aaf91bf1d9,2025-03-06T22:37:00,1,0,0,0,1,1,1,1.0,1,1,107.0,22,3,0,1,0,4.0,1,0
d4064005-1283-4926-9511-e536369f3929,003d6f49-5fb1-4dd6-a54d-b1bc078eb57e,52382a0c-93f3-4c4c-8913-01aaf91bf1d9,2025-03-06T22:39:00,1,0,0,0,1,1,1,0.5,6,3,365.0,22,3,0,1,0,4.0,1,0
9e35cb84-fd60-4996-9c79-e6f5116aa758,7874fffd-6a3d-4885-92ad-f115c4f7779f,2efcd69b-65c6-491e-9690-951b9062c9b8,2025-03-06T22:43:00,0,0,0,0,1,1,1,0.8571,7,6,365.0,22,3,0,1,0,4.0,1,0
b6f0b1dc-34a1-4cce-9e9f-7363aaa429d9,4cad0555-38c1-454b-8686-939facccb986,24b2ed57-a7ae-4796-b665-8cf650355519,2025-03-06T23:31:00,1,0,1,0,1,1,1,1.0,2,2,281.0,23,3,0,1,0,2.0,0,1
fd688894-35c1-4e8f-975c-6e95d82fff25,3e9272f3-ed0f-4e1e-9e75-ffeefc9ff8be,24b2ed57-a7ae-4796-b665-8cf650355519,2025-03-06T23:36:00,1,1,1,0,1,1,0,1.0,2,2,331.0,23,3,0,1,0,2.0,0,1
2eb09b6c-ab2b-4e13-b036-b9257f2db687,facc5b5b-c0fa-45e8-8b9d-e13559d60097,24b2ed57-a7ae-4796-b665-8cf650355519,2025-03-06T23:40:00,0,0,0,0,1,1,1,0.5,2,1,365.0,23,3,0,1,0,2.0,0,1
4db6ba1b-c8a9-4741-aef4-39482cadc4cb,3e19e0d8-1f00-40bc-8358-1472a358eb9a,24b2ed57-a7ae-4796-b665-8cf650355519,2025-03-06T23:42:00,1,1,1,0,1,1,1,1.0,3,3,114.0,23,3,0,1,0,2.0,0,1
44684a0f-6ba8-4d73-9320-943a6a036008,797a96d3-916e-44ca-9537-0bd455606d82,194ebd9b-34a7-4f01-a5bd-44581f962fa8,2025-03-07T00:45:00,0,0,0,0,0,1,1,0.3333,3,1,271.0,0,4,0,1,0,2.0,1,1
c020ef74-ae3c-458b-83fe-de1fd9a3a538,d0541b7a-d91a-4f60-a3c9-55e8ae5577b7,194ebd9b-34a7-4f01-a5bd-44581f962fa8,2025-03-07T00:46:00,1,0,0,0,1,1,1,1.0,4,4,230.0,0,4,0,1,0,2.0,1,1
189b165f-4332-4f64-99b0-d01f37620021,4cad0555-38c1-454b-8686-939facccb986,d0ab7433-b799-4bb6-88a4-a615ac0e6ad6,2025-03-07T08:21:00,1,0,1,0,1,1,1,1.0,3,3,282.0,8,4,0,0,0,4.0,1,0
60656a41-c3c9-4a1a-aecf-092f8be16248,878b86c2-438d-4767-ad44-f8c58de74bd2,d0ab7433-b799-4bb6-88a4-a615ac0e6ad6,2025-03-07T08:21:00,1,0,1,0,1,1,1,0.6667,3,2,365.0,8,4,0,0,0,4.0,1,0
aeece5f2-4f03-415c-bef0-5941aeb8c559,1ddad590-150e-4d2c-be85-cbcda276cb70,d0ab7433-b799-4bb6-88a4-a615ac0e6ad6,2025-03-07T08:26:00,1,1,1,0,1,1,0,0.0,0,0,365.0,8,4,0,0,0,4.0,1,0
dceaf58b-2632-4899-a558-99afd36d34c9,d34c976e-433f-4254-8ff9-9f722de3d7df,d0ab7433-b799-4bb6-88a4-a615ac0e6ad6,2025-03-07T08:26:00,1,0,1,0,1,1,1,0.75,4,3,365.0,8,4,0,0,0,4.0,1,0
e3533118-dad8-4b17-9142-909201c947de,0f7ef1f5-00e2-4bab-b4de-83cd6652f636,d0ab7433-b799-4bb6-88a4-a615ac0e6ad6,2025-03-07T08:26:00,1,0,1,0,1,0,1,1.0,1,1,365.0,8,4,0,0,0,4.0,1,0
cb65c9f5-1207-4e73-bc6a-9c89db3528df,18425d44-6ba9-45d1-a297-f3778d4b10e7,d0ab7433-b799-4bb6-88a4-a615ac0e6ad6,2025-03-07T08:28:00,1,0,1,0,1,1,1,0.875,8,7,365.0,8,4,0,0,0,4.0,1,0
411d5791-7ddb-4bc4-b5be-a1ee47771e29,7df3d0f3-a755-40a4-a102-6e1158275be1,76a47475-9122-4c79-864d-0e4700e97a72,2025-03-07T14:39:00,0,0,0,0,1,0,1,0.4,5,2,118.0,14,4,0,0,1,4.0,1,0
229764d5-3bce-47a0-8716-b90ada8ee998,103eb3c6-8619-4c37-b55b-6a3438e71b7a,76a47475-9122-4c79-864d-0e4700e97a72,2025-03-07T14:43:00,0,0,0,0,0,1,0,0.25,4,1,106.0,14,4,0,0,1,4.0,1,0
6ac08785-ea5a-44bb-9e98-cd4e20708b37,cf15cd3c-d017-49b8-af4a-bd4471976dd4,36666ee5-4869-40e2-bc14-41dee23fad98,2025-03-07T21:51:00,1,1,1,0,1,1,1,1.0,4,4,310.0,21,4,0,0,0,3.0,1,1
0e505ef7-5ed5-46d1-b68e-287a7f1048c7,3b128aa7-53a1-48cc-ba33-cd0df14eac90,36666ee5-4869-40e2-bc14-41dee23fad98,2025-03-07T21:56:00,1,0,0,0,1,1,0,1.0,4,4,316.0,21,4,0,0,0,3.0,1,1
5f323a7e-ce52-45bb-82a9-8dae0c3dd004,40e2e31f-1e2d-4f70-9de8-91ad096fe41a,36391d36-ca47-4959-b5cd-0be78261b22f,2025-03-07T22:34:00,1,0,0,0,1,1,1,0.6,5,3,112.0,22,4,0,1,0,1.0,2,0
c1a354b0-3d3c-403b-a17a-da693c8b1e37,2fc6a399-7cab-4c0f-b2eb-9ae8bc2e8ef3,36391d36-ca47-4959-b5cd-0be78261b22f,2025-03-07T22:34:00,0,0,0,0,1,1,0,0.0,1,0,142.0,22,4,0,1,0,1.0,2,0
0e04ebd5-3d8a-492f-871d-f075fcea9a60,c26464e8-28b6-4923-b2ea-5e7dbf4e5c58,36391d36-ca47-4959-b5cd-0be78261b22f,2025-03-07T22:35:00,1,1,1,0,0,0,1,1.0,3,3,365.0,22,4,0,1,0,1.0,2,0
a4b04505-c767-4935-acb8-4c2977f93cbc,4f49c613-b4ef-4840-9fd7-f80f9f0d844d,36391d36-ca47-4959-b5cd-0be78261b22f,2025-03-07T22:42:00,0,0,0,0,1,1,1,1.0,1,1,171.0,22,4,0,1,0,1.0,2,0
e9261370-f9d0-4261-8a1e-847df7aba84f,77328cba-6ede-4bbd-b0b3-4810c8e8f09e,a84026be-1ca4-48d3-8e6e-6c09cd7d40ff,2025-03-08T00:33:00,0,0,0,0,1,1,0,1.0,3,3,146.0,0,5,1,1,0,6.0,3,0
78cd1731-a562-4f90-8b2c-f61bc3e5fe88,6505256d-ee75-49c0-889a-900cd074daa4,a84026be-1ca4-48d3-8e6e-6c09cd7d40ff,2025-03-08T00:34:00,1,1,1,0,0,1,1,1.0,2,2,137.0,0,5,1,1,0,6.0,3,0
f699b731-4996-4dc7-abc4-55a08a485c80,a8a1af91-93b6-4f04-8e14-d38aa8302607,a84026be-1ca4-48d3-8e6e-6c09cd7d40ff,2025-03-08T00:36:00,1,0,0,0,1,1,1,0.75,4,3,149.0,0,5,1,1,0,6.0,3,0
d036e754-0dae-4e82-a0fb-5d835f4b65d8,fe02ea3a-03d9-4d57-94a7-47e4a11e404f,a84026be-1ca4-48d3-8e6e-6c09cd7d40ff,2025-03-08T00:38:00,0,0,0,0,1,1,1,0.6667,6,4,435.0,0,5,1,1,0,6.0,3,0
9d021490-cc13-42c2-9e90-fb7768475432,977055e7-58dc-4d79-b576-2feb17172418,b4c45a7b-3bf1-4e79-b136-2760e1712184,2025-03-08T02:01:00,0,0,1,0,1,1,0,0.8333,6,5,218.0,2,5,1,1,0,4.0,3,1
67ae5285-f548-4d4e-9044-f831ef0c4f6c,a12f0067-a0a7-4294-ae23-d9759cd6beb6,b4c45a7b-3bf1-4e79-b136-2760e1712184,2025-03-08T02:05:00,0,0,0,0,1,1,1,0.6,5,3,150.0,2,5,1,1,0,4.0,3,1
ef3e79d8-73d2-47d1-b19a-cced9f6d59b3,885c50e2-3162-47fa-90f5-23d9287648cc,b4c45a7b-3bf1-4e79-b136-2760e1712184,2025-03-08T02:05:00,0,0,1,0,0,1,1,1.0,3,3,365.0,2,5,1,1,0,4.0,3,1
55962ac0-c77e-4440-acad-37dd21f6043d,b31f3223-35d1-446c-9991-79665d0b1ef3,b4c45a7b-3bf1-4e79-b136-2760e1712184,2025-03-08T02:06:00,1,0,1,0,1,1,1,0.5714,7,4,123.0,2,5,1,1,0,4.0,3,1
53de15a4-6a40-4bfe-b918-daf6ce9170d6,1f639402-8dc8-4776-97e8-d35510b12cd1,7562c86f-0d63-4be6-a328-d9bf37a20cff,2025-03-08T02:34:00,0,0,0,0,1,1,1,1.0,4,4,412.0,2,5,1,1,0,2.0,1,1
95bf1fdf-65dd-4a7f-9ff7-51b3c409ebc4,b31f3223-35d1-446c-9991-79665d0b1ef3,7562c86f-0d63-4be6-a328-d9bf37a20cff,2025-03-08T02:38:00,1,1,1,0,1,1,1,0.625,8,5,123.0,2,5,1,1,0,2.0,1,1
2e485986-7666-4091-9dac-fa7b1cb6ff11,877380d4-dd5d-4104-83fc-bdf86e194c54,7385741d-0514-48fa-a1c6-a843d1daabad,2025-03-09T01:37:00,1,0,1,0,1,1,1,0.75,4,3,166.0,1,6,1,1,0,4.0,2,0
2041097d-4574-46b1-b816-71208e8f6f2c,0f830c26-3d4f-4cf5-81cf-08041535d161,7385741d-0514-48fa-a1c6-a843d1daabad,2025-03-09T01:38:00,1,1,1,0,1,0,1,0.7143,7,5,162.0,1,6,1,1,0,4.0,2,0
db193150-8a6a-4eda-9e85-31be50eff19d,1fac9453-e829-479d-ae5f-008babfc456d,7385741d-0514-48fa-a1c6-a843d1daabad,2025-03-09T01:38:00,1,1,1,0,1,1,1,0.6667,3,2,138.0,1,6,1,1,0,4.0,2,0
a149faaf-c70d-4726-ba8b-3da0da30a975,bc7ffdff-d62a-437c-9957-5c8739b97d73,7385741d-0514-48fa-a1c6-a843d1daabad,2025-03-09T01:40:00,1,0,1,0,1,1,1,0.5714,7,4,99.0,1,6,1,1,0,4.0,2,0
719a003e-dd7c-44e8-9c19-1932d72b812c,f7f1655c-f8c2-4296-91c4-9f8f570ad765,7385741d-0514-48fa-a1c6-a843d1daabad,2025-03-09T01:41:00,1,1,1,0,1,1,1,0.875,8,7,102.0,1,6,1,1,0,4.0,2,0
af4995c7-6622-4891-96de-ee9a5ce25682,ad32e776-9492-4189-a4eb-d73ed256a7ea,7385741d-0514-48fa-a1c6-a843d1daabad,2025-03-09T01:43:00,1,0,1,0,1,1,1,0.8,5,4,107.0,1,6,1,1,0,4.0,2,0
02f57019-9229-4036-abcc-a63148d82e79,3e19e0d8-1f00-40bc-8358-1472a358eb9a,a4eb0728-892d-42ea-924f-1c84003f0766,2025-03-09T02:35:00,1,0,0,0,1,1,1,1.0,4,4,117.0,2,6,1,1,0,1.0,3,1
5b57edc8-76e7-4f55-b7e8-441c8c0ee867,992a9f5e-edc4-40f0-b76a-3f29c20d5618,a4eb0728-892d-42ea-924f-1c84003f0766,2025-03-09T02:36:00,0,0,0,0,1,1,1,0.3333,6,2,101.0,2,6,1,1,0,1.0,3,1
a54318a3-0daa-4555-902c-baa32b1c0ded,bb55dc49-18c5-486f-aa1d-2aa9a6fac646,a4eb0728-892d-42ea-924f-1c84003f0766,2025-03-09T02:36:00,1,1,1,0,1,1,1,0.5,2,1,143.0,2,6,1,1,0,1.0,3,1
d472bf73-fcb1-4007-bcbf-295ce3c80737,ca2995db-95cb-4226-8f04-6f57902f8cf4,a4eb0728-892d-42ea-924f-1c84003f0766,2025-03-09T02:44:00,1,1,1,0,1,0,1,0.5,4,2,365.0,2,6,1,1,0,1.0,3,1
4b4e6eaf-6f80-416c-a988-2d4f2871eb54,4f49c613-b4ef-4840-9fd7-f80f9f0d844d,cb6960ad-67b7-4db1-88df-526c66ace4d4,2025-03-09T13:20:00,1,0,0,0,1,1,1,0.5,2,1,173.0,13,6,1,0,0,6.0,1,1
4521f925-6208-4bde-82a5-0aed8611d728,979e4feb-883b-4b84-a316-add5625c20c0,cb6960ad-67b7-4db1-88df-526c66ace4d4,2025-03-09T13:21:00,1,1,1,0,1,1,1,1.0,4,4,106.0,13,6,1,0,0,6.0,1,1
cbbfac1d-e5d9-4c94-9b19-d7ad1f72561c,415a8ed8-6bf8-47ec-9265-7eacc19a825f,cb6960ad-67b7-4db1-88df-526c66ace4d4,2025-03-09T13:25:00,1,1,1,0,1,1,1,0.0,2,0,365.0,13,6,1,0,0,6.0,1,1
577f30c9-72b7-4311-9f9e-b09376bfc51c,96b33493-7f4b-4752-a880-e07a1deccfc8,cb6960ad-67b7-4db1-88df-526c66ace4d4,2025-03-09T13:26:00,1,0,0,0,1,1,0,0.6667,3,2,126.0,13,6,1,0,0,6.0,1,1
35c324a2-5498-404f-bc3d-3e5f92935649,a1bc2676-aad3-49f3-9131-e812c904d689,cb6960ad-67b7-4db1-88df-526c66ace4d4,2025-03-09T13:29:00,0,0,0,0,0,1,1,0.75,4,3,354.0,13,6,1,0,0,6.0,1,1
909a1150-be6c-4bba-9dc0-dabdec9e4bd5,2c4d68b2-c9d6-4244-9ac3-ce7b208c9147,cb6960ad-67b7-4db1-88df-526c66ace4d4,2025-03-09T13:29:00,1,0,0,0,1,1,1,1.0,3,3,118.0,13,6,1,0,0,6.0,1,1
899aa416-baf7-4cc1-9d5d-5c682163baad,5af7e665-37a6-4d00-a895-44a3a239f4cf,db7067d3-1d2d-434f-a136-ee58ed902ce2,2025-03-09T15:44:00,1,0,1,1,1,1,1,1.0,3,3,130.0,15,6,1,0,0,1.0,3,1
bf31a446-4a44-463c-b7b4-f075f3fcf5d7,5a1a919b-115a-40fc-ad8a-b6ffd35a23eb,db7067d3-1d2d-434f-a136-ee58ed902ce2,2025-03-09T15:44:00,1,0,0,0,1,1,1,0.75,4,3,429.0,15,6,1,0,0,1.0,3,1
5e9ed247-8b69-4a76-80fe-af1e2257132a,c2a90a3b-30e9-4457-987f-0a655b5556d2,db7067d3-1d2d-434f-a136-ee58ed902ce2,2025-03-09T15:45:00,1,1,1,0,1,1,1,1.0,4,4,154.0,15,6,1,0,0,1.0,3,1
35e2f0d6-8ed2-4734-98cd-01c7c6ac30d3,0bd74d79-c6ed-4e86-a612-e698b486ec29,ece7c787-5e14-43ad-a6f4-121d4cda86b8,2025-03-09T16:53:00,1,0,1,0,1,1,1,1.0,4,4,469.0,16,6,1,0,0,3.0,2,0
3d78c114-0258-48da-baa6-71120282f530,ffd6e179-bce4-414a-9aef-db47a3caea86,ece7c787-5e14-43ad-a6f4-121d4cda86b8,2025-03-09T16:56:00,1,0,1,0,1,0,1,0.6,5,3,476.0,16,6,1,0,0,3.0,2,0
60884517-52c4-4fde-8307-46146bc4dd07,8d54dd37-108d-4ec9-87e8-552d73629a00,ece7c787-5e14-43ad-a6f4-121d4cda86b8,2025-03-09T16:57:00,1,1,1,0,1,1,0,0.6667,3,2,359.0,16,6,1,0,0,3.0,2,0
eb2fa301-eab5-48ae-9ac5-5bae480d24cc,fb360121-72e2-40f7-bcc1-c7c613c988c0,71ca6f94-d659-41be-a244-f95e49096965,2025-03-09T19:56:00,1,0,1,0,1,1,1,1.0,3,3,365.0,19,6,1,0,0,6.0,1,1
fc68f368-c9b1-427e-b480-f9763741eeda,eca2c7b8-3bf7-4912-8e53-7666a464dbfc,71ca6f94-d659-41be-a244-f95e49096965,2025-03-09T19:56:00,1,1,1,0,1,1,1,1.0,2,2,211.0,19,6,1,0,0,6.0,1,1
dd935e4f-75c3-4060-ac74-414fb8e55620,00fe7012-13c0-4486-9a33-e56253f1a860,71ca6f94-d659-41be-a244-f95e49096965,2025-03-09T20:00:00,0,0,0,0,1,1,0,0.6667,3,2,267.0,20,6,1,0,0,6.0,1,1
32762a04-951d-4548-a38b-46a4e140f55e,797a96d3-916e-44ca-9537-0bd455606d82,71ca6f94-d659-41be-a244-f95e49096965,2025-03-09T20:03:00,1,0,0,0,0,1,1,0.25,4,1,273.0,20,6,1,0,0,6.0,1,1
eaa7144c-91ea-4200-b1b0-def7264ebc05,c1a1cac9-8c8d-4709-b171-00b08bdbc45b,71ca6f94-d659-41be-a244-f95e49096965,2025-03-09T20:04:00,1,0,1,0,1,1,1,1.0,2,2,421.0,20,6,1,0,0,6.0,1,1
2c93d048-ebed-480d-bb56-aef15c7d2edf,c0eaa600-b15c-463a-b278-86b3ca57fd5c,71ca6f94-d659-41be-a244-f95e49096965,2025-03-09T20:07:00,0,0,0,0,1,1,1,0.8333,6,5,100.0,20,6,1,0,0,6.0,1,1
d839a5f9-1338-47b7-a295-635c79691272,fe22cac5-c785-4cc2-a706-9b3cbd277ddf,5a6d8c30-0bd5-41cb-9282-efa0257509c5,2025-03-09T22:48:00,1,0,1,0,1,1,1,1.0,3,3,291.0,22,6,1,1,0,2.0,2,1
faa477fd-ea2c-4a21-a1e7-f65944d162cf,b0102217-6663-410d-8e4b-e802cddf4baa,5a6d8c30-0bd5-41cb-9282-efa0257509c5,2025-03-09T22:49:00,1,1,1,0,1,1,1,0.75,4,3,124.0,22,6,1,1,0,2.0,2,1
7dfb20fd-afd3-4555-871d-bd6a49001636,6c841b96-0d6c-4d4f-a647-602aca520949,5a6d8c30-0bd5-41cb-9282-efa0257509c5,2025-03-09T22:58:00,1,1,1,0,1,0,1,0.5,4,2,316.0,22,6,1,1,0,2.0,2,1
ac5fd8dc-6bea-4e4f-ac6f-e983e67b4b98,dc070752-162d-4ca3-ae3a-25c40e32397b,0a6e7202-b29a-4eb6-9fbc-37d5349938bb,2025-03-10T01:11:00,1,0,0,0,1,1,1,0.75,4,3,418.0,1,0,0,1,0,2.0,1,1
4097aac0-f6cc-42ce-9cc6-7facaa07e098,c3fb4684-c1e0-4da0-a54b-9e8f789026c2,0a6e7202-b29a-4eb6-9fbc-37d5349938bb,2025-03-10T01:16:00,1,1,1,0,1,1,1,0.0,0,0,483.0,1,0,0,1,0,2.0,1,1
3776d3e3-e74d-4b1e-b58a-e810c375c43c,6020fc90-bb4f-4cf6-939b-6d7429d5d3a1,0a6e7202-b29a-4eb6-9fbc-37d5349938bb,2025-03-10T01:17:00,0,0,0,0,1,1,0,0.0,0,0,365.0,1,0,0,1,0,2.0,1,1
af073184-82c7-4910-94b0-fdeb741e4967,28309fde-6955-4852-ae11-f09951df357a,0a6e7202-b29a-4eb6-9fbc-37d5349938bb,2025-03-10T01:23:00,0,0,0,0,1,1,1,0.4,5,2,228.0,1,0,0,1,0,2.0,1,1
32ca8e6c-347e-4be2-8818-d746660a5f73,d25bbe98-216b-4faf-8f76-0d3dd2269a66,c10f1775-08d4-4482-8b13-8f67d04f569d,2025-03-10T04:17:00,1,0,0,0,1,0,1,1.0,2,2,365.0,4,0,0,1,0,3.0,1,1
daa46370-4ff3-4649-87f8-0ca0d5535ca1,0f0a17e5-ee39-4b55-89bf-da47d9347eab,c10f1775-08d4-4482-8b13-8f67d04f569d,2025-03-10T04:20:00,1,0,0,0,1,1,0,0.5,6,3,115.0,4,0,0,1,0,3.0,1,1
f819a8d0-d817-4f64-ba4c-bcc1f7f35e6a,ed86563a-268b-43b8-851a-f22f9296edc5,c10f1775-08d4-4482-8b13-8f67d04f569d,2025-03-10T04:23:00,0,0,0,0,0,1,0,0.3333,6,2,220.0,4,0,0,1,0,3.0,1,1
45d81ecb-0fb0-4df6-8046-808385773b17,0239e706-289d-4498-9947-7818e4011dc0,c10f1775-08d4-4482-8b13-8f67d04f569d,2025-03-10T04:25:00,0,0,0,0,1,0,1,0.3333,3,1,140.0,4,0,0,1,0,3.0,1,1
e2c37fab-fd1e-443f-b17c-7fd9c36f613d,2bc00f4d-1415-492e-ab45-855a39d62175,c10f1775-08d4-4482-8b13-8f67d04f569d,2025-03-10T04:26:00,0,0,0,0,1,0,1,0.875,8,7,179.0,4,0,0,1,0,3.0,1,1
d4ef27bc-aec7-45a3-bf36-50d2c095ac39,dc3945d5-6321-4ff3-a949-9cc365303d45,c10f1775-08d4-4482-8b13-8f67d04f569d,2025-03-10T04:30:00,0,0,0,0,1,0,1,0.5,8,4,134.0,4,0,0,1,0,3.0,1,1
b7ac71ee-1514-4273-ac09-b52c58943a13,86982baf-89fb-453b-bd13-a6cfe928ea51,29a31e1a-99f0-455e-b3d3-d2c3bc476f22,2025-03-10T08:08:00,1,1,1,0,1,1,1,1.0,3,3,330.0,8,0,0,0,0,1.0,1,1
cde68d5d-8f04-460f-afaf-4c6461c4f80b,30c6a854-5681-4fda-b9bc-b5f82a1567dc,29a31e1a-99f0-455e-b3d3-d2c3bc476f22,2025-03-10T08:09:00,0,0,0,0,1,0,1,1.0,1,1,150.0,8,0,0,0,0,1.0,1,1
faef3ab0-926d-46ae-8037-88e6f273d96b,16199d23-baa8-4292-b1d9-9b27b201daa1,29a31e1a-99f0-455e-b3d3-d2c3bc476f22,2025-03-10T08:13:00,1,0,0,0,1,0,1,1.0,2,2,172.0,8,0,0,0,0,1.0,1,1
63629ce1-4206-4b14-8a6f-ce0912e400ea,94f4bd27-c237-4bb0-b104-cb7bb01c0fdc,8080a8ba-40ba-4bfb-953e-a45d4831eedd,2025-03-10T08:57:00,1,0,1,0,0,1,0,1.0,1,1,542.0,8,0,0,0,0,6.0,2,1
7fe4ee03-da28-4170-9bdb-58f0808ecec9,97b426ef-09b1-4692-8010-6897b909efc6,8080a8ba-40ba-4bfb-953e-a45d4831eedd,2025-03-10T08:58:00,0,0,0,0,1,0,1,0.3333,6,2,113.0,8,0,0,0,0,6.0,2,1
21cdc7de-04e4-4a37-9c30-4f4c9820fedf,35c97ba1-3b93-4844-a896-f8caf863e1ad,8080a8ba-40ba-4bfb-953e-a45d4831eedd,2025-03-10T09:04:00,1,0,1,0,1,1,0,1.0,3,3,365.0,9,0,0,0,1,6.0,2,1
8fe68532-b315-4b8a-a861-43e216b5c98c,56788efb-19f3-4d23-8b92-d96dc8d14718,004dac61-afb0-473b-8f22-4959cfdf0db8,2025-03-10T09:38:00,1,0,1,0,1,1,1,1.0,1,1,365.0,9,0,0,0,1,1.0,1,1
1ace179c-a2d3-48c6-a5e1-c436f8845ae1,ed86563a-268b-43b8-851a-f22f9296edc5,004dac61-afb0-473b-8f22-4959cfdf0db8,2025-03-10T09:41:00,1,0,1,0,0,1,0,0.2857,7,2,220.0,9,0,0,0,1,1.0,1,1
b5ab6ddf-ac50-44f3-8780-18821eb44790,35c97ba1-3b93-4844-a896-f8caf863e1ad,004dac61-afb0-473b-8f22-4959cfdf0db8,2025-03-10T09:42:00,0,0,1,0,1,1,0,1.0,4,4,365.0,9,0,0,0,1,1.0,1,1
4bc0da70-a46d-4776-a391-eef89e76b59d,ae85aaf6-cc9f-4c74-a816-5214f35ad158,004dac61-afb0-473b-8f22-4959cfdf0db8,2025-03-10T09:44:00,1,0,1,0,1,1,1,1.0,1,1,101.0,9,0,0,0,1,1.0,1,1
222e90d5-2065-4fb9-b811-40b39c5f4381,4ca593a6-6883-4ff4-b14b-a47593e71ecc,004dac61-afb0-473b-8f22-4959cfdf0db8,2025-03-10T09:45:00,1,0,1,0,1,1,1,0.6667,6,4,169.0,9,0,0,0,1,1.0,1,1
40ae760b-c2f8-4fb0-8a5c-a0cc9b830b38,ad71dc4d-d139-444d-a8ee-c755441c0f54,6fc3ed6e-b655-4015-b257-0be9e62d1680,2025-03-10T09:48:00,0,0,0,0,1,1,1,1.0,2,2,365.0,9,0,0,0,1,1.0,2,1
ce427ef5-95d4-41bb-a660-92cc63bc6752,63e1e7de-8090-46e0-a921-6add4ddcfef9,6fc3ed6e-b655-4015-b257-0be9e62d1680,2025-03-10T09:48:00,1,0,0,0,1,1,1,0.4,5,2,447.0,9,0,0,0,1,1.0,2,1
b5d80586-4d77-461d-aa1d-c013726daed7,c9e3038e-7436-4df3-9f2a-fc2746763273,6fc3ed6e-b655-4015-b257-0be9e62d1680,2025-03-10T09:49:00,0,0,0,0,0,1,1,0.0,2,0,229.0,9,0,0,0,1,1.0,2,1
7786247f-2869-4071-95fa-7ce9bb496e1f,11955be9-03b2-4274-9002-7a2a5ae499a8,6fc3ed6e-b655-4015-b257-0be9e62d1680,2025-03-10T09:52:00,0,0,0,0,1,0,0,0.3333,3,1,365.0,9,0,0,0,1,1.0,2,1
5b26128a-56f0-430e-96a6-f3ae2252e1a9,a88bf6b5-168a-42ee-bea7-b40defa21e24,6fc3ed6e-b655-4015-b257-0be9e62d1680,2025-03-10T09:53:00,1,0,0,0,1,1,1,0.8571,7,6,106.0,9,0,0,0,1,1.0,2,1
0a2b2b4b-432a-482d-ae78-2817fb42f8b6,facc5b5b-c0fa-45e8-8b9d-e13559d60097,f3bb8bf4-06c9-4236-85db-d74d6df5edcf,2025-03-10T12:34:00,1,0,0,0,1,1,1,0.3333,3,1,369.0,12,0,0,0,1,4.0,1,1
7f4634dd-2978-482a-9e99-fbd71b678bf8,c2695e79-4d08-4f69-b539-6de83b562463,f3bb8bf4-06c9-4236-85db-d74d6df5edcf,2025-03-10T12:44:00,1,0,0,0,1,1,1,1.0,1,1,305.0,12,0,0,0,1,4.0,1,1
481c1746-6c67-4c50-970c-2d8c9999ec18,b822f3f2-bc12-474d-9f5a-b3cef19341f0,7abc2904-7978-4c8b-9ed3-0cf0c21edf6e,2025-03-10T15:34:00,1,0,0,0,1,1,1,0.5556,9,5,365.0,15,0,0,0,1,1.0,2,1
b78feb43-751d-4831-ac2c-36535fbfa875,254d3521-ee04-45e3-b379-b02a667ace0c,7abc2904-7978-4c8b-9ed3-0cf0c21edf6e,2025-03-10T15:40:00,1,0,0,0,1,1,1,1.0,1,1,365.0,15,0,0,0,1,1.0,2,1
be58854f-1de6-48df-8aab-1ec301e7be3b,238bf442-7dd1-4625-97b1-0fd3299287dc,7abc2904-7978-4c8b-9ed3-0cf0c21edf6e,2025-03-10T15:42:00,0,0,0,0,1,1,1,0.7143,7,5,261.0,15,0,0,0,1,1.0,2,1
35eea8c8-d23f-40ab-9c81-c0fd58837362,a9192324-9347-4f6f-998a-20066ce0209e,2a061acf-b415-4130-8b19-e1cc6cfd7ba1,2025-03-10T16:19:00,0,0,0,0,1,1,0,0.3333,3,1,292.0,16,0,0,0,1,6.0,2,1
e027e113-8e9a-4386-bac8-f839d56931c7,cc823700-76b8-4614-9bae-555be744cc6e,2a061acf-b415-4130-8b19-e1cc6cfd7ba1,2025-03-10T16:19:00,1,0,0,0,1,1,1,0.8,5,4,365.0,16,0,0,0,1,6.0,2,1
ca981a99-bec0-4ac3-bbfd-61eac7407f45,20973b43-2cf6-456f-b7bc-c097d6343c32,2a061acf-b415-4130-8b19-e1cc6cfd7ba1,2025-03-10T16:23:00,1,0,0,0,1,1,0,0.1667,6,1,365.0,16,0,0,0,1,6.0,2,1
f6ebed1e-3826-41f4-abf7-98110d888676,445beb91-c8f4-47ed-b5c7-e8a70759c76b,2a061acf-b415-4130-8b19-e1cc6cfd7ba1,2025-03-10T16:25:00,1,0,0,0,1,1,1,1.0,6,6,127.0,16,0,0,0,1,6.0,2,1
75be9883-217b-44b3-93b0-ac1048fac5ca,94f4bd27-c237-4bb0-b104-cb7bb01c0fdc,2a061acf-b415-4130-8b19-e1cc6cfd7ba1,2025-03-10T16:27:00,0,0,0,0,0,1,0,1.0,2,2,542.0,16,0,0,0,1,6.0,2,1
a1baa918-3126-4ab5-bc58-7c9bf72e4129,c26464e8-28b6-4923-b2ea-5e7dbf4e5c58,2a061acf-b415-4130-8b19-e1cc6cfd7ba1,2025-03-10T16:29:00,0,0,0,0,0,0,1,1.0,4,4,365.0,16,0,0,0,1,6.0,2,1
ae461bce-94c1-4527-945f-0e88374c0c6d,b0102217-6663-410d-8e4b-e802cddf4baa,283a4b03-a7cf-4677-8a4f-c1ffcc3ff002,2025-03-10T16:47:00,1,1,1,0,1,1,1,0.8,5,4,125.0,16,0,0,0,1,2.0,1,0
054d72b1-ba73-40b1-9c3c-aeea0cfa6708,5363b68d-8ce8-4929-9246-6d22798f9caf,283a4b03-a7cf-4677-8a4f-c1ffcc3ff002,2025-03-10T16:57:00,1,0,0,0,1,1,1,1.0,1,1,114.0,16,0,0,0,1,2.0,1,0
54c7a8d4-00ea-4cdc-80b3-6334adbb2453,c2d25642-919c-4075-a54a-aedcf9642a56,283a4b03-a7cf-4677-8a4f-c1ffcc3ff002,2025-03-10T16:57:00,1,1,1,0,1,1,0,0.4,5,2,258.0,16,0,0,0,1,2.0,1,0
5fc9ec8c-eff3-4bd6-ae97-2dcca752c56e,fb360121-72e2-40f7-bcc1-c7c613c988c0,283a4b03-a7cf-4677-8a4f-c1ffcc3ff002,2025-03-10T16:57:00,1,0,1,0,1,1,1,1.0,4,4,365.0,16,0,0,0,1,2.0,1,0
eec106ac-0582-453c-a2d7-359f140de160,a1aa727a-9750-4916-9300-dd333ae653cc,283a4b03-a7cf-4677-8a4f-c1ffcc3ff002,2025-03-10T16:59:00,1,0,1,0,0,0,0,0.75,4,3,213.0,16,0,0,0,1,2.0,1,0
baac9f89-718b-4ff3-b2ef-ef565508457f,78b96bf4-a937-44e7-9a3a-544dd63de549,a68c0d83-77ff-4d61-83df-f44e67938833,2025-03-10T19:28:00,0,0,0,0,1,1,0,0.0,2,0,211.0,19,0,0,0,0,2.0,1,1
5dfd1e39-cfb9-460a-92ee-ae29cedb41dc,199debac-e563-46ab-8829-e7e1973cebc1,a68c0d83-77ff-4d61-83df-f44e67938833,2025-03-10T19:34:00,0,0,0,0,0,1,1,0.5,2,1,376.0,19,0,0,0,0,2.0,1,1
8384ca43-5331-4fad-80d8-bf06e0f2e603,28309fde-6955-4852-ae11-f09951df357a,f41c474a-0a68-4fdb-b90b-a6d66068234d,2025-03-11T00:55:00,1,1,1,0,1,1,1,0.3333,6,2,229.0,0,1,0,1,0,2.0,3,1
0d8fb49d-6d23-48b3-b388-c28285902f3a,8a51ac8d-1598-4fa0-bf75-085c49cbc370,f41c474a-0a68-4fdb-b90b-a6d66068234d,2025-03-11T00:56:00,1,1,1,0,1,1,1,0.8,5,4,378.0,0,1,0,1,0,2.0,3,1
8eb54725-2b45-4781-b17a-6ceaf7edda59,6a684832-6713-46ad-8845-56c424779c27,c7085dad-deea-4a25-bd23-ef7712c2f1f4,2025-03-11T04:57:00,0,0,1,0,1,1,1,1.0,2,2,128.0,4,1,0,1,0,6.0,1,1
3c1c31b7-f0b2-476c-89ed-3acd0af50543,cde8f468-ab23-43e9-8462-c07f508baa7f,c7085dad-deea-4a25-bd23-ef7712c2f1f4,2025-03-11T05:01:00,1,0,1,0,0,1,1,1.0,2,2,799.0,5,1,0,1,0,6.0,1,1
58b9da35-bef5-4832-b5a2-542bb62772b4,56fc804f-b101-461b-a304-d6f9c28ae2ef,c7085dad-deea-4a25-bd23-ef7712c2f1f4,2025-03-11T05:01:00,0,0,1,0,1,1,1,1.0,1,1,124.0,5,1,0,1,0,6.0,1,1
ffede435-2c55-456d-853f-cc60d7db8b79,56788efb-19f3-4d23-8b92-d96dc8d14718,c7085dad-deea-4a25-bd23-ef7712c2f1f4,2025-03-11T05:01:00,1,0,0,0,1,1,1,1.0,2,2,365.0,5,1,0,1,0,6.0,1,1
9dfe7767-b7bf-4c47-8bf0-528e51a3818c,4eee87b4-abdd-4100-ad14-aaafa8fd5f81,c7085dad-deea-4a25-bd23-ef7712c2f1f4,2025-03-11T05:07:00,1,0,1,0,1,1,1,1.0,2,2,169.0,5,1,0,1,0,6.0,1,1
de42b105-7038-4062-bddf-b8c0efc82510,7874fffd-6a3d-4885-92ad-f115c4f7779f,b9209216-48f3-44b7-b607-713539e9e0d2,2025-03-11T07:25:00,0,0,0,0,1,1,1,0.75,8,6,365.0,7,1,0,0,0,6.0,1,1
010b0698-6484-45f1-a2a0-99d86c384e56,6808b218-ad45-4d5a-8374-ac96bd2f9e51,b9209216-48f3-44b7-b607-713539e9e0d2,2025-03-11T07:32:00,1,0,0,0,1,1,1,0.8333,6,5,365.0,7,1,0,0,0,6.0,1,1
7cfa14c6-fdb1-41cb-9590-5d0baecdfbc7,6b1ba131-fea8-4018-9f7b-bb75d5846414,b9209216-48f3-44b7-b607-713539e9e0d2,2025-03-11T07:35:00,0,0,1,0,1,1,1,0.6667,6,4,365.0,7,1,0,0,0,6.0,1,1
fae59048-ff58-4b9d-a425-33709c4f8919,ca2995db-95cb-4226-8f04-6f57902f8cf4,b9209216-48f3-44b7-b607-713539e9e0d2,2025-03-11T07:36:00,1,0,1,0,1,0,1,0.6,5,3,365.0,7,1,0,0,0,6.0,1,1
60ba8eaa-6f9a-49ed-94fd-1f2e41bf55d2,0409fca8-45c7-403f-8d31-663c4c640e47,06f62e2e-3e49-4d7c-be18-a68c94ba82b3,2025-03-11T07:38:00,0,0,0,0,1,1,1,0.5,4,2,152.0,7,1,0,0,0,2.0,1,1
bc66b353-1927-4920-a1c0-454a05b33701,cfca1fba-b8fd-43a2-8e84-7c868fae649d,06f62e2e-3e49-4d7c-be18-a68c94ba82b3,2025-03-11T07:39:00,1,1,1,1,1,1,1,1.0,2,2,365.0,7,1,0,0,0,2.0,1,1
8b1365f5-aa7c-4b00-a9ae-b7e195b6a4e2,553294c5-4565-4d5a-a069-6e8126905be4,06f62e2e-3e49-4d7c-be18-a68c94ba82b3,2025-03-11T07:40:00,1,0,0,0,1,1,0,0.0,2,0,193.0,7,1,0,0,0,2.0,1,1
92cc913b-cefb-4c31-af98-0f7bf795b90e,258c585a-0983-4f1a-9632-3c358d253411,06f62e2e-3e49-4d7c-be18-a68c94ba82b3,2025-03-11T07:41:00,1,0,0,0,1,1,1,0.5,4,2,623.0,7,1,0,0,0,2.0,1,1
4ee11ec9-be6d-4acd-8a48-d89a8f31d4ce,d6f6800e-5c63-432b-93d2-8d7c32142867,06f62e2e-3e49-4d7c-be18-a68c94ba82b3,2025-03-11T07:47:00,0,0,0,0,0,1,0,0.5556,9,5,365.0,7,1,0,0,0,2.0,1,1
86d83046-c1de-4fa1-9184-86075e8da85b,35a960a1-e1aa-45db-8043-5650f7e73b8c,0677097a-2692-4b31-9866-33480f3e2f77,2025-03-11T08:45:00,1,0,1,1,1,0,1,0.2,5,1,102.0,8,1,0,0,0,2.0,1,1
071a7144-9fe9-412c-8e89-31ab6967b4d1,f4f6b626-e397-4f44-8dde-9d51ac118ff6,0677097a-2692-4b31-9866-33480f3e2f77,2025-03-11T08:46:00,1,1,1,0,1,1,1,1.0,2,2,291.0,8,1,0,0,0,2.0,1,1
3cdb75d9-05d1-4072-bb7b-3ad3f694ce66,73461d9a-b17a-4f20-a132-39ca2f8c91ed,219850a1-fbde-47c6-927e-33bb7d58919e,2025-03-11T10:43:00,1,1,1,0,1,1,1,0.5,4,2,99.0,10,1,0,0,1,2.0,0,0
096d3af0-70e5-4e54-851d-734129be552f,ca5ce99f-cf40-4ef6-9c3d-4a4177383ff2,219850a1-fbde-47c6-927e-33bb7d58919e,2025-03-11T10:51:00,1,0,1,0,1,0,1,0.6667,3,2,365.0,10,1,0,0,1,2.0,0,0
9f620202-1701-436c-aaa7-bdbb78109f27,1b1c6a4c-9521-43d0-af56-40e628a2cb1d,219850a1-fbde-47c6-927e-33bb7d58919e,2025-03-11T10:51:00,1,1,1,0,1,1,1,0.75,8,6,296.0,10,1,0,0,1,2.0,0,0
40002104-2ad8-47f5-b6b9-e2b58b6aa434,e5932f7a-3ade-43d3-b57c-3dd00eae2d48,219850a1-fbde-47c6-927e-33bb7d58919e,2025-03-11T10:52:00,1,0,0,0,0,1,1,0.5,2,1,140.0,10,1,0,0,1,2.0,0,0
90fd7b92-5468-49fe-8461-5e09e3dd6695,94f4bd27-c237-4bb0-b104-cb7bb01c0fdc,219850a1-fbde-47c6-927e-33bb7d58919e,2025-03-11T10:53:00,1,0,1,0,0,1,0,0.6667,3,2,543.0,10,1,0,0,1,2.0,0,0
e51eeb1b-ef5a-4605-9163-108350d77fb8,cc255119-86e4-43ad-b1f0-6c24ac17d920,219850a1-fbde-47c6-927e-33bb7d58919e,2025-03-11T10:54:00,1,0,0,0,1,1,1,0.75,4,3,365.0,10,1,0,0,1,2.0,0,0
fa075653-ff0e-4224-855a-58a70d9d99db,a12f0067-a0a7-4294-ae23-d9759cd6beb6,b3155584-0ea6-4890-9868-1ee63fb0939a,2025-03-11T16:13:00,1,1,1,0,1,1,1,0.5,6,3,153.0,16,1,0,0,1,3.0,3,1
72e924fb-39a1-4917-aa48-dccdf6a12edb,ca2995db-95cb-4226-8f04-6f57902f8cf4,5116d6af-fb01-413b-bda8-fd3309d96c54,2025-03-11T16:19:00,1,0,1,0,1,0,1,0.6667,6,4,365.0,16,1,0,0,1,6.0,1,1
ab2a87f6-cd02-497b-9505-acb62e948313,265b1191-c474-4c10-b744-2accb997520e,5116d6af-fb01-413b-bda8-fd3309d96c54,2025-03-11T16:19:00,1,0,0,0,1,1,1,0.8571,7,6,303.0,16,1,0,0,1,6.0,1,1
a22c5bff-01ba-49c1-bfd7-b829c7a68ed7,346ece9f-9eed-4c58-95d7-1c3e38d7cceb,b3155584-0ea6-4890-9868-1ee63fb0939a,2025-03-11T16:21:00,1,1,1,0,1,1,1,0.8333,6,5,365.0,16,1,0,0,1,3.0,3,1
0f028a58-acd1-4d5d-b64a-d86482f7c4b8,e116edc5-9b26-4e7c-88d9-765a7676524f,b3155584-0ea6-4890-9868-1ee63fb0939a,2025-03-11T16:23:00,0,0,0,0,1,1,1,0.6,5,3,176.0,16,1,0,0,1,3.0,3,1
19b11e8d-7269-4e1c-b304-df5a4033e6fd,b1b36f5b-7867-499a-abe3-c46756bb926a,c799cdd9-fb3e-4e48-9c81-646adb841718,2025-03-11T16:24:00,1,0,0,0,1,1,1,1.0,2,2,112.0,16,1,0,0,1,2.0,2,0
7827599f-57c0-4351-aec3-b0dce3d611eb,36ab981c-07be-4841-8992-11118d375327,b3155584-0ea6-4890-9868-1ee63fb0939a,2025-03-11T16:24:00,1,0,0,0,1,1,1,0.6667,3,2,136.0,16,1,0,0,1,3.0,3,1
47fb7433-3c6a-445c-b68f-366e321fce93,27f63174-92e0-4ec5-a8d6-df307aa20f3b,c799cdd9-fb3e-4e48-9c81-646adb841718,2025-03-11T16:25:00,1,1,1,0,1,1,1,0.75,8,6,365.0,16,1,0,0,1,2.0,2,0
01fc8d6d-fe37-4a3a-b514-49eb21b8fee2,62dcf5be-c7c7-4332-ba46-a97ff4593dd6,c799cdd9-fb3e-4e48-9c81-646adb841718,2025-03-11T16:27:00,1,0,0,0,1,1,1,0.5,4,2,99.0,16,1,0,0,1,2.0,2,0
c1fed417-42fb-473d-9f80-6d11b864ab49,0b51ced4-84e3-45ad-a67a-de86af260d64,c799cdd9-fb3e-4e48-9c81-646adb841718,2025-03-11T16:31:00,1,1,1,0,1,1,1,0.8,5,4,375.0,16,1,0,0,1,2.0,2,0
19a9ddfa-7298-4050-a2d0-88231baea66d,cbfa701d-d50d-4cb5-a221-792b267c1d82,c799cdd9-fb3e-4e48-9c81-646adb841718,2025-03-11T16:34:00,0,0,0,0,1,0,0,0.3333,3,1,232.0,16,1,0,0,1,2.0,2,0
3401e785-c02d-4568-b119-b02ff755ccaf,56788efb-19f3-4d23-8b92-d96dc8d14718,c799cdd9-fb3e-4e48-9c81-646adb841718,2025-03-11T16:35:00,1,0,0,0,1,1,1,1.0,3,3,365.0,16,1,0,0,1,2.0,2,0
5a8d11c3-61e1-4b92-b9f6-ef1dafa8c5e2,0ad41086-120a-480a-a25e-68be9c95144c,100ca3f4-7bd3-4b99-aace-fe8e6fe5312e,2025-03-11T17:30:00,1,1,1,0,1,1,1,1.0,4,4,365.0,17,1,0,0,1,1.0,0,0
09afd6b4-62c2-4c41-83ef-ba9b84b66f95,d86275ba-b1a0-4e6e-a363-d11e975f6df6,100ca3f4-7bd3-4b99-aace-fe8e6fe5312e,2025-03-11T17:31:00,1,0,1,0,1,1,1,0.8,5,4,216.0,17,1,0,0,1,1.0,0,0
e5417994-dcc2-40e2-8427-fc39a7153eb7,664b1167-88df-4fdd-afcb-3e9296fb4ad6,100ca3f4-7bd3-4b99-aace-fe8e6fe5312e,2025-03-11T17:33:00,1,0,0,0,1,1,1,1.0,7,7,196.0,17,1,0,0,1,1.0,0,0
737a3e52-f2a6-4ee4-8d58-aa9a438362fc,e407e92f-fbeb-4577-975a-db39c26f5872,100ca3f4-7bd3-4b99-aace-fe8e6fe5312e,2025-03-11T17:37:00,1,0,1,1,1,1,1,0.8333,6,5,268.0,17,1,0,0,1,1.0,0,0
9fb60355-b662-4d88-88c9-167b618d9494,6c25e2ff-8bc0-4abc-a978-052ba5e4650a,09fe608e-ad7a-4945-8fc8-13f53bd8f981,2025-03-11T21:59:00,1,0,1,0,1,1,1,1.0,10,10,176.0,21,1,0,0,0,3.0,1,1
0628c771-ac88-41b8-99bc-47cb12db2677,0b47310a-57de-411d-a3af-67fcc8e4038f,09fe608e-ad7a-4945-8fc8-13f53bd8f981,2025-03-11T22:00:00,1,1,1,0,1,1,1,1.0,2,2,421.0,22,1,0,1,0,3.0,1,1
b9e68d6a-9b1b-4999-ae66-c03072d6c270,29e49c87-bf5c-4e0a-844a-7ce3f4f2d13d,09fe608e-ad7a-4945-8fc8-13f53bd8f981,2025-03-11T22:04:00,1,0,0,0,1,1,1,1.0,6,6,152.0,22,1,0,1,0,3.0,1,1
a6d6a977-b915-40c9-8ace-4bc92589ed14,977055e7-58dc-4d79-b576-2feb17172418,3951859b-a0b6-4409-a9d0-6bf1357de388,2025-03-12T21:33:00,1,1,1,0,1,1,0,0.7143,7,5,222.0,21,2,0,0,0,4.0,2,0
1b695e02-6e3f-4229-91af-3432e2626d91,5af7e665-37a6-4d00-a895-44a3a239f4cf,3951859b-a0b6-4409-a9d0-6bf1357de388,2025-03-12T21:35:00,1,0,1,1,1,1,1,1.0,4,4,133.0,21,2,0,0,0,4.0,2,0
ec0ce1f1-58a1-4ef7-942d-fc50c9147f29,53ed2f86-5a3a-4240-86cc-9f9f609bdea0,3951859b-a0b6-4409-a9d0-6bf1357de388,2025-03-12T21:37:00,0,0,0,0,1,1,0,0.8333,6,5,194.0,21,2,0,0,0,4.0,2,0
ef85dbc9-37fe-46ce-98ab-3b2fdf8adaff,1f639402-8dc8-4776-97e8-d35510b12cd1,3951859b-a0b6-4409-a9d0-6bf1357de388,2025-03-12T21:41:00,1,0,0,0,1,1,1,0.8,5,4,416.0,21,2,0,0,0,4.0,2,0
debe9f03-d603-48fe-bf57-ebabfbf34c97,96e372e4-86b2-4e68-b468-3cdf7686a490,3951859b-a0b6-4409-a9d0-6bf1357de388,2025-03-12T21:42:00,1,1,1,0,1,1,1,0.8,5,4,130.0,21,2,0,0,0,4.0,2,0
a5a80bcf-a1f6-4241-8440-3acdcd92356a,67e602e6-39ad-4901-acb6-b01a84f70f34,3951859b-a0b6-4409-a9d0-6bf1357de388,2025-03-12T21:44:00,1,1,1,0,1,1,1,0.5,4,2,102.0,21,2,0,0,0,4.0,2,0
9e864e31-a890-4057-8d8c-b03dd24ff4b1,d86275ba-b1a0-4e6e-a363-d11e975f6df6,5bbdd91e-fd16-487e-b5ee-1a7dd65e9afc,2025-03-12T22:38:00,0,0,0,0,1,1,1,0.8333,6,5,217.0,22,2,0,1,0,3.0,0,1
f692ec0b-937c-4ccc-8484-ea737f9f03f2,cb3c9262-005e-4dcb-a8e5-a2c3920ffe15,5bbdd91e-fd16-487e-b5ee-1a7dd65e9afc,2025-03-12T22:38:00,1,1,1,0,1,0,0,0.6667,3,2,127.0,22,2,0,1,0,3.0,0,1
3363fb4a-9653-4063-b99f-01a2f31463ab,0bd74d79-c6ed-4e86-a612-e698b486ec29,5bbdd91e-fd16-487e-b5ee-1a7dd65e9afc,2025-03-12T22:43:00,0,1,1,0,1,1,1,1.0,5,5,472.0,22,2,0,1,0,3.0,0,1
843d0f22-83e8-4d13-bc71-2d4b796f57fc,6c5114ec-b8e2-4c74-8e20-93ded422c3b1,5bbdd91e-fd16-487e-b5ee-1a7dd65e9afc,2025-03-12T22:43:00,1,1,1,0,1,0,0,0.6,5,3,111.0,22,2,0,1,0,3.0,0,1
ccd2ab57-8267-4d3f-87fa-ee660e975b4a,748bd135-2aa2-42af-9ae8-8edfadd6d30f,0ace9270-499a-440b-8d1e-68067a9d29f6,2025-03-12T23:09:00,1,0,1,0,1,1,1,0.5,4,2,159.0,23,2,0,1,0,3.0,3,1
18bbcf40-6276-497d-a308-e6a84d1c2d46,cbfa701d-d50d-4cb5-a221-792b267c1d82,0ace9270-499a-440b-8d1e-68067a9d29f6,2025-03-12T23:17:00,1,0,1,0,1,0,0,0.25,4,1,233.0,23,2,0,1,0,3.0,3,1
f4558970-6cf5-4c98-9251-ecda05248d73,6808b218-ad45-4d5a-8374-ac96bd2f9e51,0ace9270-499a-440b-8d1e-68067a9d29f6,2025-03-12T23:17:00,1,0,1,0,1,1,1,0.8571,7,6,365.0,23,2,0,1,0,3.0,3,1
70908c0c-8859-4666-8d78-20031da2260a,797a96d3-916e-44ca-9537-0bd455606d82,0aca2e1e-b986-4079-b15a-ea3d30e82b28,2025-03-13T00:48:00,0,0,0,0,0,1,1,0.4,5,2,277.0,0,3,0,1,0,4.0,1,1
79c1c047-d886-4c41-91bf-957e1cfc9829,0648f122-df82-42c1-b7a4-513681226246,0aca2e1e-b986-4079-b15a-ea3d30e82b28,2025-03-13T00:50:00,1,1,1,0,1,1,1,0.25,4,1,119.0,0,3,0,1,0,4.0,1,1
f7cac799-7092-4a8f-a40a-72997a483703,846be435-a2e1-4850-bad5-07de99099078,0aca2e1e-b986-4079-b15a-ea3d30e82b28,2025-03-13T00:52:00,1,1,1,0,1,1,1,1.0,6,6,133.0,0,3,0,1,0,4.0,1,1
481b9309-06ea-40cc-8579-93e6957bbd93,cc255119-86e4-43ad-b1f0-6c24ac17d920,0aca2e1e-b986-4079-b15a-ea3d30e82b28,2025-03-13T00:53:00,1,0,0,0,1,1,1,0.8,5,4,365.0,0,3,0,1,0,4.0,1,1
02b92886-c8a2-43b1-8389-0940c0201317,90f0edf1-053b-433f-b7d0-041be1e882d4,bbb97d45-3810-4e2a-9068-f9a3778c3e1e,2025-03-13T02:39:00,0,0,0,0,1,1,0,0.5,4,2,261.0,2,3,0,1,0,3.0,2,1
865a415c-fcb1-45db-93ce-c0032e03943b,bfe6f01b-84b9-4986-b7ea-e375c91d0d8c,bbb97d45-3810-4e2a-9068-f9a3778c3e1e,2025-03-13T02:42:00,0,0,0,0,1,1,1,1.0,2,2,314.0,2,3,0,1,0,3.0,2,1
a805deab-8c68-4abe-9320-d607853f27f7,46c4620d-f466-43aa-86c4-b6bea05d529d,bbb97d45-3810-4e2a-9068-f9a3778c3e1e,2025-03-13T02:43:00,1,1,1,1,1,1,1,0.8333,6,5,244.0,2,3,0,1,0,3.0,2,1
930ae818-faf3-4a4f-baed-cba32ffed9ea,2e3af94c-8ff5-4a35-ac8a-571d4fa070d4,bbb97d45-3810-4e2a-9068-f9a3778c3e1e,2025-03-13T02:46:00,1,0,0,0,1,1,1,0.7778,9,7,365.0,2,3,0,1,0,3.0,2,1
6f2cb0af-0d61-49ec-af33-d3ef70bcb164,0409fca8-45c7-403f-8d31-663c4c640e47,bbb97d45-3810-4e2a-9068-f9a3778c3e1e,2025-03-13T02:47:00,0,0,0,0,1,1,1,0.4,5,2,154.0,2,3,0,1,0,3.0,2,1
f524b986-dfc8-467e-a87f-f8a61a443ca1,1711dff0-5b73-4336-ae3e-5003955b231a,bbb97d45-3810-4e2a-9068-f9a3778c3e1e,2025-03-13T02:48:00,1,1,1,1,1,1,1,1.0,3,3,269.0,2,3,0,1,0,3.0,2,1
93ab3668-150c-40b9-857b-ffc74f8f40d6,4dedcbdc-081b-4f07-a1d8-a65cfe88d71e,cc01587f-d5d6-4a45-8a67-0717c3772ede,2025-03-13T02:49:00,1,0,0,0,1,0,1,0.8,5,4,150.0,2,3,0,1,0,4.0,3,0
30d4cb06-8b8b-4465-bd83-d441d9b64ee6,d6f6800e-5c63-432b-93d2-8d7c32142867,cc01587f-d5d6-4a45-8a67-0717c3772ede,2025-03-13T02:51:00,0,1,1,0,0,1,0,0.5,10,5,365.0,2,3,0,1,0,4.0,3,0
bad39896-b797-48b4-84a2-cf070567f223,ac4e88c1-0595-40f7-bf14-b77ad397e5dd,65206dcf-7194-4a8f-82c1-97268504ff53,2025-03-13T07:59:00,0,0,0,0,1,0,0,0.5,2,1,164.0,7,3,0,0,0,2.0,0,1
121c9a33-c48a-425c-8edd-db2aa72dc0a4,91080d43-a198-4089-b53a-109a95c5e635,65206dcf-7194-4a8f-82c1-97268504ff53,2025-03-13T08:05:00,1,1,1,0,1,1,1,0.75,4,3,218.0,8,3,0,0,0,2.0,0,1
39bc25b0-1c09-44dc-b168-36a65347aeae,e00b0ffc-7f24-4a41-8150-e710ef1d3730,65206dcf-7194-4a8f-82c1-97268504ff53,2025-03-13T08:07:00,0,0,0,0,1,1,1,0.75,4,3,352.0,8,3,0,0,0,2.0,0,1
ba6f6939-c146-4514-88b5-414fa5e2b10a,439e88c8-d95f-4954-bd8f-aec912f08cc1,65206dcf-7194-4a8f-82c1-97268504ff53,2025-03-13T08:07:00,1,0,0,0,0,1,1,0.5,2,1,142.0,8,3,0,0,0,2.0,0,1
aa9a9b10-c952-401f-ae81-c698366a29f0,8d54dd37-108d-4ec9-87e8-552d73629a00,65206dcf-7194-4a8f-82c1-97268504ff53,2025-03-13T08:08:00,0,0,0,0,1,1,0,0.75,4,3,363.0,8,3,0,0,0,2.0,0,1
591bed9a-d225-43ba-b8bb-d760115eb34d,2361c7a1-b851-4b64-97aa-0cf019d4b69d,1e48e546-9739-470b-915e-d3f598914905,2025-03-13T11:11:00,1,0,1,0,0,1,1,1.0,4,4,248.0,11,3,0,0,1,2.0,2,1
81a0afb5-493c-4ae6-a6f5-fb390e6c3047,6a9c2430-d23f-4e3a-9d23-36289b5ec791,1e48e546-9739-470b-915e-d3f598914905,2025-03-13T11:12:00,1,0,1,0,0,1,1,1.0,3,3,282.0,11,3,0,0,1,2.0,2,1
a46eaa1e-f251-4530-a143-a4a5e6cd4e79,cc255119-86e4-43ad-b1f0-6c24ac17d920,1e48e546-9739-470b-915e-d3f598914905,2025-03-13T11:12:00,1,1,1,0,1,1,1,0.8333,6,5,365.0,11,3,0,0,1,2.0,2,1
705b3431-1106-460e-8490-395c1233e9f9,80faa51d-a2ac-468a-a4b0-b1c148fd10fe,1e48e546-9739-470b-915e-d3f598914905,2025-03-13T11:17:00,1,0,0,0,1,1,1,0.5,6,3,173.0,11,3,0,0,1,2.0,2,1
7549bc6a-17c6-4b29-9e24-fe35a1121103,a88bf6b5-168a-42ee-bea7-b40defa21e24,1e48e546-9739-470b-915e-d3f598914905,2025-03-13T11:20:00,1,1,1,0,1,1,1,0.875,8,7,109.0,11,3,0,0,1,2.0,2,1
3415329d-c1f9-4187-9b2e-0c36f0b13daa,5053490e-deb6-4adb-911f-6fcef3832803,1e48e546-9739-470b-915e-d3f598914905,2025-03-13T11:24:00,1,1,1,0,1,1,1,0.0,1,0,224.0,11,3,0,0,1,2.0,2,1
94c84cc9-f99b-4943-947a-b02e832b2ce2,9a08a817-eaf1-4182-9eb1-290121129ead,351496cd-c932-4c67-9a64-7f9c634e21e5,2025-03-13T12:37:00,1,1,1,0,1,1,1,0.6667,3,2,365.0,12,3,0,0,1,3.0,2,1
e3bf5cd8-2e1f-4a6c-8053-265948cd81ab,bc7ffdff-d62a-437c-9957-5c8739b97d73,351496cd-c932-4c67-9a64-7f9c634e21e5,2025-03-13T12:41:00,1,1,1,0,1,1,1,0.625,8,5,103.0,12,3,0,0,1,3.0,2,1
444efec3-0514-447d-aea7-64a27f3b8197,4d73646f-823d-4c1b-9fe9-150b22e01890,351496cd-c932-4c67-9a64-7f9c634e21e5,2025-03-13T12:45:00,1,1,1,0,1,1,0,1.0,3,3,365.0,12,3,0,0,1,3.0,2,1
f627253b-e2d9-4671-bb1c-65a1fd1d89d6,01980ae7-4a49-4fe8-b3d2-6850ed621b41,351496cd-c932-4c67-9a64-7f9c634e21e5,2025-03-13T12:45:00,1,1,1,0,1,1,1,1.0,1,1,285.0,12,3,0,0,1,3.0,2,1
bf5c462e-593c-4459-837b-8ce1a2bd4e29,03dd11aa-3bce-44bb-af81-d893187d3f9b,d26759bd-507c-4e69-8d85-248924d59017,2025-03-13T13:41:00,1,0,1,0,1,1,1,0.5714,7,4,246.0,13,3,0,0,1,6.0,3,1
03468cf5-e335-4689-8729-c07e173be2f0,c3fb4684-c1e0-4da0-a54b-9e8f789026c2,d26759bd-507c-4e69-8d85-248924d59017,2025-03-13T13:45:00,1,0,0,0,1,1,1,1.0,1,1,486.0,13,3,0,0,1,6.0,3,1
2f4186a1-cff3-4c9a-8259-3d8130074379,6c926c1e-7975-4345-a762-128c25695f2b,d26759bd-507c-4e69-8d85-248924d59017,2025-03-13T13:45:00,1,0,0,0,1,1,1,0.0,1,0,257.0,13,3,0,0,1,6.0,3,1
a501d6a3-dee8-48eb-92ed-84d17485900e,d6b5ae43-d86a-4b5f-abd6-b4e06091ee44,d26759bd-507c-4e69-8d85-248924d59017,2025-03-13T13:45:00,0,0,1,0,1,1,1,0.8889,9,8,504.0,13,3,0,0,1,6.0,3,1
1f8459ba-9ccb-450b-af99-cd97e917653e,d239a4ec-9007-41bc-a9af-3ceae895f0c0,d0fe526c-be7f-40ad-ac71-cb7b4f8705c7,2025-03-13T15:32:00,1,0,0,0,1,1,1,0.5,4,2,111.0,15,3,0,0,1,3.0,1,1
43d90d2d-3a6b-434b-a64d-f07234a83e3c,6c841b96-0d6c-4d4f-a647-602aca520949,d0fe526c-be7f-40ad-ac71-cb7b4f8705c7,2025-03-13T15:33:00,0,0,0,0,1,0,1,0.6,5,3,320.0,15,3,0,0,1,3.0,1,1
4660655c-451a-4628-b2e9-1cc47b8311da,72d80153-ab97-4442-b132-ccdf469ad157,d0fe526c-be7f-40ad-ac71-cb7b4f8705c7,2025-03-13T15:34:00,1,1,1,0,0,1,1,0.6667,3,2,162.0,15,3,0,0,1,3.0,1,1
fe6950a7-650f-42a3-9309-daaa34647f13,67e602e6-39ad-4901-acb6-b01a84f70f34,d0fe526c-be7f-40ad-ac71-cb7b4f8705c7,2025-03-13T15:42:00,1,1,1,0,1,1,1,0.6,5,3,103.0,15,3,0,0,1,3.0,1,1
99050063-b590-41d6-bbbe-e0ae695bd245,533414cd-671e-4157-a291-db237359e3c8,84126bf8-f8d2-441a-887c-f4560b118dda,2025-03-13T16:28:00,0,0,0,0,1,1,1,0.0,0,0,234.0,16,3,0,0,1,2.0,1,1
316ef7b3-2562-4d27-b375-62c57bf17b25,c9e3038e-7436-4df3-9f2a-fc2746763273,84126bf8-f8d2-441a-887c-f4560b118dda,2025-03-13T16:31:00,1,0,0,0,0,1,1,0.0,3,0,232.0,16,3,0,0,1,2.0,1,1
02989b56-38d2-4a42-9398-782d8fab732c,1b195c08-15b1-40fe-af14-43f69a65bef9,84126bf8-f8d2-441a-887c-f4560b118dda,2025-03-13T16:33:00,1,1,1,0,1,1,1,1.0,1,1,177.0,16,3,0,0,1,2.0,1,1
3eb243a6-270c-457f-b305-cf27711f030b,76c87fab-4634-487d-a03f-d4c7ee94749e,84126bf8-f8d2-441a-887c-f4560b118dda,2025-03-13T16:35:00,1,0,0,0,1,0,1,0.5,4,2,148.0,16,3,0,0,1,2.0,1,1
70271afc-5641-45cb-b401-025344c40428,d0a96683-1429-46b7-a70f-c0a765bdce73,84126bf8-f8d2-441a-887c-f4560b118dda,2025-03-13T16:38:00,1,1,1,0,1,1,1,1.0,2,2,158.0,16,3,0,0,1,2.0,1,1
9ca86d20-656f-4e23-815a-805c9eb8a71f,2b53fe55-2a72-4432-a6b9-13c5a851be2a,84126bf8-f8d2-441a-887c-f4560b118dda,2025-03-13T16:39:00,1,0,0,0,1,1,1,0.8,5,4,152.0,16,3,0,0,1,2.0,1,1
5a2edad3-6e18-42fb-b862-9b05248509ff,c57abeef-b6d8-4cf7-ae50-3774b55c6768,896e8a46-1402-4684-8d65-8f65ff99d03f,2025-03-13T17:27:00,1,1,1,0,1,1,0,0.3333,3,1,149.0,17,3,0,0,1,6.0,2,1
4e58d396-d129-4875-ac48-977687bacf1a,36ab981c-07be-4841-8992-11118d375327,896e8a46-1402-4684-8d65-8f65ff99d03f,2025-03-13T17:30:00,1,0,0,0,1,1,1,0.75,4,3,138.0,17,3,0,0,1,6.0,2,1
d543a78f-1768-4c93-93ec-444d5dfe922c,4ac85ad1-81f9-4db3-a7c9-2bd4d3df0e31,896e8a46-1402-4684-8d65-8f65ff99d03f,2025-03-13T17:31:00,1,1,1,0,1,1,1,0.8571,7,6,152.0,17,3,0,0,1,6.0,2,1
e41fead0-2a22-46a9-ac2d-0b904820f910,bf160ba0-ac86-4d11-b5e7-904beff9cc2d,896e8a46-1402-4684-8d65-8f65ff99d03f,2025-03-13T17:38:00,1,0,1,0,1,1,1,0.8333,6,5,260.0,17,3,0,0,1,6.0,2,1
da50c8dd-a0bf-476c-a512-002608dcaf21,12fc0202-67a8-417a-a936-b348c6432014,661e79c6-dcf8-4b24-a661-d579aa9de715,2025-03-13T18:46:00,1,1,1,0,0,1,1,0.8571,7,6,365.0,18,3,0,0,0,2.0,3,1
a35bb770-412f-4afb-adbf-514f6f7871a6,a77bcc83-4a3d-492d-bcd8-592aba88fc9d,661e79c6-dcf8-4b24-a661-d579aa9de715,2025-03-13T18:56:00,0,0,0,0,1,0,1,0.5714,7,4,114.0,18,3,0,0,0,2.0,3,1
21b74292-a2f9-4a72-8f10-6dfa4c69440b,6ba5036b-8e59-4341-9bc3-f959ef8d8360,932fbb57-7b11-4d14-acba-17f4909533b3,2025-03-13T20:36:00,1,0,0,0,1,1,1,1.0,3,3,365.0,20,3,0,0,0,6.0,1,0
97ee2f58-b7f2-406e-9c02-faf20e05550b,ef2b35e1-aedc-4a84-a9b0-5f90c4eca927,932fbb57-7b11-4d14-acba-17f4909533b3,2025-03-13T20:36:00,0,0,0,0,1,1,0,0.2,5,1,365.0,20,3,0,0,0,6.0,1,0
5e4a10da-3c65-4d92-8538-574539e1a494,0f0a17e5-ee39-4b55-89bf-da47d9347eab,932fbb57-7b11-4d14-acba-17f4909533b3,2025-03-13T20:37:00,0,0,0,0,1,1,0,0.5714,7,4,118.0,20,3,0,0,0,6.0,1,0
8755fe85-bb6d-4003-a10c-611fb59a5952,d0541b7a-d91a-4f60-a3c9-55e8ae5577b7,932fbb57-7b11-4d14-acba-17f4909533b3,2025-03-13T20:39:00,1,0,1,0,1,1,1,1.0,5,5,236.0,20,3,0,0,0,6.0,1,0
5878fa5a-d3c0-4274-8ff3-9a9e3c4b4992,2f38acd6-86c3-4ffd-b869-1117ac2e0be7,932fbb57-7b11-4d14-acba-17f4909533b3,2025-03-13T20:43:00,0,0,0,0,1,1,0,0.0,3,0,365.0,20,3,0,0,0,6.0,1,0
9c46bc98-58ad-4eb8-aa99-c7ff339bf3a9,caedcc90-6c34-4e03-8f0b-b86ff3cda6a7,a4948f9a-34dc-4cb8-9ed1-6d46fa1525d5,2025-03-14T05:01:00,1,0,1,0,1,1,1,1.0,4,4,232.0,5,4,0,1,0,6.0,0,1
df70f630-70d8-4ba7-8d12-8325d96b6103,eca2c7b8-3bf7-4912-8e53-7666a464dbfc,a4948f9a-34dc-4cb8-9ed1-6d46fa1525d5,2025-03-14T05:09:00,1,1,1,0,1,1,1,1.0,3,3,216.0,5,4,0,1,0,6.0,0,1
b0f45303-b032-48c1-aa0d-db3ca74aceac,846be435-a2e1-4850-bad5-07de99099078,2c7f0664-6581-40e6-a0db-88dcefdcc208,2025-03-14T06:34:00,1,0,1,0,1,1,1,1.0,7,7,134.0,6,4,0,0,0,6.0,1,0
2728da07-0b77-4d33-b2ea-6d19f0429292,ad71dc4d-d139-444d-a8ee-c755441c0f54,2c7f0664-6581-40e6-a0db-88dcefdcc208,2025-03-14T06:37:00,1,0,1,0,1,1,1,0.6667,3,2,365.0,6,4,0,0,0,6.0,1,0
b6d96e93-eafd-4bb8-8747-915ab280b9c8,90f0edf1-053b-433f-b7d0-041be1e882d4,2c7f0664-6581-40e6-a0db-88dcefdcc208,2025-03-14T06:37:00,0,0,0,0,1,1,0,0.4,5,2,262.0,6,4,0,0,0,6.0,1,0
267f723c-2b02-4a8c-b7f3-6da8da2e4ec1,0c006a63-150c-4896-a935-e4015ce402d4,2c7f0664-6581-40e6-a0db-88dcefdcc208,2025-03-14T06:46:00,0,0,1,0,1,1,1,1.0,2,2,152.0,6,4,0,0,0,6.0,1,0
9f59a5ef-bd9c-49eb-8002-b612eb1969ee,0239e706-289d-4498-9947-7818e4011dc0,30f11e59-25e4-4f0e-94bf-2629dc20a1dc,2025-03-14T07:33:00,0,0,0,0,1,0,1,0.25,4,1,144.0,7,4,0,0,0,1.0,0,0
e5db2874-861c-4801-aafe-9c5eb0ff5114,d346ac11-9b08-4a8a-b887-845a17ae7266,30f11e59-25e4-4f0e-94bf-2629dc20a1dc,2025-03-14T07:36:00,1,1,1,0,1,1,1,1.0,5,5,595.0,7,4,0,0,0,1.0,0,0
2b48acf9-9cce-48d5-8286-09cebe62fc1b,8149a5a0-b1e9-4bb0-a980-b7f5bdcb02a4,44c6d075-e4eb-4e11-9365-b991ea055237,2025-03-14T08:34:00,1,0,0,0,1,1,1,0.8333,6,5,117.0,8,4,0,0,0,6.0,1,1
c93ff2b9-17ec-4591-9378-a46de1327f57,aa88c4dd-4d72-4fc4-81fb-864525abed74,44c6d075-e4eb-4e11-9365-b991ea055237,2025-03-14T08:35:00,0,0,1,1,1,1,1,0.3333,3,1,158.0,8,4,0,0,0,6.0,1,1
b4ce25f8-c4c1-48b5-89a4-246fcb796383,7df3d0f3-a755-40a4-a102-6e1158275be1,44c6d075-e4eb-4e11-9365-b991ea055237,2025-03-14T08:36:00,0,0,0,0,1,0,1,0.3333,6,2,125.0,8,4,0,0,0,6.0,1,1
e5eadf39-6476-4c6d-80eb-37a1e5ffb7cc,46c4620d-f466-43aa-86c4-b6bea05d529d,44c6d075-e4eb-4e11-9365-b991ea055237,2025-03-14T08:42:00,1,0,1,1,1,1,1,0.8571,7,6,245.0,8,4,0,0,0,6.0,1,1
c98648fc-4305-4b27-86d6-d4f1c90ad8c7,0cdb3e6f-399c-4e51-9eb2-0a3eed101f33,44c6d075-e4eb-4e11-9365-b991ea055237,2025-03-14T08:44:00,1,1,1,0,1,0,1,1.0,2,2,185.0,8,4,0,0,0,6.0,1,1
784642e0-846c-450a-a859-be82a747cd7c,20973b43-2cf6-456f-b7bc-c097d6343c32,fa6180c8-e9f2-4b8d-931a-c2788f95c007,2025-03-14T09:42:00,1,0,0,0,1,1,0,0.2857,7,2,365.0,9,4,0,0,1,4.0,1,1
7858c367-be1b-421d-9fd1-c70bbef6780e,887c04b7-3558-4cd6-b634-cf5a4cd93877,fa6180c8-e9f2-4b8d-931a-c2788f95c007,2025-03-14T09:42:00,1,0,0,0,1,1,1,1.0,5,5,365.0,9,4,0,0,1,4.0,1,1
d13df013-a1bf-4753-acc1-c9e3f76bd4cf,d86275ba-b1a0-4e6e-a363-d11e975f6df6,fa6180c8-e9f2-4b8d-931a-c2788f95c007,2025-03-14T09:43:00,0,0,0,0,1,1,1,0.7143,7,5,219.0,9,4,0,0,1,4.0,1,1
a6cf824d-ae43-4508-b6e4-91c8147ccdd0,5af7e665-37a6-4d00-a895-44a3a239f4cf,fa6180c8-e9f2-4b8d-931a-c2788f95c007,2025-03-14T09:46:00,1,1,1,1,1,1,1,1.0,5,5,135.0,9,4,0,0,1,4.0,1,1
1e90f212-e7dd-4816-bf16-82a4b8bc2928,a5412686-ad1b-4800-b166-5b72f3faa02d,fa6180c8-e9f2-4b8d-931a-c2788f95c007,2025-03-14T09:49:00,1,0,0,0,1,1,1,1.0,5,5,117.0,9,4,0,0,1,4.0,1,1
ed5c570d-2d1e-4e4b-b260-36115364bde7,5805c9e4-e8a0-4c33-9ca3-70004d94c948,8020ee8c-b55e-4bd9-8820-2565feb4d6ae,2025-03-14T09:51:00,1,1,1,0,1,1,1,1.0,3,3,289.0,9,4,0,0,1,6.0,0,1
8884fba2-26be-424c-935f-1a2bca1a1b46,6808b218-ad45-4d5a-8374-ac96bd2f9e51,8020ee8c-b55e-4bd9-8820-2565feb4d6ae,2025-03-14T09:52:00,0,0,0,0,1,1,1,0.875,8,7,365.0,9,4,0,0,1,6.0,0,1
08293aca-de1c-47e1-82a1-66e98f68e604,5849a59e-7a49-4c31-a079-4e89867a7e98,8020ee8c-b55e-4bd9-8820-2565feb4d6ae,2025-03-14T09:54:00,1,1,1,0,1,1,1,1.0,1,1,281.0,9,4,0,0,1,6.0,0,1
2a0f3b11-3849-4776-98a1-2e2c9ed8e3f8,80faa51d-a2ac-468a-a4b0-b1c148fd10fe,8020ee8c-b55e-4bd9-8820-2565feb4d6ae,2025-03-14T09:54:00,1,0,0,0,1,1,1,0.5714,7,4,174.0,9,4,0,0,1,6.0,0,1
e77d6d4e-a005-44ee-8308-fd0a209d2753,8a40fb38-7cf4-468d-954f-bebd5270f111,8020ee8c-b55e-4bd9-8820-2565feb4d6ae,2025-03-14T09:57:00,1,1,1,0,0,1,1,1.0,3,3,218.0,9,4,0,0,1,6.0,0,1
6ad029fb-1e83-40ba-9180-1f5530603e47,430aca8d-ebe3-48e3-8d2f-e1975ad23d8d,8020ee8c-b55e-4bd9-8820-2565feb4d6ae,2025-03-14T09:59:00,1,1,1,0,0,1,1,1.0,2,2,365.0,9,4,0,0,1,6.0,0,1
aa452d26-b8a2-4625-8f17-88e47c698fa9,075750fe-b6ad-4c6a-a4e3-91e723ad0bdf,3b682cb0-d6b8-47bc-801b-b05bb62d9f49,2025-03-14T10:07:00,1,0,0,0,1,1,1,1.0,6,6,140.0,10,4,0,0,1,1.0,0,1
2f245ee9-ff43-461c-9562-12ad2e76249b,ffd6e179-bce4-414a-9aef-db47a3caea86,3b682cb0-d6b8-47bc-801b-b05bb62d9f49,2025-03-14T10:17:00,1,0,0,0,1,0,1,0.6667,6,4,481.0,10,4,0,0,1,1.0,0,1
681d2f13-c9c1-4126-aec2-e4d79038ffc0,ba0652ab-674d-480e-b23d-7fb7301f9218,84be1729-013e-4061-9788-169075cb274c,2025-03-14T13:12:00,1,0,1,0,1,1,1,0.75,4,3,122.0,13,4,0,0,1,2.0,1,0
2e834552-7deb-48bd-8f58-63e5a913ec02,3e5bcb3e-d421-4d2e-b8ee-6482c43242d7,84be1729-013e-4061-9788-169075cb274c,2025-03-14T13:17:00,0,0,1,0,1,1,0,1.0,2,2,133.0,13,4,0,0,1,2.0,1,0
c39f840c-0392-4bcd-b351-91f9b27e258d,2c4d68b2-c9d6-4244-9ac3-ce7b208c9147,84be1729-013e-4061-9788-169075cb274c,2025-03-14T13:17:00,1,1,1,0,1,1,1,1.0,4,4,123.0,13,4,0,0,1,2.0,1,0
e82932e5-8293-4c51-80c4-5e62a4290a66,2c1091c3-2c2e-4305-8524-f2651ddbea75,84be1729-013e-4061-9788-169075cb274c,2025-03-14T13:18:00,1,1,1,0,1,1,1,0.6667,3,2,690.0,13,4,0,0,1,2.0,1,0
de058b3f-9f11-405a-8d79-cc66f25270b7,4ca593a6-6883-4ff4-b14b-a47593e71ecc,84be1729-013e-4061-9788-169075cb274c,2025-03-14T13:21:00,1,1,1,0,1,1,1,0.7143,7,5,173.0,13,4,0,0,1,2.0,1,0
20665367-ecdc-494d-9b5b-26fdc8c806c8,d86275ba-b1a0-4e6e-a363-d11e975f6df6,84be1729-013e-4061-9788-169075cb274c,2025-03-14T13:22:00,1,0,0,0,1,1,1,0.625,8,5,219.0,13,4,0,0,1,2.0,1,0
62dc5276-4a97-46ac-adf7-a76d10df41c3,6ea9a5eb-fa10-4a3a-b0ff-8ec7b4d27eff,f3a832c0-539b-4777-82da-6306a6542260,2025-03-14T17:13:00,1,0,0,0,1,1,1,0.6667,3,2,365.0,17,4,0,0,1,6.0,2,1
2c3f15cb-717f-42a9-b1ee-c4270b7c81ba,a2c7df0e-ef10-4dcc-aaed-b693b2b5db03,f3a832c0-539b-4777-82da-6306a6542260,2025-03-14T17:18:00,1,1,1,0,0,0,1,0.5,4,2,141.0,17,4,0,0,1,6.0,2,1
1d05f773-6f80-427d-ad34-967f32f87ec3,4b0c223e-3977-4c3a-96bc-a4febeb624c3,f3a832c0-539b-4777-82da-6306a6542260,2025-03-14T17:23:00,1,0,0,0,1,1,1,1.0,3,3,116.0,17,4,0,0,1,6.0,2,1
4ea8fd17-18fc-46ee-86d3-f8add9679acd,c9dc82a9-929e-4f50-b5b7-c81e47b0668c,f3a832c0-539b-4777-82da-6306a6542260,2025-03-14T17:25:00,1,0,0,0,1,1,0,0.5,2,1,140.0,17,4,0,0,1,6.0,2,1
8887d85b-4578-41a1-ae19-3e971f0c4255,e10f8499-9444-4031-828d-33425d7476a6,5f784b66-e278-4e03-a809-a1de7d60a3bd,2025-03-14T18:46:00,1,0,0,0,1,0,1,0.625,8,5,365.0,18,4,0,0,0,3.0,1,0
e0e8c96d-f8ff-47b8-af1f-3e9a68bae809,bf160ba0-ac86-4d11-b5e7-904beff9cc2d,5f784b66-e278-4e03-a809-a1de7d60a3bd,2025-03-14T18:47:00,1,1,1,0,1,1,1,0.8571,7,6,261.0,18,4,0,0,0,3.0,1,0
7e411f6f-e0dd-4be5-b79c-815d6c0029f0,972c2711-206c-49a4-b763-2a7319f31c08,5f784b66-e278-4e03-a809-a1de7d60a3bd,2025-03-14T18:50:00,1,0,0,0,1,1,1,1.0,4,4,365.0,18,4,0,0,0,3.0,1,0
b3b23595-c362-4c14-afbc-62635d838df2,979e4feb-883b-4b84-a316-add5625c20c0,5f784b66-e278-4e03-a809-a1de7d60a3bd,2025-03-14T18:50:00,1,1,1,0,1,1,1,1.0,5,5,111.0,18,4,0,0,0,3.0,1,0
03505748-d253-4fed-af33-79fd1a031261,2b53fe55-2a72-4432-a6b9-13c5a851be2a,5f784b66-e278-4e03-a809-a1de7d60a3bd,2025-03-14T18:51:00,1,0,0,0,1,1,1,0.8333,6,5,153.0,18,4,0,0,0,3.0,1,0
62001534-ac94-4f22-83cb-df88e1101ec2,cc255119-86e4-43ad-b1f0-6c24ac17d920,5f784b66-e278-4e03-a809-a1de7d60a3bd,2025-03-14T18:52:00,1,0,0,0,1,1,1,0.8571,7,6,365.0,18,4,0,0,0,3.0,1,0
dce5aa40-b130-4c46-b26f-437b30bfbb6a,2b53fe55-2a72-4432-a6b9-13c5a851be2a,97df9f31-ac8d-4217-a9fe-8bc25bdf0a5b,2025-03-14T21:37:00,1,0,0,0,1,1,1,0.8571,7,6,153.0,21,4,0,0,0,6.0,0,0
bbc22ee0-4a4b-4dda-afad-777cafb33fcb,0b51ced4-84e3-45ad-a67a-de86af260d64,97df9f31-ac8d-4217-a9fe-8bc25bdf0a5b,2025-03-14T21:40:00,1,0,1,0,1,1,1,0.8333,6,5,378.0,21,4,0,0,0,6.0,0,0
39a0bb22-5462-4627-8377-9cbf3d35ff61,34dc13fa-a9a1-4b88-8692-d63511225a68,97df9f31-ac8d-4217-a9fe-8bc25bdf0a5b,2025-03-14T21:41:00,1,0,1,0,1,1,1,1.0,7,7,317.0,21,4,0,0,0,6.0,0,0
d24a4ba3-9650-4eb4-b02a-4cfae2792658,86982baf-89fb-453b-bd13-a6cfe928ea51,4edea2aa-bb22-42d9-82c1-c25ddd3e8be4,2025-03-15T03:10:00,1,1,1,0,1,1,1,1.0,4,4,335.0,3,5,1,1,0,6.0,2,0
3d55c79b-f3d4-4b87-a247-784bbf275b02,feca2cc5-9c28-40c7-8543-ca69b34076e3,4edea2aa-bb22-42d9-82c1-c25ddd3e8be4,2025-03-15T03:11:00,0,0,0,0,1,0,1,0.8,5,4,365.0,3,5,1,1,0,6.0,2,0
ab728c94-9d4a-4100-bf91-ef146fa5b0ce,3e6e3033-9a9c-4988-9e45-362e43ee98e6,4edea2aa-bb22-42d9-82c1-c25ddd3e8be4,2025-03-15T03:19:00,1,0,1,1,1,1,1,0.7143,7,5,670.0,3,5,1,1,0,6.0,2,0
42d4bdcf-f54b-4836-87f1-b7efe9826575,2e3af94c-8ff5-4a35-ac8a-571d4fa070d4,4edea2aa-bb22-42d9-82c1-c25ddd3e8be4,2025-03-15T03:20:00,0,0,0,0,1,1,1,0.8,10,8,365.0,3,5,1,1,0,6.0,2,0
2934ad93-4530-4d02-99e5-f9d0c9b580cd,96b33493-7f4b-4752-a880-e07a1deccfc8,4edea2aa-bb22-42d9-82c1-c25ddd3e8be4,2025-03-15T03:22:00,1,0,0,0,1,1,0,0.75,4,3,132.0,3,5,1,1,0,6.0,2,0
27174120-029d-4098-b808-6d595f9c0f9f,facc5b5b-c0fa-45e8-8b9d-e13559d60097,4edea2aa-bb22-42d9-82c1-c25ddd3e8be4,2025-03-15T03:23:00,0,0,0,0,1,1,1,0.5,4,2,374.0,3,5,1,1,0,6.0,2,0
dd8a8dce-929b-4349-8daf-e0b5d552fade,12cb054b-3ad8-409d-879c-911bba186c06,18eed34c-1804-440f-a8e3-405f9df1cb52,2025-03-15T04:22:00,1,0,0,0,1,1,1,1.0,2,2,106.0,4,5,1,1,0,4.0,3,0
580b9d1b-f4d2-4023-9d98-81a35c9b8a72,9a08a817-eaf1-4182-9eb1-290121129ead,18eed34c-1804-440f-a8e3-405f9df1cb52,2025-03-15T04:25:00,1,0,1,0,1,1,1,0.75,4,3,365.0,4,5,1,1,0,4.0,3,0
2cf45534-fdcc-4738-a963-95f3eaac762f,2c3259d5-3a5a-4a64-be43-cedbc92ce0dc,18eed34c-1804-440f-a8e3-405f9df1cb52,2025-03-15T04:28:00,0,0,1,0,0,0,1,0.3333,3,1,292.0,4,5,1,1,0,4.0,3,0
454be2c4-7e23-4810-90bc-83f7d728237d,bbaea4a2-227b-4e8f-9f8b-61615adfff9f,18eed34c-1804-440f-a8e3-405f9df1cb52,2025-03-15T04:29:00,1,0,1,0,1,1,1,1.0,4,4,146.0,4,5,1,1,0,4.0,3,0
ee590185-6773-49c4-8678-444d571ee03a,c57abeef-b6d8-4cf7-ae50-3774b55c6768,18eed34c-1804-440f-a8e3-405f9df1cb52,2025-03-15T04:30:00,1,1,1,0,1,1,0,0.5,4,2,151.0,4,5,1,1,0,4.0,3,0
2ad78004-7bb8-4741-a098-b9100e5c1ad3,2d57212f-e718-4f41-a96c-e064f42d3047,c441cb30-0632-4415-a039-e4a7123b6cad,2025-03-15T08:54:00,1,0,0,0,1,1,1,1.0,1,1,155.0,8,5,1,0,0,2.0,1,0
9e7e1046-3998-42d4-a04b-9e0941741a62,4b933cd5-19a8-4e2e-8322-78978d1bb4b2,c441cb30-0632-4415-a039-e4a7123b6cad,2025-03-15T08:58:00,1,0,1,0,1,0,1,0.8,5,4,365.0,8,5,1,0,0,2.0,1,0
fafed95e-b23f-4526-9200-9c6637151345,3e9272f3-ed0f-4e1e-9e75-ffeefc9ff8be,c441cb30-0632-4415-a039-e4a7123b6cad,2025-03-15T08:59:00,1,1,1,0,1,1,0,1.0,3,3,340.0,8,5,1,0,0,2.0,1,0
46e41663-3277-46fe-a288-ed982648faa6,6a684832-6713-46ad-8845-56c424779c27,c441cb30-0632-4415-a039-e4a7123b6cad,2025-03-15T09:01:00,1,0,1,0,1,1,1,0.6667,3,2,132.0,9,5,1,0,0,2.0,1,0
174714ca-d22d-4480-84b2-8a1ecdae67e7,72d80153-ab97-4442-b132-ccdf469ad157,c441cb30-0632-4415-a039-e4a7123b6cad,2025-03-15T09:05:00,0,0,1,0,0,1,1,0.75,4,3,164.0,9,5,1,0,0,2.0,1,0
2510693e-9250-47cd-8dbd-40b5297bb94e,030d9e23-9b13-43d8-8711-c5c4d8470363,417de754-4a82-4ad9-ade3-4dace1af612a,2025-03-15T11:13:00,1,0,1,0,1,1,1,0.8333,6,5,176.0,11,5,1,0,0,6.0,2,1
4d6d6c51-56ad-4418-90aa-ab706991df1b,b649daf0-45a0-4879-bceb-08f29bf19ce2,417de754-4a82-4ad9-ade3-4dace1af612a,2025-03-15T11:14:00,1,0,1,0,1,1,1,1.0,5,5,273.0,11,5,1,0,0,6.0,2,1
e6358c6b-fb6e-4cf5-92eb-b39a9046d51e,2ca5443d-9c69-4b59-a783-d0c9ad1c7da7,890bdfb9-e4aa-41e8-9512-6af7e7d4607c,2025-03-15T12:13:00,1,0,1,0,1,1,1,0.75,4,3,103.0,12,5,1,0,0,2.0,3,1
cd2154c7-c416-40e8-b2cd-3b4cfcd2e256,0db56994-7b77-4dee-bd9c-894ba39fcd46,890bdfb9-e4aa-41e8-9512-6af7e7d4607c,2025-03-15T12:15:00,1,0,1,0,1,1,0,0.8,5,4,164.0,12,5,1,0,0,2.0,3,1
8d5cab4a-de45-458c-bf6a-934eaf01b991,12cb054b-3ad8-409d-879c-911bba186c06,890bdfb9-e4aa-41e8-9512-6af7e7d4607c,2025-03-15T12:18:00,1,1,1,0,1,1,1,1.0,3,3,106.0,12,5,1,0,0,2.0,3,1
d1f2b9b9-f5a4-4b39-b0fe-e0cf38e6bc78,abdc90fb-c824-469f-8f0e-8dd72f8f977f,890bdfb9-e4aa-41e8-9512-6af7e7d4607c,2025-03-15T12:20:00,1,0,1,0,0,1,1,0.7778,9,7,402.0,12,5,1,0,0,2.0,3,1
96651691-19fe-449c-b061-21029a48c18c,3e5bcb3e-d421-4d2e-b8ee-6482c43242d7,44953ec7-156d-449f-97c3-f7bd9109c4c4,2025-03-15T14:06:00,1,0,1,0,1,1,0,0.6667,3,2,134.0,14,5,1,0,0,2.0,1,1
e9f2e683-54a0-461e-b7f4-9765194645ec,8f0171fa-2b4f-4a99-912e-358eb8726b6c,44953ec7-156d-449f-97c3-f7bd9109c4c4,2025-03-15T14:07:00,0,0,0,0,1,1,1,0.0,0,0,187.0,14,5,1,0,0,2.0,1,1
2ffac701-1482-42b5-a88c-d8d1352a1d97,0ad41086-120a-480a-a25e-68be9c95144c,44953ec7-156d-449f-97c3-f7bd9109c4c4,2025-03-15T14:14:00,1,0,0,0,1,1,1,1.0,5,5,365.0,14,5,1,0,0,2.0,1,1
5989f431-712e-4f4b-b290-9e5745a77878,ae85aaf6-cc9f-4c74-a816-5214f35ad158,44953ec7-156d-449f-97c3-f7bd9109c4c4,2025-03-15T14:14:00,1,1,1,0,1,1,1,1.0,2,2,106.0,14,5,1,0,0,2.0,1,1
d574d2c7-0782-4e50-8ff7-52375f96bb5a,5849a59e-7a49-4c31-a079-4e89867a7e98,44953ec7-156d-449f-97c3-f7bd9109c4c4,2025-03-15T14:14:00,1,0,1,0,1,1,1,1.0,2,2,282.0,14,5,1,0,0,2.0,1,1
255b069a-ae40-4c77-a1f1-b44b3fdf6723,1dc62eea-d501-4cc2-8b28-21af417cd2bd,44953ec7-156d-449f-97c3-f7bd9109c4c4,2025-03-15T14:18:00,1,1,1,0,1,1,0,1.0,3,3,185.0,14,5,1,0,0,2.0,1,1
be51caea-be26-4b9d-848d-76bc930c6f46,4cad0555-38c1-454b-8686-939facccb986,3c7c5453-de8a-47dc-b809-5e42a41dde30,2025-03-15T17:50:00,1,0,1,0,1,1,1,1.0,4,4,290.0,17,5,1,0,0,1.0,3,1
b23cad11-a6c2-49e7-b9f2-973f267e2597,ad32e776-9492-4189-a4eb-d73ed256a7ea,3c7c5453-de8a-47dc-b809-5e42a41dde30,2025-03-15T17:55:00,1,0,1,0,1,1,1,0.8333,6,5,113.0,17,5,1,0,0,1.0,3,1
e30ba5af-a51a-495e-861f-6e95a66d0d00,972c2711-206c-49a4-b763-2a7319f31c08,3c7c5453-de8a-47dc-b809-5e42a41dde30,2025-03-15T17:55:00,1,1,1,0,1,1,1,1.0,5,5,365.0,17,5,1,0,0,1.0,3,1
f7a98ecd-1cf1-4790-a080-41e431e8cce0,5849a59e-7a49-4c31-a079-4e89867a7e98,3c7c5453-de8a-47dc-b809-5e42a41dde30,2025-03-15T17:56:00,1,0,1,0,1,1,1,1.0,3,3,282.0,17,5,1,0,0,1.0,3,1
e03c4eea-51e2-40a9-afa6-9fc08cc6c123,5d834b3d-0d58-4d16-bdc4-32869531ea10,3c7c5453-de8a-47dc-b809-5e42a41dde30,2025-03-15T17:59:00,1,0,0,0,1,1,1,1.0,3,3,119.0,17,5,1,0,0,1.0,3,1
1fdb4c2a-115a-4299-9509-972d9ec82619,19cad05e-ae8b-4d86-b026-69fbb73b2e76,3c7c5453-de8a-47dc-b809-5e42a41dde30,2025-03-15T18:02:00,1,1,1,0,1,1,1,0.8,5,4,239.0,18,5,1,0,0,1.0,3,1
908f3fe4-77cc-4fca-8595-eb2c37cb6030,8a40fb38-7cf4-468d-954f-bebd5270f111,6348bf39-02a2-472f-b394-e8755c78e7d4,2025-03-16T10:04:00,1,0,1,0,0,1,1,1.0,4,4,220.0,10,6,1,0,0,1.0,2,0
3a6b2755-a9eb-4ca4-afa2-d1abd431b3e8,e00b0ffc-7f24-4a41-8150-e710ef1d3730,6348bf39-02a2-472f-b394-e8755c78e7d4,2025-03-16T10:10:00,1,0,0,0,1,1,1,0.6,5,3,355.0,10,6,1,0,0,1.0,2,0
9686c1c9-1da1-4dfd-b399-42827fee91a8,7f3eb456-b77d-4612-a975-16e81b7af215,6348bf39-02a2-472f-b394-e8755c78e7d4,2025-03-16T10:10:00,1,1,1,0,1,1,0,0.3333,3,1,365.0,10,6,1,0,0,1.0,2,0
ca6da54f-38de-42fa-8292-4273ae5a964e,a2c7df0e-ef10-4dcc-aaed-b693b2b5db03,ad1b8b12-1d15-4462-a7da-217b73d7f9c8,2025-03-16T13:59:00,1,0,0,0,0,0,1,0.6,5,3,143.0,13,6,1,0,0,2.0,2,0
d308429e-035e-4285-8b4f-70b68e42f33e,12fc0202-67a8-417a-a936-b348c6432014,ad1b8b12-1d15-4462-a7da-217b73d7f9c8,2025-03-16T14:02:00,0,0,0,0,0,1,1,0.875,8,7,365.0,14,6,1,0,0,2.0,2,0
76db3d8b-8dc5-4ac5-99b2-f3b01f1bba61,b28c5ded-195b-4262-9bb7-b808a353150d,ad1b8b12-1d15-4462-a7da-217b73d7f9c8,2025-03-16T14:07:00,1,0,0,0,1,1,1,0.6667,3,2,159.0,14,6,1,0,0,2.0,2,0
2dbc65fb-70f7-4e58-8650-914d7f71f6a8,d00a6ed9-0c78-4d11-8599-3f98cf750bc5,ad1b8b12-1d15-4462-a7da-217b73d7f9c8,2025-03-16T14:08:00,1,0,0,0,1,1,1,0.75,4,3,369.0,14,6,1,0,0,2.0,2,0
3db440cd-a575-4550-819a-5c7fe587b8e6,ca5ce99f-cf40-4ef6-9c3d-4a4177383ff2,a72e14a7-9f43-4433-9058-76445e25d967,2025-03-16T17:33:00,1,0,1,0,1,0,1,0.75,4,3,365.0,17,6,1,0,0,2.0,1,1
b5e4bd90-f25d-4a52-8f02-b82caec895c8,78b96bf4-a937-44e7-9a3a-544dd63de549,a72e14a7-9f43-4433-9058-76445e25d967,2025-03-16T17:34:00,0,0,0,0,1,1,0,0.0,3,0,217.0,17,6,1,0,0,2.0,1,1
0d5ca244-43f7-4cb9-b5d9-6657b516bfd0,ca2995db-95cb-4226-8f04-6f57902f8cf4,a72e14a7-9f43-4433-9058-76445e25d967,2025-03-16T17:37:00,1,0,1,0,1,0,1,0.7143,7,5,365.0,17,6,1,0,0,2.0,1,1
11b08f7c-c2c1-4be4-a8b9-afd8fa683ce2,c9dc82a9-929e-4f50-b5b7-c81e47b0668c,a72e14a7-9f43-4433-9058-76445e25d967,2025-03-16T17:41:00,0,0,0,0,1,1,0,0.6667,3,2,142.0,17,6,1,0,0,2.0,1,1
86ed8b34-f869-47c1-b459-c444c8c29da5,bb55dc49-18c5-486f-aa1d-2aa9a6fac646,59c92f50-abea-4370-bffe-34e1338d97e0,2025-03-16T18:58:00,1,1,1,0,1,1,1,0.6667,3,2,150.0,18,6,1,0,0,2.0,0,1
2a638b19-0c00-416f-aed8-9fbf507a447a,030d9e23-9b13-43d8-8711-c5c4d8470363,59c92f50-abea-4370-bffe-34e1338d97e0,2025-03-16T19:02:00,1,0,0,0,1,1,1,0.8571,7,6,177.0,19,6,1,0,0,2.0,0,1
e1325cbf-1366-4cbe-99ad-29deda56b681,27f63174-92e0-4ec5-a8d6-df307aa20f3b,59c92f50-abea-4370-bffe-34e1338d97e0,2025-03-16T19:10:00,1,1,1,0,1,1,1,0.7778,9,7,365.0,19,6,1,0,0,2.0,0,1
2a7baa41-e19e-42a2-a87d-38a1d7ed14f5,bdc0370d-62f2-4b37-aaa3-b2871252b644,7b0acff8-932f-45a1-aad8-8f27d6f7a506,2025-03-16T22:09:00,1,0,1,0,1,1,1,1.0,3,3,365.0,22,6,1,1,0,2.0,2,1
6ec52af2-9860-49e1-aeb2-1a385a15f93b,4076050c-ef30-4ae6-9a40-cdcec3cb6dd8,7b0acff8-932f-45a1-aad8-8f27d6f7a506,2025-03-16T22:10:00,1,1,1,0,0,1,1,1.0,5,5,440.0,22,6,1,1,0,2.0,2,1
163967c6-4c9b-4149-aa43-8bba91c0ace2,103eb3c6-8619-4c37-b55b-6a3438e71b7a,7b0acff8-932f-45a1-aad8-8f27d6f7a506,2025-03-16T22:11:00,0,0,0,0,0,1,0,0.2,5,1,115.0,22,6,1,1,0,2.0,2,1
e207cf15-a98e-4473-85ba-c44db061d63d,29863a10-f78d-4e41-9aa9-3e446b4fe73f,7b0acff8-932f-45a1-aad8-8f27d6f7a506,2025-03-16T22:14:00,1,1,1,0,1,1,0,0.75,4,3,129.0,22,6,1,1,0,2.0,2,1
7c2a0c6c-9158-4f10-8daa-99596f10a970,f7f1655c-f8c2-4296-91c4-9f8f570ad765,7b0acff8-932f-45a1-aad8-8f27d6f7a506,2025-03-16T22:18:00,1,1,1,0,1,1,1,0.8889,9,8,109.0,22,6,1,1,0,2.0,2,1
035d3ef0-12bf-4a81-ac87-eb9faa570d65,5849a59e-7a49-4c31-a079-4e89867a7e98,e296f435-6733-4a01-ab65-a6d40d4c3262,2025-03-17T02:03:00,1,0,1,0,1,1,1,1.0,4,4,284.0,2,0,0,1,0,3.0,2,1
755f726e-b2f7-49f0-8966-a91bccffca03,3d9f3b15-c774-4537-9706-6a9c0ce3bcd0,e296f435-6733-4a01-ab65-a6d40d4c3262,2025-03-17T02:04:00,1,0,0,0,1,1,0,0.8,5,4,143.0,2,0,0,1,0,3.0,2,1
d1fd863b-7ea8-46a1-99a1-00bc3678a067,b0102217-6663-410d-8e4b-e802cddf4baa,e296f435-6733-4a01-ab65-a6d40d4c3262,2025-03-17T02:10:00,0,0,0,0,1,1,1,0.8333,6,5,132.0,2,0,0,1,0,3.0,2,1
df26c0a5-78e9-48b2-bd34-cf28daae61d8,254d3521-ee04-45e3-b379-b02a667ace0c,b0a29013-9cfe-46ad-b319-2c8155b7e42d,2025-03-17T03:13:00,1,0,0,0,1,1,1,1.0,2,2,365.0,3,0,0,1,0,1.0,2,1
49e0e482-6a2e-483f-9805-0fbce9177c5a,614d0845-b187-40ca-a14f-5c975fccd81c,b0a29013-9cfe-46ad-b319-2c8155b7e42d,2025-03-17T03:14:00,1,0,1,1,1,0,1,1.0,3,3,225.0,3,0,0,1,0,1.0,2,1
7d4ebe30-034d-4a1e-9003-96f0144dcc2e,553294c5-4565-4d5a-a069-6e8126905be4,b0a29013-9cfe-46ad-b319-2c8155b7e42d,2025-03-17T03:17:00,0,0,0,0,1,1,0,0.3333,3,1,199.0,3,0,0,1,0,1.0,2,1
6e28c949-437b-477a-8b77-09106f87c4e2,3fe93771-22fd-4ee6-a769-9f85123cf7bb,b0a29013-9cfe-46ad-b319-2c8155b7e42d,2025-03-17T03:21:00,1,0,0,0,1,1,1,1.0,3,3,365.0,3,0,0,1,0,1.0,2,1
00e33f0a-f94f-4707-a079-26a3e825ed40,56fc804f-b101-461b-a304-d6f9c28ae2ef,382d1dbe-9624-4e03-9511-60a2c384335d,2025-03-17T05:04:00,0,0,1,0,1,1,1,0.5,2,1,130.0,5,0,0,1,0,2.0,3,0
04abc1de-baf9-4d85-8820-772f2ec89ec0,3b1c0630-6304-4f24-90a0-39e3fd579418,382d1dbe-9624-4e03-9511-60a2c384335d,2025-03-17T05:06:00,0,1,1,0,1,0,0,0.3333,6,2,207.0,5,0,0,1,0,2.0,3,0
ba37ad47-ff26-47fd-acf0-3d8124e19641,0648f122-df82-42c1-b7a4-513681226246,382d1dbe-9624-4e03-9511-60a2c384335d,2025-03-17T05:06:00,1,0,1,0,1,1,1,0.4,5,2,123.0,5,0,0,1,0,2.0,3,0
54b616d9-8658-410f-a196-5f2dd5754fae,fda5fef4-939c-4a0d-864d-c6a11b14bd2a,382d1dbe-9624-4e03-9511-60a2c384335d,2025-03-17T05:14:00,0,0,1,0,1,1,1,0.75,4,3,523.0,5,0,0,1,0,2.0,3,0
f1398802-5a89-4ee0-ad41-eb91790ac53e,4ca593a6-6883-4ff4-b14b-a47593e71ecc,38fdc00d-214b-4e33-aa76-8a0e9f558ac4,2025-03-17T09:16:00,1,0,0,0,1,1,1,0.75,8,6,176.0,9,0,0,0,1,4.0,1,0
a43ae97c-ce89-43b6-912d-3a4cc3ad18ef,83d13c8e-fd29-4343-bf35-4497b673a39d,38fdc00d-214b-4e33-aa76-8a0e9f558ac4,2025-03-17T09:17:00,1,1,1,0,1,1,1,0.8,5,4,195.0,9,0,0,0,1,4.0,1,0
08b48726-2c25-4965-8861-b0d1af3d04db,f6556829-5e66-4e5a-aff5-3233c86566a8,38fdc00d-214b-4e33-aa76-8a0e9f558ac4,2025-03-17T09:21:00,1,0,0,0,1,0,1,0.75,4,3,172.0,9,0,0,0,1,4.0,1,0
7e3618d1-1191-4acb-a07c-790acb3a93a4,b34b9ff4-c6a5-4e42-9619-75d5b29e68d4,38fdc00d-214b-4e33-aa76-8a0e9f558ac4,2025-03-17T09:22:00,1,1,1,0,1,1,0,1.0,4,4,262.0,9,0,0,0,1,4.0,1,0
33080375-a273-43bd-aeea-ee7bb34c6a3c,1f07a96f-aedb-4b8a-b298-4bb359530928,d9e013de-e2e1-4df6-ae09-892af454d06f,2025-03-17T10:29:00,1,1,1,0,0,0,1,1.0,2,2,294.0,10,0,0,0,1,4.0,3,0
4a58bfd0-45a6-42f1-9202-96b5d495adb2,d6b5ae43-d86a-4b5f-abd6-b4e06091ee44,d9e013de-e2e1-4df6-ae09-892af454d06f,2025-03-17T10:29:00,1,1,1,0,1,1,1,0.8,10,8,508.0,10,0,0,0,1,4.0,3,0
92aabe2d-0069-43a4-b8b6-9e35de0666cc,f7f1655c-f8c2-4296-91c4-9f8f570ad765,d9e013de-e2e1-4df6-ae09-892af454d06f,2025-03-17T10:29:00,0,0,0,0,1,1,1,0.9,10,9,110.0,10,0,0,0,1,4.0,3,0
e3027e05-b5af-4ff8-b9ea-f6545c4ba66e,aed96858-5a79-4453-afc9-995064972c5b,d9e013de-e2e1-4df6-ae09-892af454d06f,2025-03-17T10:32:00,1,1,1,0,1,1,0,0.5,4,2,222.0,10,0,0,0,1,4.0,3,0
4fb5e677-c5ee-426d-a052-475d69426959,797a96d3-916e-44ca-9537-0bd455606d82,d9e013de-e2e1-4df6-ae09-892af454d06f,2025-03-17T10:34:00,1,0,0,0,0,1,1,0.3333,6,2,281.0,10,0,0,0,1,4.0,3,0
3a20745b-09ff-4e78-ae5a-ca3bd1691dfd,90226cb0-70e6-4d51-8a71-165165d84910,d9e013de-e2e1-4df6-ae09-892af454d06f,2025-03-17T10:40:00,1,0,0,0,1,1,1,1.0,2,2,331.0,10,0,0,0,1,4.0,3,0
59558856-fab5-4c6e-bf57-8d3e6018d255,5ce51cd2-5e42-4c02-8828-aafbaf8181c6,481ed66f-46a1-49ec-bfe8-8e52615c0255,2025-03-17T12:03:00,1,0,0,0,1,0,1,1.0,1,1,241.0,12,0,0,0,1,6.0,1,1
7beb60e6-0446-4bbd-bf57-f70b6e71a127,797a96d3-916e-44ca-9537-0bd455606d82,481ed66f-46a1-49ec-bfe8-8e52615c0255,2025-03-17T12:03:00,1,0,0,0,0,1,1,0.4286,7,3,281.0,12,0,0,0,1,6.0,1,1
8f282abf-6333-4ac3-9707-3d9207dc1a7c,aed96858-5a79-4453-afc9-995064972c5b,481ed66f-46a1-49ec-bfe8-8e52615c0255,2025-03-17T12:04:00,1,1,1,0,1,1,0,0.6,5,3,222.0,12,0,0,0,1,6.0,1,1
516ced7d-961b-4872-b780-add7c72484ce,4f49c613-b4ef-4840-9fd7-f80f9f0d844d,481ed66f-46a1-49ec-bfe8-8e52615c0255,2025-03-17T12:06:00,0,0,0,0,1,1,1,0.6667,3,2,181.0,12,0,0,0,1,6.0,1,1
809498ae-7c2a-436c-8b0b-5d9150cbe85c,fe22cac5-c785-4cc2-a706-9b3cbd277ddf,481ed66f-46a1-49ec-bfe8-8e52615c0255,2025-03-17T12:11:00,1,1,1,0,1,1,1,1.0,4,4,299.0,12,0,0,0,1,6.0,1,1
2269164f-7768-47db-b836-674a746ef176,f6612e9b-17e3-4407-bad5-87d18f75c172,15ce6ea7-a38b-4a79-94b8-6c2a6eb9d66f,2025-03-17T17:19:00,1,0,0,0,0,1,1,0.6,5,3,118.0,17,0,0,0,1,1.0,2,1
8d170874-1c32-44b3-99a5-be0063ddbefd,cd532bc0-2367-446e-8e57-68c7cd6101f6,15ce6ea7-a38b-4a79-94b8-6c2a6eb9d66f,2025-03-17T17:20:00,0,1,1,0,1,1,1,0.75,8,6,312.0,17,0,0,0,1,1.0,2,1
0ff5d27d-3027-412b-b5b0-365682b475f0,763f9657-b714-4ebf-a75d-03a0bd961883,15ce6ea7-a38b-4a79-94b8-6c2a6eb9d66f,2025-03-17T17:23:00,1,1,1,0,1,1,1,1.0,4,4,673.0,17,0,0,0,1,1.0,2,1
68dc2a48-494e-417c-8ad0-76bf6725b2c9,dc3945d5-6321-4ff3-a949-9cc365303d45,15ce6ea7-a38b-4a79-94b8-6c2a6eb9d66f,2025-03-17T17:23:00,1,1,1,0,1,0,1,0.4444,9,4,141.0,17,0,0,0,1,1.0,2,1
d21abb29-8a41-4f2e-a5f6-8ca29f4d9f7a,c6725451-3108-4aec-a1da-c4cd931af67d,15ce6ea7-a38b-4a79-94b8-6c2a6eb9d66f,2025-03-17T17:24:00,1,1,1,0,1,1,0,0.5,4,2,365.0,17,0,0,0,1,1.0,2,1
a24a9c7a-b396-4f24-b7f3-d43292858ae9,d2112070-a709-4a6f-a1fe-b83a282d0da2,56611aba-6ddb-4768-a343-107089dcad40,2025-03-17T18:25:00,1,1,1,0,1,1,1,0.8,5,4,365.0,18,0,0,0,0,6.0,2,0
7fd94bea-7684-4098-b34b-6611074efbc5,b452a2de-4232-41a0-814e-2651c197f192,56611aba-6ddb-4768-a343-107089dcad40,2025-03-17T18:28:00,0,0,0,0,1,1,1,0.0,3,0,166.0,18,0,0,0,0,6.0,2,0
3c58975b-947c-4cd2-996e-1322540058a3,0cdb3e6f-399c-4e51-9eb2-0a3eed101f33,56611aba-6ddb-4768-a343-107089dcad40,2025-03-17T18:29:00,1,1,1,0,1,0,1,1.0,3,3,188.0,18,0,0,0,0,6.0,2,0
ca614ce0-977b-4d58-9551-21d953dac417,aed96858-5a79-4453-afc9-995064972c5b,56611aba-6ddb-4768-a343-107089dcad40,2025-03-17T18:29:00,1,1,1,0,1,1,0,0.6667,6,4,222.0,18,0,0,0,0,6.0,2,0
825b4074-982e-4455-82fd-df69709e9d9b,e10f8499-9444-4031-828d-33425d7476a6,56611aba-6ddb-4768-a343-107089dcad40,2025-03-17T18:31:00,0,0,0,0,1,0,1,0.6667,9,6,365.0,18,0,0,0,0,6.0,2,0
abb297eb-a6b7-439a-a61d-29a44c089426,2ef47c0b-e8fe-448b-93ff-36c85588d2fd,56611aba-6ddb-4768-a343-107089dcad40,2025-03-17T18:32:00,1,1,1,0,1,1,1,1.0,4,4,218.0,18,0,0,0,0,6.0,2,0
4a043ba3-7ae2-4b5a-b5aa-882ef51c940c,ba816062-c1ac-43da-97de-4c1216324bb5,0bbfc729-24d3-4ebd-8bbe-87d612de095c,2025-03-17T19:50:00,1,0,0,0,1,1,1,0.5,6,3,185.0,19,0,0,0,0,2.0,2,0
42cb7cfb-ba32-40fe-a269-1b4afc12cce6,ca5ce99f-cf40-4ef6-9c3d-4a4177383ff2,0bbfc729-24d3-4ebd-8bbe-87d612de095c,2025-03-17T19:52:00,1,0,1,0,1,0,1,0.8,5,4,365.0,19,0,0,0,0,2.0,2,0
60561539-cd59-466f-a9e0-03a04862423b,5b144804-32b7-4e82-9f3c-1b20f6f52721,0bbfc729-24d3-4ebd-8bbe-87d612de095c,2025-03-17T19:53:00,1,0,1,0,1,1,1,1.0,7,7,114.0,19,0,0,0,0,2.0,2,0
a9aa7262-3568-4298-a7ab-b0043152e4f3,96e372e4-86b2-4e68-b468-3cdf7686a490,6f0b6e2c-2142-40a4-b3cd-fb553cfc0fc9,2025-03-17T23:07:00,1,1,1,0,1,1,1,0.8333,6,5,135.0,23,0,0,1,0,2.0,2,1
f3d3f965-11c1-4f3a-9a66-5b89cf7f0ec8,628e4e35-5853-4d59-b32f-4056b7e3e27b,6f0b6e2c-2142-40a4-b3cd-fb553cfc0fc9,2025-03-17T23:13:00,1,1,1,0,1,0,1,0.75,4,3,365.0,23,0,0,1,0,2.0,2,1
1e291179-c855-440c-ba2e-e8fba77d2561,ea9269ef-352d-4ec8-93a1-f6e436740b10,6f0b6e2c-2142-40a4-b3cd-fb553cfc0fc9,2025-03-17T23:14:00,0,1,1,0,0,0,0,0.6667,3,2,365.0,23,0,0,1,0,2.0,2,1
fb465575-8bc9-4401-b0d0-3610b6a6e4ff,ba0652ab-674d-480e-b23d-7fb7301f9218,6f0b6e2c-2142-40a4-b3cd-fb553cfc0fc9,2025-03-17T23:14:00,0,1,1,0,1,1,1,0.8,5,4,125.0,23,0,0,1,0,2.0,2,1
050e9ceb-f8c8-4c92-9065-cc600fd576b0,75455c5a-fc28-4e12-ab1d-c5bf91975e07,6f0b6e2c-2142-40a4-b3cd-fb553cfc0fc9,2025-03-17T23:20:00,1,1,1,0,1,1,1,1.0,4,4,177.0,23,0,0,1,0,2.0,2,1
6ab3c385-7228-4d36-b688-96be346cb714,985ab403-ddfd-47f6-9b98-9ce2f7dcd16e,6f0b6e2c-2142-40a4-b3cd-fb553cfc0fc9,2025-03-17T23:20:00,0,0,1,1,1,1,0,1.0,6,6,188.0,23,0,0,1,0,2.0,2,1
7cc690ad-a0dc-4514-b36c-f9d152b08355,0cdb3e6f-399c-4e51-9eb2-0a3eed101f33,0e5a3fdf-d4f7-431b-a496-01e6dd5805a6,2025-03-18T00:59:00,1,0,1,0,1,0,1,1.0,4,4,189.0,0,1,0,1,0,4.0,2,1
af31af6d-6209-47c9-87a9-01a772df0df7,aa77487c-31e8-47c0-83d6-5c4fb9f9dc95,0e5a3fdf-d4f7-431b-a496-01e6dd5805a6,2025-03-18T01:01:00,0,0,1,0,1,1,0,0.4,5,2,300.0,1,1,0,1,0,4.0,2,1
e1fa34d1-e520-4975-a62e-297b37d46e10,03dd11aa-3bce-44bb-af81-d893187d3f9b,0e5a3fdf-d4f7-431b-a496-01e6dd5805a6,2025-03-18T01:03:00,1,0,1,0,1,1,1,0.625,8,5,251.0,1,1,0,1,0,4.0,2,1
aef9b19e-08e8-4734-8e58-1bbd3a66a81f,6c25e2ff-8bc0-4abc-a978-052ba5e4650a,0e5a3fdf-d4f7-431b-a496-01e6dd5805a6,2025-03-18T01:06:00,1,0,1,0,1,1,1,1.0,11,11,183.0,1,1,0,1,0,4.0,2,1
7f5b97b2-9fd0-4397-9bc1-0f86c7e992c0,6750ba86-aaa8-423d-a650-9ae8bc37d902,24385caf-9c64-4f7a-98c5-43a858d65427,2025-03-18T02:42:00,0,0,0,0,1,1,1,0.8,5,4,365.0,2,1,0,1,0,2.0,1,0
d41c3b7f-9a40-4873-897e-6c04b6f28724,ac4e88c1-0595-40f7-bf14-b77ad397e5dd,24385caf-9c64-4f7a-98c5-43a858d65427,2025-03-18T02:52:00,0,0,0,0,1,0,0,0.3333,3,1,169.0,2,1,0,1,0,2.0,1,0
bde7293e-53c6-4c7d-8f20-a3b251eab828,c541fa0d-e389-41e3-8fbc-f794813f5148,db37b910-ab75-4bf8-b40c-fd47a25d09c9,2025-03-18T03:00:00,1,0,0,0,1,0,1,1.0,2,2,133.0,3,1,0,1,0,4.0,1,1
75434190-f805-4398-acc2-116847bda80d,a0b1bd76-723b-4abd-bf35-77c31a4185e5,db37b910-ab75-4bf8-b40c-fd47a25d09c9,2025-03-18T03:03:00,0,0,0,0,1,0,0,0.3333,3,1,162.0,3,1,0,1,0,4.0,1,1
2f1a4fdb-cd36-4582-8413-56594b98211d,89351c19-fb07-4021-8981-38f3a660e1f1,db37b910-ab75-4bf8-b40c-fd47a25d09c9,2025-03-18T03:05:00,1,0,0,0,1,0,1,1.0,2,2,107.0,3,1,0,1,0,4.0,1,1
34d9100b-d976-4b4d-a179-e8a7e803d59a,d2d58d90-c3b6-419c-80fc-cd468552f315,277bfb83-9e7d-483f-a4e1-3370decf0318,2025-03-18T03:16:00,1,0,0,0,1,1,1,1.0,3,3,698.0,3,1,0,1,0,2.0,1,1
8ec2bb5a-9e97-459b-a42e-27e745fac374,a8a1af91-93b6-4f04-8e14-d38aa8302607,277bfb83-9e7d-483f-a4e1-3370decf0318,2025-03-18T03:20:00,1,0,0,0,1,1,1,0.8,5,4,159.0,3,1,0,1,0,2.0,1,1
ee22e258-e544-49b5-8c3d-08f9c10f6f10,d2fbf799-2a03-4408-8c26-4fc239c5d4fc,277bfb83-9e7d-483f-a4e1-3370decf0318,2025-03-18T03:20:00,0,1,1,0,1,0,1,1.0,5,5,192.0,3,1,0,1,0,2.0,1,1
6d777413-76e5-4d52-87b1-bf585d5b268e,1b1c6a4c-9521-43d0-af56-40e628a2cb1d,277bfb83-9e7d-483f-a4e1-3370decf0318,2025-03-18T03:23:00,0,0,0,0,1,1,1,0.7778,9,7,303.0,3,1,0,1,0,2.0,1,1
0060ecb0-e6ad-4fe6-a15d-a1228e3fed74,bfe6f01b-84b9-4986-b7ea-e375c91d0d8c,277bfb83-9e7d-483f-a4e1-3370decf0318,2025-03-18T03:26:00,0,0,0,0,1,1,1,0.6667,3,2,319.0,3,1,0,1,0,2.0,1,1
827907f9-70da-4849-b57c-6373bc5cfab6,18663a26-c010-4e4e-8471-6194347da84d,277bfb83-9e7d-483f-a4e1-3370decf0318,2025-03-18T03:26:00,0,0,0,0,1,1,1,0.875,8,7,365.0,3,1,0,1,0,2.0,1,1
7b2b474b-b5ed-440b-a530-552b2523ceab,1b81506a-481d-42f6-b01c-dbb52717cc9e,698c2c87-2e08-4016-b1e4-2ba04c15e772,2025-03-18T04:41:00,1,1,1,0,1,1,1,0.6667,3,2,164.0,4,1,0,1,0,1.0,2,1
a5483853-7757-4e72-a316-94b880d9c624,a8a1af91-93b6-4f04-8e14-d38aa8302607,698c2c87-2e08-4016-b1e4-2ba04c15e772,2025-03-18T04:42:00,1,0,0,0,1,1,1,0.8333,6,5,159.0,4,1,0,1,0,1.0,2,1
938db595-9bda-420a-be55-f8719fa9da9f,606e67ca-9ccf-47a9-951e-95c0bc77f20d,698c2c87-2e08-4016-b1e4-2ba04c15e772,2025-03-18T04:46:00,1,0,0,0,0,1,1,0.8333,6,5,365.0,4,1,0,1,0,1.0,2,1
9376562b-4d20-44db-b4ea-a3fd15352877,a92ac821-12c7-40b8-bbb8-e287da0564eb,698c2c87-2e08-4016-b1e4-2ba04c15e772,2025-03-18T04:50:00,0,0,0,0,1,1,1,0.6,5,3,365.0,4,1,0,1,0,1.0,2,1
b656811a-d80d-4c24-8837-c2d6aacf1f7e,556bf703-12c9-40e6-98a3-1835bb3d53a7,698c2c87-2e08-4016-b1e4-2ba04c15e772,2025-03-18T04:50:00,0,0,0,0,1,1,0,0.0,1,0,365.0,4,1,0,1,0,1.0,2,1
99ea3ac9-e8c9-449c-951e-a3aaac988bdc,89b16628-7a7b-4967-800e-f441e05d2779,698c2c87-2e08-4016-b1e4-2ba04c15e772,2025-03-18T04:51:00,1,0,0,0,1,1,1,0.75,4,3,486.0,4,1,0,1,0,1.0,2,1
80dca12a-cd0d-48fd-b25a-c11af3cb922a,19cad05e-ae8b-4d86-b026-69fbb73b2e76,12ed9844-5ef9-42a9-8157-98a3409d8493,2025-03-18T05:41:00,0,0,0,0,1,1,1,0.8333,6,5,242.0,5,1,0,1,0,2.0,3,1
09a02a4f-0cee-4ae5-9834-b4ec734f2bcd,074daa7c-485e-4264-a9c2-962e30d5b672,12ed9844-5ef9-42a9-8157-98a3409d8493,2025-03-18T05:42:00,1,0,0,0,1,1,1,0.0,1,0,235.0,5,1,0,1,0,2.0,3,1
015a3255-3a02-483f-8cd5-c28adffd5910,4f49c613-b4ef-4840-9fd7-f80f9f0d844d,c38beebc-4571-4e20-97ff-cac4ec4032ac,2025-03-18T11:54:00,1,1,1,0,1,1,1,0.5,4,2,182.0,11,1,0,0,1,3.0,3,1
d758ddd2-760a-49bf-8c68-00574f8b7b76,985ab403-ddfd-47f6-9b98-9ce2f7dcd16e,c38beebc-4571-4e20-97ff-cac4ec4032ac,2025-03-18T12:01:00,1,0,1,1,1,1,0,0.8571,7,6,189.0,12,1,0,0,1,3.0,3,1
e6ec4fb5-efdf-45d7-8d8c-688d0de3d6c1,8149a5a0-b1e9-4bb0-a980-b7f5bdcb02a4,c38beebc-4571-4e20-97ff-cac4ec4032ac,2025-03-18T12:03:00,1,1,1,0,1,1,1,0.8571,7,6,121.0,12,1,0,0,1,3.0,3,1
d72854c7-e359-4e9c-9610-1d8c17451eba,0239e706-289d-4498-9947-7818e4011dc0,fe15ac1d-1dda-4890-982e-bce410b0bf05,2025-03-18T14:06:00,1,0,0,0,1,0,1,0.2,5,1,148.0,14,1,0,0,1,3.0,2,0
20edf6b3-b1ba-46a1-9079-b663b748f51f,deac09c6-92df-437d-890a-ec1f48406829,fe15ac1d-1dda-4890-982e-bce410b0bf05,2025-03-18T14:09:00,1,1,1,0,1,0,0,1.0,4,4,115.0,14,1,0,0,1,3.0,2,0
5c48b14a-c83e-4449-b5fb-7dab9c754ca5,a1bc2676-aad3-49f3-9131-e812c904d689,fe15ac1d-1dda-4890-982e-bce410b0bf05,2025-03-18T14:09:00,1,0,0,0,0,1,1,0.6,5,3,363.0,14,1,0,0,1,3.0,2,0
b7ad6c6a-5a19-49f2-ae28-026be434cd5c,415a8ed8-6bf8-47ec-9265-7eacc19a825f,37950ef6-c32a-4683-bac9-a7f075169d84,2025-03-18T14:18:00,1,1,1,0,1,1,1,0.3333,3,1,365.0,14,1,0,0,1,2.0,3,1
50cd65be-ded7-4a93-ae7e-db6bbe54ad35,0b47310a-57de-411d-a3af-67fcc8e4038f,37950ef6-c32a-4683-bac9-a7f075169d84,2025-03-18T14:22:00,1,0,0,0,1,1,1,1.0,3,3,428.0,14,1,0,0,1,2.0,3,1
657a8deb-768b-49ab-a047-efc664d20e81,19cad05e-ae8b-4d86-b026-69fbb73b2e76,37950ef6-c32a-4683-bac9-a7f075169d84,2025-03-18T14:23:00,1,0,0,0,1,1,1,0.7143,7,5,242.0,14,1,0,0,1,2.0,3,1
148fb813-d8e6-441d-8393-dc105a71b5b3,2b53fe55-2a72-4432-a6b9-13c5a851be2a,2082a4d5-796f-4703-a6f8-b2c9dcb6811f,2025-03-18T14:46:00,1,1,1,0,1,1,1,0.875,8,7,157.0,14,1,0,0,1,4.0,1,1
fb38d474-b473-4bbc-9262-6ae0a9a8f8e6,40c6fe05-f02d-4157-ba15-09913e067c14,2082a4d5-796f-4703-a6f8-b2c9dcb6811f,2025-03-18T14:47:00,1,0,1,0,1,1,1,1.0,1,1,113.0,14,1,0,0,1,4.0,1,1
6e4836ce-22ec-4b9c-8df8-d3dc4b2428e8,72d80153-ab97-4442-b132-ccdf469ad157,2082a4d5-796f-4703-a6f8-b2c9dcb6811f,2025-03-18T14:52:00,1,0,1,0,0,1,1,0.6,5,3,167.0,14,1,0,0,1,4.0,1,1
169f5818-69e5-490e-b16b-122c4c59996d,979b5d05-d629-42eb-925c-ca3d093ceaca,4913f7cb-a551-44e0-972b-966935024727,2025-03-18T23:59:00,0,0,0,0,1,1,1,0.8333,6,5,266.0,23,1,0,1,0,2.0,3,1
8493c10d-4330-4afd-9513-21256d36a66a,763f9657-b714-4ebf-a75d-03a0bd961883,4913f7cb-a551-44e0-972b-966935024727,2025-03-19T00:09:00,1,0,1,0,1,1,1,1.0,5,5,675.0,0,2,0,1,0,2.0,3,1
4433f803-cbbc-4202-9b4c-6ffccddef301,ca2995db-95cb-4226-8f04-6f57902f8cf4,92df7e59-4664-42a2-86dd-cf611090a718,2025-03-19T09:08:00,1,1,1,0,1,0,1,0.75,8,6,365.0,9,2,0,0,1,2.0,2,1
0192b007-dbe0-4596-ab29-4ab700ebfbc6,28be837f-36ab-4fc3-b1d9-db1a3b881b02,92df7e59-4664-42a2-86dd-cf611090a718,2025-03-19T09:09:00,1,0,0,0,1,1,1,1.0,3,3,122.0,9,2,0,0,1,2.0,2,1
fa975997-8c20-451e-9295-9814b373e38e,885c50e2-3162-47fa-90f5-23d9287648cc,92df7e59-4664-42a2-86dd-cf611090a718,2025-03-19T09:10:00,1,1,1,0,0,1,1,0.75,4,3,365.0,9,2,0,0,1,2.0,2,1
27f70c21-a7fa-42cd-b815-80b9810af2e2,a2c7df0e-ef10-4dcc-aaed-b693b2b5db03,6c42dfcb-e4a5-451a-a95e-b3cf2eccb666,2025-03-19T09:11:00,0,0,0,0,0,0,1,0.6667,6,4,146.0,9,2,0,0,1,1.0,3,0
9ed2d114-b329-4614-bbfa-f406750f0ad4,4408ab43-7f7a-4a44-b781-4dd2edca4a74,92df7e59-4664-42a2-86dd-cf611090a718,2025-03-19T09:11:00,1,1,1,0,1,1,1,1.0,2,2,165.0,9,2,0,0,1,2.0,2,1
06df3e97-880f-48a4-833a-12a0c66648d0,6a684832-6713-46ad-8845-56c424779c27,6c42dfcb-e4a5-451a-a95e-b3cf2eccb666,2025-03-19T09:14:00,1,1,1,0,1,1,1,0.75,4,3,136.0,9,2,0,0,1,1.0,3,0
b806c70d-baa8-4fb5-b47d-a4b00abaf5f9,63e1e7de-8090-46e0-a921-6add4ddcfef9,92df7e59-4664-42a2-86dd-cf611090a718,2025-03-19T09:16:00,1,0,0,0,1,1,1,0.5,6,3,456.0,9,2,0,0,1,2.0,2,1
be97ab59-0457-439b-93b4-f2b6fb7936e0,0f830c26-3d4f-4cf5-81cf-08041535d161,6c42dfcb-e4a5-451a-a95e-b3cf2eccb666,2025-03-19T09:17:00,0,0,0,0,1,0,1,0.75,8,6,172.0,9,2,0,0,1,1.0,3,0
67583a12-5bc2-4f2d-bf0c-344316b3e358,6c25e2ff-8bc0-4abc-a978-052ba5e4650a,6c42dfcb-e4a5-451a-a95e-b3cf2eccb666,2025-03-19T09:18:00,1,1,1,0,1,1,1,1.0,12,12,184.0,9,2,0,0,1,1.0,3,0
7c194343-bf86-4332-89dd-a4c3888136e1,9a08a817-eaf1-4182-9eb1-290121129ead,92df7e59-4664-42a2-86dd-cf611090a718,2025-03-19T09:19:00,1,1,1,0,1,1,1,0.8,5,4,365.0,9,2,0,0,1,2.0,2,1
fc1426a5-3397-4f53-8e68-39f1876e5ee3,e0e3fb99-db30-4123-b346-7f11de4197c6,6c42dfcb-e4a5-451a-a95e-b3cf2eccb666,2025-03-19T09:19:00,1,0,0,0,1,1,1,0.875,8,7,303.0,9,2,0,0,1,1.0,3,0
108e5ef6-0434-4002-b7a4-d0c9fe62a84f,1711dff0-5b73-4336-ae3e-5003955b231a,8d4e3d81-84e7-4e78-b8d7-af6c97222998,2025-03-19T09:28:00,1,0,1,1,1,1,1,1.0,4,4,275.0,9,2,0,0,1,2.0,1,0
6eb166ea-1851-4dc0-b16c-7016b681918b,927dc24f-3e95-4ab2-a387-73907d3af8e7,8d4e3d81-84e7-4e78-b8d7-af6c97222998,2025-03-19T09:39:00,0,0,0,0,1,1,1,1.0,1,1,125.0,9,2,0,0,1,2.0,1,0
73a0897e-eb62-4858-ac50-f7850a76a234,f53bf753-a0a3-4d28-99f6-434168f98cb2,8d4e3d81-84e7-4e78-b8d7-af6c97222998,2025-03-19T09:39:00,1,1,1,0,1,1,1,0.5,2,1,365.0,9,2,0,0,1,2.0,1,0
56e318a8-8d82-4b0c-9002-6eec676804a1,c4a4b614-90de-4794-a555-76f6159de789,18153721-1519-44f7-b94f-ed7704433b96,2025-03-19T14:07:00,1,1,1,0,1,1,1,1.0,3,3,242.0,14,2,0,0,1,1.0,1,0
87074cb6-ee75-462f-84d9-ef3bfa15addb,6c841b96-0d6c-4d4f-a647-602aca520949,18153721-1519-44f7-b94f-ed7704433b96,2025-03-19T14:07:00,0,0,0,0,1,0,1,0.5,6,3,326.0,14,2,0,0,1,1.0,1,0
253e5889-7f2f-44a5-8a99-769056f79a73,6c926c1e-7975-4345-a762-128c25695f2b,18153721-1519-44f7-b94f-ed7704433b96,2025-03-19T14:08:00,1,0,0,0,1,1,1,0.5,2,1,263.0,14,2,0,0,1,1.0,1,0
49b39ede-22e3-4dc8-85c8-80904eb8432c,6f397cf4-9959-4fad-93f5-e6397f2f273d,18153721-1519-44f7-b94f-ed7704433b96,2025-03-19T14:12:00,1,1,1,0,1,1,1,1.0,6,6,380.0,14,2,0,0,1,1.0,1,0
28991779-cfd6-48fb-98a6-664974a552a6,6bb36c9a-793f-4f90-bf6f-df150cb1f85a,18153721-1519-44f7-b94f-ed7704433b96,2025-03-19T14:17:00,0,0,0,0,1,0,1,0.75,4,3,156.0,14,2,0,0,1,1.0,1,0
87e8d12e-718d-431e-8a1d-0ed1d2bb33e2,5ce51cd2-5e42-4c02-8828-aafbaf8181c6,18153721-1519-44f7-b94f-ed7704433b96,2025-03-19T14:18:00,0,0,0,0,1,0,1,1.0,2,2,243.0,14,2,0,0,1,1.0,1,0
08608d77-a989-4ac1-9007-50daab47657a,40c6fe05-f02d-4157-ba15-09913e067c14,4154b85d-3756-4b82-b935-f3f3d2cabba3,2025-03-19T14:22:00,1,1,1,0,1,1,1,1.0,2,2,114.0,14,2,0,0,1,2.0,2,1
5677938e-7be4-4d68-90e3-ee713c8f346a,6020fc90-bb4f-4cf6-939b-6d7429d5d3a1,4154b85d-3756-4b82-b935-f3f3d2cabba3,2025-03-19T14:22:00,1,0,0,0,1,1,0,0.0,1,0,365.0,14,2,0,0,1,2.0,2,1
a27a4799-3adb-44b4-a8f7-903d2e152c8e,fffc883c-1676-4f1c-b98e-5562be4b53e2,4154b85d-3756-4b82-b935-f3f3d2cabba3,2025-03-19T14:25:00,1,0,0,0,1,1,1,0.3333,3,1,191.0,14,2,0,0,1,2.0,2,1
a3fde2fb-1f8f-4221-bbb6-860de566e2e2,c436515f-d954-43ab-83ea-71d7b85b1ab2,4154b85d-3756-4b82-b935-f3f3d2cabba3,2025-03-19T14:27:00,1,0,0,0,1,1,1,1.0,2,2,132.0,14,2,0,0,1,2.0,2,1
98364caf-a74b-42e1-b718-6e14c0ddf100,b822f3f2-bc12-474d-9f5a-b3cef19341f0,4154b85d-3756-4b82-b935-f3f3d2cabba3,2025-03-19T14:28:00,1,0,0,0,1,1,1,0.6,10,6,365.0,14,2,0,0,1,2.0,2,1
2f8551d8-c0e1-40d5-b956-8f5e8f9c3b94,628e4e35-5853-4d59-b32f-4056b7e3e27b,4154b85d-3756-4b82-b935-f3f3d2cabba3,2025-03-19T14:34:00,0,1,1,0,1,0,1,0.8,5,4,365.0,14,2,0,0,1,2.0,2,1
bf537b0f-f364-4e3c-bea1-3ce732e6baf1,c9e3038e-7436-4df3-9f2a-fc2746763273,b1c0daa1-0a02-45b3-b9bd-c685b02ec6f1,2025-03-19T17:29:00,1,0,0,0,0,1,1,0.25,4,1,238.0,17,2,0,0,1,1.0,0,1
d207e56f-8fe9-4314-87dd-8792e0f42994,cc255119-86e4-43ad-b1f0-6c24ac17d920,b1c0daa1-0a02-45b3-b9bd-c685b02ec6f1,2025-03-19T17:34:00,1,0,0,0,1,1,1,0.875,8,7,365.0,17,2,0,0,1,1.0,0,1
6a548ed3-a709-48ae-9c14-c664616c5084,6a684832-6713-46ad-8845-56c424779c27,b1c0daa1-0a02-45b3-b9bd-c685b02ec6f1,2025-03-19T17:38:00,1,1,1,0,1,1,1,0.8,5,4,136.0,17,2,0,0,1,1.0,0,1
8af5eb24-e7d5-4107-9181-bc782c1ea850,72d80153-ab97-4442-b132-ccdf469ad157,b1c0daa1-0a02-45b3-b9bd-c685b02ec6f1,2025-03-19T17:38:00,1,1,1,0,0,1,1,0.6667,6,4,168.0,17,2,0,0,1,1.0,0,1
8074eae3-17d9-4d2c-8cd9-52a2c2fccbc6,c436515f-d954-43ab-83ea-71d7b85b1ab2,0d3218e7-e365-4ef6-8839-54b0edf76e97,2025-03-19T21:12:00,1,0,0,0,1,1,1,1.0,3,3,132.0,21,2,0,0,0,1.0,3,1
6fc9a4cf-c97b-4b76-a353-19c6da9d8f48,2b53fe55-2a72-4432-a6b9-13c5a851be2a,0d3218e7-e365-4ef6-8839-54b0edf76e97,2025-03-19T21:13:00,1,1,1,0,1,1,1,0.8889,9,8,158.0,21,2,0,0,0,1.0,3,1
854c4865-2833-4941-bbbb-2092fdbfaa6f,af32b242-6347-4914-8703-8bc3222ac8c4,0d3218e7-e365-4ef6-8839-54b0edf76e97,2025-03-19T21:20:00,0,0,1,0,1,1,1,0.75,4,3,158.0,21,2,0,0,0,1.0,3,1
8f6708ae-508b-4cd4-9b61-023437d8b3a6,0239e706-289d-4498-9947-7818e4011dc0,5f9f1bd6-2e48-4a42-9550-8be1e5164509,2025-03-19T23:10:00,0,0,0,0,1,0,1,0.3333,6,2,149.0,23,2,0,1,0,4.0,0,1
f1593916-e2f0-48d0-9e85-4570e75e8482,3e6e3033-9a9c-4988-9e45-362e43ee98e6,5f9f1bd6-2e48-4a42-9550-8be1e5164509,2025-03-19T23:10:00,0,0,1,1,1,1,1,0.75,8,6,674.0,23,2,0,1,0,4.0,0,1
73a12cfc-31b3-444e-89c3-0771c2b5ab6a,f7f1655c-f8c2-4296-91c4-9f8f570ad765,2bf9e4cb-b0cb-4acb-9e27-f3c0de52e464,2025-03-19T23:56:00,1,1,1,0,1,1,1,0.8182,11,9,112.0,23,2,0,1,0,2.0,2,1
c3df4c82-6b21-482f-9ec5-bb2fa95cfe22,4d73646f-823d-4c1b-9fe9-150b22e01890,2bf9e4cb-b0cb-4acb-9e27-f3c0de52e464,2025-03-20T00:09:00,0,0,1,0,1,1,0,1.0,4,4,365.0,0,3,0,1,0,2.0,2,1
b1e08a62-0bf9-4850-9680-27e165310490,a9048c9b-4ff2-49a2-8387-544ccfc02e0e,a0e1abb3-c08a-471c-8f0b-e0c55867b2c5,2025-03-20T00:12:00,1,0,1,0,1,1,0,0.6667,6,4,483.0,0,3,0,1,0,4.0,1,1
804ff524-9194-4a9c-9f0b-9b715f5f6d10,0409fca8-45c7-403f-8d31-663c4c640e47,a0e1abb3-c08a-471c-8f0b-e0c55867b2c5,2025-03-20T00:13:00,1,1,1,0,1,1,1,0.3333,6,2,161.0,0,3,0,1,0,4.0,1,1
758d4c1f-1bef-4d90-8dc3-df45d8092072,f7f1655c-f8c2-4296-91c4-9f8f570ad765,a0e1abb3-c08a-471c-8f0b-e0c55867b2c5,2025-03-20T00:14:00,1,1,1,0,1,1,1,0.8333,12,10,113.0,0,3,0,1,0,4.0,1,1
9665a1b0-7bc1-4256-a48e-0d753fc42ecd,d0a96683-1429-46b7-a70f-c0a765bdce73,3cbb1802-2a90-4d12-b2f7-d405e5b5bd85,2025-03-20T04:44:00,0,0,1,0,1,1,1,1.0,3,3,165.0,4,3,0,1,0,2.0,2,1
567b00fc-ea4a-40bb-a8f8-dbb248f44948,05088ba7-5428-4853-8cc9-e76f460fddd4,3cbb1802-2a90-4d12-b2f7-d405e5b5bd85,2025-03-20T04:45:00,1,0,0,0,1,1,1,0.3333,3,1,207.0,4,3,0,1,0,2.0,2,1
654149ca-ebb9-44f1-a721-5e574182d1ac,d6b5ae43-d86a-4b5f-abd6-b4e06091ee44,3cbb1802-2a90-4d12-b2f7-d405e5b5bd85,2025-03-20T04:47:00,0,0,1,0,1,1,1,0.8182,11,9,511.0,4,3,0,1,0,2.0,2,1
17f354df-da0f-476e-a534-51a40d804ae3,846be435-a2e1-4850-bad5-07de99099078,3cbb1802-2a90-4d12-b2f7-d405e5b5bd85,2025-03-20T04:48:00,1,0,1,0,1,1,1,1.0,8,8,140.0,4,3,0,1,0,2.0,2,1
cc6b80bb-208a-4d3c-b5e4-d55f50202478,f3cd1be3-bc16-4a73-961d-f832dfb5f084,3cbb1802-2a90-4d12-b2f7-d405e5b5bd85,2025-03-20T04:51:00,1,0,0,0,1,1,0,1.0,3,3,127.0,4,3,0,1,0,2.0,2,1
e2babe5b-bee4-435a-b127-4fccad3ad85e,76c87fab-4634-487d-a03f-d4c7ee94749e,3cbb1802-2a90-4d12-b2f7-d405e5b5bd85,2025-03-20T04:55:00,0,0,0,0,1,0,1,0.6,5,3,155.0,4,3,0,1,0,2.0,2,1
9394310e-a884-4599-b44c-015b84b01d43,bfe8f73a-9210-4c1c-b628-3cea7b8977ae,1eb63fa0-76a6-43b3-9ffe-2a6ee9afda12,2025-03-20T07:43:00,1,0,0,0,1,1,0,0.25,8,2,365.0,7,3,0,0,0,2.0,2,1
a3678843-3ace-425d-bbd3-9f8abcfd384b,5363b68d-8ce8-4929-9246-6d22798f9caf,1eb63fa0-76a6-43b3-9ffe-2a6ee9afda12,2025-03-20T07:55:00,0,0,0,0,1,1,1,1.0,2,2,124.0,7,3,0,0,0,2.0,2,1
0d5f8f85-eeb8-49de-92b1-43df6da7b3b1,6750ba86-aaa8-423d-a650-9ae8bc37d902,97a8d78c-a405-4a92-a207-45bbb6484977,2025-03-20T12:01:00,0,1,1,0,1,1,1,0.6667,6,4,365.0,12,3,0,0,1,1.0,2,0
bd2ebd2c-fbe7-4dc8-b22b-d67cd863ef6b,b16f7848-a2a4-4c2c-8a3b-0bf76ecdf857,97a8d78c-a405-4a92-a207-45bbb6484977,2025-03-20T12:06:00,1,0,1,0,0,1,1,1.0,5,5,365.0,12,3,0,0,1,1.0,2,0
d9437269-1b03-4471-b853-07548bd634d9,d2d58d90-c3b6-419c-80fc-cd468552f315,4aeb2e0d-1192-443e-b3f3-f50f0c10e828,2025-03-20T12:56:00,1,1,1,0,1,1,1,1.0,4,4,700.0,12,3,0,0,1,4.0,1,0
7857e22e-4c55-437a-a54a-9fd1066a3a64,cc255119-86e4-43ad-b1f0-6c24ac17d920,4aeb2e0d-1192-443e-b3f3-f50f0c10e828,2025-03-20T12:59:00,1,1,1,0,1,1,1,0.8889,9,8,365.0,12,3,0,0,1,4.0,1,0
945f7075-5add-4ec1-bc56-555dea5d424a,3f72d86e-c11c-497f-b6d0-5f2e08b013cd,4aeb2e0d-1192-443e-b3f3-f50f0c10e828,2025-03-20T13:00:00,1,1,1,0,0,1,1,0.8,5,4,182.0,13,3,0,0,1,4.0,1,0
da19d26f-532a-4b4a-b7ef-9544700ed603,45b7f813-0851-4a27-a617-8d51f11199e0,4aeb2e0d-1192-443e-b3f3-f50f0c10e828,2025-03-20T13:03:00,1,0,1,0,1,1,1,1.0,1,1,412.0,13,3,0,0,1,4.0,1,0
ba7a0818-ea6a-49d9-ac20-d81ed7723ad4,992a9f5e-edc4-40f0-b76a-3f29c20d5618,24bc6ed7-b61c-4182-a366-e92f73da3ff3,2025-03-20T18:13:00,0,0,0,0,1,1,1,0.2857,7,2,112.0,18,3,0,0,0,1.0,2,1
aceaa53f-361e-4a71-95cd-592c765d3f1e,6a793798-198b-46b9-85cd-0ec03d79cc88,24bc6ed7-b61c-4182-a366-e92f73da3ff3,2025-03-20T18:14:00,1,0,1,0,1,1,1,1.0,4,4,154.0,18,3,0,0,0,1.0,2,1
28ab7f16-4fea-458d-8e12-c2506a7e2519,c3fb4684-c1e0-4da0-a54b-9e8f789026c2,24bc6ed7-b61c-4182-a366-e92f73da3ff3,2025-03-20T18:21:00,1,0,0,0,1,1,1,1.0,2,2,493.0,18,3,0,0,0,1.0,2,1
a9f5ccfa-a255-4b7e-b479-6c828c5a8016,80faa51d-a2ac-468a-a4b0-b1c148fd10fe,562635b5-515a-45e8-bb56-a300d3930914,2025-03-20T19:36:00,1,1,1,0,1,1,1,0.625,8,5,180.0,19,3,0,0,0,2.0,2,1
9fd2ceef-ba1a-40a1-abde-8b8fcc9616f9,dc070752-162d-4ca3-ae3a-25c40e32397b,562635b5-515a-45e8-bb56-a300d3930914,2025-03-20T19:39:00,1,0,0,0,1,1,1,0.8,5,4,428.0,19,3,0,0,0,2.0,2,1
7bd7eeaa-4d2f-41c8-a7cb-f85eee872f8d,4c569839-3efa-4170-b6a4-f0a4d13d4639,d96e4448-9488-4070-9bdb-7a88419ecd52,2025-03-20T20:28:00,1,0,0,0,1,1,1,1.0,3,3,161.0,20,3,0,0,0,4.0,2,0
bc4daad1-6868-4895-b2a6-ea9c86accf91,97dbbf0c-d2b5-452c-b22a-e11e30701e99,d96e4448-9488-4070-9bdb-7a88419ecd52,2025-03-20T20:32:00,1,1,1,1,0,0,1,0.8,5,4,216.0,20,3,0,0,0,4.0,2,0
064d5fe9-bf75-4b62-9085-e7c23db3ccda,74de697e-ecd0-4975-8057-f21088a888b4,d96e4448-9488-4070-9bdb-7a88419ecd52,2025-03-20T20:35:00,1,1,1,1,1,1,0,0.6,10,6,365.0,20,3,0,0,0,4.0,2,0
40bc229e-8526-4fbe-ae68-79ee8e09990d,82fb79bc-bd6e-47a9-a67a-99fac9655589,d96e4448-9488-4070-9bdb-7a88419ecd52,2025-03-20T20:35:00,1,0,0,0,1,1,1,1.0,2,2,365.0,20,3,0,0,0,4.0,2,0
98ba07cf-a0d8-43e3-9bfc-4a718cc88a1a,e0cd5b09-11cd-4194-bf88-03edd17fe919,d96e4448-9488-4070-9bdb-7a88419ecd52,2025-03-20T20:39:00,0,0,0,0,1,0,1,0.6667,3,2,365.0,20,3,0,0,0,4.0,2,0
9cdd50f8-64aa-4f70-990c-4dd9325312b8,1e051bc4-2ef6-4736-b427-d4e81bbdd5d3,f07d3648-042c-4b80-8e94-2b02672fa2ea,2025-03-21T07:46:00,0,0,0,0,1,1,0,0.5,2,1,137.0,7,4,0,0,0,6.0,1,1
fc8b9fc8-d0b7-4ba2-a9ed-4110e502db73,ed732f11-698a-40e6-8fab-9a1b078261d2,f07d3648-042c-4b80-8e94-2b02672fa2ea,2025-03-21T07:47:00,1,1,1,0,1,1,0,1.0,3,3,365.0,7,4,0,0,0,6.0,1,1
b9866978-e94f-4b3b-a153-2fc9964d1516,97dbbf0c-d2b5-452c-b22a-e11e30701e99,f07d3648-042c-4b80-8e94-2b02672fa2ea,2025-03-21T07:55:00,1,0,1,1,0,0,1,0.8333,6,5,217.0,7,4,0,0,0,6.0,1,1
d09ec33a-cc85-40dc-828c-4ad36bd09c45,caedcc90-6c34-4e03-8f0b-b86ff3cda6a7,f07d3648-042c-4b80-8e94-2b02672fa2ea,2025-03-21T07:59:00,1,1,1,0,1,1,1,1.0,5,5,239.0,7,4,0,0,0,6.0,1,1
a598dc7b-d7db-44de-b033-03faa6e01c32,82f273c1-a6d9-473e-b339-93f7a0379a64,d07b3272-fb62-41ea-a1a7-329689f948e6,2025-03-21T08:39:00,1,0,0,0,1,1,1,1.0,5,5,157.0,8,4,0,0,0,2.0,0,1
1ebf6dd8-a345-46f2-b7e0-4936ed151ec1,6a9c2430-d23f-4e3a-9d23-36289b5ec791,d07b3272-fb62-41ea-a1a7-329689f948e6,2025-03-21T08:42:00,1,1,1,0,0,1,1,1.0,4,4,290.0,8,4,0,0,0,2.0,0,1
383c6cb0-0b72-4b5d-9a76-bdd25c91d0cb,dd3c9c80-9a9d-4efd-a8fc-06ac9e8600c4,ab9f00ef-6d3d-4370-ab42-4ae7244ce3b0,2025-03-21T08:47:00,1,0,1,0,1,1,1,0.8333,6,5,365.0,8,4,0,0,0,2.0,0,1
933504a5-ae5b-4526-8a40-ed90af89f0e4,a5412686-ad1b-4800-b166-5b72f3faa02d,ab9f00ef-6d3d-4370-ab42-4ae7244ce3b0,2025-03-21T08:47:00,1,0,0,0,1,1,1,1.0,6,6,124.0,8,4,0,0,0,2.0,0,1
6c5465a4-2c39-4f45-a8e8-b86fb71c7112,4ac85ad1-81f9-4db3-a7c9-2bd4d3df0e31,ab9f00ef-6d3d-4370-ab42-4ae7244ce3b0,2025-03-21T08:51:00,1,0,0,0,1,1,1,0.875,8,7,160.0,8,4,0,0,0,2.0,0,1
a3255490-8591-45f9-98a2-d0acafe07057,4e738475-88e6-4df8-90b2-45dacfb7c6e2,ab9f00ef-6d3d-4370-ab42-4ae7244ce3b0,2025-03-21T08:52:00,1,0,1,0,1,1,1,1.0,7,7,365.0,8,4,0,0,0,2.0,0,1
6a85e6bc-ed9b-494d-94e7-3e9ad1fa8b40,dbebf1a3-387d-417a-abcb-ebdd3d136562,905b32c2-ab78-4a44-b64c-98552a4f8e5a,2025-03-21T10:00:00,1,0,1,0,1,1,1,0.6667,6,4,202.0,10,4,0,0,1,1.0,2,1
f4263701-2a03-437c-82fc-99982e0b6d27,d6f6800e-5c63-432b-93d2-8d7c32142867,905b32c2-ab78-4a44-b64c-98552a4f8e5a,2025-03-21T10:07:00,1,0,1,0,0,1,0,0.4545,11,5,365.0,10,4,0,0,1,1.0,2,1
24b9fd49-d1ea-4b42-8266-a03c49d98345,93125440-01af-4643-ac94-7c4da12295ea,905b32c2-ab78-4a44-b64c-98552a4f8e5a,2025-03-21T10:08:00,1,0,0,0,1,1,1,0.7778,9,7,323.0,10,4,0,0,1,1.0,2,1
70727d8c-3aa4-4b34-bb2b-c36ced3c0af8,96b33493-7f4b-4752-a880-e07a1deccfc8,905b32c2-ab78-4a44-b64c-98552a4f8e5a,2025-03-21T10:10:00,1,0,0,0,1,1,0,0.8,5,4,138.0,10,4,0,0,1,1.0,2,1
fda3e2a0-8c9d-4f60-b120-852aa099de11,3f562206-66c9-45c7-94e1-a9dfde284d1b,905b32c2-ab78-4a44-b64c-98552a4f8e5a,2025-03-21T10:12:00,1,0,0,0,1,1,1,1.0,2,2,125.0,10,4,0,0,1,1.0,2,1
4e17185b-b9ba-4ab9-9535-8f06b5704c70,d6b5ae43-d86a-4b5f-abd6-b4e06091ee44,f4c2a40b-5ba2-40ea-a52c-3dba4690ba4e,2025-03-21T12:50:00,1,0,1,0,1,1,1,0.75,12,9,512.0,12,4,0,0,1,3.0,2,1
852c4a30-9569-418b-b4ee-63e3b32479fd,16199d23-baa8-4292-b1d9-9b27b201daa1,f4c2a40b-5ba2-40ea-a52c-3dba4690ba4e,2025-03-21T12:52:00,1,0,0,0,1,0,1,1.0,3,3,183.0,12,4,0,0,1,3.0,2,1
82b3a170-572b-4405-825f-e31e47fe0477,e00b0ffc-7f24-4a41-8150-e710ef1d3730,f4c2a40b-5ba2-40ea-a52c-3dba4690ba4e,2025-03-21T12:57:00,1,0,0,0,1,1,1,0.6667,6,4,360.0,12,4,0,0,1,3.0,2,1
5deb908e-139f-4e2b-bb81-9ee6912f4913,4ca593a6-6883-4ff4-b14b-a47593e71ecc,ebaf8d2e-ab05-4c8c-b7b8-4597d4037d57,2025-03-21T21:21:00,1,1,1,0,1,1,1,0.7778,9,7,180.0,21,4,0,0,0,4.0,3,1
35ecba77-3bf1-430a-be3b-e3e8d293eccc,d25bbe98-216b-4faf-8f76-0d3dd2269a66,ebaf8d2e-ab05-4c8c-b7b8-4597d4037d57,2025-03-21T21:23:00,1,1,1,0,1,0,1,1.0,3,3,365.0,21,4,0,0,0,4.0,3,1
8d9fe921-fdad-4c18-a0a1-2a9196d8b578,b1b36f5b-7867-499a-abe3-c46756bb926a,ebaf8d2e-ab05-4c8c-b7b8-4597d4037d57,2025-03-21T21:23:00,0,0,0,0,1,1,1,1.0,3,3,122.0,21,4,0,0,0,4.0,3,1
549e2349-f322-4302-8824-33676edb30c7,ff447bf1-e688-4eb7-ba18-cdcef5b86e01,ebaf8d2e-ab05-4c8c-b7b8-4597d4037d57,2025-03-21T21:26:00,1,0,1,0,1,1,1,0.75,4,3,241.0,21,4,0,0,0,4.0,3,1
1684f624-04a7-412e-8ba3-0afe077572dd,ed732f11-698a-40e6-8fab-9a1b078261d2,17261f99-70dc-4b52-9fd6-85eb3d3bac65,2025-03-22T01:33:00,1,0,1,0,1,1,0,1.0,4,4,365.0,1,5,1,1,0,2.0,1,1
1af152bb-fb4c-4874-b171-25d7d96a9910,a12f0067-a0a7-4294-ae23-d9759cd6beb6,17261f99-70dc-4b52-9fd6-85eb3d3bac65,2025-03-22T01:33:00,1,1,1,0,1,1,1,0.5714,7,4,164.0,1,5,1,1,0,2.0,1,1
6b0c4661-e2d6-455e-a992-8507333c2864,a92ac821-12c7-40b8-bbb8-e287da0564eb,17261f99-70dc-4b52-9fd6-85eb3d3bac65,2025-03-22T01:38:00,1,0,0,0,1,1,1,0.5,6,3,365.0,1,5,1,1,0,2.0,1,1
788165e1-1249-48d2-aed8-9f62018e84a8,ca5ce99f-cf40-4ef6-9c3d-4a4177383ff2,17261f99-70dc-4b52-9fd6-85eb3d3bac65,2025-03-22T01:39:00,1,0,1,0,1,0,1,0.8333,6,5,365.0,1,5,1,1,0,2.0,1,1
4a2dfca3-d4b4-4b0e-8104-3a4705d45ed9,05088ba7-5428-4853-8cc9-e76f460fddd4,17261f99-70dc-4b52-9fd6-85eb3d3bac65,2025-03-22T01:42:00,1,1,1,0,1,1,1,0.5,4,2,209.0,1,5,1,1,0,2.0,1,1
23736ba4-46e8-4bb7-889e-e69e57cd80c9,0f0a17e5-ee39-4b55-89bf-da47d9347eab,2ff23ddc-72dd-4487-86ca-460fc9f4a443,2025-03-22T04:02:00,0,0,0,0,1,1,0,0.5,8,4,127.0,4,5,1,1,0,1.0,2,1
66f60c05-4238-4713-bc0b-76eb55014861,c1c99edc-e331-448e-a7ab-7b7fcb4ae4e7,2ff23ddc-72dd-4487-86ca-460fc9f4a443,2025-03-22T04:03:00,1,0,1,1,1,1,1,1.0,4,4,266.0,4,5,1,1,0,1.0,2,1
2952d14f-0c55-4721-b774-5e981788166e,ba816062-c1ac-43da-97de-4c1216324bb5,51abde2c-d4a5-48fd-92af-954cda849000,2025-03-22T05:09:00,0,0,0,0,1,1,1,0.5714,7,4,190.0,5,5,1,1,0,3.0,2,0
80edac65-1bab-4233-a0ae-5895103e91b6,0b47310a-57de-411d-a3af-67fcc8e4038f,51abde2c-d4a5-48fd-92af-954cda849000,2025-03-22T05:13:00,1,1,1,0,1,1,1,1.0,4,4,432.0,5,5,1,1,0,3.0,2,0
3ac3911c-b990-4cfc-87de-e926ec10b0c4,664b1167-88df-4fdd-afcb-3e9296fb4ad6,51abde2c-d4a5-48fd-92af-954cda849000,2025-03-22T05:14:00,1,1,1,0,1,1,1,1.0,8,8,207.0,5,5,1,1,0,3.0,2,0
66e4d6d7-8c45-4e5b-bde1-5d4d579dab92,972c2711-206c-49a4-b763-2a7319f31c08,51abde2c-d4a5-48fd-92af-954cda849000,2025-03-22T05:14:00,1,1,1,0,1,1,1,1.0,6,6,365.0,5,5,1,1,0,3.0,2,0
1defc1ca-16ec-4503-b7b5-e7e83cb8bb82,eca2c7b8-3bf7-4912-8e53-7666a464dbfc,51abde2c-d4a5-48fd-92af-954cda849000,2025-03-22T05:17:00,1,0,0,0,1,1,1,1.0,4,4,224.0,5,5,1,1,0,3.0,2,0
e22589db-7168-446b-8959-5ded41667ad6,6b1ba131-fea8-4018-9f7b-bb75d5846414,3b6446a5-cf92-4ef2-934f-2104632fe960,2025-03-22T06:04:00,1,0,0,0,1,1,1,0.5714,7,4,365.0,6,5,1,0,0,1.0,1,1
628a21f8-c672-4645-b64a-121ff4d2e468,f63c50b9-9712-4146-b62f-580951ca12c3,3b6446a5-cf92-4ef2-934f-2104632fe960,2025-03-22T06:05:00,1,1,1,0,0,1,0,0.75,4,3,116.0,6,5,1,0,0,1.0,1,1
6d6f046d-ba51-44b2-93a3-8f627c98ca5b,94906dc6-84f5-4e83-97bc-c3f5fdc665d5,3b6446a5-cf92-4ef2-934f-2104632fe960,2025-03-22T06:11:00,0,0,0,0,1,1,0,0.5,2,1,163.0,6,5,1,0,0,1.0,1,1
85bc60cb-cbc2-4592-8481-61e4d27214e0,cfdec3c3-1f55-4c1b-bf64-7c30eaf6fc9d,96191431-c139-4228-bebb-c44ea524e8d0,2025-03-22T07:40:00,1,0,1,0,1,1,1,1.0,3,3,123.0,7,5,1,0,0,2.0,1,0
8ae6be1f-c227-4e87-aac7-3bafefbf0914,c6725451-3108-4aec-a1da-c4cd931af67d,96191431-c139-4228-bebb-c44ea524e8d0,2025-03-22T07:40:00,1,0,1,0,1,1,0,0.6,5,3,365.0,7,5,1,0,0,2.0,1,0
d26ef398-e0ce-48c0-9b11-ab8cf58268f0,34dc13fa-a9a1-4b88-8692-d63511225a68,96191431-c139-4228-bebb-c44ea524e8d0,2025-03-22T07:41:00,1,0,1,0,1,1,1,1.0,8,8,325.0,7,5,1,0,0,2.0,1,0
67419e0e-bea7-4ca5-b36a-e0cc8d009508,a77bcc83-4a3d-492d-bcd8-592aba88fc9d,96191431-c139-4228-bebb-c44ea524e8d0,2025-03-22T07:42:00,1,1,1,0,1,0,1,0.5,8,4,123.0,7,5,1,0,0,2.0,1,0
1395795b-e990-4317-999f-a6ed49b10085,ed732f11-698a-40e6-8fab-9a1b078261d2,8d26d880-d9b0-4d3c-9969-d488c989b7fa,2025-03-22T12:04:00,1,0,1,0,1,1,0,1.0,5,5,365.0,12,5,1,0,0,4.0,1,1
0049cdc5-6dda-4bca-99b7-20209dcd1fab,a12f0067-a0a7-4294-ae23-d9759cd6beb6,8d26d880-d9b0-4d3c-9969-d488c989b7fa,2025-03-22T12:05:00,1,1,1,0,1,1,1,0.625,8,5,164.0,12,5,1,0,0,4.0,1,1
1740094c-f113-4ecb-a3e0-972655339d39,d2112070-a709-4a6f-a1fe-b83a282d0da2,8d26d880-d9b0-4d3c-9969-d488c989b7fa,2025-03-22T12:07:00,1,0,1,0,1,1,1,0.8333,6,5,365.0,12,5,1,0,0,4.0,1,1
a747b435-405c-4562-8efb-7d1fbbdd11e2,eb9471c8-ba19-42a2-94b9-9a533ce84d63,eb4a5feb-11cb-4d09-b96d-1b893ca760c7,2025-03-22T14:20:00,1,0,1,0,1,1,1,0.75,4,3,424.0,14,5,1,0,0,3.0,2,1
b657e813-847f-4ebd-968b-255a5763b594,eeafa879-969e-4fb1-b5cc-4bb4d3216e00,eb4a5feb-11cb-4d09-b96d-1b893ca760c7,2025-03-22T14:24:00,1,1,1,0,1,1,1,1.0,5,5,225.0,14,5,1,0,0,3.0,2,1
f1132e9b-48d8-4e4a-9c69-83fb1c74224c,e5932f7a-3ade-43d3-b57c-3dd00eae2d48,eb4a5feb-11cb-4d09-b96d-1b893ca760c7,2025-03-22T14:25:00,1,1,1,0,0,1,1,0.6667,3,2,151.0,14,5,1,0,0,3.0,2,1
00176f36-cbc6-49b6-aaac-0d14e396dea0,bf160ba0-ac86-4d11-b5e7-904beff9cc2d,eb4a5feb-11cb-4d09-b96d-1b893ca760c7,2025-03-22T14:26:00,1,0,1,0,1,1,1,0.875,8,7,269.0,14,5,1,0,0,3.0,2,1
c6f8b566-471f-44e0-b8f3-8b4b6125c758,c9dc82a9-929e-4f50-b5b7-c81e47b0668c,eb4a5feb-11cb-4d09-b96d-1b893ca760c7,2025-03-22T14:29:00,1,1,1,0,1,1,0,0.5,4,2,148.0,14,5,1,0,0,3.0,2,1
b32e13ec-4d00-42b7-b23d-405d6edae456,aa77487c-31e8-47c0-83d6-5c4fb9f9dc95,eb4a5feb-11cb-4d09-b96d-1b893ca760c7,2025-03-22T14:30:00,0,0,1,0,1,1,0,0.3333,6,2,304.0,14,5,1,0,0,3.0,2,1
a46adb8f-1eca-4316-b2c3-850aba4b59a5,b61abfe1-9a4f-45c1-ac54-daa9a9a0b274,e9ac93cc-45e0-4c96-83ef-c295a6d86f86,2025-03-22T15:48:00,0,0,0,0,1,0,1,0.4,5,2,203.0,15,5,1,0,0,2.0,1,0
c27ffd16-c015-4979-9bdf-4520aacba7a1,35a960a1-e1aa-45db-8043-5650f7e73b8c,e9ac93cc-45e0-4c96-83ef-c295a6d86f86,2025-03-22T15:51:00,0,0,1,1,1,0,1,0.3333,6,2,113.0,15,5,1,0,0,2.0,1,0
f3ae02cf-da83-492e-a2a9-06c1e5a18cf8,e407e92f-fbeb-4577-975a-db39c26f5872,e9ac93cc-45e0-4c96-83ef-c295a6d86f86,2025-03-22T15:55:00,1,0,1,1,1,1,1,0.8571,7,6,279.0,15,5,1,0,0,2.0,1,0
8ffc02b5-7d70-4e55-ad6c-9b3550a36e85,1693939d-11cb-4a60-bfb6-8f2fec00eb4f,e9ac93cc-45e0-4c96-83ef-c295a6d86f86,2025-03-22T15:56:00,1,0,1,0,1,1,1,0.8,5,4,189.0,15,5,1,0,0,2.0,1,0
2ca4bd57-26b2-46a1-a20f-d62ec8bfbf3f,f4f6b626-e397-4f44-8dde-9d51ac118ff6,e9ac93cc-45e0-4c96-83ef-c295a6d86f86,2025-03-22T15:57:00,0,0,1,0,1,1,1,1.0,3,3,302.0,15,5,1,0,0,2.0,1,0
ad619c38-b926-4431-a953-bf55b7caa2a1,443aebc7-b493-44c6-bde3-762b445ca7e3,e9ac93cc-45e0-4c96-83ef-c295a6d86f86,2025-03-22T15:59:00,1,1,1,0,0,1,1,1.0,4,4,365.0,15,5,1,0,0,2.0,1,0
2eb7c118-c0ca-4a83-a580-a6e77ea05b11,8149a5a0-b1e9-4bb0-a980-b7f5bdcb02a4,8dddc8e3-5d0a-4343-ada6-701a1dc72104,2025-03-22T17:47:00,1,0,0,0,1,1,1,0.875,8,7,125.0,17,5,1,0,0,6.0,0,0
79556abe-0c04-49ca-b96e-c373da5718a1,f2f92179-5d28-4944-970e-4735cb6d6a92,8dddc8e3-5d0a-4343-ada6-701a1dc72104,2025-03-22T17:49:00,0,0,0,0,1,1,0,0.8333,6,5,169.0,17,5,1,0,0,6.0,0,0
95b5de44-e7a8-4b4c-a870-9ee716f73273,e30fd279-849b-4132-8b55-debf0747d8c4,35fc3cd3-d999-4e9d-b091-57a100947e12,2025-03-22T18:59:00,1,1,1,0,1,1,1,0.6667,3,2,139.0,18,5,1,0,0,4.0,2,1
4070074b-ee64-496b-8a59-d8ea2d8d1bc1,6ba5036b-8e59-4341-9bc3-f959ef8d8360,35fc3cd3-d999-4e9d-b091-57a100947e12,2025-03-22T19:00:00,1,0,0,0,1,1,1,1.0,4,4,365.0,19,5,1,0,0,4.0,2,1
88388d0a-7016-416f-9993-95adb0d3de68,edf481eb-bab0-46c2-a7e6-67b59a510550,5fb14c31-303f-4872-b3d1-8176a4081507,2025-03-22T19:21:00,1,1,1,0,1,1,1,1.0,3,3,251.0,19,5,1,0,0,4.0,0,0
8ec31f95-8e4c-46f1-aec4-dbc3530970b6,985ab403-ddfd-47f6-9b98-9ce2f7dcd16e,245626fa-0807-4c5b-943c-276c6c988876,2025-03-22T19:21:00,1,0,1,1,1,1,0,0.875,8,7,193.0,19,5,1,0,0,4.0,2,0
ccf5ae45-7fc5-480d-b8d3-6bcae138def6,5d69d39a-573c-4fc2-b61f-084eeb974f10,245626fa-0807-4c5b-943c-276c6c988876,2025-03-22T19:22:00,0,0,0,0,1,0,1,0.2,5,1,365.0,19,5,1,0,0,4.0,2,0
c4249ce4-e2bd-4a8b-a4d3-a37d63b0591d,72d80153-ab97-4442-b132-ccdf469ad157,5fb14c31-303f-4872-b3d1-8176a4081507,2025-03-22T19:24:00,1,1,1,0,0,1,1,0.7143,7,5,171.0,19,5,1,0,0,4.0,0,0
15e117b2-a362-49ce-9870-93ee837e8c2f,5849a59e-7a49-4c31-a079-4e89867a7e98,245626fa-0807-4c5b-943c-276c6c988876,2025-03-22T19:29:00,0,0,1,0,1,1,1,1.0,5,5,289.0,19,5,1,0,0,4.0,2,0
3db2fa6b-db2f-4f7b-b229-bc9c3875bb2e,0bd74d79-c6ed-4e86-a612-e698b486ec29,336fba1e-bc43-43de-a03a-a6d36f778b7e,2025-03-22T22:06:00,1,0,1,0,1,1,1,0.8333,6,5,482.0,22,5,1,1,0,6.0,1,0
d3bd2589-839c-4630-b0e1-6d3d95dbe823,1bb18a0a-a6b4-48df-9096-d512f9773d9b,336fba1e-bc43-43de-a03a-a6d36f778b7e,2025-03-22T22:10:00,0,0,0,0,1,1,1,1.0,1,1,365.0,22,5,1,1,0,6.0,1,0
4df4fea6-712c-4b9d-b315-bee67cff73b5,64037712-470c-40c3-b34b-66128b93e18d,336fba1e-bc43-43de-a03a-a6d36f778b7e,2025-03-22T22:12:00,0,0,0,0,1,1,0,1.0,1,1,365.0,22,5,1,1,0,6.0,1,0
521aceea-16ae-4973-85ca-d88d1b985d3a,30c6a854-5681-4fda-b9bc-b5f82a1567dc,336fba1e-bc43-43de-a03a-a6d36f778b7e,2025-03-22T22:13:00,0,1,1,0,1,0,1,0.5,2,1,162.0,22,5,1,1,0,6.0,1,0
fec871cc-ddd3-4de4-82a6-45ef567aca08,804fa05c-3d11-4c0b-acfe-70a082a82e75,336fba1e-bc43-43de-a03a-a6d36f778b7e,2025-03-22T22:16:00,1,0,1,0,1,1,1,1.0,3,3,383.0,22,5,1,1,0,6.0,1,0
fd22d09f-07a5-426e-8641-0530924c6d5d,4f49c613-b4ef-4840-9fd7-f80f9f0d844d,2f65dc92-9866-4eef-b01b-34e0c0c2501e,2025-03-23T00:30:00,1,1,1,0,1,1,1,0.6,5,3,187.0,0,6,1,1,0,2.0,1,1
134a0a48-5dec-4500-9138-6ca60671330a,54644cdc-6eb6-4ce1-ace4-1ba0ab1ae36a,2f65dc92-9866-4eef-b01b-34e0c0c2501e,2025-03-23T00:32:00,1,1,1,0,0,1,1,0.5,2,1,524.0,0,6,1,1,0,2.0,1,1
8edc41b8-b60b-418d-b0f3-fe3cab9e58f1,02e664d4-0b6a-4921-9a18-18529c0b46fb,2f65dc92-9866-4eef-b01b-34e0c0c2501e,2025-03-23T00:33:00,1,0,1,0,1,1,1,0.8,5,4,365.0,0,6,1,1,0,2.0,1,1
419eef5d-1de7-47f9-b504-8d172c96dc3e,76c87fab-4634-487d-a03f-d4c7ee94749e,2f65dc92-9866-4eef-b01b-34e0c0c2501e,2025-03-23T00:40:00,1,1,1,0,1,0,1,0.5,6,3,158.0,0,6,1,1,0,2.0,1,1
8a5bbd90-54ee-45c5-ab36-8e3fcdfe4b32,caedcc90-6c34-4e03-8f0b-b86ff3cda6a7,2f65dc92-9866-4eef-b01b-34e0c0c2501e,2025-03-23T00:43:00,1,0,1,0,1,1,1,1.0,6,6,241.0,0,6,1,1,0,2.0,1,1
3b79b63f-97d6-4d60-8edc-99681c2aef19,614d0845-b187-40ca-a14f-5c975fccd81c,0f73b7e0-453a-4a31-9dbe-e3e2c37d94d0,2025-03-23T11:44:00,1,0,1,1,1,0,1,1.0,4,4,231.0,11,6,1,0,0,3.0,3,1
42c8b0c3-f9a2-4506-b790-d464ccb4c29c,76c87fab-4634-487d-a03f-d4c7ee94749e,0f73b7e0-453a-4a31-9dbe-e3e2c37d94d0,2025-03-23T11:46:00,0,0,0,0,1,0,1,0.5714,7,4,158.0,11,6,1,0,0,3.0,3,1
07708e43-817a-47b7-b249-0fe83a62cf6b,56cb3f18-5215-48ce-a5e3-0cd1a2498d02,0f73b7e0-453a-4a31-9dbe-e3e2c37d94d0,2025-03-23T11:51:00,0,0,0,0,1,1,1,1.0,5,5,111.0,11,6,1,0,0,3.0,3,1
2a3065e1-ac49-4774-8167-88dbdba61701,78b96bf4-a937-44e7-9a3a-544dd63de549,784d1881-4b70-4aa7-ac0b-527b53ba0b01,2025-03-23T12:09:00,1,1,1,0,1,1,0,0.0,4,0,224.0,12,6,1,0,0,2.0,2,0
b2929436-ab9d-401d-ab02-a7a37d377ec7,c2d25642-919c-4075-a54a-aedcf9642a56,784d1881-4b70-4aa7-ac0b-527b53ba0b01,2025-03-23T12:13:00,1,1,1,0,1,1,0,0.5,6,3,271.0,12,6,1,0,0,2.0,2,0
f3692fff-e89a-40a0-b9d0-e761abcca829,ef2b35e1-aedc-4a84-a9b0-5f90c4eca927,784d1881-4b70-4aa7-ac0b-527b53ba0b01,2025-03-23T12:13:00,1,1,1,0,1,1,0,0.1667,6,1,365.0,12,6,1,0,0,2.0,2,0
085e2511-314a-498d-9576-e2be9fd01203,088b5742-8640-45a5-9823-8486f1015782,784d1881-4b70-4aa7-ac0b-527b53ba0b01,2025-03-23T12:16:00,0,0,1,0,1,1,0,0.8,5,4,431.0,12,6,1,0,0,2.0,2,0
bdbb1113-261a-4231-bea7-070fb77f90e6,73461d9a-b17a-4f20-a132-39ca2f8c91ed,784d1881-4b70-4aa7-ac0b-527b53ba0b01,2025-03-23T12:22:00,0,0,0,0,1,1,1,0.6,5,3,111.0,12,6,1,0,0,2.0,2,0
38471ab5-645c-452b-a664-c155d1a02b98,c1c99edc-e331-448e-a7ab-7b7fcb4ae4e7,e2a24c33-0034-4486-bf45-2cb404974b50,2025-03-23T16:30:00,1,0,1,1,1,1,1,1.0,5,5,267.0,16,6,1,0,0,3.0,2,0
14e4cafe-ccc8-4877-a268-8e33b43fb790,4b933cd5-19a8-4e2e-8322-78978d1bb4b2,49a1815e-ffef-4e88-b325-9dda80dd698c,2025-03-23T16:36:00,0,1,1,0,1,0,1,0.8333,6,5,365.0,16,6,1,0,0,6.0,2,1
6615c5b8-05ab-431b-aeec-6f3e512c80ce,6750ba86-aaa8-423d-a650-9ae8bc37d902,49a1815e-ffef-4e88-b325-9dda80dd698c,2025-03-23T16:36:00,1,0,0,0,1,1,1,0.5714,7,4,365.0,16,6,1,0,0,6.0,2,1
7d9df1b5-2cda-4d21-8362-9b97dd8265af,bfe8f73a-9210-4c1c-b628-3cea7b8977ae,e2a24c33-0034-4486-bf45-2cb404974b50,2025-03-23T16:40:00,1,0,0,0,1,1,0,0.3333,9,3,365.0,16,6,1,0,0,3.0,2,0
b3373c7c-2568-4826-814b-daa7f5f4fe14,b649daf0-45a0-4879-bceb-08f29bf19ce2,e2a24c33-0034-4486-bf45-2cb404974b50,2025-03-23T16:43:00,1,0,1,0,1,1,1,1.0,6,6,281.0,16,6,1,0,0,3.0,2,0
54889cd8-b831-44c8-a4d0-1cd30277666a,309497b0-41ad-483a-a10a-7040ec34710d,93aeb967-cc94-465f-80d1-96d056b79399,2025-03-23T18:18:00,0,1,1,0,1,1,0,0.4,5,2,221.0,18,6,1,0,0,6.0,1,0
403adf0c-1427-4733-a0e7-a254a109c680,c2a90a3b-30e9-4457-987f-0a655b5556d2,93aeb967-cc94-465f-80d1-96d056b79399,2025-03-23T18:19:00,1,0,1,0,1,1,1,1.0,5,5,168.0,18,6,1,0,0,6.0,1,0
d1b42ca0-5a39-44e9-a1fe-25e30e8bbff7,03e883fa-634d-4ebc-8db3-ff97e5ec7eb2,93aeb967-cc94-465f-80d1-96d056b79399,2025-03-23T18:19:00,0,1,1,0,0,1,0,0.3333,3,1,244.0,18,6,1,0,0,6.0,1,0
412b9b21-447d-4f3a-ae15-fb102fc4ce49,cde8f468-ab23-43e9-8462-c07f508baa7f,93aeb967-cc94-465f-80d1-96d056b79399,2025-03-23T18:27:00,1,0,0,0,0,1,1,1.0,3,3,811.0,18,6,1,0,0,6.0,1,0
d32eec09-e0cc-479a-ba09-18f7fb3c5b2e,6020fc90-bb4f-4cf6-939b-6d7429d5d3a1,aefb5db9-ebf7-4315-a7cf-dc53ceff5898,2025-03-23T19:15:00,0,0,0,0,1,1,0,0.5,2,1,365.0,19,6,1,0,0,2.0,0,1
7b125ca2-08c9-4a10-a566-868d08940298,0db56994-7b77-4dee-bd9c-894ba39fcd46,aefb5db9-ebf7-4315-a7cf-dc53ceff5898,2025-03-23T19:23:00,0,0,0,0,1,1,0,0.8333,6,5,172.0,19,6,1,0,0,2.0,0,1
6f7a529f-13ac-45b3-8b52-8c313562f4b7,58d8deb5-5531-43c5-81ae-7352d2d2b8c9,aefb5db9-ebf7-4315-a7cf-dc53ceff5898,2025-03-23T19:25:00,1,0,0,0,1,1,1,0.4,5,2,365.0,19,6,1,0,0,2.0,0,1
9d4a90ad-d70e-4163-b0d4-9e06a010671f,30c6a854-5681-4fda-b9bc-b5f82a1567dc,aefb5db9-ebf7-4315-a7cf-dc53ceff5898,2025-03-23T19:27:00,1,0,0,0,1,0,1,0.3333,3,1,163.0,19,6,1,0,0,2.0,0,1
53682ee0-86d1-43b0-828a-74b6a02d3e5e,d239a4ec-9007-41bc-a9af-3ceae895f0c0,8390e9aa-0e1a-4197-bf22-32825eb25a9b,2025-03-24T12:35:00,0,0,0,0,1,1,1,0.6,5,3,122.0,12,0,0,0,1,4.0,1,1
2524b3ec-1fff-42f5-bcef-f0ae91f12466,cfca1fba-b8fd-43a2-8e84-7c868fae649d,8390e9aa-0e1a-4197-bf22-32825eb25a9b,2025-03-24T12:36:00,1,0,1,1,1,1,1,1.0,3,3,365.0,12,0,0,0,1,4.0,1,1
6b04942e-b60c-4be2-b9bb-fcb08702d0ee,c26464e8-28b6-4923-b2ea-5e7dbf4e5c58,8390e9aa-0e1a-4197-bf22-32825eb25a9b,2025-03-24T12:41:00,1,1,1,0,0,0,1,0.8,5,4,365.0,12,0,0,0,1,4.0,1,1
8b57ae20-fb59-4df3-9585-ef2a4e62abd9,8aadad3e-4591-4c88-a738-78b84530fbda,8390e9aa-0e1a-4197-bf22-32825eb25a9b,2025-03-24T12:41:00,1,1,1,0,1,1,1,0.8333,6,5,328.0,12,0,0,0,1,4.0,1,1
7c4f8797-dead-4031-8e33-6069edaf6586,273ddb7f-7af3-44a5-b945-f6705e9f338f,8390e9aa-0e1a-4197-bf22-32825eb25a9b,2025-03-24T12:42:00,1,0,0,0,1,1,0,0.3333,6,2,198.0,12,0,0,0,1,4.0,1,1
aa7d16f1-33cd-4030-9689-4595ff0c0f36,b28c5ded-195b-4262-9bb7-b808a353150d,21b1b222-6d26-4cf0-b4a9-bdd8dc0081ab,2025-03-24T15:19:00,1,1,1,0,1,1,1,0.75,4,3,167.0,15,0,0,0,1,2.0,0,1
e2d79b17-9da2-4202-b483-fe2e2350bf4c,edf481eb-bab0-46c2-a7e6-67b59a510550,21b1b222-6d26-4cf0-b4a9-bdd8dc0081ab,2025-03-24T15:23:00,1,1,1,0,1,1,1,1.0,4,4,253.0,15,0,0,0,1,2.0,0,1
addc51ae-e4b3-488d-a27a-d76b3a72fa34,cf15cd3c-d017-49b8-af4a-bd4471976dd4,21b1b222-6d26-4cf0-b4a9-bdd8dc0081ab,2025-03-24T15:24:00,1,1,1,0,1,1,1,1.0,5,5,327.0,15,0,0,0,1,2.0,0,1
66c948f2-a606-43fc-b9e6-0a3cdd8a8e41,f6556829-5e66-4e5a-aff5-3233c86566a8,21b1b222-6d26-4cf0-b4a9-bdd8dc0081ab,2025-03-24T15:25:00,1,0,0,0,1,0,1,0.8,5,4,179.0,15,0,0,0,1,2.0,0,1
8ec5b31d-018a-4c01-9971-3d7eaaf701f1,556bf703-12c9-40e6-98a3-1835bb3d53a7,21b1b222-6d26-4cf0-b4a9-bdd8dc0081ab,2025-03-24T15:28:00,0,0,0,0,1,1,0,0.0,2,0,365.0,15,0,0,0,1,2.0,0,1
73199128-078b-4feb-8eba-fccb02e30f52,f609cf6c-d0e4-48e5-9d6b-2cb379d2f51c,21b1b222-6d26-4cf0-b4a9-bdd8dc0081ab,2025-03-24T15:29:00,1,1,1,0,1,1,1,0.8333,6,5,365.0,15,0,0,0,1,2.0,0,1
2485c82e-bd7b-4c65-9888-8aa76bb1f2ae,4b933cd5-19a8-4e2e-8322-78978d1bb4b2,e8bf2962-31f1-47f7-9fc9-54e51bccaba9,2025-03-24T16:43:00,1,0,1,0,1,0,1,0.7143,7,5,365.0,16,0,0,0,1,4.0,2,1
76c3d00b-d1d2-420f-91ba-c69a1b35aec8,fe22cac5-c785-4cc2-a706-9b3cbd277ddf,e8bf2962-31f1-47f7-9fc9-54e51bccaba9,2025-03-24T16:43:00,1,0,1,0,1,1,1,1.0,5,5,306.0,16,0,0,0,1,4.0,2,1
9236e2bf-6279-474e-bc5b-cfef1649cf3f,78548b9a-a9e8-46f5-9d4b-45f2377b352b,e8bf2962-31f1-47f7-9fc9-54e51bccaba9,2025-03-24T16:49:00,1,1,1,0,1,0,1,0.6667,3,2,346.0,16,0,0,0,1,4.0,2,1
988a9259-d14a-40f6-98ef-e14fa459befe,3f562206-66c9-45c7-94e1-a9dfde284d1b,2fb86129-d71b-47b6-9819-51c3cb7b8f29,2025-03-24T17:18:00,1,0,0,0,1,1,1,1.0,3,3,128.0,17,0,0,0,1,6.0,3,0
5cd1fb6e-4668-4d7d-a6b6-9217afcfbfd3,3b9f8b84-9d78-41c0-8faf-289fde279e85,2fb86129-d71b-47b6-9819-51c3cb7b8f29,2025-03-24T17:20:00,1,0,0,0,1,1,1,1.0,1,1,363.0,17,0,0,0,1,6.0,3,0
806effd3-fda8-4988-9b23-dc4c1f4a0573,77328cba-6ede-4bbd-b0b3-4810c8e8f09e,ce3cc905-6a19-49cd-9469-44318245997c,2025-03-24T23:16:00,0,0,0,0,1,1,0,0.75,4,3,162.0,23,0,0,1,0,2.0,1,1
ce79e6dc-f634-4781-88a8-8bb82d482a6c,bbaea4a2-227b-4e8f-9f8b-61615adfff9f,ce3cc905-6a19-49cd-9469-44318245997c,2025-03-24T23:19:00,1,0,1,0,1,1,1,1.0,5,5,155.0,23,0,0,1,0,2.0,1,1
4951d004-7b3a-416f-9d29-1c7ec2986289,a9192324-9347-4f6f-998a-20066ce0209e,ce3cc905-6a19-49cd-9469-44318245997c,2025-03-24T23:26:00,1,0,0,0,1,1,0,0.25,4,1,306.0,23,0,0,1,0,2.0,1,1
44cbde04-c34b-4d74-a025-536998791efb,8d54dd37-108d-4ec9-87e8-552d73629a00,fe586324-3972-402a-b367-a52a6494c9c4,2025-03-25T07:05:00,0,1,1,0,1,1,0,0.6,5,3,375.0,7,1,0,0,0,6.0,1,0
659c82ee-8dc9-49dd-97a1-7621a98da863,c57abeef-b6d8-4cf7-ae50-3774b55c6768,fe586324-3972-402a-b367-a52a6494c9c4,2025-03-25T07:08:00,1,1,1,0,1,1,0,0.6,5,3,161.0,7,1,0,0,0,6.0,1,0
db9c1217-2400-4161-ba5c-179b8c3d3f9c,91080d43-a198-4089-b53a-109a95c5e635,f8fdee94-ea29-4e88-911a-4da98e0439d7,2025-03-25T10:08:00,1,0,1,0,1,1,1,0.8,5,4,230.0,10,1,0,0,1,4.0,1,0
4c1c001c-4ece-45ee-be8a-68bc774c9a31,40e2e31f-1e2d-4f70-9de8-91ad096fe41a,f8fdee94-ea29-4e88-911a-4da98e0439d7,2025-03-25T10:14:00,1,1,1,0,1,1,1,0.6667,6,4,130.0,10,1,0,0,1,4.0,1,0
3eb5571b-9b62-4176-9c63-7e0b659f1247,64333604-4c8c-43e1-a6e9-7c4582414c02,f8fdee94-ea29-4e88-911a-4da98e0439d7,2025-03-25T10:19:00,1,0,1,0,1,1,1,1.0,4,4,221.0,10,1,0,0,1,4.0,1,0
922d02cf-02f5-4739-8668-98f4a6c074e9,4a804056-cd59-4216-97bd-e4bb6eaee651,48c0c442-cf12-4a4f-8524-10e8bd31c220,2025-03-25T10:22:00,1,0,0,0,1,1,1,0.5,2,1,365.0,10,1,0,0,1,6.0,1,1
a9ce24b4-6fc8-4043-a84b-11a52af3ed13,0f0a17e5-ee39-4b55-89bf-da47d9347eab,48c0c442-cf12-4a4f-8524-10e8bd31c220,2025-03-25T10:30:00,1,0,0,0,1,1,0,0.4444,9,4,130.0,10,1,0,0,1,6.0,1,1
f2c0c02e-7863-4b4a-8a7e-ccfb3cdd280e,2d57212f-e718-4f41-a96c-e064f42d3047,8b4e4e2c-57be-4c6b-8b4c-c94af8b69b9a,2025-03-25T14:01:00,1,0,0,0,1,1,1,1.0,2,2,165.0,14,1,0,0,1,6.0,3,1
851495ee-9a1e-484b-bedc-d2dc62f7d7a2,1f639402-8dc8-4776-97e8-d35510b12cd1,8b4e4e2c-57be-4c6b-8b4c-c94af8b69b9a,2025-03-25T14:09:00,1,0,0,0,1,1,1,0.8333,6,5,429.0,14,1,0,0,1,6.0,3,1
72015b77-eb2e-4a04-aef0-805074944fb3,fffc883c-1676-4f1c-b98e-5562be4b53e2,0b9a8b8b-9334-4b3d-b1e2-323bae30d27b,2025-03-25T15:08:00,1,0,0,0,1,1,1,0.5,4,2,197.0,15,1,0,0,1,3.0,3,1
9dce7117-efe1-43c0-b649-f9605596ddcf,88dfaec5-4862-48de-a187-81674968acbd,0b9a8b8b-9334-4b3d-b1e2-323bae30d27b,2025-03-25T15:10:00,1,0,0,0,1,1,1,1.0,3,3,365.0,15,1,0,0,1,3.0,3,1
a929596a-bc95-4b70-8d32-0fa8eaeccbc9,2e3af94c-8ff5-4a35-ac8a-571d4fa070d4,0b9a8b8b-9334-4b3d-b1e2-323bae30d27b,2025-03-25T15:11:00,1,0,0,0,1,1,1,0.7273,11,8,365.0,15,1,0,0,1,3.0,3,1
b1fc9021-2863-4e9d-919b-9da6c9928635,748bd135-2aa2-42af-9ae8-8edfadd6d30f,0b9a8b8b-9334-4b3d-b1e2-323bae30d27b,2025-03-25T15:18:00,1,0,0,0,1,1,1,0.6,5,3,172.0,15,1,0,0,1,3.0,3,1
9991cf07-1481-41b4-9f59-c0b0e276b61f,94906dc6-84f5-4e83-97bc-c3f5fdc665d5,0b9a8b8b-9334-4b3d-b1e2-323bae30d27b,2025-03-25T15:21:00,1,1,1,0,1,1,0,0.3333,3,1,166.0,15,1,0,0,1,3.0,3,1
df9714fe-7822-44eb-8b55-4ab102e9dd55,56cb3f18-5215-48ce-a5e3-0cd1a2498d02,0b9a8b8b-9334-4b3d-b1e2-323bae30d27b,2025-03-25T15:21:00,1,0,0,0,1,1,1,0.8333,6,5,113.0,15,1,0,0,1,3.0,3,1
52077d21-a5c8-4869-8a10-f3f1cf38cbe1,1711dff0-5b73-4336-ae3e-5003955b231a,fd78f0c1-8061-4c5b-8f1a-d5c0fbea2fa8,2025-03-25T16:49:00,1,0,1,1,1,1,1,1.0,5,5,281.0,16,1,0,0,1,1.0,2,1
bfe8c68b-9b5d-4cb8-9033-cbc4afb30c4e,d3edbff9-b137-4f59-9b59-c049d8cda101,fd78f0c1-8061-4c5b-8f1a-d5c0fbea2fa8,2025-03-25T16:50:00,1,0,1,0,1,0,1,1.0,7,7,285.0,16,1,0,0,1,1.0,2,1
0751e255-07b7-4fda-b1e1-ee7f4c5c8e43,edf481eb-bab0-46c2-a7e6-67b59a510550,fd78f0c1-8061-4c5b-8f1a-d5c0fbea2fa8,2025-03-25T16:58:00,0,0,1,0,1,1,1,1.0,5,5,254.0,16,1,0,0,1,1.0,2,1
8bd6cb08-4170-4056-85d5-6e53927b3a0e,11955be9-03b2-4274-9002-7a2a5ae499a8,0d9c9548-36a6-4935-9af5-fe0822488fed,2025-03-25T18:12:00,0,0,0,0,1,0,0,0.25,4,1,365.0,18,1,0,0,0,6.0,3,1
df2552f3-312e-46f3-bb28-b1f15dc12ad0,12cb054b-3ad8-409d-879c-911bba186c06,0d9c9548-36a6-4935-9af5-fe0822488fed,2025-03-25T18:17:00,1,0,0,0,1,1,1,1.0,4,4,116.0,18,1,0,0,0,6.0,3,1
c7e8e993-ee5e-49ab-a546-7f5c8893304c,b34b9ff4-c6a5-4e42-9619-75d5b29e68d4,0d9c9548-36a6-4935-9af5-fe0822488fed,2025-03-25T18:18:00,1,1,1,0,1,1,0,1.0,5,5,270.0,18,1,0,0,0,6.0,3,1
b7c99b31-2aa3-4380-82ad-7bad6521266f,1f639402-8dc8-4776-97e8-d35510b12cd1,0d9c9548-36a6-4935-9af5-fe0822488fed,2025-03-25T18:20:00,1,0,0,0,1,1,1,0.8571,7,6,429.0,18,1,0,0,0,6.0,3,1
0f1f7c2e-4fac-4f8a-b0fd-19f346e5221f,cc255119-86e4-43ad-b1f0-6c24ac17d920,e10b57b0-6b1f-4cf0-893d-5bfb78e3aa76,2025-03-26T01:14:00,0,0,0,0,1,1,1,0.9,10,9,365.0,1,2,0,1,0,2.0,2,0
38e35d92-0127-4a55-895f-a9b3d740a8e6,3e9272f3-ed0f-4e1e-9e75-ffeefc9ff8be,e10b57b0-6b1f-4cf0-893d-5bfb78e3aa76,2025-03-26T01:14:00,0,0,0,0,1,1,0,1.0,4,4,351.0,1,2,0,1,0,2.0,2,0
a93ad4ff-e573-4019-a8b7-1736d61d01d0,62758655-2759-47fd-8cfb-18e44d2da35e,e10b57b0-6b1f-4cf0-893d-5bfb78e3aa76,2025-03-26T01:17:00,1,1,1,0,1,1,1,1.0,3,3,131.0,1,2,0,1,0,2.0,2,0
0aa960bf-0d45-4948-a921-5be629106241,2d67b8f1-6839-41a5-a4f9-ed87959a5394,e10b57b0-6b1f-4cf0-893d-5bfb78e3aa76,2025-03-26T01:21:00,1,0,0,0,1,1,1,1.0,3,3,171.0,1,2,0,1,0,2.0,2,0
5008c9d0-40c1-4f87-a831-5e12c1dd2650,1b195c08-15b1-40fe-af14-43f69a65bef9,e10b57b0-6b1f-4cf0-893d-5bfb78e3aa76,2025-03-26T01:21:00,1,0,1,0,1,1,1,1.0,2,2,190.0,1,2,0,1,0,2.0,2,0
2793b284-0f0c-4b7f-b32d-fb4b29f8f944,2d57212f-e718-4f41-a96c-e064f42d3047,e10b57b0-6b1f-4cf0-893d-5bfb78e3aa76,2025-03-26T01:22:00,1,0,0,0,1,1,1,1.0,3,3,166.0,1,2,0,1,0,2.0,2,0
8c836d54-27a7-4aad-8546-56ff901b1d4a,afa47c4e-62b3-4586-9824-3169d0ae4f73,e3a69f75-9f2d-43e7-a9b4-43bf8ac5f6c3,2025-03-26T08:57:00,1,0,1,0,1,1,1,0.75,8,6,365.0,8,2,0,0,0,1.0,2,0
34eaa442-2b07-4312-a59c-a7d4e248c307,b0102217-6663-410d-8e4b-e802cddf4baa,e3a69f75-9f2d-43e7-a9b4-43bf8ac5f6c3,2025-03-26T09:00:00,1,1,1,0,1,1,1,0.7143,7,5,141.0,9,2,0,0,1,1.0,2,0
1a679b56-b292-4fe3-a1b5-c284a8fa9510,6020fc90-bb4f-4cf6-939b-6d7429d5d3a1,e3a69f75-9f2d-43e7-a9b4-43bf8ac5f6c3,2025-03-26T09:04:00,1,1,1,0,1,1,0,0.3333,3,1,365.0,9,2,0,0,1,1.0,2,0
78c68137-3ef3-4135-8f96-8ff3c9510206,ba0652ab-674d-480e-b23d-7fb7301f9218,e3a69f75-9f2d-43e7-a9b4-43bf8ac5f6c3,2025-03-26T09:05:00,1,0,1,0,1,1,1,0.6667,6,4,134.0,9,2,0,0,1,1.0,2,0
9b1a5655-5661-4edb-9eed-4ec5821269c4,797a96d3-916e-44ca-9537-0bd455606d82,223f7ab4-5489-4a56-8412-6188a0e38148,2025-03-26T13:13:00,1,0,0,0,0,1,1,0.5,8,4,290.0,13,2,0,0,1,3.0,2,1
9111b49c-d33d-486f-a263-72154de8a547,87ee165d-91a2-4857-b698-c97864b7c6d5,223f7ab4-5489-4a56-8412-6188a0e38148,2025-03-26T13:19:00,1,0,0,0,1,1,0,1.0,4,4,504.0,13,2,0,0,1,3.0,2,1
63d33be7-3fb1-408f-8d57-ed2ee99234e9,19cad05e-ae8b-4d86-b026-69fbb73b2e76,2a1f53b8-4a87-4bb2-a987-ac4ec029baca,2025-03-26T13:21:00,1,0,0,0,1,1,1,0.75,8,6,250.0,13,2,0,0,1,6.0,0,1
877bad75-f750-46b5-a5d7-56cf5ad94629,7dce07a7-bf0e-49d0-8e10-0fae45654bf0,223f7ab4-5489-4a56-8412-6188a0e38148,2025-03-26T13:21:00,0,1,1,0,0,1,0,0.7,10,7,134.0,13,2,0,0,1,3.0,2,1
4fbc7627-605d-4af7-8d86-6c91bcf32694,2fe42234-9f74-4aa2-8d63-a0c3cf398172,2a1f53b8-4a87-4bb2-a987-ac4ec029baca,2025-03-26T13:26:00,1,1,1,0,0,0,1,1.0,4,4,197.0,13,2,0,0,1,6.0,0,1
b7bc88a9-10c0-4538-8604-625fe659d98f,c4a4b614-90de-4794-a555-76f6159de789,9a5fe10a-89bf-45ec-9218-91076d3d1e10,2025-03-26T19:07:00,1,0,1,0,1,1,1,1.0,4,4,249.0,19,2,0,0,0,4.0,2,1
5070b009-37ff-4154-819b-940867d29969,430aca8d-ebe3-48e3-8d2f-e1975ad23d8d,9a5fe10a-89bf-45ec-9218-91076d3d1e10,2025-03-26T19:08:00,1,0,1,0,0,1,1,1.0,3,3,365.0,19,2,0,0,0,4.0,2,1
89769158-2af5-4e7b-b763-e9f51c6df6dc,30c6a854-5681-4fda-b9bc-b5f82a1567dc,0e465d20-4bcd-451b-aaef-e2bda899f2f2,2025-03-26T20:34:00,0,0,0,0,1,0,1,0.5,4,2,166.0,20,2,0,0,0,4.0,1,1
e25af4ae-d9ce-4abe-9835-6f1ead760e4b,bf16397a-e456-456e-98bd-2730736c43f3,0e465d20-4bcd-451b-aaef-e2bda899f2f2,2025-03-26T20:35:00,1,1,1,0,1,0,1,0.4,5,2,205.0,20,2,0,0,0,4.0,1,1
90f18f47-85f8-4f44-975a-aff541de4af5,8e9081d8-32bc-44c1-9c03-cec99543a8c8,0e465d20-4bcd-451b-aaef-e2bda899f2f2,2025-03-26T20:40:00,1,1,1,0,0,1,0,1.0,2,2,256.0,20,2,0,0,0,4.0,1,1
46f17852-43c4-401f-90be-69f0658de6c3,0ad41086-120a-480a-a25e-68be9c95144c,43c4da22-8758-4f27-a87a-015127009812,2025-03-26T21:04:00,1,0,0,0,1,1,1,1.0,6,6,365.0,21,2,0,0,0,2.0,1,0
5432bd27-9c69-47ec-9a4f-4711bcdfb44b,c541fa0d-e389-41e3-8fbc-f794813f5148,43c4da22-8758-4f27-a87a-015127009812,2025-03-26T21:09:00,0,0,0,0,1,0,1,1.0,3,3,141.0,21,2,0,0,0,2.0,1,0
a4f03ac7-606e-404e-a69e-158a432e3c32,3cad9af4-3e76-49e7-a472-17fbf3b30322,86d89552-77f1-4151-a20e-c59a17c5c00a,2025-03-26T23:02:00,1,1,1,0,1,1,1,0.75,4,3,125.0,23,2,0,1,0,2.0,2,1
e53bb2ae-bf76-4ebf-ae4e-3a3ca1c599f1,6f397cf4-9959-4fad-93f5-e6397f2f273d,86d89552-77f1-4151-a20e-c59a17c5c00a,2025-03-26T23:05:00,1,1,1,0,1,1,1,1.0,7,7,387.0,23,2,0,1,0,2.0,2,1
af4cf992-4e23-4fb0-906b-d2e1c7cc0665,03eeb252-1e41-4f67-91f0-687b64393568,86d89552-77f1-4151-a20e-c59a17c5c00a,2025-03-26T23:07:00,1,0,0,0,1,1,1,0.8889,9,8,173.0,23,2,0,1,0,2.0,2,1
fd1314d6-3083-4e6b-a593-63edcdf857b1,b31f3223-35d1-446c-9991-79665d0b1ef3,86d89552-77f1-4151-a20e-c59a17c5c00a,2025-03-26T23:07:00,1,1,1,0,1,1,1,0.6667,9,6,141.0,23,2,0,1,0,2.0,2,1
4151e69e-0cff-4469-a546-28af9da7fa77,8472b4dc-b0f7-4b8e-aeb1-10bfb842eb2f,86d89552-77f1-4151-a20e-c59a17c5c00a,2025-03-26T23:09:00,1,1,1,0,1,1,0,0.75,4,3,161.0,23,2,0,1,0,2.0,2,1
ebf6af75-47c4-4bd2-aa25-941658a6791f,d25bbe98-216b-4faf-8f76-0d3dd2269a66,86d89552-77f1-4151-a20e-c59a17c5c00a,2025-03-26T23:09:00,0,0,0,0,1,0,1,1.0,4,4,365.0,23,2,0,1,0,2.0,2,1
59680925-f697-4f4a-8296-0309a8891a21,aa432f38-de85-46c8-ad80-6b3373671c95,3656ef66-5edc-41bd-95d8-276a24feaf1f,2025-03-27T00:34:00,0,0,0,0,1,0,1,0.5,8,4,267.0,0,3,0,1,0,2.0,0,1
266bdc3b-7f59-4200-acec-f8feace94fd5,d0a96683-1429-46b7-a70f-c0a765bdce73,3656ef66-5edc-41bd-95d8-276a24feaf1f,2025-03-27T00:47:00,1,1,1,0,1,1,1,0.75,4,3,172.0,0,3,0,1,0,2.0,0,1
f28390f1-1eb3-455a-8a9f-f8020dada472,c16201b1-943e-4c96-8b98-654faa1c4f67,01418a2b-4770-425b-a4c5-f927ec12cbf6,2025-03-27T02:59:00,1,0,0,0,1,1,1,1.0,1,1,131.0,2,3,0,1,0,3.0,2,0
0b8be5b6-2d1d-4955-b9bc-f12ab45f494d,7ce3dda1-de53-4002-8f7b-0cd22da8ea06,01418a2b-4770-425b-a4c5-f927ec12cbf6,2025-03-27T03:02:00,1,0,0,0,1,1,1,0.6,5,3,454.0,3,3,0,1,0,3.0,2,0
a8fed761-23d9-414f-8182-c21e1de31237,3e9272f3-ed0f-4e1e-9e75-ffeefc9ff8be,01418a2b-4770-425b-a4c5-f927ec12cbf6,2025-03-27T03:03:00,0,0,0,0,1,1,0,0.8,5,4,352.0,3,3,0,1,0,3.0,2,0
dab0cdca-63d1-49fa-b438-dd31697939ed,eda6ff35-1d22-4a35-b25d-3279ba02175c,01418a2b-4770-425b-a4c5-f927ec12cbf6,2025-03-27T03:04:00,0,0,0,0,1,1,0,0.2,5,1,119.0,3,3,0,1,0,3.0,2,0
730db947-dfee-4e15-89a5-5a7e547b2add,2ef47c0b-e8fe-448b-93ff-36c85588d2fd,01418a2b-4770-425b-a4c5-f927ec12cbf6,2025-03-27T03:10:00,1,0,0,0,1,1,1,1.0,5,5,228.0,3,3,0,1,0,3.0,2,0
03878f2e-0757-4f4c-9a7a-b2352a2719ee,2bc00f4d-1415-492e-ab45-855a39d62175,02209802-9294-4920-80c8-d7854c3fbafb,2025-03-27T07:40:00,1,0,1,0,1,0,1,0.7778,9,7,196.0,7,3,0,0,0,1.0,1,1
993bb696-a18e-4504-8d2d-83cf0543ca10,b0102217-6663-410d-8e4b-e802cddf4baa,02209802-9294-4920-80c8-d7854c3fbafb,2025-03-27T07:49:00,0,0,0,0,1,1,1,0.75,8,6,142.0,7,3,0,0,0,1.0,1,1
c986a757-4124-4393-83df-f90ff29f5d96,dc070752-162d-4ca3-ae3a-25c40e32397b,02209802-9294-4920-80c8-d7854c3fbafb,2025-03-27T07:49:00,1,0,0,0,1,1,1,0.8333,6,5,435.0,7,3,0,0,0,1.0,1,1
8ed493c9-b272-4058-ae70-81d72f13cee3,1f639402-8dc8-4776-97e8-d35510b12cd1,02209802-9294-4920-80c8-d7854c3fbafb,2025-03-27T07:52:00,1,0,0,0,1,1,1,0.875,8,7,431.0,7,3,0,0,0,1.0,1,1
f10a64b4-f134-452d-b8e4-3ea5364af8c3,4adfcc20-75f4-424d-8645-1ab7b11ade80,1448e846-5f62-44af-8ccd-16e0db4b2113,2025-03-27T15:53:00,1,1,1,0,1,1,1,0.8,5,4,189.0,15,3,0,0,1,3.0,3,1
8d2a7945-78de-4adb-a68a-eb2bf0531d83,6fe6108b-0137-4ed4-bb54-e1ed13a743e9,1448e846-5f62-44af-8ccd-16e0db4b2113,2025-03-27T16:01:00,1,0,1,0,1,1,1,1.0,4,4,323.0,16,3,0,0,1,3.0,3,1
dffe7f4f-0f18-4053-8ce9-e014a7a35385,c5f535ca-0ce9-4d6a-9653-50c63468cb62,805535fc-bde0-4277-9110-8aa052015a9d,2025-03-27T19:02:00,0,1,1,0,1,1,0,0.6,5,3,280.0,19,3,0,0,0,6.0,2,1
57e929e9-c764-4302-8324-4dfecb3ad5f3,94f4bd27-c237-4bb0-b104-cb7bb01c0fdc,805535fc-bde0-4277-9110-8aa052015a9d,2025-03-27T19:05:00,0,1,1,0,0,1,0,0.75,4,3,559.0,19,3,0,0,0,6.0,2,1
6ae8f252-ed72-402d-982f-6996dcc8578f,2d67b8f1-6839-41a5-a4f9-ed87959a5394,805535fc-bde0-4277-9110-8aa052015a9d,2025-03-27T19:07:00,1,0,0,0,1,1,1,1.0,4,4,172.0,19,3,0,0,0,6.0,2,1
32aa1cd3-e1d1-48c3-a426-c1a762b04df4,ed732f11-698a-40e6-8fab-9a1b078261d2,805535fc-bde0-4277-9110-8aa052015a9d,2025-03-27T19:12:00,0,1,1,0,1,1,0,1.0,6,6,365.0,19,3,0,0,0,6.0,2,1
94e7cac3-0639-4904-a41a-4b514234fdc6,4f49c613-b4ef-4840-9fd7-f80f9f0d844d,805535fc-bde0-4277-9110-8aa052015a9d,2025-03-27T19:12:00,1,0,0,0,1,1,1,0.6667,6,4,191.0,19,3,0,0,0,6.0,2,1
2032db4b-6235-4caa-9bf7-7d62645db600,ca5ce99f-cf40-4ef6-9c3d-4a4177383ff2,2dee4209-a6a5-4af6-bf8b-98087388cd26,2025-03-27T19:35:00,1,0,1,0,1,0,1,0.8571,7,6,365.0,19,3,0,0,0,3.0,2,1
470605a1-8bfc-4176-b427-499b5d9dac23,553294c5-4565-4d5a-a069-6e8126905be4,2dee4209-a6a5-4af6-bf8b-98087388cd26,2025-03-27T19:35:00,1,0,0,0,1,1,0,0.25,4,1,209.0,19,3,0,0,0,3.0,2,1
ae5c7a66-9a6e-45f9-b200-3a6151a2066e,4b4303f9-d680-4320-80ac-0fc7377998df,2dee4209-a6a5-4af6-bf8b-98087388cd26,2025-03-27T19:43:00,1,0,0,0,1,1,1,0.8,5,4,197.0,19,3,0,0,0,3.0,2,1
97dd0909-5c95-4682-8b3e-75d45ed0e6cf,3e5bcb3e-d421-4d2e-b8ee-6482c43242d7,2dee4209-a6a5-4af6-bf8b-98087388cd26,2025-03-27T19:48:00,1,0,1,0,1,1,0,0.75,4,3,146.0,19,3,0,0,0,3.0,2,1
18d9bd4c-a03c-4059-aa91-370631e5427f,877380d4-dd5d-4104-83fc-bdf86e194c54,74f236a3-2fff-4ce5-888a-be7ec6d1d40a,2025-03-28T03:30:00,1,0,1,0,1,1,1,0.8,5,4,185.0,3,4,0,1,0,6.0,1,0
a345d19f-c01d-4504-bbc6-64493ebdb0d3,836f20e8-ac46-4599-a783-92f86ea182c4,74f236a3-2fff-4ce5-888a-be7ec6d1d40a,2025-03-28T03:30:00,1,0,1,0,1,1,1,1.0,3,3,306.0,3,4,0,1,0,6.0,1,0
bcb333ca-6948-4913-8675-a143fd392aa9,b535926f-1249-45e1-8443-3898d91728ed,74f236a3-2fff-4ce5-888a-be7ec6d1d40a,2025-03-28T03:42:00,0,1,1,0,1,1,0,0.0,4,0,154.0,3,4,0,1,0,6.0,1,0
7d90b2d3-1ac3-4da4-b041-f2e842bee4ed,74de697e-ecd0-4975-8057-f21088a888b4,fdad6914-808a-4e87-9c8c-01515bafb395,2025-03-28T06:17:00,1,0,1,1,1,1,0,0.6364,11,7,365.0,6,4,0,0,0,4.0,2,1
9adf7c16-0a59-4789-be55-cc88318f635a,5ce51cd2-5e42-4c02-8828-aafbaf8181c6,fdad6914-808a-4e87-9c8c-01515bafb395,2025-03-28T06:23:00,1,0,0,0,1,0,1,0.6667,3,2,252.0,6,4,0,0,0,4.0,2,1
76bcce11-f06b-4a71-8065-bb5e73e7c6b9,c1c99edc-e331-448e-a7ab-7b7fcb4ae4e7,fdad6914-808a-4e87-9c8c-01515bafb395,2025-03-28T06:25:00,1,0,1,1,1,1,1,1.0,6,6,272.0,6,4,0,0,0,4.0,2,1
80821d92-a4bd-41da-ae1b-ceb89c9f103b,caedcc90-6c34-4e03-8f0b-b86ff3cda6a7,fdad6914-808a-4e87-9c8c-01515bafb395,2025-03-28T06:26:00,1,1,1,0,1,1,1,1.0,7,7,246.0,6,4,0,0,0,4.0,2,1
37517060-4a9b-48da-ae9e-902bc0c236bb,d3edbff9-b137-4f59-9b59-c049d8cda101,0b3d61dd-df7e-48ce-a9ef-53d9450a8cb4,2025-03-28T08:43:00,1,1,1,0,1,0,1,1.0,8,8,288.0,8,4,0,0,0,1.0,1,0
8b40bf0a-a843-4a36-91f0-71222d31ae86,1693939d-11cb-4a60-bfb6-8f2fec00eb4f,0b3d61dd-df7e-48ce-a9ef-53d9450a8cb4,2025-03-28T08:46:00,1,1,1,0,1,1,1,0.8333,6,5,195.0,8,4,0,0,0,1.0,1,0
9a4baa15-5f12-4ab7-8fdb-c787bc11bb32,d869910e-02c0-4d29-a1fd-9bdef530d653,0b3d61dd-df7e-48ce-a9ef-53d9450a8cb4,2025-03-28T08:47:00,1,1,1,0,1,0,1,0.875,8,7,365.0,8,4,0,0,0,1.0,1,0
6d8cecf0-d868-4794-934f-caf74f894ffd,77222c64-5090-4b91-b802-e153a736f651,0b3d61dd-df7e-48ce-a9ef-53d9450a8cb4,2025-03-28T08:48:00,0,0,0,0,1,1,0,0.5,4,2,410.0,8,4,0,0,0,1.0,1,0
5e2ae965-2bfb-4327-afb1-6902cd35a223,429de809-3eeb-42af-94fa-c9c8fc3dda46,0b3d61dd-df7e-48ce-a9ef-53d9450a8cb4,2025-03-28T08:49:00,1,1,1,0,1,1,1,0.75,4,3,365.0,8,4,0,0,0,1.0,1,0
9cd24bba-b74b-42b8-b042-b3917f1a5520,87ee165d-91a2-4857-b698-c97864b7c6d5,0b3d61dd-df7e-48ce-a9ef-53d9450a8cb4,2025-03-28T08:50:00,0,0,0,0,1,1,0,1.0,5,5,506.0,8,4,0,0,0,1.0,1,0
adbce8bf-bb41-428a-b92b-702f20998071,c5f535ca-0ce9-4d6a-9653-50c63468cb62,3af55daf-5f60-4a05-a0b3-838738a5cc76,2025-03-28T14:06:00,1,1,1,0,1,1,0,0.5,6,3,281.0,14,4,0,0,1,2.0,2,1
91738db0-fbc3-4e55-a11e-ba357dddaa40,ea9269ef-352d-4ec8-93a1-f6e436740b10,3af55daf-5f60-4a05-a0b3-838738a5cc76,2025-03-28T14:07:00,1,1,1,0,0,0,0,0.5,4,2,365.0,14,4,0,0,1,2.0,2,1
18d4b298-7b44-47ec-85fb-c0fecdb79b8f,18663a26-c010-4e4e-8471-6194347da84d,3af55daf-5f60-4a05-a0b3-838738a5cc76,2025-03-28T14:08:00,1,0,0,0,1,1,1,0.7778,9,7,365.0,14,4,0,0,1,2.0,2,1
ce6eb873-35b8-4217-9a10-4a2392f2d525,ac84e25a-f305-4698-9545-957806397804,3af55daf-5f60-4a05-a0b3-838738a5cc76,2025-03-28T14:10:00,1,0,0,0,1,1,1,0.6667,3,2,446.0,14,4,0,0,1,2.0,2,1
15e4808f-ede1-459f-adf3-9699142199a6,c436515f-d954-43ab-83ea-71d7b85b1ab2,3af55daf-5f60-4a05-a0b3-838738a5cc76,2025-03-28T14:12:00,1,0,0,0,1,1,1,1.0,4,4,141.0,14,4,0,0,1,2.0,2,1
af8c9ae6-cdfa-4a99-a17f-aa46e417b219,c5df4563-5594-46ee-912f-a3c37bc8f200,3af55daf-5f60-4a05-a0b3-838738a5cc76,2025-03-28T14:19:00,1,0,0,0,1,1,1,0.5,2,1,365.0,14,4,0,0,1,2.0,2,1
4dd91d47-77a5-44e4-a6ba-cc418cc6e45b,a927ec13-1431-4870-8c63-e98dc7bad4b8,1b41df75-92bd-4500-a52b-4371dc5503f7,2025-03-28T14:52:00,1,1,1,0,1,1,1,0.8,5,4,135.0,14,4,0,0,1,4.0,2,1
5eacc667-9876-48be-a7a9-c7a04d76f887,4b0c223e-3977-4c3a-96bc-a4febeb624c3,1b41df75-92bd-4500-a52b-4371dc5503f7,2025-03-28T14:56:00,1,0,0,0,1,1,1,1.0,4,4,130.0,14,4,0,0,1,4.0,2,1
41038804-1e7e-4aee-ad92-efc12aeb7cd1,c4fe67ef-e054-4697-9543-263f3f2dd3c7,55dcab59-cf09-40dd-8856-66b9ce974e69,2025-03-28T15:53:00,1,0,1,0,0,1,0,0.75,4,3,149.0,15,4,0,0,1,1.0,3,1
99c6dbf3-756f-4352-8bf8-94ab7c1b5055,f4f6b626-e397-4f44-8dde-9d51ac118ff6,55dcab59-cf09-40dd-8856-66b9ce974e69,2025-03-28T15:58:00,1,0,1,0,1,1,1,0.75,4,3,308.0,15,4,0,0,1,1.0,3,1
5fad21aa-ed2f-4ca7-8817-907dbc7ce17b,56fc804f-b101-461b-a304-d6f9c28ae2ef,55dcab59-cf09-40dd-8856-66b9ce974e69,2025-03-28T16:00:00,1,0,1,0,1,1,1,0.3333,3,1,141.0,16,4,0,0,1,1.0,3,1
feb54a47-7655-4cc2-bbb7-1bbaa89dc1ab,fda5fef4-939c-4a0d-864d-c6a11b14bd2a,55dcab59-cf09-40dd-8856-66b9ce974e69,2025-03-28T16:02:00,1,0,1,0,1,1,1,0.6,5,3,534.0,16,4,0,0,1,1.0,3,1
e1222a65-3619-4908-b13b-5cf53a95c2fd,556bf703-12c9-40e6-98a3-1835bb3d53a7,21d84d57-09f3-481c-9e3f-2869bd69d9b6,2025-03-28T17:56:00,1,0,0,0,1,1,0,0.0,3,0,365.0,17,4,0,0,1,4.0,1,1
6bb1903b-4a6e-45d5-b351-62343b51d4a3,d6b5ae43-d86a-4b5f-abd6-b4e06091ee44,21d84d57-09f3-481c-9e3f-2869bd69d9b6,2025-03-28T17:58:00,1,1,1,0,1,1,1,0.7692,13,10,519.0,17,4,0,0,1,4.0,1,1
58fb6d25-231c-46cb-a5e3-cb949b8f0b56,58d8deb5-5531-43c5-81ae-7352d2d2b8c9,bb6a71f9-bc75-4f34-95df-76b036bc905e,2025-03-28T23:36:00,0,1,1,0,1,1,1,0.5,6,3,365.0,23,4,0,1,0,4.0,2,0
356cda9c-6ecd-4b66-928b-82cd1aa784b5,b61abfe1-9a4f-45c1-ac54-daa9a9a0b274,bb6a71f9-bc75-4f34-95df-76b036bc905e,2025-03-28T23:41:00,1,1,1,0,1,0,1,0.3333,6,2,209.0,23,4,0,1,0,4.0,2,0
476e795a-e28c-4ef3-895c-ecfd79bb1079,f6556829-5e66-4e5a-aff5-3233c86566a8,bb6a71f9-bc75-4f34-95df-76b036bc905e,2025-03-28T23:49:00,0,0,1,0,1,0,1,0.8333,6,5,183.0,23,4,0,1,0,4.0,2,0
e841ef6e-8c86-461e-bf37-8ba3eaa05b82,76c87fab-4634-487d-a03f-d4c7ee94749e,bb6a71f9-bc75-4f34-95df-76b036bc905e,2025-03-28T23:49:00,1,0,0,0,1,0,1,0.5,8,4,163.0,23,4,0,1,0,4.0,2,0
cfcc0f43-97f1-450a-9919-fbe156151546,1191fc52-63be-4740-bba1-06592a0f8eb5,9364d58d-def4-4a6b-b17b-0d1dd7bbeaaf,2025-03-29T00:14:00,1,1,1,0,1,1,1,1.0,2,2,137.0,0,5,1,1,0,4.0,2,0
51ddcbb9-80de-408e-9314-0fac21626336,fffc883c-1676-4f1c-b98e-5562be4b53e2,9364d58d-def4-4a6b-b17b-0d1dd7bbeaaf,2025-03-29T00:21:00,0,0,0,0,1,1,1,0.6,5,3,201.0,0,5,1,1,0,4.0,2,0
58c96917-5cb0-4f50-9541-f9c004153488,93125440-01af-4643-ac94-7c4da12295ea,9364d58d-def4-4a6b-b17b-0d1dd7bbeaaf,2025-03-29T00:22:00,1,0,0,0,1,1,1,0.8,10,8,331.0,0,5,1,1,0,4.0,2,0
f79e33af-da14-4de1-bb2a-06f4c2ca5721,c0eaa600-b15c-463a-b278-86b3ca57fd5c,9364d58d-def4-4a6b-b17b-0d1dd7bbeaaf,2025-03-29T00:25:00,0,0,0,0,1,1,1,0.7143,7,5,120.0,0,5,1,1,0,4.0,2,0
a05d3388-14e0-4512-8835-5544a9ef11e4,64333604-4c8c-43e1-a6e9-7c4582414c02,d47858ee-f532-4e6e-ba2c-ec1129aab847,2025-03-29T19:58:00,1,0,1,0,1,1,1,1.0,5,5,225.0,19,5,1,0,0,3.0,3,1
cb54f19b-23b1-4272-a502-203f5b79157f,97dbbf0c-d2b5-452c-b22a-e11e30701e99,d47858ee-f532-4e6e-ba2c-ec1129aab847,2025-03-29T20:00:00,1,0,1,1,0,0,1,0.8571,7,6,225.0,20,5,1,0,0,3.0,3,1
85328190-513d-4d34-90c3-a6c41f4bcbaf,78548b9a-a9e8-46f5-9d4b-45f2377b352b,d47858ee-f532-4e6e-ba2c-ec1129aab847,2025-03-29T20:05:00,0,1,1,0,1,0,1,0.75,4,3,351.0,20,5,1,0,0,3.0,3,1
3cbc23fd-5926-48fb-b2e9-546617733f6e,30c6a854-5681-4fda-b9bc-b5f82a1567dc,d47858ee-f532-4e6e-ba2c-ec1129aab847,2025-03-29T20:07:00,1,1,1,0,1,0,1,0.4,5,2,169.0,20,5,1,0,0,3.0,3,1
01f88243-a1d1-42a1-94ea-0b01cb5e1412,7b16f6d6-0f6b-446d-89fe-87723b0ad83c,e8c4d651-2629-436e-8fe6-d8ad1f037125,2025-03-29T21:39:00,1,0,0,0,1,1,1,1.0,3,3,118.0,21,5,1,0,0,2.0,2,1
9fa3cedf-3e0d-4485-9a42-a450cd1baf06,cc255119-86e4-43ad-b1f0-6c24ac17d920,e8c4d651-2629-436e-8fe6-d8ad1f037125,2025-03-29T21:41:00,0,0,0,0,1,1,1,0.8182,11,9,365.0,21,5,1,0,0,2.0,2,1
32179184-6eaa-4fb0-9f64-de6f22661be3,ed3b9800-2f5e-489d-92bb-8bb1332538be,e8c4d651-2629-436e-8fe6-d8ad1f037125,2025-03-29T21:44:00,1,0,1,0,1,0,1,1.0,2,2,365.0,21,5,1,0,0,2.0,2,1
721a8068-40dc-491c-93ba-ef2961ea7957,074daa7c-485e-4264-a9c2-962e30d5b672,e8c4d651-2629-436e-8fe6-d8ad1f037125,2025-03-29T21:45:00,1,1,1,0,1,1,1,0.5,2,1,246.0,21,5,1,0,0,2.0,2,1
dfffc4fc-1d39-43d9-b36c-a694bb06efc6,979b5d05-d629-42eb-925c-ca3d093ceaca,e8c4d651-2629-436e-8fe6-d8ad1f037125,2025-03-29T21:47:00,1,0,0,0,1,1,1,0.7143,7,5,277.0,21,5,1,0,0,2.0,2,1
2ce5519d-ca33-4784-a7a9-c1e5dcd8a81f,030d9e23-9b13-43d8-8711-c5c4d8470363,71f52b59-bb2e-433b-b315-d23e4bbb15e3,2025-03-29T22:29:00,1,0,1,0,1,1,1,0.875,8,7,190.0,22,5,1,1,0,3.0,2,0
eea18743-a114-4457-8a11-53157a3be151,5053490e-deb6-4adb-911f-6fcef3832803,71f52b59-bb2e-433b-b315-d23e4bbb15e3,2025-03-29T22:33:00,1,1,1,0,1,1,1,0.5,2,1,240.0,22,5,1,1,0,3.0,2,0
5dda49d7-4707-4a32-a281-10d8d66c4c57,2ef47c0b-e8fe-448b-93ff-36c85588d2fd,517860ff-7370-4a8f-b1c3-1e9104cb6fe6,2025-03-29T23:29:00,1,0,1,0,1,1,1,1.0,6,6,230.0,23,5,1,1,0,2.0,1,1
adfb3993-ea4a-455c-a33c-eb759d8b0e20,19e65af6-da1e-4052-bf71-1659737f5cc7,517860ff-7370-4a8f-b1c3-1e9104cb6fe6,2025-03-29T23:35:00,1,1,1,0,1,1,1,1.0,6,6,412.0,23,5,1,1,0,2.0,1,1
f2fe5cc6-9f4d-4a74-b2fd-9b02778963cb,866f151d-9b2b-4c13-9341-f46f866efb61,517860ff-7370-4a8f-b1c3-1e9104cb6fe6,2025-03-29T23:37:00,1,1,1,0,1,1,1,0.8,5,4,365.0,23,5,1,1,0,2.0,1,1
0f332a0e-c3de-49be-9671-0739e831bb61,d2112070-a709-4a6f-a1fe-b83a282d0da2,517860ff-7370-4a8f-b1c3-1e9104cb6fe6,2025-03-29T23:38:00,1,0,1,0,1,1,1,0.8571,7,6,365.0,23,5,1,1,0,2.0,1,1
57ae4508-5192-4fa6-8cc4-abce99b74995,985ab403-ddfd-47f6-9b98-9ce2f7dcd16e,517860ff-7370-4a8f-b1c3-1e9104cb6fe6,2025-03-29T23:39:00,0,0,1,1,1,1,0,0.8889,9,8,200.0,23,5,1,1,0,2.0,1,1
ddc7ee7a-8075-4512-9fdc-027ba97e6f29,846be435-a2e1-4850-bad5-07de99099078,517860ff-7370-4a8f-b1c3-1e9104cb6fe6,2025-03-29T23:40:00,1,0,1,0,1,1,1,1.0,9,9,149.0,23,5,1,1,0,2.0,1,1
ba701b00-7937-4f21-bbde-028bd76973b7,bdc0370d-62f2-4b37-aaa3-b2871252b644,17af1085-2b9a-480e-884e-d2ca00022308,2025-03-30T01:58:00,0,0,0,0,1,1,1,1.0,4,4,365.0,1,6,1,1,0,1.0,2,0
b74d4903-ce97-4951-88b1-cf0dd5d01903,c6725451-3108-4aec-a1da-c4cd931af67d,17af1085-2b9a-480e-884e-d2ca00022308,2025-03-30T02:02:00,0,0,0,0,1,1,0,0.6667,6,4,365.0,2,6,1,1,0,1.0,2,0
f5b0389e-faa5-46a0-91f2-b6a960714660,f4f6b626-e397-4f44-8dde-9d51ac118ff6,17af1085-2b9a-480e-884e-d2ca00022308,2025-03-30T02:03:00,1,0,0,0,1,1,1,0.8,5,4,310.0,2,6,1,1,0,1.0,2,0
b05140e5-0557-4fc0-9cf9-1fe414cc28f4,0b51ced4-84e3-45ad-a67a-de86af260d64,17af1085-2b9a-480e-884e-d2ca00022308,2025-03-30T02:06:00,1,0,0,0,1,1,1,0.8571,7,6,394.0,2,6,1,1,0,1.0,2,0
79b984f6-46e3-4801-884f-a8974c4fc0c8,f63c50b9-9712-4146-b62f-580951ca12c3,17af1085-2b9a-480e-884e-d2ca00022308,2025-03-30T02:07:00,0,0,0,0,0,1,0,0.8,5,4,124.0,2,6,1,1,0,1.0,2,0
ae947fa7-5b8b-49da-af38-97b686f0f5fe,ab6072b4-0254-40d6-8861-f0f1506fcbb7,c7a0beb5-54af-47c0-8964-d41befa2c2a8,2025-03-30T09:39:00,1,0,1,0,1,1,1,0.8,5,4,247.0,9,6,1,0,0,6.0,0,1
e2c6977c-9c1f-4a60-8cc6-5645e9490fbd,3f562206-66c9-45c7-94e1-a9dfde284d1b,c7a0beb5-54af-47c0-8964-d41befa2c2a8,2025-03-30T09:39:00,1,0,0,0,1,1,1,1.0,4,4,134.0,9,6,1,0,0,6.0,0,1
e3c8e639-17e9-454e-96b3-88e40d0ae10d,4b4303f9-d680-4320-80ac-0fc7377998df,c7a0beb5-54af-47c0-8964-d41befa2c2a8,2025-03-30T09:39:00,1,0,0,0,1,1,1,0.8333,6,5,200.0,9,6,1,0,0,6.0,0,1
4d75afbf-97dc-4a1f-b873-c83147a079c0,fe02ea3a-03d9-4d57-94a7-47e4a11e404f,c7a0beb5-54af-47c0-8964-d41befa2c2a8,2025-03-30T09:40:00,1,0,0,0,1,1,1,0.5714,7,4,457.0,9,6,1,0,0,6.0,0,1
5339d2d5-4e1d-4ffd-930f-d404a717de2c,0f0a17e5-ee39-4b55-89bf-da47d9347eab,c7a0beb5-54af-47c0-8964-d41befa2c2a8,2025-03-30T09:40:00,0,0,0,0,1,1,0,0.5,10,5,135.0,9,6,1,0,0,6.0,0,1
caf9b8dd-0a1b-4ebc-8e18-ef1c7b87262e,96b33493-7f4b-4752-a880-e07a1deccfc8,c7a0beb5-54af-47c0-8964-d41befa2c2a8,2025-03-30T09:42:00,1,1,1,0,1,1,0,0.8333,6,5,147.0,9,6,1,0,0,6.0,0,1
d3d4b1ef-f096-400a-81f4-50c517a83f13,8a40fb38-7cf4-468d-954f-bebd5270f111,162d6359-9c0d-4ed3-ad79-2b2234febc99,2025-03-30T10:16:00,0,1,1,0,0,1,1,1.0,5,5,234.0,10,6,1,0,0,1.0,1,0
f063fc5f-2e7c-489f-ab74-8a9124bef37d,2fe42234-9f74-4aa2-8d63-a0c3cf398172,162d6359-9c0d-4ed3-ad79-2b2234febc99,2025-03-30T10:21:00,1,1,1,0,0,0,1,1.0,5,5,201.0,10,6,1,0,0,1.0,1,0
6f524ded-b6c1-4ce8-b7a9-9d3206f94779,4b0c223e-3977-4c3a-96bc-a4febeb624c3,162d6359-9c0d-4ed3-ad79-2b2234febc99,2025-03-30T10:22:00,0,0,0,0,1,1,1,1.0,5,5,132.0,10,6,1,0,0,1.0,1,0
2e585d64-2710-4a50-8594-d069a0042680,8cd1af9c-4aae-4740-868c-146279a15912,9318dc02-da44-40a0-95d0-3814f5e5631a,2025-03-30T12:17:00,0,0,0,0,1,1,1,0.0,0,0,385.0,12,6,1,0,0,2.0,2,1
02f3267e-7793-455b-bdaa-8759bca398e5,a1bc2676-aad3-49f3-9131-e812c904d689,9318dc02-da44-40a0-95d0-3814f5e5631a,2025-03-30T12:21:00,1,0,0,0,0,1,1,0.6667,6,4,375.0,12,6,1,0,0,2.0,2,1
5e0cad80-5ba1-4006-a5cb-0a94ffb714f8,309497b0-41ad-483a-a10a-7040ec34710d,9318dc02-da44-40a0-95d0-3814f5e5631a,2025-03-30T12:22:00,1,0,0,0,1,1,0,0.3333,6,2,228.0,12,6,1,0,0,2.0,2,1
6d261509-3a5e-4bb9-b000-7b2ac9ec8532,62dcf5be-c7c7-4332-ba46-a97ff4593dd6,9318dc02-da44-40a0-95d0-3814f5e5631a,2025-03-30T12:23:00,1,0,0,0,1,1,1,0.6,5,3,118.0,12,6,1,0,0,2.0,2,1
d5c82429-b679-4cef-a78c-19ad580849dd,89b16628-7a7b-4967-800e-f441e05d2779,9318dc02-da44-40a0-95d0-3814f5e5631a,2025-03-30T12:25:00,1,0,0,0,1,1,1,0.8,5,4,498.0,12,6,1,0,0,2.0,2,1
5a7b2c28-6ae1-492c-b208-2df6b64d79dd,0f0a17e5-ee39-4b55-89bf-da47d9347eab,9318dc02-da44-40a0-95d0-3814f5e5631a,2025-03-30T12:26:00,0,0,0,0,1,1,0,0.4545,11,5,135.0,12,6,1,0,0,2.0,2,1
f0afe632-7659-443b-ba9a-7a5bf5da8cda,30c6a854-5681-4fda-b9bc-b5f82a1567dc,58df22cf-e3c4-4305-946a-ceb3133c2297,2025-03-30T14:20:00,1,0,0,0,1,0,1,0.5,6,3,170.0,14,6,1,0,0,2.0,2,1
fa9839aa-4cc3-47e0-9210-f87d7e3eaafb,eeafa879-969e-4fb1-b5cc-4bb4d3216e00,58df22cf-e3c4-4305-946a-ceb3133c2297,2025-03-30T14:27:00,1,0,0,0,1,1,1,1.0,6,6,233.0,14,6,1,0,0,2.0,2,1
4854e455-0330-4f3b-96ce-40f9a5f625a6,ef2b35e1-aedc-4a84-a9b0-5f90c4eca927,58df22cf-e3c4-4305-946a-ceb3133c2297,2025-03-30T14:32:00,0,0,0,0,1,1,0,0.2857,7,2,365.0,14,6,1,0,0,2.0,2,1
7bdf093c-b224-4fcf-8faa-e2808edceb2c,2c3259d5-3a5a-4a64-be43-cedbc92ce0dc,3e620bf1-e261-47a6-8ce8-852951fdb665,2025-03-30T15:31:00,1,1,1,0,0,0,1,0.25,4,1,307.0,15,6,1,0,0,3.0,1,1
59a7cd69-a5c6-4c18-a87a-e9ec4317464a,46c4620d-f466-43aa-86c4-b6bea05d529d,3e620bf1-e261-47a6-8ce8-852951fdb665,2025-03-30T15:32:00,1,0,1,1,1,1,1,0.875,8,7,261.0,15,6,1,0,0,3.0,1,1
7c838006-3ccd-42f4-9316-015de436ec6c,ab824e7b-6c52-415c-9b45-3252ae8f2969,0f19634e-db32-47f3-bb12-97c73be5e73a,2025-03-31T01:44:00,1,1,1,0,1,1,1,0.6667,6,4,171.0,1,0,0,1,0,2.0,2,1
106e7ed9-d914-494d-920e-23da4eedb1be,67e602e6-39ad-4901-acb6-b01a84f70f34,0f19634e-db32-47f3-bb12-97c73be5e73a,2025-03-31T01:47:00,1,0,1,0,1,1,1,0.6667,6,4,121.0,1,0,0,1,0,2.0,2,1
9fe44c3c-2ed6-4229-aaa2-1b63eced4aad,a14bd188-163c-4039-b950-9d6f9fd5a629,0f19634e-db32-47f3-bb12-97c73be5e73a,2025-03-31T01:52:00,1,1,1,0,1,1,0,0.6667,3,2,157.0,1,0,0,1,0,2.0,2,1
4446b9dd-3678-410e-9a11-a7963675eeac,b7b35df4-cc30-48d4-b856-21583b9c43c1,0f19634e-db32-47f3-bb12-97c73be5e73a,2025-03-31T01:53:00,1,0,1,0,1,1,1,1.0,2,2,459.0,1,0,0,1,0,2.0,2,1
4d2cdd36-da34-4282-8248-4f61ecea05dd,0f830c26-3d4f-4cf5-81cf-08041535d161,0f19634e-db32-47f3-bb12-97c73be5e73a,2025-03-31T01:53:00,0,1,1,0,1,0,1,0.6667,9,6,184.0,1,0,0,1,0,2.0,2,1
7372ae54-38a3-413f-af59-245b26921afe,30c6a854-5681-4fda-b9bc-b5f82a1567dc,0f19634e-db32-47f3-bb12-97c73be5e73a,2025-03-31T01:56:00,0,1,1,0,1,0,1,0.5714,7,4,171.0,1,0,0,1,0,2.0,2,1
64902366-1e5b-4bf8-9989-f582c9c09c1d,1693939d-11cb-4a60-bfb6-8f2fec00eb4f,00d1337b-c86b-4d63-9e9b-7dced7ef706e,2025-03-31T05:43:00,1,1,1,0,1,1,1,0.8571,7,6,198.0,5,0,0,1,0,4.0,1,1
bb969274-cac7-4bb7-8163-da2161acebcc,83d13c8e-fd29-4343-bf35-4497b673a39d,00d1337b-c86b-4d63-9e9b-7dced7ef706e,2025-03-31T05:43:00,1,1,1,0,1,1,1,0.8333,6,5,209.0,5,0,0,1,0,4.0,1,1
889e0963-c9bd-4f76-ac4a-1b4d6abf3f0d,9af05ac7-06a8-49dd-abb8-7a4c2f508938,00d1337b-c86b-4d63-9e9b-7dced7ef706e,2025-03-31T05:44:00,1,0,0,0,1,0,1,0.8571,7,6,365.0,5,0,0,1,0,4.0,1,1
65714533-f2db-4cab-867d-33de82cdcfed,7724d47c-dcf0-4aba-a2e1-ec51d9d4eef2,00d1337b-c86b-4d63-9e9b-7dced7ef706e,2025-03-31T05:48:00,1,1,1,0,1,1,1,0.625,8,5,391.0,5,0,0,1,0,4.0,1,1
d6d25396-0f4c-44d7-a2c2-a7ccfaf2eb77,2c3db408-b5ed-488b-889b-94d27474e75e,00d1337b-c86b-4d63-9e9b-7dced7ef706e,2025-03-31T05:51:00,1,1,1,0,1,1,1,0.6667,6,4,492.0,5,0,0,1,0,4.0,1,1
6a1816df-6ef2-4f27-b89a-a198ff42cec2,ac84e25a-f305-4698-9545-957806397804,c33e2437-ecb1-4b39-a15d-2ed0307ed332,2025-03-31T16:26:00,1,0,0,0,1,1,1,0.75,4,3,449.0,16,0,0,0,1,3.0,2,1
78bb2451-1a6a-47af-9416-6ac6f81b1af7,415a8ed8-6bf8-47ec-9265-7eacc19a825f,c33e2437-ecb1-4b39-a15d-2ed0307ed332,2025-03-31T16:35:00,1,1,1,0,1,1,1,0.5,4,2,365.0,16,0,0,0,1,3.0,2,1
f89711a9-ff66-4de0-a332-a0ce8a627816,f609cf6c-d0e4-48e5-9d6b-2cb379d2f51c,c33e2437-ecb1-4b39-a15d-2ed0307ed332,2025-03-31T16:35:00,1,1,1,0,1,1,1,0.8571,7,6,365.0,16,0,0,0,1,3.0,2,1
9cb9de86-01e4-48cd-bd02-203a5e69a712,c436515f-d954-43ab-83ea-71d7b85b1ab2,96ec77ec-1872-4049-b2a4-9d8d87de85ee,2025-03-31T20:07:00,1,0,0,0,1,1,1,1.0,5,5,144.0,20,0,0,0,0,4.0,1,1
bcaec076-cebe-456a-8c2b-6f27e6db7dac,543b149c-d59c-49f5-bb4f-e6ac6bd72dd3,96ec77ec-1872-4049-b2a4-9d8d87de85ee,2025-03-31T20:08:00,1,1,1,0,1,0,1,0.6667,6,4,175.0,20,0,0,0,0,4.0,1,1
4583a549-bf5b-433c-a60f-1b65bd8a05f5,02e664d4-0b6a-4921-9a18-18529c0b46fb,96ec77ec-1872-4049-b2a4-9d8d87de85ee,2025-03-31T20:15:00,1,1,1,0,1,1,1,0.8333,6,5,365.0,20,0,0,0,0,4.0,1,1
563ba4e5-b6b7-4d94-9217-7f0577119c02,9f966f0d-58e3-4b25-ab78-8fe097b30675,96ec77ec-1872-4049-b2a4-9d8d87de85ee,2025-03-31T20:15:00,0,0,0,0,1,1,1,0.8,5,4,174.0,20,0,0,0,0,4.0,1,1
65c5dff6-74e3-4c8d-9c51-48722fd45be3,0f830c26-3d4f-4cf5-81cf-08041535d161,96ec77ec-1872-4049-b2a4-9d8d87de85ee,2025-03-31T20:15:00,1,0,0,0,1,0,1,0.6,10,6,184.0,20,0,0,0,0,4.0,1,1
6d0761b4-c701-4c30-97ff-1249f52d8275,6c25e2ff-8bc0-4abc-a978-052ba5e4650a,96ec77ec-1872-4049-b2a4-9d8d87de85ee,2025-03-31T20:16:00,1,1,1,0,1,1,1,1.0,13,13,196.0,20,0,0,0,0,4.0,1,1
228360e9-6aa2-4bfc-96ba-99e0240342e6,c57abeef-b6d8-4cf7-ae50-3774b55c6768,5e91b961-d410-470f-b7be-7a35cbbcb991,2025-03-31T22:48:00,0,0,0,0,1,1,0,0.6667,6,4,167.0,22,0,0,1,0,3.0,3,0
9581495c-7e5a-426d-99a4-bfe76f587960,ed05badd-17a9-4ad2-99b1-3e60e0cb321e,5e91b961-d410-470f-b7be-7a35cbbcb991,2025-03-31T22:49:00,1,1,1,0,1,1,1,0.75,4,3,149.0,22,0,0,1,0,3.0,3,0
cf705891-8465-40bc-8508-c1692ea188ff,4f49c613-b4ef-4840-9fd7-f80f9f0d844d,5e91b961-d410-470f-b7be-7a35cbbcb991,2025-03-31T22:51:00,1,0,0,0,1,1,1,0.7143,7,5,195.0,22,0,0,1,0,3.0,3,0
404302e9-b08d-4cc7-a852-18bcf1561fc0,6c841b96-0d6c-4d4f-a647-602aca520949,5e91b961-d410-470f-b7be-7a35cbbcb991,2025-03-31T22:54:00,1,0,0,0,1,0,1,0.4286,7,3,338.0,22,0,0,1,0,3.0,3,0
ab864988-380f-480c-b247-a4c94dcf6588,35a960a1-e1aa-45db-8043-5650f7e73b8c,15c59221-72b0-4ed8-9c5b-016092571af1,2025-04-01T03:47:00,1,0,1,1,1,0,1,0.2857,7,2,123.0,3,1,0,1,0,3.0,3,1
58ac0811-c061-4ce3-b058-f23a9b38d3dd,bfe8f73a-9210-4c1c-b628-3cea7b8977ae,15c59221-72b0-4ed8-9c5b-016092571af1,2025-04-01T03:49:00,1,0,0,0,1,1,0,0.4,10,4,365.0,3,1,0,1,0,3.0,3,1
17ab3c4e-78ac-48e1-a08d-93fad02c27a6,cf15cd3c-d017-49b8-af4a-bd4471976dd4,15c59221-72b0-4ed8-9c5b-016092571af1,2025-04-01T03:54:00,1,1,1,0,1,1,1,1.0,6,6,335.0,3,1,0,1,0,3.0,3,1
410af517-daf2-4312-acd3-813fccd222dd,12fc0202-67a8-417a-a936-b348c6432014,b8846cf1-6b97-4b6d-b41f-9bb9adcdcabf,2025-04-01T08:29:00,1,1,1,0,0,1,1,0.7778,9,7,365.0,8,1,0,0,0,2.0,2,0
7477a906-53a1-4e5c-95c8-68e797d24110,f6556829-5e66-4e5a-aff5-3233c86566a8,b8846cf1-6b97-4b6d-b41f-9bb9adcdcabf,2025-04-01T08:29:00,0,0,0,0,1,0,1,0.7143,7,5,187.0,8,1,0,0,0,2.0,2,0
c2335f0b-6423-4d3a-8e78-4b0bc8402929,75455c5a-fc28-4e12-ab1d-c5bf91975e07,b8846cf1-6b97-4b6d-b41f-9bb9adcdcabf,2025-04-01T08:31:00,0,1,1,0,1,1,1,1.0,5,5,192.0,8,1,0,0,0,2.0,2,0
93655e1f-644a-4293-b6bf-5a4768c33504,40c6fe05-f02d-4157-ba15-09913e067c14,b8846cf1-6b97-4b6d-b41f-9bb9adcdcabf,2025-04-01T08:33:00,1,1,1,0,1,1,1,1.0,3,3,127.0,8,1,0,0,0,2.0,2,0
656a3902-c0a7-4682-a1da-c6f937158502,2ef47c0b-e8fe-448b-93ff-36c85588d2fd,b8846cf1-6b97-4b6d-b41f-9bb9adcdcabf,2025-04-01T08:34:00,1,1,1,0,1,1,1,1.0,7,7,233.0,8,1,0,0,0,2.0,2,0
cb3821fd-e260-4280-b725-c5452822b07e,5ed79810-0c9b-4377-870c-58916ee465a7,3bfb5876-3931-4417-8f40-0896cc586fa6,2025-04-01T12:15:00,0,0,0,0,1,0,1,0.375,8,3,365.0,12,1,0,0,1,1.0,2,0
a6622daa-dd7f-4ac8-b0b4-8a2be8ac6e5d,e407e92f-fbeb-4577-975a-db39c26f5872,3bfb5876-3931-4417-8f40-0896cc586fa6,2025-04-01T12:19:00,1,0,1,1,1,1,1,0.875,8,7,289.0,12,1,0,0,1,1.0,2,0
7819dceb-6469-49c8-8e54-321f91993ad1,4adfcc20-75f4-424d-8645-1ab7b11ade80,3bfb5876-3931-4417-8f40-0896cc586fa6,2025-04-01T12:22:00,0,0,0,0,1,1,1,0.8333,6,5,194.0,12,1,0,0,1,1.0,2,0
2fd6d6aa-98ba-4fe4-a970-a150c671d4b9,1ee3aa44-6749-4c32-9bfe-c3306275fe48,58de0642-5629-4649-b79d-66f2de2fb2fe,2025-04-01T14:29:00,1,1,1,0,1,1,1,0.75,8,6,171.0,14,1,0,0,1,4.0,1,0
8d8bfe8b-a5ed-49bd-9dbc-7d91c0974f15,5e1e8005-4458-440a-9d56-64d0e7c3e96b,58de0642-5629-4649-b79d-66f2de2fb2fe,2025-04-01T14:30:00,1,0,0,0,0,1,1,0.625,8,5,213.0,14,1,0,0,1,4.0,1,0
7206f1bb-0f5f-4512-b848-05c041686144,2fc6a399-7cab-4c0f-b2eb-9ae8bc2e8ef3,58de0642-5629-4649-b79d-66f2de2fb2fe,2025-04-01T14:31:00,1,0,0,0,1,1,0,0.0,2,0,167.0,14,1,0,0,1,4.0,1,0
782712a3-a7b2-46cc-9104-7e5ffd5d8e05,8d54dd37-108d-4ec9-87e8-552d73629a00,58de0642-5629-4649-b79d-66f2de2fb2fe,2025-04-01T14:35:00,0,0,0,0,1,1,0,0.5,6,3,382.0,14,1,0,0,1,4.0,1,0
9e0e097e-ed08-4e18-a669-1b5d3979625a,0a75681e-3c8c-4c6e-aee4-3ed6e64484f2,095fe520-c9fa-4f46-9e92-e8ab5db39bd9,2025-04-01T14:36:00,1,1,1,0,1,1,1,0.75,4,3,381.0,14,1,0,0,1,2.0,1,1
cd526503-cd6c-4c26-ae98-a31a79798cb9,2d67b8f1-6839-41a5-a4f9-ed87959a5394,58de0642-5629-4649-b79d-66f2de2fb2fe,2025-04-01T14:37:00,1,0,0,0,1,1,1,1.0,5,5,177.0,14,1,0,0,1,4.0,1,0
68d317ce-eb2f-4266-ac37-1060d648ebca,ed732f11-698a-40e6-8fab-9a1b078261d2,095fe520-c9fa-4f46-9e92-e8ab5db39bd9,2025-04-01T14:44:00,1,1,1,0,1,1,0,0.8571,7,6,365.0,14,1,0,0,1,2.0,1,1
6606bb8b-4a81-4a01-b68e-4fbc6b354103,664b1167-88df-4fdd-afcb-3e9296fb4ad6,095fe520-c9fa-4f46-9e92-e8ab5db39bd9,2025-04-01T14:46:00,1,0,0,0,1,1,1,1.0,9,9,217.0,14,1,0,0,1,2.0,1,1
7d3354b7-52fc-4134-9c53-2b7232644bc0,8149a5a0-b1e9-4bb0-a980-b7f5bdcb02a4,095fe520-c9fa-4f46-9e92-e8ab5db39bd9,2025-04-01T14:46:00,1,0,0,0,1,1,1,0.8889,9,8,135.0,14,1,0,0,1,2.0,1,1
ed36b043-a83b-4875-83be-591ed641af80,8e7b58d3-fd28-4f41-ad6d-99b81fe9d484,59855e70-ab53-4974-8a92-2777cdc7e1c4,2025-04-01T15:31:00,1,0,0,0,1,1,1,0.5,2,1,323.0,15,1,0,0,1,2.0,2,1
58b459f6-5bd6-4f97-aba2-3b1f48d8e24f,f7f1655c-f8c2-4296-91c4-9f8f570ad765,59855e70-ab53-4974-8a92-2777cdc7e1c4,2025-04-01T15:34:00,1,0,0,0,1,1,1,0.8462,13,11,125.0,15,1,0,0,1,2.0,2,1
61d3192f-cc50-4e07-9d30-d6b8dc123c7d,6b1ba131-fea8-4018-9f7b-bb75d5846414,59855e70-ab53-4974-8a92-2777cdc7e1c4,2025-04-01T15:36:00,0,0,0,0,1,1,1,0.625,8,5,365.0,15,1,0,0,1,2.0,2,1
2b116cc3-9673-451a-92cb-5e4a723a0c12,03eeb252-1e41-4f67-91f0-687b64393568,59855e70-ab53-4974-8a92-2777cdc7e1c4,2025-04-01T15:37:00,1,0,0,0,1,1,1,0.9,10,9,179.0,15,1,0,0,1,2.0,2,1
526c9f80-c4e2-4fdb-b324-ccd5ec76a26f,ca2995db-95cb-4226-8f04-6f57902f8cf4,59855e70-ab53-4974-8a92-2777cdc7e1c4,2025-04-01T15:38:00,1,1,1,0,1,0,1,0.7778,9,7,365.0,15,1,0,0,1,2.0,2,1
f78de664-1664-4574-bf26-ce9c4e22a98d,b34b9ff4-c6a5-4e42-9619-75d5b29e68d4,972ae492-8bc9-47c1-b1f6-8f1a45003649,2025-04-02T01:08:00,1,1,1,0,1,1,0,1.0,6,6,278.0,1,2,0,1,0,4.0,2,0
0fe75aed-c518-435c-a379-f73393ae00d0,a77bcc83-4a3d-492d-bcd8-592aba88fc9d,972ae492-8bc9-47c1-b1f6-8f1a45003649,2025-04-02T01:16:00,0,0,0,0,1,0,1,0.5556,9,5,134.0,1,2,0,1,0,4.0,2,0
03636082-7cd4-4a5f-9c5b-4a6d3f3cd408,8a40fb38-7cf4-468d-954f-bebd5270f111,e40fa24b-189d-47e0-a751-95b63b440a6c,2025-04-02T07:49:00,1,1,1,0,0,1,1,0.8333,6,5,237.0,7,2,0,0,0,2.0,3,1
7cf34c2b-c0b2-4299-b126-e5914fd09360,f44d8cd1-1833-4e30-b14f-417870b4502a,e40fa24b-189d-47e0-a751-95b63b440a6c,2025-04-02T07:52:00,0,0,0,0,1,1,1,0.5,2,1,491.0,7,2,0,0,0,2.0,3,1
d5653307-b796-46f9-972e-075eb38fb494,f09d1541-147b-4b19-b485-f9ad246bf702,e40fa24b-189d-47e0-a751-95b63b440a6c,2025-04-02T07:53:00,1,0,0,0,1,1,1,1.0,2,2,122.0,7,2,0,0,0,2.0,3,1
efb2c3f8-11e6-41fe-a84e-bdb19a42aa42,7df3d0f3-a755-40a4-a102-6e1158275be1,e40fa24b-189d-47e0-a751-95b63b440a6c,2025-04-02T07:56:00,0,0,0,0,1,0,1,0.2857,7,2,144.0,7,2,0,0,0,2.0,3,1
87730fd6-cc11-4806-8eb7-6be6c1bb2fb9,c16201b1-943e-4c96-8b98-654faa1c4f67,e40fa24b-189d-47e0-a751-95b63b440a6c,2025-04-02T07:57:00,0,0,0,0,1,1,1,1.0,2,2,137.0,7,2,0,0,0,2.0,3,1
8c0841d9-cf72-4757-8f52-0287f061b7e6,9ad5103d-928f-448b-903a-76f5be1dfa37,e40fa24b-189d-47e0-a751-95b63b440a6c,2025-04-02T07:58:00,0,0,0,0,1,1,1,1.0,2,2,423.0,7,2,0,0,0,2.0,3,1
0b5fb3ff-e038-4b7d-ba26-00b6b7f5c1b4,b0102217-6663-410d-8e4b-e802cddf4baa,956917ff-a7c3-458f-9502-a3b3e2cc8b3d,2025-04-02T10:56:00,1,0,0,0,1,1,1,0.6667,9,6,148.0,10,2,0,0,1,6.0,2,1
c55e5cd0-c7c8-4787-807e-9d29a9df309c,03eeb252-1e41-4f67-91f0-687b64393568,956917ff-a7c3-458f-9502-a3b3e2cc8b3d,2025-04-02T10:56:00,1,0,0,0,1,1,1,0.9091,11,10,180.0,10,2,0,0,1,6.0,2,1
436e3bc6-2752-40d2-b9e9-66a88fdfcf87,6c5114ec-b8e2-4c74-8e20-93ded422c3b1,956917ff-a7c3-458f-9502-a3b3e2cc8b3d,2025-04-02T10:57:00,1,1,1,0,1,0,0,0.6667,6,4,132.0,10,2,0,0,1,6.0,2,1
5150fe6b-8b41-47c4-9ce9-8a584cb7236c,439e88c8-d95f-4954-bd8f-aec912f08cc1,956917ff-a7c3-458f-9502-a3b3e2cc8b3d,2025-04-02T11:01:00,1,0,0,0,0,1,1,0.6667,3,2,162.0,11,2,0,0,1,6.0,2,1
b67f98e0-049a-4c49-899d-6df8cb19e01d,4076050c-ef30-4ae6-9a40-cdcec3cb6dd8,01db2a17-b930-470f-abc4-457b5c29c09a,2025-04-02T14:13:00,1,0,0,0,0,1,1,1.0,6,6,457.0,14,2,0,0,1,4.0,2,1
252f9e1b-4dd4-49bb-84cf-81682c5c89fe,11955be9-03b2-4274-9002-7a2a5ae499a8,01db2a17-b930-470f-abc4-457b5c29c09a,2025-04-02T14:18:00,0,0,0,0,1,0,0,0.2,5,1,365.0,14,2,0,0,1,4.0,2,1
9d77aa17-18cf-4171-b349-913f15f14b37,8ffc4077-593e-43ff-990a-16a84fd422b4,20c7294a-b68c-48b9-8bba-5490c0ae12ae,2025-04-02T17:54:00,1,0,1,1,1,1,1,0.6667,3,2,365.0,17,2,0,0,1,3.0,3,0
e8f17d47-75d8-40ba-b1a2-6bd57c85038f,1ee3aa44-6749-4c32-9bfe-c3306275fe48,20c7294a-b68c-48b9-8bba-5490c0ae12ae,2025-04-02T17:54:00,1,0,1,0,1,1,1,0.7778,9,7,172.0,17,2,0,0,1,3.0,3,0
7f48daff-d39e-4662-a3d8-87b645971895,c0eaa600-b15c-463a-b278-86b3ca57fd5c,20c7294a-b68c-48b9-8bba-5490c0ae12ae,2025-04-02T18:01:00,1,1,1,0,1,1,1,0.625,8,5,124.0,18,2,0,0,0,3.0,3,0
cd5628c1-be47-420b-bf0f-daa4dcb83c59,2c3259d5-3a5a-4a64-be43-cedbc92ce0dc,20c7294a-b68c-48b9-8bba-5490c0ae12ae,2025-04-02T18:01:00,0,0,1,0,0,0,1,0.4,5,2,310.0,18,2,0,0,0,3.0,3,0
88394118-9895-4e2d-8ec2-5eae3df75d18,9f966f0d-58e3-4b25-ab78-8fe097b30675,20c7294a-b68c-48b9-8bba-5490c0ae12ae,2025-04-02T18:04:00,1,1,1,0,1,1,1,0.6667,6,4,176.0,18,2,0,0,0,3.0,3,0
2ecfb943-3bce-49ca-8112-820ce99f5661,c436515f-d954-43ab-83ea-71d7b85b1ab2,20c7294a-b68c-48b9-8bba-5490c0ae12ae,2025-04-02T18:05:00,1,0,0,0,1,1,1,1.0,6,6,146.0,18,2,0,0,0,3.0,3,0
9e67a4d0-e12a-4f42-8eee-9c4c9fc604a5,ab824e7b-6c52-415c-9b45-3252ae8f2969,165f7423-7e4a-45b7-8314-658aa236ccb5,2025-04-02T21:46:00,1,1,1,0,1,1,1,0.7143,7,5,173.0,21,2,0,0,0,4.0,3,1
cff1d0a8-e594-4184-a96c-d774fb776292,7df3d0f3-a755-40a4-a102-6e1158275be1,165f7423-7e4a-45b7-8314-658aa236ccb5,2025-04-02T21:51:00,1,0,0,0,1,0,1,0.25,8,2,144.0,21,2,0,0,0,4.0,3,1
5fea6c07-e42b-4b36-83e3-16fe88905b50,8472b4dc-b0f7-4b8e-aeb1-10bfb842eb2f,ff5abf1a-6a17-499e-8019-85ffaf56045f,2025-04-02T22:19:00,1,1,1,0,1,1,0,0.8,5,4,168.0,22,2,0,1,0,2.0,0,0
277b3acf-cb63-4695-9010-b2e606ef16cb,4ac85ad1-81f9-4db3-a7c9-2bd4d3df0e31,ff5abf1a-6a17-499e-8019-85ffaf56045f,2025-04-02T22:20:00,0,0,0,0,1,1,1,0.8889,9,8,172.0,22,2,0,1,0,2.0,0,0
50726006-e986-4efd-bcaa-fead81ab0391,cd532bc0-2367-446e-8e57-68c7cd6101f6,ff5abf1a-6a17-499e-8019-85ffaf56045f,2025-04-02T22:21:00,1,1,1,0,1,1,1,0.6667,9,6,328.0,22,2,0,1,0,2.0,0,0
7c4c775f-2566-4f11-84ec-e03be0fb1bc9,78548b9a-a9e8-46f5-9d4b-45f2377b352b,ff5abf1a-6a17-499e-8019-85ffaf56045f,2025-04-02T22:24:00,0,0,0,0,1,0,1,0.6,5,3,355.0,22,2,0,1,0,2.0,0,0
348c6755-a0d7-4949-a105-3d30b622c205,6020fc90-bb4f-4cf6-939b-6d7429d5d3a1,ff5abf1a-6a17-499e-8019-85ffaf56045f,2025-04-02T22:28:00,1,0,0,0,1,1,0,0.5,4,2,365.0,22,2,0,1,0,2.0,0,0
48d28060-8d6f-4b30-bed0-c998b4a0e545,4be00de0-ff5a-454f-aca8-e915814cf135,ff5abf1a-6a17-499e-8019-85ffaf56045f,2025-04-02T22:30:00,1,0,0,0,1,1,1,0.75,4,3,365.0,22,2,0,1,0,2.0,0,0
8921abac-82bb-4b20-9145-909ca933cabf,1fac9453-e829-479d-ae5f-008babfc456d,09e1bf4b-3457-4038-bb92-b71dcbff7cf5,2025-04-03T01:05:00,0,0,0,0,1,1,1,0.75,4,3,163.0,1,3,0,1,0,6.0,1,0
4e024227-47c8-4f68-a6e2-b239f9add0a3,90226cb0-70e6-4d51-8a71-165165d84910,09e1bf4b-3457-4038-bb92-b71dcbff7cf5,2025-04-03T01:07:00,1,0,0,0,1,1,1,1.0,3,3,348.0,1,3,0,1,0,6.0,1,0
bd7951cd-c9ce-4571-978d-f49c8e1a505a,dd3c9c80-9a9d-4efd-a8fc-06ac9e8600c4,09e1bf4b-3457-4038-bb92-b71dcbff7cf5,2025-04-03T01:07:00,1,0,1,0,1,1,1,0.8571,7,6,365.0,1,3,0,1,0,6.0,1,0
2fb2128a-50fb-4c32-8d47-f42e3733bb3b,cde8f468-ab23-43e9-8462-c07f508baa7f,09e1bf4b-3457-4038-bb92-b71dcbff7cf5,2025-04-03T01:14:00,1,0,1,0,0,1,1,1.0,4,4,822.0,1,3,0,1,0,6.0,1,0
48e4003e-033a-4d0f-bb83-fdbcfa2f7ca2,2361c7a1-b851-4b64-97aa-0cf019d4b69d,09e1bf4b-3457-4038-bb92-b71dcbff7cf5,2025-04-03T01:14:00,1,0,1,0,0,1,1,1.0,5,5,269.0,1,3,0,1,0,6.0,1,0
ad052153-dfae-4bd3-b1c9-7bad7db0d6f8,c2d25642-919c-4075-a54a-aedcf9642a56,09e1bf4b-3457-4038-bb92-b71dcbff7cf5,2025-04-03T01:17:00,0,0,0,0,1,1,0,0.5714,7,4,282.0,1,3,0,1,0,6.0,1,0
549e55ba-e797-4f81-b5cd-2410a9d92835,a0b1bd76-723b-4abd-bf35-77c31a4185e5,89574986-5cc7-4cd7-a4af-5c17b46628f2,2025-04-03T01:58:00,0,0,0,0,1,0,0,0.25,4,1,178.0,1,3,0,1,0,2.0,3,1
789cb3b0-6e34-47ea-9cb2-325297ea6458,8aadad3e-4591-4c88-a738-78b84530fbda,89574986-5cc7-4cd7-a4af-5c17b46628f2,2025-04-03T02:00:00,0,0,1,0,1,1,1,0.8571,7,6,338.0,2,3,0,1,0,2.0,3,1
4b013985-5752-4f1c-a63b-c0067571ab6f,f53bf753-a0a3-4d28-99f6-434168f98cb2,89574986-5cc7-4cd7-a4af-5c17b46628f2,2025-04-03T02:02:00,1,1,1,0,1,1,1,0.6667,3,2,365.0,2,3,0,1,0,2.0,3,1
37d7c7a9-45be-4944-bdcb-78a03f20b43a,1f112d30-78c2-428c-a403-aea38638cdce,89574986-5cc7-4cd7-a4af-5c17b46628f2,2025-04-03T02:05:00,0,0,0,0,1,0,1,0.5,4,2,159.0,2,3,0,1,0,2.0,3,1
c3137ba8-ee39-4983-876f-a46debb560ed,553294c5-4565-4d5a-a069-6e8126905be4,89574986-5cc7-4cd7-a4af-5c17b46628f2,2025-04-03T02:06:00,1,1,1,0,1,1,0,0.4,5,2,216.0,2,3,0,1,0,2.0,3,1
0b34e2bd-6049-433e-a9e9-a673f010e3df,f63c50b9-9712-4146-b62f-580951ca12c3,89574986-5cc7-4cd7-a4af-5c17b46628f2,2025-04-03T02:10:00,1,0,1,0,0,1,0,0.6667,6,4,128.0,2,3,0,1,0,2.0,3,1
4cbfb5c8-af28-4614-9bb7-df1dddf30edd,c9dc82a9-929e-4f50-b5b7-c81e47b0668c,44125d8e-38b6-4f4c-93cb-c1a43d45fa1e,2025-04-03T02:15:00,0,0,0,0,1,1,0,0.6,5,3,160.0,2,3,0,1,0,2.0,2,1
8bd6fbc4-98f7-496b-ac71-58a9cf1b6905,54644cdc-6eb6-4ce1-ace4-1ba0ab1ae36a,44125d8e-38b6-4f4c-93cb-c1a43d45fa1e,2025-04-03T02:18:00,1,0,0,0,0,1,1,0.6667,3,2,535.0,2,3,0,1,0,2.0,2,1
61f0cd77-2b59-4c12-b945-75336502068c,54644cdc-6eb6-4ce1-ace4-1ba0ab1ae36a,56bda962-490d-4f51-88cb-534a93e95839,2025-04-03T03:34:00,1,0,0,0,0,1,1,0.75,4,3,535.0,3,3,0,1,0,4.0,2,0
1daa0533-4fb8-45d2-8b90-962cdeeea27e,1f6fb1c2-eed4-453e-843e-8dcf8faefb39,56bda962-490d-4f51-88cb-534a93e95839,2025-04-03T03:35:00,0,0,0,0,1,1,1,1.0,2,2,132.0,3,3,0,1,0,4.0,2,0
0f64a10d-9edd-4529-be19-62202800edc9,b452a2de-4232-41a0-814e-2651c197f192,56bda962-490d-4f51-88cb-534a93e95839,2025-04-03T03:40:00,0,0,0,0,1,1,1,0.0,4,0,183.0,3,3,0,1,0,4.0,2,0
0df0ebcd-ba50-4636-b016-d8c29f86ae13,15e8b88b-3071-48e6-b989-88d3d4c35e68,56bda962-490d-4f51-88cb-534a93e95839,2025-04-03T03:41:00,0,0,0,0,1,1,1,1.0,5,5,125.0,3,3,0,1,0,4.0,2,0
136faa5c-713c-4f17-9730-fe8d6ae0cef6,4be00de0-ff5a-454f-aca8-e915814cf135,56bda962-490d-4f51-88cb-534a93e95839,2025-04-03T03:42:00,1,0,0,0,1,1,1,0.8,5,4,365.0,3,3,0,1,0,4.0,2,0
ccb400f1-d9b5-49c7-9bd9-c9a8515a0184,d239a4ec-9007-41bc-a9af-3ceae895f0c0,56bda962-490d-4f51-88cb-534a93e95839,2025-04-03T03:42:00,0,0,0,0,1,1,1,0.5,6,3,132.0,3,3,0,1,0,4.0,2,0
e681c0ea-5853-41cd-8db5-3678e6ef8ff6,6020fc90-bb4f-4cf6-939b-6d7429d5d3a1,6318977e-66e5-4831-a55d-fd5a93f0e5ad,2025-04-03T17:27:00,0,0,0,0,1,1,0,0.6,5,3,365.0,17,3,0,0,1,4.0,1,1
32b7d96f-7d1d-4594-9f18-17db27ecb044,628e4e35-5853-4d59-b32f-4056b7e3e27b,6318977e-66e5-4831-a55d-fd5a93f0e5ad,2025-04-03T17:28:00,1,1,1,0,1,0,1,0.6667,6,4,365.0,17,3,0,0,1,4.0,1,1
736d2ab6-b739-4f93-8558-8198cfe866bc,415a8ed8-6bf8-47ec-9265-7eacc19a825f,6318977e-66e5-4831-a55d-fd5a93f0e5ad,2025-04-03T17:32:00,1,1,1,0,1,1,1,0.6,5,3,365.0,17,3,0,0,1,4.0,1,1
b726c36f-e7d5-40ca-9c24-bc97a4af634c,c9dc82a9-929e-4f50-b5b7-c81e47b0668c,6318977e-66e5-4831-a55d-fd5a93f0e5ad,2025-04-03T17:32:00,0,0,0,0,1,1,0,0.5,6,3,160.0,17,3,0,0,1,4.0,1,1
28a533cf-77a6-42ef-a347-862ad48b25d7,979b5d05-d629-42eb-925c-ca3d093ceaca,b7c425aa-d41d-4757-a5f0-b80d2e2b79b1,2025-04-03T17:36:00,0,0,0,0,1,1,1,0.75,8,6,282.0,17,3,0,0,1,6.0,3,1
e0a8a018-1ae4-4ed2-aa96-b3417c278893,4dbf9849-ac53-4f89-9962-e94bf0dccfbc,6318977e-66e5-4831-a55d-fd5a93f0e5ad,2025-04-03T17:37:00,1,0,1,1,1,1,1,0.75,4,3,365.0,17,3,0,0,1,4.0,1,1
71bb6207-a6aa-4a5e-af61-20ce6611620f,01980ae7-4a49-4fe8-b3d2-6850ed621b41,6318977e-66e5-4831-a55d-fd5a93f0e5ad,2025-04-03T17:38:00,1,1,1,0,1,1,1,1.0,2,2,306.0,17,3,0,0,1,4.0,1,1
abcd1154-a950-439c-8b02-75887a25bdb7,c4fe67ef-e054-4697-9543-263f3f2dd3c7,b7c425aa-d41d-4757-a5f0-b80d2e2b79b1,2025-04-03T17:39:00,0,0,1,0,0,1,0,0.8,5,4,155.0,17,3,0,0,1,6.0,3,1
eb79ac05-acd1-4283-97df-e42d92945443,1191fc52-63be-4740-bba1-06592a0f8eb5,b7c425aa-d41d-4757-a5f0-b80d2e2b79b1,2025-04-03T17:40:00,1,0,1,0,1,1,1,1.0,3,3,142.0,17,3,0,0,1,6.0,3,1
91ba5de8-bd8b-455b-bed0-75326a76d60b,bf16397a-e456-456e-98bd-2730736c43f3,b7c425aa-d41d-4757-a5f0-b80d2e2b79b1,2025-04-03T17:44:00,1,0,1,0,1,0,1,0.5,6,3,213.0,17,3,0,0,1,6.0,3,1
1de6721d-9c1e-4922-b095-b86d7c487362,29e49c87-bf5c-4e0a-844a-7ce3f4f2d13d,05184673-71d4-4487-ab60-2e6ebdd9bf6c,2025-04-03T23:00:00,1,0,0,0,1,1,1,1.0,7,7,175.0,23,3,0,1,0,2.0,3,1
1b4cbf2b-e3db-40e5-90c2-74bfa40141a7,977055e7-58dc-4d79-b576-2feb17172418,05184673-71d4-4487-ab60-2e6ebdd9bf6c,2025-04-03T23:01:00,0,0,1,0,1,1,0,0.75,8,6,244.0,23,3,0,1,0,2.0,3,1
6d4f30a0-f7c3-46dc-b214-c910041372a9,f63c50b9-9712-4146-b62f-580951ca12c3,05184673-71d4-4487-ab60-2e6ebdd9bf6c,2025-04-03T23:03:00,0,0,1,0,0,1,0,0.7143,7,5,128.0,23,3,0,1,0,2.0,3,1
20f37492-9171-4e9e-a2b1-d6e550168233,e154750f-17df-43f5-8c04-401ee73830f6,05184673-71d4-4487-ab60-2e6ebdd9bf6c,2025-04-03T23:06:00,1,1,1,0,1,1,0,0.5,4,2,157.0,23,3,0,1,0,2.0,3,1
ccefac8c-5b02-444c-906c-083f92ab7945,4d0e1b54-5e79-4df5-b9bd-bd996b9c9642,05184673-71d4-4487-ab60-2e6ebdd9bf6c,2025-04-03T23:10:00,1,0,1,0,1,1,0,0.5,4,2,378.0,23,3,0,1,0,2.0,3,1
c723812b-2ec7-4351-9af3-4d4e772c2ea2,5af7e665-37a6-4d00-a895-44a3a239f4cf,05184673-71d4-4487-ab60-2e6ebdd9bf6c,2025-04-03T23:11:00,1,0,1,1,1,1,1,1.0,6,6,155.0,23,3,0,1,0,2.0,3,1
1faf7bb5-6280-410b-b0e4-346c51fcc923,2ca5443d-9c69-4b59-a783-d0c9ad1c7da7,1bed8e1b-7b26-479b-a578-a2f22e4536d3,2025-04-04T02:21:00,1,0,1,0,1,1,1,0.8,5,4,123.0,2,4,0,1,0,2.0,3,1
20153ff8-94b7-4197-aea7-f018c9fad50e,f6612e9b-17e3-4407-bad5-87d18f75c172,1bed8e1b-7b26-479b-a578-a2f22e4536d3,2025-04-04T02:26:00,1,1,1,0,0,1,1,0.6667,6,4,136.0,2,4,0,1,0,2.0,3,1
30d6598d-0046-4e33-9d80-c3ee417f400e,927dc24f-3e95-4ab2-a387-73907d3af8e7,1bed8e1b-7b26-479b-a578-a2f22e4536d3,2025-04-04T02:26:00,1,0,0,0,1,1,1,0.5,2,1,141.0,2,4,0,1,0,2.0,3,1
cafba4e2-6fe8-4d80-99f2-4538220b978e,6808b218-ad45-4d5a-8374-ac96bd2f9e51,0182dd24-bb51-4654-95e4-a2bcaed237e2,2025-04-04T02:27:00,0,0,0,0,1,1,1,0.7778,9,7,365.0,2,4,0,1,0,6.0,1,1
2d03e902-0e82-4f7c-a806-a1b62ba9544c,2c3259d5-3a5a-4a64-be43-cedbc92ce0dc,0182dd24-bb51-4654-95e4-a2bcaed237e2,2025-04-04T02:30:00,0,1,1,0,0,0,1,0.3333,6,2,312.0,2,4,0,1,0,6.0,1,1
eb188e4a-281b-44c5-9a44-8c7686648a0f,cfca1fba-b8fd-43a2-8e84-7c868fae649d,0182dd24-bb51-4654-95e4-a2bcaed237e2,2025-04-04T02:30:00,1,0,1,1,1,1,1,1.0,4,4,365.0,2,4,0,1,0,6.0,1,1
d4b9b354-234d-4947-8e07-a686e35a2098,eeafa879-969e-4fb1-b5cc-4bb4d3216e00,f1892c41-1794-4d4a-9e6b-25993f2a2824,2025-04-04T04:24:00,0,1,1,0,1,1,1,1.0,7,7,238.0,4,4,0,1,0,2.0,1,1
7558b435-563c-4090-a3ed-265d9047e247,cde8f468-ab23-43e9-8462-c07f508baa7f,f1892c41-1794-4d4a-9e6b-25993f2a2824,2025-04-04T04:30:00,0,0,0,0,0,1,1,1.0,5,5,823.0,4,4,0,1,0,2.0,1,1
713107c0-6653-424e-a4e8-859ed6a334cd,aa88c4dd-4d72-4fc4-81fb-864525abed74,f1892c41-1794-4d4a-9e6b-25993f2a2824,2025-04-04T04:31:00,0,0,1,1,1,1,1,0.25,4,1,179.0,4,4,0,1,0,2.0,1,1
fde563f5-4e44-4034-887e-d6666e8ffb6e,3fbab77f-078b-48d4-ab31-908df43ab95e,f1892c41-1794-4d4a-9e6b-25993f2a2824,2025-04-04T04:36:00,1,1,1,0,1,1,1,1.0,3,3,303.0,4,4,0,1,0,2.0,1,1
649d2642-fdd0-4f76-b046-1cc7589fb2d7,c1c99edc-e331-448e-a7ab-7b7fcb4ae4e7,15d33d7e-3061-4967-b3e3-fb6e629352e8,2025-04-04T04:53:00,1,0,1,1,1,1,1,1.0,7,7,279.0,4,4,0,1,0,6.0,3,1
585da3ee-2a3a-4302-9b96-8fef3ce771f0,ad32e776-9492-4189-a4eb-d73ed256a7ea,15d33d7e-3061-4967-b3e3-fb6e629352e8,2025-04-04T04:56:00,0,0,1,0,1,1,1,0.8571,7,6,133.0,4,4,0,1,0,6.0,3,1
ded75155-32b7-4162-badb-1fb14450b21b,eb9471c8-ba19-42a2-94b9-9a533ce84d63,15d33d7e-3061-4967-b3e3-fb6e629352e8,2025-04-04T04:56:00,1,0,1,0,1,1,1,0.8,5,4,437.0,4,4,0,1,0,6.0,3,1
67ac7a00-1a77-42f1-8db7-bd985ecee6fb,6b1ba131-fea8-4018-9f7b-bb75d5846414,15d33d7e-3061-4967-b3e3-fb6e629352e8,2025-04-04T05:05:00,1,0,0,0,1,1,1,0.5556,9,5,365.0,5,4,0,1,0,6.0,3,1
9e732140-dd2c-48e8-8c6d-15e6a828c801,9ad5103d-928f-448b-903a-76f5be1dfa37,56a9fa35-a130-49f4-9652-161fd8dfd297,2025-04-04T14:47:00,1,1,1,0,1,1,1,0.6667,3,2,425.0,14,4,0,0,1,4.0,3,1
1f585838-65ae-4259-b620-3f1449b8cba9,d869910e-02c0-4d29-a1fd-9bdef530d653,56a9fa35-a130-49f4-9652-161fd8dfd297,2025-04-04T14:49:00,1,0,1,0,1,0,1,0.8889,9,8,365.0,14,4,0,0,1,4.0,3,1
6cf594c9-1117-4c4f-88a2-49564983a8de,c4ccc935-dd86-4d48-92ab-3e02bfbbdedd,56a9fa35-a130-49f4-9652-161fd8dfd297,2025-04-04T14:51:00,1,0,1,0,1,1,1,0.75,4,3,139.0,14,4,0,0,1,4.0,3,1
d05260f2-8622-49f7-89e1-fa65ecbe26f3,2ae377b5-178c-428d-8503-302dc4d6f806,56a9fa35-a130-49f4-9652-161fd8dfd297,2025-04-04T14:55:00,1,1,1,0,1,1,1,0.5,2,1,369.0,14,4,0,0,1,4.0,3,1
fb4743d1-689d-475b-930e-5cce14788790,e116edc5-9b26-4e7c-88d9-765a7676524f,56a9fa35-a130-49f4-9652-161fd8dfd297,2025-04-04T14:58:00,0,1,1,0,1,1,1,0.5,6,3,200.0,14,4,0,0,1,4.0,3,1
9695abe9-c327-431f-bf0e-9ba2cfc06455,0a75681e-3c8c-4c6e-aee4-3ed6e64484f2,56a9fa35-a130-49f4-9652-161fd8dfd297,2025-04-04T14:59:00,0,0,1,0,1,1,1,0.8,5,4,384.0,14,4,0,0,1,4.0,3,1
8c9feb52-307c-4bfc-9aac-1fff1661e521,4be00de0-ff5a-454f-aca8-e915814cf135,11aab4c0-2277-4234-826f-7ba26c577773,2025-04-04T20:23:00,1,0,0,0,1,1,1,0.8333,6,5,365.0,20,4,0,0,0,3.0,1,1
039e81ff-ea9c-4396-ac3a-4ed28275fae7,96e372e4-86b2-4e68-b468-3cdf7686a490,11aab4c0-2277-4234-826f-7ba26c577773,2025-04-04T20:25:00,0,1,1,0,1,1,1,0.8571,7,6,153.0,20,4,0,0,0,3.0,1,1
cc8a27be-584a-4b8e-a60c-f1a960e9a66a,2c1091c3-2c2e-4305-8524-f2651ddbea75,11aab4c0-2277-4234-826f-7ba26c577773,2025-04-04T20:28:00,1,0,0,0,1,1,1,0.75,4,3,711.0,20,4,0,0,0,3.0,1,1
835e6d2b-5829-40ed-bcb4-fe8522e4099b,d346ac11-9b08-4a8a-b887-845a17ae7266,11aab4c0-2277-4234-826f-7ba26c577773,2025-04-04T20:31:00,1,1,1,0,1,1,1,1.0,6,6,616.0,20,4,0,0,0,3.0,1,1
d668b65b-418d-45af-b7b2-6139d2ea5a75,664b1167-88df-4fdd-afcb-3e9296fb4ad6,53ae82b0-d9db-4ea9-8336-50951f4d8b1a,2025-04-04T22:26:00,1,0,0,0,1,1,1,1.0,10,10,220.0,22,4,0,1,0,3.0,2,1
88800e42-7fe2-4164-bae1-e49e8c162de1,29863a10-f78d-4e41-9aa9-3e446b4fe73f,53ae82b0-d9db-4ea9-8336-50951f4d8b1a,2025-04-04T22:28:00,0,0,0,0,1,1,0,0.8,5,4,148.0,22,4,0,1,0,3.0,2,1
386f41b0-0f78-4e75-9ff4-83a52153d964,2361c7a1-b851-4b64-97aa-0cf019d4b69d,53ae82b0-d9db-4ea9-8336-50951f4d8b1a,2025-04-04T22:31:00,1,1,1,0,0,1,1,1.0,6,6,270.0,22,4,0,1,0,3.0,2,1
8e6e11e1-3576-43cb-9a25-e01042f268bf,86adaeeb-d381-4c0f-87c8-ba59ce1cad28,53ae82b0-d9db-4ea9-8336-50951f4d8b1a,2025-04-04T22:32:00,1,1,1,0,1,1,1,1.0,6,6,427.0,22,4,0,1,0,3.0,2,1
678887b0-a076-4df6-a06e-f9acef407e7b,54d5caa7-5a58-4175-a139-ece2d4e285d1,53ae82b0-d9db-4ea9-8336-50951f4d8b1a,2025-04-04T22:33:00,0,0,0,0,0,1,1,0.75,4,3,187.0,22,4,0,1,0,3.0,2,1
e0860d36-6336-4c6c-b1d9-e7ecfd58b3b0,e407e92f-fbeb-4577-975a-db39c26f5872,53ae82b0-d9db-4ea9-8336-50951f4d8b1a,2025-04-04T22:36:00,1,0,1,1,1,1,1,0.8889,9,8,292.0,22,4,0,1,0,3.0,2,1
ed042017-37bd-415e-84c4-063b5ac8b202,273ddb7f-7af3-44a5-b945-f6705e9f338f,555f4547-cf78-4aeb-9a12-1d95f7470378,2025-04-05T00:20:00,0,1,1,0,1,1,0,0.4286,7,3,210.0,0,5,1,1,0,6.0,1,1
73e58c67-f2cd-489e-9f55-20f44ea065c9,c0eaa600-b15c-463a-b278-86b3ca57fd5c,555f4547-cf78-4aeb-9a12-1d95f7470378,2025-04-05T00:21:00,0,0,0,0,1,1,1,0.6667,9,6,127.0,0,5,1,1,0,6.0,1,1
209d3370-f0f6-40a8-965f-d39ef0e38695,1f639402-8dc8-4776-97e8-d35510b12cd1,555f4547-cf78-4aeb-9a12-1d95f7470378,2025-04-05T00:22:00,0,0,0,0,1,1,1,0.8889,9,8,440.0,0,5,1,1,0,6.0,1,1
2126e327-3ec2-4700-ae52-4335bf372e7e,ba654c1d-96a2-4ce2-96bf-a37bb05c6b58,555f4547-cf78-4aeb-9a12-1d95f7470378,2025-04-05T00:29:00,0,0,0,0,1,0,0,0.5,6,3,365.0,0,5,1,1,0,6.0,1,1
a7df344a-ec90-4625-af3f-5e1859ddbe6b,1fac9453-e829-479d-ae5f-008babfc456d,555f4547-cf78-4aeb-9a12-1d95f7470378,2025-04-05T00:32:00,0,0,0,0,1,1,1,0.6,5,3,165.0,0,5,1,1,0,6.0,1,1
c0333f3c-1ded-4f3b-9986-fc9b7eb2d729,126fbc28-6b03-407e-b020-19175754625a,81c3da92-3262-49e1-8141-9f6f6dc6cc08,2025-04-05T01:14:00,1,0,1,0,1,1,1,1.0,3,3,249.0,1,5,1,1,0,3.0,3,1
d84febe9-c884-4e0a-ac4c-2000f76111d9,878b86c2-438d-4767-ad44-f8c58de74bd2,81c3da92-3262-49e1-8141-9f6f6dc6cc08,2025-04-05T01:19:00,0,0,1,0,1,1,1,0.75,4,3,365.0,1,5,1,1,0,3.0,3,1
e347b1c4-f30a-432e-8551-2b9b0bc7ac28,8a40fb38-7cf4-468d-954f-bebd5270f111,81c3da92-3262-49e1-8141-9f6f6dc6cc08,2025-04-05T01:22:00,0,0,1,0,0,1,1,0.8571,7,6,240.0,1,5,1,1,0,3.0,3,1
89f570d3-e895-494b-8eb8-3a277ae407e9,9ad5103d-928f-448b-903a-76f5be1dfa37,81c3da92-3262-49e1-8141-9f6f6dc6cc08,2025-04-05T01:24:00,1,1,1,0,1,1,1,0.75,4,3,426.0,1,5,1,1,0,3.0,3,1
cc434d37-ff6e-4004-be88-505a6e230497,5ae18917-1ec4-457c-a836-7efc4c4c8fff,f46b5f8b-6f44-4262-8f12-35e414f92970,2025-04-05T03:12:00,1,1,1,0,1,1,1,1.0,3,3,215.0,3,5,1,1,0,3.0,3,1
2e3148bf-01d5-4c55-948f-95813cf002bb,18425d44-6ba9-45d1-a297-f3778d4b10e7,f46b5f8b-6f44-4262-8f12-35e414f92970,2025-04-05T03:13:00,1,1,1,0,1,1,1,0.8889,9,8,365.0,3,5,1,1,0,3.0,3,1
22c061b7-a598-4c01-8c9d-5362579932f5,74de697e-ecd0-4975-8057-f21088a888b4,f46b5f8b-6f44-4262-8f12-35e414f92970,2025-04-05T03:14:00,1,0,1,1,1,1,0,0.6667,12,8,365.0,3,5,1,1,0,3.0,3,1
47cdfb42-637e-4405-bd59-a2b8bee2f12e,97b426ef-09b1-4692-8010-6897b909efc6,f46b5f8b-6f44-4262-8f12-35e414f92970,2025-04-05T03:18:00,0,0,0,0,1,0,1,0.2857,7,2,139.0,3,5,1,1,0,3.0,3,1
baab6775-19f3-47e0-a67e-deb7a143b67c,2d67b8f1-6839-41a5-a4f9-ed87959a5394,f46b5f8b-6f44-4262-8f12-35e414f92970,2025-04-05T03:22:00,1,0,0,0,1,1,1,1.0,6,6,181.0,3,5,1,1,0,3.0,3,1
72d4b00d-bd0e-4d37-9302-9a9f44751f33,5d834b3d-0d58-4d16-bdc4-32869531ea10,f46b5f8b-6f44-4262-8f12-35e414f92970,2025-04-05T03:23:00,0,0,0,0,1,1,1,1.0,4,4,140.0,3,5,1,1,0,3.0,3,1
00c29d01-41e2-4b35-b983-c0555e7668d7,b31f3223-35d1-446c-9991-79665d0b1ef3,f0487961-545c-465c-bde8-6a1fb024e36e,2025-04-05T05:30:00,0,0,1,0,1,1,1,0.7,10,7,151.0,5,5,1,1,0,2.0,3,1
67491c3e-d886-4b2e-961c-32c326cbb6b1,27f63174-92e0-4ec5-a8d6-df307aa20f3b,f0487961-545c-465c-bde8-6a1fb024e36e,2025-04-05T05:30:00,1,0,1,0,1,1,1,0.8,10,8,365.0,5,5,1,1,0,2.0,3,1
c16a4ad4-3a7a-45ac-a20d-31c552b1a7eb,909e8f9d-0127-4f44-9f4c-24a2e2b45782,f0487961-545c-465c-bde8-6a1fb024e36e,2025-04-05T05:33:00,0,0,0,0,1,1,1,0.75,4,3,177.0,5,5,1,1,0,2.0,3,1
78815dcf-8c7d-4f24-bed8-67c563ab9d77,a92ac821-12c7-40b8-bbb8-e287da0564eb,f0487961-545c-465c-bde8-6a1fb024e36e,2025-04-05T05:34:00,1,0,0,0,1,1,1,0.5714,7,4,365.0,5,5,1,1,0,2.0,3,1
8d79ba52-f629-4e13-8c45-f45a0899298b,01980ae7-4a49-4fe8-b3d2-6850ed621b41,30d0b02b-76ed-4f5b-96f9-082ff309d6a6,2025-04-05T10:20:00,1,1,1,0,1,1,1,1.0,3,3,308.0,10,5,1,0,0,2.0,1,0
a619bf7c-ce28-41af-ac60-93e52a856ca4,28be837f-36ab-4fc3-b1d9-db1a3b881b02,30d0b02b-76ed-4f5b-96f9-082ff309d6a6,2025-04-05T10:26:00,1,0,0,0,1,1,1,1.0,4,4,139.0,10,5,1,0,0,2.0,1,0
4131cfa0-cc83-41a0-9aed-c80c490a6bf7,eb9471c8-ba19-42a2-94b9-9a533ce84d63,30d0b02b-76ed-4f5b-96f9-082ff309d6a6,2025-04-05T10:30:00,1,1,1,0,1,1,1,0.8333,6,5,438.0,10,5,1,0,0,2.0,1,0
d9c36ab1-24ec-40f9-9de8-8d6ba5b04070,a8a1af91-93b6-4f04-8e14-d38aa8302607,17162a27-fc8b-4c04-8fa4-ef3bd5c05e1f,2025-04-05T13:06:00,0,0,0,0,1,1,1,0.8571,7,6,177.0,13,5,1,0,0,4.0,1,1
1a431d14-8661-42a2-89aa-d9d62164816b,56788efb-19f3-4d23-8b92-d96dc8d14718,17162a27-fc8b-4c04-8fa4-ef3bd5c05e1f,2025-04-05T13:07:00,1,1,1,0,1,1,1,1.0,4,4,365.0,13,5,1,0,0,4.0,1,1
7fdb2432-9bde-4dce-9470-662341b61b9f,f6556829-5e66-4e5a-aff5-3233c86566a8,17162a27-fc8b-4c04-8fa4-ef3bd5c05e1f,2025-04-05T13:12:00,1,0,0,0,1,0,1,0.625,8,5,191.0,13,5,1,0,0,4.0,1,1
d738d333-6748-4a34-94a5-59abc13d6ffd,885c50e2-3162-47fa-90f5-23d9287648cc,17162a27-fc8b-4c04-8fa4-ef3bd5c05e1f,2025-04-05T13:12:00,1,0,1,0,0,1,1,0.8,5,4,365.0,13,5,1,0,0,4.0,1,1
6968e2cb-7760-4d38-8e33-c63b3f5b23e2,b16f7848-a2a4-4c2c-8a3b-0bf76ecdf857,17162a27-fc8b-4c04-8fa4-ef3bd5c05e1f,2025-04-05T13:15:00,1,0,1,0,0,1,1,1.0,6,6,365.0,13,5,1,0,0,4.0,1,1
c3d983dd-0e43-4837-9e0d-71d69cebbfd2,abdc90fb-c824-469f-8f0e-8dd72f8f977f,56462c8a-e513-46d0-9ebf-1afc9da4ad78,2025-04-05T14:10:00,1,1,1,0,0,1,1,0.8,10,8,423.0,14,5,1,0,0,2.0,1,1
da4d739f-6409-4d22-baf4-d0605f4fc485,57d21420-eb05-457e-8d19-6289775c7ce5,56462c8a-e513-46d0-9ebf-1afc9da4ad78,2025-04-05T14:12:00,0,0,0,0,1,1,0,0.4,5,2,365.0,14,5,1,0,0,2.0,1,1
7a2c72f3-4acf-49d0-8ef5-9e2a3f9ba814,2d57212f-e718-4f41-a96c-e064f42d3047,56462c8a-e513-46d0-9ebf-1afc9da4ad78,2025-04-05T14:15:00,1,0,0,0,1,1,1,1.0,4,4,176.0,14,5,1,0,0,2.0,1,1
859bf66a-ed5d-4f97-b737-52161076dd0d,4be00de0-ff5a-454f-aca8-e915814cf135,fb64f053-c2ed-4f48-b4ea-ad6e23ffa19f,2025-04-05T14:15:00,1,0,0,0,1,1,1,0.8571,7,6,365.0,14,5,1,0,0,1.0,2,1
106e5c32-95d9-41c8-8c0a-748618882b76,02fee361-2aed-4d3b-a7f5-6649d00e35ff,fb64f053-c2ed-4f48-b4ea-ad6e23ffa19f,2025-04-05T14:16:00,1,0,1,1,1,1,0,0.6,5,3,302.0,14,5,1,0,0,1.0,2,1
25699e61-2462-4bb7-b54f-b9a064706445,11955be9-03b2-4274-9002-7a2a5ae499a8,56462c8a-e513-46d0-9ebf-1afc9da4ad78,2025-04-05T14:17:00,0,0,0,0,1,0,0,0.1667,6,1,365.0,14,5,1,0,0,2.0,1,1
65eb9b11-d5d2-4934-a64e-299d9f730634,9a08a817-eaf1-4182-9eb1-290121129ead,56462c8a-e513-46d0-9ebf-1afc9da4ad78,2025-04-05T14:20:00,1,1,1,0,1,1,1,0.8333,6,5,365.0,14,5,1,0,0,2.0,1,1
c57f3a47-c23c-4412-bb63-5e618b72e110,01980ae7-4a49-4fe8-b3d2-6850ed621b41,56462c8a-e513-46d0-9ebf-1afc9da4ad78,2025-04-05T14:22:00,1,1,1,0,1,1,1,1.0,4,4,308.0,14,5,1,0,0,2.0,1,1
fe2f4747-ee86-4201-bc73-1cce1c0d05bb,8aadad3e-4591-4c88-a738-78b84530fbda,fb64f053-c2ed-4f48-b4ea-ad6e23ffa19f,2025-04-05T14:23:00,1,1,1,0,1,1,1,0.75,8,6,340.0,14,5,1,0,0,1.0,2,1
e2d139dc-86fb-4267-b192-649c2fb683a7,3d9f3b15-c774-4537-9706-6a9c0ce3bcd0,fb64f053-c2ed-4f48-b4ea-ad6e23ffa19f,2025-04-05T14:24:00,1,0,0,0,1,1,0,0.8333,6,5,162.0,14,5,1,0,0,1.0,2,1
af6469cc-3ae7-4c16-9590-f62aa468a168,309497b0-41ad-483a-a10a-7040ec34710d,fb64f053-c2ed-4f48-b4ea-ad6e23ffa19f,2025-04-05T14:27:00,1,0,0,0,1,1,0,0.4286,7,3,234.0,14,5,1,0,0,1.0,2,1
3a8d976a-94d9-4242-a7a8-08e55a798bb7,b822f3f2-bc12-474d-9f5a-b3cef19341f0,623d6f43-9ff5-43ef-9d9e-60f7a4ab04fa,2025-04-05T14:52:00,1,1,1,0,1,1,1,0.6364,11,7,365.0,14,5,1,0,0,4.0,3,1
da6bb569-01ee-4bb7-a90d-5261ebb7d139,5363b68d-8ce8-4929-9246-6d22798f9caf,623d6f43-9ff5-43ef-9d9e-60f7a4ab04fa,2025-04-05T15:00:00,1,1,1,0,1,1,1,0.6667,3,2,140.0,15,5,1,0,0,4.0,3,1
e98b8f46-23bd-475b-878a-699bf3786cc6,cc823700-76b8-4614-9bae-555be744cc6e,623d6f43-9ff5-43ef-9d9e-60f7a4ab04fa,2025-04-05T15:00:00,1,0,1,0,1,1,1,0.8333,6,5,365.0,15,5,1,0,0,4.0,3,1
54c6c3dd-d614-4e60-96bb-395fcb9ee05d,1d67536a-01f8-430f-8e5d-331ea756ad1c,623d6f43-9ff5-43ef-9d9e-60f7a4ab04fa,2025-04-05T15:01:00,1,0,0,0,1,1,1,0.75,4,3,127.0,15,5,1,0,0,4.0,3,1
06b56e4c-a343-40b7-b42b-4466c8996373,c4a4b614-90de-4794-a555-76f6159de789,5537b6e7-c806-48fa-911a-ae31afb271b3,2025-04-05T20:02:00,1,0,1,0,1,1,1,1.0,5,5,259.0,20,5,1,0,0,2.0,0,1
c7d03b66-5da0-4a97-a4e9-63e790f6ab18,a88bf6b5-168a-42ee-bea7-b40defa21e24,5537b6e7-c806-48fa-911a-ae31afb271b3,2025-04-05T20:03:00,1,0,0,0,1,1,1,0.8889,9,8,132.0,20,5,1,0,0,2.0,0,1
e5a3ebd4-404a-4102-b5c2-8d9972738b70,c2d25642-919c-4075-a54a-aedcf9642a56,5537b6e7-c806-48fa-911a-ae31afb271b3,2025-04-05T20:03:00,1,0,0,0,1,1,0,0.5,8,4,284.0,20,5,1,0,0,2.0,0,1
9b679e50-5ff3-4a74-b12a-dad59ed7f555,d86275ba-b1a0-4e6e-a363-d11e975f6df6,5537b6e7-c806-48fa-911a-ae31afb271b3,2025-04-05T20:11:00,1,0,1,0,1,1,1,0.6667,9,6,241.0,20,5,1,0,0,2.0,0,1
983ba4bb-09b3-480c-b791-80551c70a545,1ee3aa44-6749-4c32-9bfe-c3306275fe48,5537b6e7-c806-48fa-911a-ae31afb271b3,2025-04-05T20:13:00,1,0,1,0,1,1,1,0.8,10,8,175.0,20,5,1,0,0,2.0,0,1
3769aaa7-51bd-44b3-b4bd-f7a3023bdcbf,85b594e8-d460-4e0d-bd65-07df78f69665,870e0872-01db-4868-a746-d76eac664d17,2025-04-05T22:11:00,0,0,0,0,1,1,0,0.25,4,1,141.0,22,5,1,1,0,2.0,1,0
f3d4561e-40d6-497c-8d2e-e034c150345c,985ab403-ddfd-47f6-9b98-9ce2f7dcd16e,870e0872-01db-4868-a746-d76eac664d17,2025-04-05T22:14:00,1,0,1,1,1,1,0,0.8,10,8,207.0,22,5,1,1,0,2.0,1,0
bc714324-a37e-4662-96db-1554ccd0cc85,05088ba7-5428-4853-8cc9-e76f460fddd4,032edb24-938e-45d0-a55c-4c6cfd2c074a,2025-04-06T00:10:00,1,0,0,0,1,1,1,0.6,5,3,224.0,0,6,1,1,0,6.0,2,1
81718f3c-68a8-45b9-906d-cb4c0626dfbb,e10f8499-9444-4031-828d-33425d7476a6,032edb24-938e-45d0-a55c-4c6cfd2c074a,2025-04-06T00:14:00,1,1,1,0,1,0,1,0.6,10,6,365.0,0,6,1,1,0,6.0,2,1
7529706c-eb0b-42b3-953c-1b107183eb69,b0102217-6663-410d-8e4b-e802cddf4baa,032edb24-938e-45d0-a55c-4c6cfd2c074a,2025-04-06T00:15:00,1,0,0,0,1,1,1,0.7,10,7,152.0,0,6,1,1,0,6.0,2,1
602f85ca-890b-42ab-a421-541db25a176e,0db56994-7b77-4dee-bd9c-894ba39fcd46,032edb24-938e-45d0-a55c-4c6cfd2c074a,2025-04-06T00:16:00,1,0,1,0,1,1,0,0.7143,7,5,186.0,0,6,1,1,0,6.0,2,1
72720caa-f3c8-4f1e-936b-02eabc1133f4,dd1ab9ef-a26d-487b-9f4e-071ae247a999,a62a2449-5b6c-4d3a-bfe0-2c018310ce0c,2025-04-06T03:17:00,1,0,0,0,1,1,1,0.8,5,4,334.0,3,6,1,1,0,1.0,3,1
1c34a993-30ec-47e3-bd41-77fc52106806,643a2cfd-c940-4060-89e8-05b38ecebd84,a62a2449-5b6c-4d3a-bfe0-2c018310ce0c,2025-04-06T03:27:00,0,0,0,0,1,1,1,1.0,5,5,219.0,3,6,1,1,0,1.0,3,1
a471594a-d1c3-4acb-a62b-8e74eb6c3174,78548b9a-a9e8-46f5-9d4b-45f2377b352b,a62a2449-5b6c-4d3a-bfe0-2c018310ce0c,2025-04-06T03:28:00,1,0,0,0,1,0,1,0.5,6,3,359.0,3,6,1,1,0,1.0,3,1
a685e248-3321-4764-9a12-eb8c95a118dd,2c1091c3-2c2e-4305-8524-f2651ddbea75,4dd498b4-10cd-4fc3-9a11-8df525ac6fe1,2025-04-06T04:31:00,0,0,1,0,1,1,1,0.8,5,4,713.0,4,6,1,1,0,2.0,3,0
8a48e0f2-bb78-428e-ba00-5feec6c4632b,f4f6b626-e397-4f44-8dde-9d51ac118ff6,4dd498b4-10cd-4fc3-9a11-8df525ac6fe1,2025-04-06T04:33:00,1,0,1,0,1,1,1,0.8333,6,5,317.0,4,6,1,1,0,2.0,3,0
c3343bfd-8ca9-4465-9432-b5580bf02707,90f0edf1-053b-433f-b7d0-041be1e882d4,4dd498b4-10cd-4fc3-9a11-8df525ac6fe1,2025-04-06T04:35:00,0,0,1,0,1,1,0,0.3333,6,2,285.0,4,6,1,1,0,2.0,3,0
240efae0-9c9e-4b34-ad57-ede2d20d85ac,159de8a5-1159-4692-a1c7-d4ea1c848144,40f2f5d5-c1e1-4107-8e40-df0cba4b3e0f,2025-04-06T05:22:00,1,0,1,0,1,1,1,1.0,3,3,157.0,5,6,1,1,0,2.0,1,1
bb195d86-8b92-44d7-bf72-4c49ca4438cf,c4a4b614-90de-4794-a555-76f6159de789,40f2f5d5-c1e1-4107-8e40-df0cba4b3e0f,2025-04-06T05:22:00,1,0,1,0,1,1,1,1.0,6,6,260.0,5,6,1,1,0,2.0,1,1
b6dfbcc6-51df-451d-a20f-d66362b90e12,5805c9e4-e8a0-4c33-9ca3-70004d94c948,40f2f5d5-c1e1-4107-8e40-df0cba4b3e0f,2025-04-06T05:26:00,1,0,1,0,1,1,1,1.0,4,4,312.0,5,6,1,1,0,2.0,1,1
7e017db9-6d5b-477e-9b4c-6612aaf7c3a9,62758655-2759-47fd-8cfb-18e44d2da35e,40f2f5d5-c1e1-4107-8e40-df0cba4b3e0f,2025-04-06T05:28:00,0,1,1,0,1,1,1,1.0,4,4,142.0,5,6,1,1,0,2.0,1,1
f2f512a0-3738-4316-9cad-5da55db390f9,429de809-3eeb-42af-94fa-c9c8fc3dda46,40f2f5d5-c1e1-4107-8e40-df0cba4b3e0f,2025-04-06T05:29:00,1,0,1,0,1,1,1,0.8,5,4,365.0,5,6,1,1,0,2.0,1,1
632e2d7c-9692-4a10-84cb-55bfd35150e6,aed96858-5a79-4453-afc9-995064972c5b,40f2f5d5-c1e1-4107-8e40-df0cba4b3e0f,2025-04-06T05:31:00,1,0,1,0,1,1,0,0.7143,7,5,242.0,5,6,1,1,0,2.0,1,1
9e6f3082-9030-458c-b8ac-d64e03adfab1,ba816062-c1ac-43da-97de-4c1216324bb5,88202ea5-6f52-4889-a2e0-9de687789fb5,2025-04-06T05:46:00,1,0,0,0,1,1,1,0.5,8,4,205.0,5,6,1,1,0,1.0,2,1
3538d79a-80c9-4fe0-bf30-1d494bdd15b0,0f7ef1f5-00e2-4bab-b4de-83cd6652f636,88202ea5-6f52-4889-a2e0-9de687789fb5,2025-04-06T05:50:00,0,0,1,0,1,0,1,1.0,2,2,365.0,5,6,1,1,0,1.0,2,1
9fbda85d-53e5-4119-941e-78e8a9c528a3,614d0845-b187-40ca-a14f-5c975fccd81c,88202ea5-6f52-4889-a2e0-9de687789fb5,2025-04-06T05:53:00,0,0,1,1,1,0,1,1.0,5,5,245.0,5,6,1,1,0,1.0,2,1
c482893a-07a0-4888-9d7d-bc0911fa6d43,a9192324-9347-4f6f-998a-20066ce0209e,88202ea5-6f52-4889-a2e0-9de687789fb5,2025-04-06T05:57:00,1,1,1,0,1,1,0,0.4,5,2,319.0,5,6,1,1,0,1.0,2,1
4721d921-cf88-4204-a24a-0904efbcb2e1,00924f36-733f-4345-a507-751101551a9c,d3d096e3-7bfe-4fc8-b176-aa4f1587313f,2025-04-06T17:55:00,1,0,0,0,1,1,1,1.0,2,2,218.0,17,6,1,0,0,3.0,2,0
76774ff7-c213-4ada-a3f4-04a4b8da4c48,0b51ced4-84e3-45ad-a67a-de86af260d64,d3d096e3-7bfe-4fc8-b176-aa4f1587313f,2025-04-06T17:55:00,1,1,1,0,1,1,1,0.875,8,7,401.0,17,6,1,0,0,3.0,2,0
551784f6-7dc3-4a6f-a7ee-9743fdb00cad,f609cf6c-d0e4-48e5-9d6b-2cb379d2f51c,7f9567ad-6031-48d3-b045-93f6749fff25,2025-04-06T20:38:00,0,1,1,0,1,1,1,0.875,8,7,365.0,20,6,1,0,0,4.0,1,0
225b74b5-a691-415a-bcb4-29a56aa1e6a2,ca2995db-95cb-4226-8f04-6f57902f8cf4,7f9567ad-6031-48d3-b045-93f6749fff25,2025-04-06T20:39:00,0,1,1,0,1,0,1,0.8,10,8,365.0,20,6,1,0,0,4.0,1,0
2f2d4c79-1b5a-4476-ac71-5af25c9f9045,2bc00f4d-1415-492e-ab45-855a39d62175,7f9567ad-6031-48d3-b045-93f6749fff25,2025-04-06T20:41:00,1,1,1,0,1,0,1,0.8,10,8,206.0,20,6,1,0,0,4.0,1,0
2211cd0c-0b6e-4636-b273-eac0b0150266,8342ece1-dc13-431d-b735-f045953e170d,7f9567ad-6031-48d3-b045-93f6749fff25,2025-04-06T20:42:00,0,0,0,0,1,1,0,0.2,5,1,162.0,20,6,1,0,0,4.0,1,0
82acf94a-6c98-491f-997a-d67423164395,6ea9a5eb-fa10-4a3a-b0ff-8ec7b4d27eff,7f9567ad-6031-48d3-b045-93f6749fff25,2025-04-06T20:45:00,0,0,0,0,1,1,1,0.75,4,3,365.0,20,6,1,0,0,4.0,1,0
3c3a6d79-d0fc-4262-95d9-9c45beb52d0d,3d9f3b15-c774-4537-9706-6a9c0ce3bcd0,4bd3ea21-842b-4c4e-bf81-410dee2c410f,2025-04-06T21:15:00,0,0,0,0,1,1,0,0.8571,7,6,163.0,21,6,1,0,0,4.0,3,0
333da1d6-1f53-49c1-a0b6-8624036a94e7,0648f122-df82-42c1-b7a4-513681226246,4bd3ea21-842b-4c4e-bf81-410dee2c410f,2025-04-06T21:17:00,1,0,1,0,1,1,1,0.5,6,3,143.0,21,6,1,0,0,4.0,3,0
0cbbec14-5693-4771-a6c4-05d979354d93,8342ece1-dc13-431d-b735-f045953e170d,4bd3ea21-842b-4c4e-bf81-410dee2c410f,2025-04-06T21:18:00,0,0,0,0,1,1,0,0.1667,6,1,162.0,21,6,1,0,0,4.0,3,0
6650697f-594a-4398-b90f-a7e6885e38d8,468555a1-384e-4985-9c39-f4333176e51f,4bd3ea21-842b-4c4e-bf81-410dee2c410f,2025-04-06T21:19:00,1,1,1,0,1,1,1,1.0,5,5,187.0,21,6,1,0,0,4.0,3,0
bd9ba406-a603-4acb-8076-82d22b6a1de8,ca2995db-95cb-4226-8f04-6f57902f8cf4,4bd3ea21-842b-4c4e-bf81-410dee2c410f,2025-04-06T21:20:00,0,0,1,0,1,0,1,0.7273,11,8,365.0,21,6,1,0,0,4.0,3,0
838a3f82-84bf-4347-af43-caf849f29473,facc5b5b-c0fa-45e8-8b9d-e13559d60097,4bd3ea21-842b-4c4e-bf81-410dee2c410f,2025-04-06T21:21:00,1,1,1,0,1,1,1,0.4,5,2,396.0,21,6,1,0,0,4.0,3,0
f43c8c5e-2228-490b-a547-b56c4dc45889,7874fffd-6a3d-4885-92ad-f115c4f7779f,c9f76218-b538-4103-8ff5-ea214c354f38,2025-04-07T01:21:00,1,0,0,0,1,1,1,0.6667,9,6,365.0,1,0,0,1,0,2.0,2,0
ad175cdc-8306-4652-9432-f1804471501c,950e5213-a1b0-4cdc-9127-044adb973cb5,c9f76218-b538-4103-8ff5-ea214c354f38,2025-04-07T01:22:00,0,0,0,0,1,1,0,0.5,4,2,365.0,1,0,0,1,0,2.0,2,0
2bbf1367-1146-413b-b44f-986e2abdedf6,a2c7df0e-ef10-4dcc-aaed-b693b2b5db03,c9f76218-b538-4103-8ff5-ea214c354f38,2025-04-07T01:23:00,0,0,0,0,0,0,1,0.5714,7,4,165.0,1,0,0,1,0,2.0,2,0
e786aa48-2cac-436e-888f-2ccead4f89fe,ae85aaf6-cc9f-4c74-a816-5214f35ad158,f0cdea8b-c4be-424f-9bc2-3d60925b196d,2025-04-07T01:23:00,1,1,1,0,1,1,1,1.0,3,3,129.0,1,0,0,1,0,3.0,3,0
a5c679db-9343-48bc-bd98-4967d470270a,ea9269ef-352d-4ec8-93a1-f6e436740b10,f0cdea8b-c4be-424f-9bc2-3d60925b196d,2025-04-07T01:24:00,0,0,1,0,0,0,0,0.6,5,3,365.0,1,0,0,1,0,3.0,3,0
b8dcdbb1-86b1-4244-8991-4c9adb543d57,4f92c3e6-e44d-4309-b4ad-e6eaf75dd28f,f0cdea8b-c4be-424f-9bc2-3d60925b196d,2025-04-07T01:25:00,1,0,1,0,1,1,1,1.0,2,2,365.0,1,0,0,1,0,3.0,3,0
8757be41-2992-4abc-ac0f-1de5b3518469,6808b218-ad45-4d5a-8374-ac96bd2f9e51,c9f76218-b538-4103-8ff5-ea214c354f38,2025-04-07T01:29:00,0,0,0,0,1,1,1,0.7,10,7,365.0,1,0,0,1,0,2.0,2,0
dd801403-1119-4c65-92e2-94fe14e071e2,c3fb4684-c1e0-4da0-a54b-9e8f789026c2,f0cdea8b-c4be-424f-9bc2-3d60925b196d,2025-04-07T01:29:00,1,0,0,0,1,1,1,1.0,3,3,511.0,1,0,0,1,0,3.0,3,0
5ecd35b1-6740-4231-9b17-43f957b54c84,7724d47c-dcf0-4aba-a2e1-ec51d9d4eef2,f0cdea8b-c4be-424f-9bc2-3d60925b196d,2025-04-07T01:31:00,1,0,1,0,1,1,1,0.6667,9,6,398.0,1,0,0,1,0,3.0,3,0
c345745a-1f1b-420f-a66c-da012abc89e4,89351c19-fb07-4021-8981-38f3a660e1f1,69474371-34eb-4998-aebe-85e70a0252cd,2025-04-07T05:52:00,1,1,1,0,1,0,1,1.0,3,3,127.0,5,0,0,1,0,3.0,1,1
46895ce9-bbaf-499b-806b-4728e649c5ff,02e664d4-0b6a-4921-9a18-18529c0b46fb,69474371-34eb-4998-aebe-85e70a0252cd,2025-04-07T05:57:00,0,0,1,0,1,1,1,0.8571,7,6,365.0,5,0,0,1,0,3.0,1,1
a547ed6a-9d31-4263-af8f-e1267b207fea,ac84e25a-f305-4698-9545-957806397804,69474371-34eb-4998-aebe-85e70a0252cd,2025-04-07T05:59:00,0,0,0,0,1,1,1,0.8,5,4,456.0,5,0,0,1,0,3.0,1,1
aba74b40-b095-45ef-b7fe-94192b61f00f,91080d43-a198-4089-b53a-109a95c5e635,69474371-34eb-4998-aebe-85e70a0252cd,2025-04-07T06:00:00,0,0,1,0,1,1,1,0.8333,6,5,243.0,6,0,0,0,0,3.0,1,1
da3feda7-c9c4-46b2-bec1-eea852e6d050,258c585a-0983-4f1a-9632-3c358d253411,69474371-34eb-4998-aebe-85e70a0252cd,2025-04-07T06:01:00,1,0,0,0,1,1,1,0.6,5,3,650.0,6,0,0,0,0,3.0,1,1
ff9d944e-2f12-4f5c-9c45-3519913b59ab,2fc6a399-7cab-4c0f-b2eb-9ae8bc2e8ef3,69474371-34eb-4998-aebe-85e70a0252cd,2025-04-07T06:03:00,0,0,0,0,1,1,0,0.3333,3,1,173.0,6,0,0,0,0,3.0,1,1
b3267bcc-2b6e-4d39-9f76-7506080f57e6,d25bbe98-216b-4faf-8f76-0d3dd2269a66,3f395948-7d7b-4953-9623-92a4495632c6,2025-04-07T08:17:00,1,0,0,0,1,0,1,0.8,5,4,365.0,8,0,0,0,0,2.0,1,1
ea8d1c81-859e-43cb-b496-744595360601,6c25e2ff-8bc0-4abc-a978-052ba5e4650a,3f395948-7d7b-4953-9623-92a4495632c6,2025-04-07T08:19:00,1,1,1,0,1,1,1,1.0,14,14,203.0,8,0,0,0,0,2.0,1,1
636364c9-94dd-4bce-b437-34c1f37f3318,ff447bf1-e688-4eb7-ba18-cdcef5b86e01,3f395948-7d7b-4953-9623-92a4495632c6,2025-04-07T08:21:00,1,1,1,0,1,1,1,0.8,5,4,258.0,8,0,0,0,0,2.0,1,1
0c438bae-4074-4703-ac1a-a009ebf176d4,614d0845-b187-40ca-a14f-5c975fccd81c,3f395948-7d7b-4953-9623-92a4495632c6,2025-04-07T08:23:00,1,0,1,1,1,0,1,0.8333,6,5,246.0,8,0,0,0,0,2.0,1,1
906161ca-9ca5-4d9a-bcfc-af7c54550f29,76c87fab-4634-487d-a03f-d4c7ee94749e,3f395948-7d7b-4953-9623-92a4495632c6,2025-04-07T08:28:00,0,0,0,0,1,0,1,0.5556,9,5,173.0,8,0,0,0,0,2.0,1,1
4280e2c9-2c16-4677-a737-a3fd22014634,73461d9a-b17a-4f20-a132-39ca2f8c91ed,847b2f86-4442-4897-bf79-29903fc5b5f6,2025-04-07T14:52:00,1,0,0,0,1,1,1,0.5,6,3,126.0,14,0,0,0,1,1.0,2,0
6d1a520a-69a7-4aa1-b909-b63d4aef878c,c1a1cac9-8c8d-4709-b171-00b08bdbc45b,847b2f86-4442-4897-bf79-29903fc5b5f6,2025-04-07T14:56:00,1,1,1,0,1,1,1,1.0,3,3,450.0,14,0,0,0,1,1.0,2,0
192e1b8c-679f-4c8b-8843-78a94d9e5064,89351c19-fb07-4021-8981-38f3a660e1f1,847b2f86-4442-4897-bf79-29903fc5b5f6,2025-04-07T14:57:00,0,0,0,0,1,0,1,1.0,4,4,127.0,14,0,0,0,1,1.0,2,0
05a2df90-4660-4cbb-ac3a-3e3508c2f1d7,e07bda41-053d-4aac-9836-2124ef24f237,1faa22d3-cb16-4123-8d5d-c0ae04dac5ae,2025-04-07T14:59:00,1,1,1,0,1,1,1,0.75,4,3,150.0,14,0,0,0,1,1.0,1,1
7ac52ed3-8d80-4085-86e4-456a888db895,86982baf-89fb-453b-bd13-a6cfe928ea51,1faa22d3-cb16-4123-8d5d-c0ae04dac5ae,2025-04-07T15:02:00,0,1,1,0,1,1,1,1.0,5,5,358.0,15,0,0,0,1,1.0,1,1
bb783d27-6a3a-4b85-b4f2-9fd3eba58e9b,cfdec3c3-1f55-4c1b-bf64-7c30eaf6fc9d,847b2f86-4442-4897-bf79-29903fc5b5f6,2025-04-07T15:03:00,1,1,1,0,1,1,1,1.0,4,4,139.0,15,0,0,0,1,1.0,2,0
3c304c3a-4186-461f-b2c9-2c6a6491386a,0ad41086-120a-480a-a25e-68be9c95144c,1faa22d3-cb16-4123-8d5d-c0ae04dac5ae,2025-04-07T15:04:00,1,0,0,0,1,1,1,1.0,7,7,365.0,15,0,0,0,1,1.0,1,1
6e4031dd-5684-4da5-804d-2ff6c166cde5,7dce07a7-bf0e-49d0-8e10-0fae45654bf0,1faa22d3-cb16-4123-8d5d-c0ae04dac5ae,2025-04-07T15:04:00,0,1,1,0,0,1,0,0.6364,11,7,146.0,15,0,0,0,1,1.0,1,1
cf23549d-674a-4667-ae6c-4aba2895b358,c2d25642-919c-4075-a54a-aedcf9642a56,847b2f86-4442-4897-bf79-29903fc5b5f6,2025-04-07T15:05:00,1,0,0,0,1,1,0,0.5556,9,5,286.0,15,0,0,0,1,1.0,2,0
32be2ff6-92bf-4d9c-ac48-e1879d29386a,aed96858-5a79-4453-afc9-995064972c5b,ac3dab8f-e5d4-48a2-b117-bae5a55f5a74,2025-04-07T15:47:00,1,0,1,0,1,1,0,0.75,8,6,243.0,15,0,0,0,1,2.0,1,0
f9862949-6341-4e9c-8f73-63893dfd1845,7689a61a-5823-4dd9-8e3c-29c2d4415219,ac3dab8f-e5d4-48a2-b117-bae5a55f5a74,2025-04-07T15:47:00,1,0,1,0,1,1,0,0.7143,7,5,365.0,15,0,0,0,1,2.0,1,0
9996913c-6c21-444a-97cf-67939884daa1,feca2cc5-9c28-40c7-8543-ca69b34076e3,ac3dab8f-e5d4-48a2-b117-bae5a55f5a74,2025-04-07T15:50:00,1,1,1,0,1,0,1,0.6667,6,4,365.0,15,0,0,0,1,2.0,1,0
1630f209-09e6-4efe-90b7-a1900841c2b5,d0541b7a-d91a-4f60-a3c9-55e8ae5577b7,ac3dab8f-e5d4-48a2-b117-bae5a55f5a74,2025-04-07T15:52:00,1,0,1,0,1,1,1,1.0,6,6,261.0,15,0,0,0,1,2.0,1,0
7c2f803c-f7d4-4306-9fd9-000a54a4cdc0,dd3c9c80-9a9d-4efd-a8fc-06ac9e8600c4,ac3dab8f-e5d4-48a2-b117-bae5a55f5a74,2025-04-07T15:57:00,1,0,1,0,1,1,1,0.875,8,7,365.0,15,0,0,0,1,2.0,1,0
91f6395a-f217-452a-b19b-28f38f8c70c9,c57abeef-b6d8-4cf7-ae50-3774b55c6768,721fd708-8310-48bb-8152-55d60404fa02,2025-04-07T19:04:00,1,0,0,0,1,1,0,0.5714,7,4,174.0,19,0,0,0,0,3.0,3,1
5ad32c59-41c8-4df1-876f-f9a1515e503d,f7f1655c-f8c2-4296-91c4-9f8f570ad765,721fd708-8310-48bb-8152-55d60404fa02,2025-04-07T19:05:00,1,0,0,0,1,1,1,0.8571,14,12,131.0,19,0,0,0,0,3.0,3,1
7e22adf5-efd3-49ad-9d4c-f3f05f4e2ebf,edf481eb-bab0-46c2-a7e6-67b59a510550,721fd708-8310-48bb-8152-55d60404fa02,2025-04-07T19:06:00,1,1,1,0,1,1,1,0.8333,6,5,267.0,19,0,0,0,0,3.0,3,1
e5b47ee0-0d72-43b2-9f03-5f34da5c5ca9,9af05ac7-06a8-49dd-abb8-7a4c2f508938,721fd708-8310-48bb-8152-55d60404fa02,2025-04-07T19:10:00,1,0,0,0,1,0,1,0.875,8,7,365.0,19,0,0,0,0,3.0,3,1
1e12e0a9-aede-4e8b-8c18-5367418069fa,3e6e3033-9a9c-4988-9e45-362e43ee98e6,721fd708-8310-48bb-8152-55d60404fa02,2025-04-07T19:14:00,0,0,1,1,1,1,1,0.6667,9,6,693.0,19,0,0,0,0,3.0,3,1
21929071-446b-44c6-a5ec-13f612c1cba1,19e65af6-da1e-4052-bf71-1659737f5cc7,996943bb-72df-40f9-ae61-415eed7edb02,2025-04-07T21:47:00,1,0,0,0,1,1,1,1.0,7,7,421.0,21,0,0,0,0,2.0,2,1
1ca17f9d-ccd8-42ef-8c6c-af2c75256a0e,facc5b5b-c0fa-45e8-8b9d-e13559d60097,996943bb-72df-40f9-ae61-415eed7edb02,2025-04-07T21:52:00,1,1,1,0,1,1,1,0.5,6,3,397.0,21,0,0,0,0,2.0,2,1
d36ba0fe-f501-402d-81af-16a2d287430d,01980ae7-4a49-4fe8-b3d2-6850ed621b41,996943bb-72df-40f9-ae61-415eed7edb02,2025-04-07T21:55:00,1,0,1,0,1,1,1,1.0,5,5,310.0,21,0,0,0,0,2.0,2,1
562ee969-778a-42e7-b983-e823139a43a7,a8a1af91-93b6-4f04-8e14-d38aa8302607,f223a4f6-c225-4507-97d1-816ed3798525,2025-04-08T04:06:00,0,0,0,0,1,1,1,0.75,8,6,180.0,4,1,0,1,0,6.0,1,0
f6ab3912-4b31-44cc-a25c-dc61ee50260e,c4fe67ef-e054-4697-9543-263f3f2dd3c7,f223a4f6-c225-4507-97d1-816ed3798525,2025-04-08T04:10:00,1,0,1,0,0,1,0,0.6667,6,4,160.0,4,1,0,1,0,6.0,1,0
182596e3-a7bf-4257-908a-d65991409af9,00924f36-733f-4345-a507-751101551a9c,f223a4f6-c225-4507-97d1-816ed3798525,2025-04-08T04:12:00,1,0,0,0,1,1,1,1.0,3,3,220.0,4,1,0,1,0,6.0,1,0
4268785f-94da-41ae-9018-1a4d9bd0753c,cc823700-76b8-4614-9bae-555be744cc6e,8e8a67c4-16b1-4ee0-99c1-d2208d2801fb,2025-04-08T06:47:00,0,1,1,0,1,1,1,0.8571,7,6,365.0,6,1,0,0,0,3.0,2,1
66bfa73b-69dc-46ca-92ac-afb648087752,f6556829-5e66-4e5a-aff5-3233c86566a8,8e8a67c4-16b1-4ee0-99c1-d2208d2801fb,2025-04-08T06:50:00,0,0,0,0,1,0,1,0.6667,9,6,194.0,6,1,0,0,0,3.0,2,1
de9ce9db-2105-43f6-823a-4c5ea01547fd,96e372e4-86b2-4e68-b468-3cdf7686a490,8e8a67c4-16b1-4ee0-99c1-d2208d2801fb,2025-04-08T06:50:00,1,1,1,0,1,1,1,0.75,8,6,157.0,6,1,0,0,0,3.0,2,1
f7091a20-9ce5-4d48-8a74-5196a605820d,9a08a817-eaf1-4182-9eb1-290121129ead,8e8a67c4-16b1-4ee0-99c1-d2208d2801fb,2025-04-08T06:51:00,1,1,1,0,1,1,1,0.8571,7,6,365.0,6,1,0,0,0,3.0,2,1
228e4a33-d30c-49db-8209-e254121bbd51,626cbf28-4c14-4dc1-a51b-9a94ba59000e,8e8a67c4-16b1-4ee0-99c1-d2208d2801fb,2025-04-08T06:53:00,1,0,0,0,1,0,0,0.4,5,2,365.0,6,1,0,0,0,3.0,2,1
287e215a-dd99-47d2-bdae-53348cf7ca4b,1b195c08-15b1-40fe-af14-43f69a65bef9,3f65e448-5ab5-448d-8c51-9513ed3ab624,2025-04-08T08:31:00,0,0,1,0,1,1,1,1.0,3,3,203.0,8,1,0,0,0,6.0,2,0
b3d9fb3a-cf35-4e48-b82b-ca3cdd547f19,68cf86cf-66aa-443c-ae5b-e601c8cc76c7,3f65e448-5ab5-448d-8c51-9513ed3ab624,2025-04-08T08:36:00,1,1,1,0,1,1,0,0.6667,6,4,365.0,8,1,0,0,0,6.0,2,0
eb07db99-e85d-4cfb-9004-257b50608d9a,b649daf0-45a0-4879-bceb-08f29bf19ce2,3f65e448-5ab5-448d-8c51-9513ed3ab624,2025-04-08T08:39:00,1,0,1,0,1,1,1,1.0,7,7,297.0,8,1,0,0,0,6.0,2,0
e4d1f05e-9d7a-4d07-8709-fe4202d374bc,6c926c1e-7975-4345-a762-128c25695f2b,db866134-5cf9-4347-a1df-ef43ed93798b,2025-04-08T14:26:00,1,0,1,0,1,1,1,0.6667,3,2,283.0,14,1,0,0,1,3.0,2,1
e94640df-57e3-48bf-9d49-d39f38d9550c,afa47c4e-62b3-4586-9824-3169d0ae4f73,db866134-5cf9-4347-a1df-ef43ed93798b,2025-04-08T14:26:00,1,0,1,0,1,1,1,0.7778,9,7,365.0,14,1,0,0,1,3.0,2,1
38f0359a-4f7d-411f-a6bd-7a4ee051d94e,f3cd1be3-bc16-4a73-961d-f832dfb5f084,db866134-5cf9-4347-a1df-ef43ed93798b,2025-04-08T14:29:00,0,0,1,0,1,1,0,1.0,4,4,146.0,14,1,0,0,1,3.0,2,1
7d14e303-27d2-4655-8315-8565b88b741d,86adaeeb-d381-4c0f-87c8-ba59ce1cad28,db866134-5cf9-4347-a1df-ef43ed93798b,2025-04-08T14:31:00,0,0,1,0,1,1,1,1.0,7,7,431.0,14,1,0,0,1,3.0,2,1
5e3113c7-6e6c-4cf9-9558-17eba2c687df,4b4303f9-d680-4320-80ac-0fc7377998df,db866134-5cf9-4347-a1df-ef43ed93798b,2025-04-08T14:33:00,0,1,1,0,1,1,1,0.8571,7,6,209.0,14,1,0,0,1,3.0,2,1
a996ba8d-d6bd-466e-a806-389df5f9d820,56cb3f18-5215-48ce-a5e3-0cd1a2498d02,db866134-5cf9-4347-a1df-ef43ed93798b,2025-04-08T14:33:00,1,0,1,0,1,1,1,0.8571,7,6,127.0,14,1,0,0,1,3.0,2,1
cf490253-c9e5-49c6-835f-7f9cb1b7e974,aa432f38-de85-46c8-ad80-6b3373671c95,38e39fde-1900-4a16-b8ec-e2150a1b4d7c,2025-04-08T16:25:00,0,0,0,0,1,0,1,0.4444,9,4,279.0,16,1,0,0,1,4.0,1,0
f32b1ba2-c754-41f4-9b10-d156dd177049,a77bcc83-4a3d-492d-bcd8-592aba88fc9d,38e39fde-1900-4a16-b8ec-e2150a1b4d7c,2025-04-08T16:35:00,0,0,0,0,1,0,1,0.5,10,5,140.0,16,1,0,0,1,4.0,1,0
9ea658f7-26e4-47e4-89f1-d0594bdc3bb7,11955be9-03b2-4274-9002-7a2a5ae499a8,ab4e8a0b-2e11-4484-8155-d3b3d96ec799,2025-04-08T18:07:00,1,0,0,0,1,0,0,0.1429,7,1,365.0,18,1,0,0,0,4.0,2,1
232da3df-23e3-4cbc-b023-705e3b1ac7d0,fdd10e56-22de-4a56-98b8-fcf4cc56744d,ab4e8a0b-2e11-4484-8155-d3b3d96ec799,2025-04-08T18:10:00,1,0,0,0,1,1,1,0.6667,6,4,162.0,18,1,0,0,0,4.0,2,1
9022c987-929c-4064-b315-8a5cb036269a,c2695e79-4d08-4f69-b539-6de83b562463,5679aa75-008a-40c2-b4af-d63550ca5aff,2025-04-08T20:31:00,1,0,1,0,1,1,1,1.0,2,2,334.0,20,1,0,0,0,3.0,1,1
5e5c5d7e-136a-40ae-9470-91171d09d6bd,927dc24f-3e95-4ab2-a387-73907d3af8e7,5679aa75-008a-40c2-b4af-d63550ca5aff,2025-04-08T20:32:00,1,0,1,0,1,1,1,0.6667,3,2,145.0,20,1,0,0,0,3.0,1,1
7b9716c0-c34f-4da4-b25b-f19da93522af,ba816062-c1ac-43da-97de-4c1216324bb5,5679aa75-008a-40c2-b4af-d63550ca5aff,2025-04-08T20:32:00,1,0,1,0,1,1,1,0.5556,9,5,207.0,20,1,0,0,0,3.0,1,1
55c95293-ebd3-4a7c-b175-c2317ac05829,b28c5ded-195b-4262-9bb7-b808a353150d,5679aa75-008a-40c2-b4af-d63550ca5aff,2025-04-08T20:33:00,1,0,1,0,1,1,1,0.8,5,4,182.0,20,1,0,0,0,3.0,1,1
c15fd565-edcb-47a0-8380-226bc8b5f6bd,3d9f3b15-c774-4537-9706-6a9c0ce3bcd0,5679aa75-008a-40c2-b4af-d63550ca5aff,2025-04-08T20:35:00,1,0,1,0,1,1,0,0.75,8,6,165.0,20,1,0,0,0,3.0,1,1
e76787ae-171b-4a3d-a77d-e208323b6034,03eeb252-1e41-4f67-91f0-687b64393568,b6e7d79a-50af-4e63-8b92-278fa5e2b239,2025-04-08T20:45:00,1,1,1,0,1,1,1,0.9167,12,11,186.0,20,1,0,0,0,1.0,2,1
113251ff-bf35-4a34-ad69-ddd714fefa8b,468555a1-384e-4985-9c39-f4333176e51f,b6e7d79a-50af-4e63-8b92-278fa5e2b239,2025-04-08T20:51:00,1,0,0,0,1,1,1,1.0,6,6,189.0,20,1,0,0,0,1.0,2,1
7a43aa54-43ca-458d-9778-8ea97dd63a41,b649daf0-45a0-4879-bceb-08f29bf19ce2,b6e7d79a-50af-4e63-8b92-278fa5e2b239,2025-04-08T20:51:00,1,0,1,0,1,1,1,1.0,8,8,297.0,20,1,0,0,0,1.0,2,1
12d6c2fd-3c03-4b9c-852d-59b81dec60cb,ed3b9800-2f5e-489d-92bb-8bb1332538be,e8bbe160-1cce-4f78-b910-db653dca3f4a,2025-04-08T23:17:00,1,0,1,0,1,0,1,1.0,3,3,365.0,23,1,0,1,0,2.0,2,1
3269036d-04c4-4188-b909-483d1904849d,3fbab77f-078b-48d4-ab31-908df43ab95e,e8bbe160-1cce-4f78-b910-db653dca3f4a,2025-04-08T23:17:00,1,1,1,0,1,1,1,1.0,4,4,307.0,23,1,0,1,0,2.0,2,1
02babe36-b680-4432-b6f5-14b4674c52c6,9a08a817-eaf1-4182-9eb1-290121129ead,e8bbe160-1cce-4f78-b910-db653dca3f4a,2025-04-08T23:22:00,1,0,1,0,1,1,1,0.875,8,7,365.0,23,1,0,1,0,2.0,2,1
464c11f2-610a-4fe7-84c9-9c2aff335b9a,887c04b7-3558-4cd6-b634-cf5a4cd93877,6d993c2c-856a-4159-a7de-c6122e6ed121,2025-04-08T23:24:00,1,1,1,0,1,1,1,1.0,6,6,365.0,23,1,0,1,0,1.0,0,1
b5650119-1cf4-4bc7-8734-76cbd1f3b76d,d00a6ed9-0c78-4d11-8599-3f98cf750bc5,e8bbe160-1cce-4f78-b910-db653dca3f4a,2025-04-08T23:24:00,1,1,1,0,1,1,1,0.8,5,4,392.0,23,1,0,1,0,2.0,2,1
d0f7762f-e349-42eb-938f-3307c2a6d7c9,03dd11aa-3bce-44bb-af81-d893187d3f9b,6d993c2c-856a-4159-a7de-c6122e6ed121,2025-04-08T23:25:00,1,1,1,0,1,1,1,0.6667,9,6,272.0,23,1,0,1,0,1.0,0,1
3faf75d2-a2df-403a-ab92-b0811dd54751,5b144804-32b7-4e82-9f3c-1b20f6f52721,6d993c2c-856a-4159-a7de-c6122e6ed121,2025-04-08T23:27:00,1,1,1,0,1,1,1,1.0,8,8,136.0,23,1,0,1,0,1.0,0,1
3ed3222d-e11a-4a3f-965f-acd1ae4d1744,3b9f8b84-9d78-41c0-8faf-289fde279e85,e8bbe160-1cce-4f78-b910-db653dca3f4a,2025-04-08T23:28:00,0,0,0,0,1,1,1,1.0,2,2,378.0,23,1,0,1,0,2.0,2,1
bb6c2710-5f3d-4a5b-9ec1-fed586f07e23,19cad05e-ae8b-4d86-b026-69fbb73b2e76,6d993c2c-856a-4159-a7de-c6122e6ed121,2025-04-08T23:28:00,1,0,0,0,1,1,1,0.7778,9,7,263.0,23,1,0,1,0,1.0,0,1
b1a9c904-a828-4368-abcd-dbb3d38b90f6,af32b242-6347-4914-8703-8bc3222ac8c4,e8bbe160-1cce-4f78-b910-db653dca3f4a,2025-04-08T23:29:00,1,0,1,0,1,1,1,0.6,5,3,178.0,23,1,0,1,0,2.0,2,1
9c316640-844e-429a-ae24-a7ca70c591b7,8472b4dc-b0f7-4b8e-aeb1-10bfb842eb2f,1d99ed76-6be0-40d1-b0a1-8641fe58efdd,2025-04-09T03:20:00,1,0,1,0,1,1,0,0.8333,6,5,175.0,3,2,0,1,0,4.0,3,1
029f0297-080b-4fae-af7f-462c890d3a3a,ac4e88c1-0595-40f7-bf14-b77ad397e5dd,1d99ed76-6be0-40d1-b0a1-8641fe58efdd,2025-04-09T03:26:00,0,1,1,0,1,0,0,0.25,4,1,191.0,3,2,0,1,0,4.0,3,1
05cb9e1c-b0cb-4524-ad9d-29e84ba25f24,96b33493-7f4b-4752-a880-e07a1deccfc8,1d99ed76-6be0-40d1-b0a1-8641fe58efdd,2025-04-09T03:27:00,1,1,1,0,1,1,0,0.8571,7,6,157.0,3,2,0,1,0,4.0,3,1
0b785885-5095-456a-af00-a7692faa38d0,5af7e665-37a6-4d00-a895-44a3a239f4cf,1d99ed76-6be0-40d1-b0a1-8641fe58efdd,2025-04-09T03:27:00,1,0,1,1,1,1,1,1.0,7,7,161.0,3,2,0,1,0,4.0,3,1
d590d5b2-402a-4935-b2fb-c233bb497c17,ad71dc4d-d139-444d-a8ee-c755441c0f54,1d99ed76-6be0-40d1-b0a1-8641fe58efdd,2025-04-09T03:27:00,1,0,1,0,1,1,1,0.75,4,3,365.0,3,2,0,1,0,4.0,3,1
bd7faeef-275a-40c4-973a-54bc7cba3f5d,3cad9af4-3e76-49e7-a472-17fbf3b30322,41f1fbb3-2dd1-40fe-ac0c-9ad022dd63bd,2025-04-09T04:45:00,1,0,1,0,1,1,1,0.8,5,4,139.0,4,2,0,1,0,6.0,1,0
002201d9-427d-4f97-aba8-080ff560473d,6c926c1e-7975-4345-a762-128c25695f2b,41f1fbb3-2dd1-40fe-ac0c-9ad022dd63bd,2025-04-09T04:46:00,1,0,0,0,1,1,1,0.75,4,3,284.0,4,2,0,1,0,6.0,1,0
b4084a2b-214a-41c2-b983-097d14dc47a1,1dc62eea-d501-4cc2-8b28-21af417cd2bd,41f1fbb3-2dd1-40fe-ac0c-9ad022dd63bd,2025-04-09T04:46:00,0,1,1,0,1,1,0,1.0,4,4,210.0,4,2,0,1,0,6.0,1,0
2bdaee7d-1e5d-4bfb-9f2a-e14af6d7d200,8cd1af9c-4aae-4740-868c-146279a15912,41f1fbb3-2dd1-40fe-ac0c-9ad022dd63bd,2025-04-09T04:47:00,0,0,0,0,1,1,1,0.0,1,0,395.0,4,2,0,1,0,6.0,1,0
399ff7ec-f298-429c-aa90-279890aa7783,866f151d-9b2b-4c13-9341-f46f866efb61,41f1fbb3-2dd1-40fe-ac0c-9ad022dd63bd,2025-04-09T04:48:00,0,1,1,0,1,1,1,0.8333,6,5,365.0,4,2,0,1,0,6.0,1,0
de3ffad7-336a-4217-bad7-57b25adc2c5b,7b16f6d6-0f6b-446d-89fe-87723b0ad83c,41f1fbb3-2dd1-40fe-ac0c-9ad022dd63bd,2025-04-09T04:48:00,1,1,1,0,1,1,1,1.0,4,4,129.0,4,2,0,1,0,6.0,1,0
130abc61-f145-492f-9082-3a0073424b88,8472b4dc-b0f7-4b8e-aeb1-10bfb842eb2f,7c01179d-c410-4337-9f49-e80047137f68,2025-04-09T05:15:00,0,1,1,0,1,1,0,0.8571,7,6,175.0,5,2,0,1,0,6.0,1,1
416a55dd-ef2f-4b64-820b-f7c09d7af22d,56788efb-19f3-4d23-8b92-d96dc8d14718,7c01179d-c410-4337-9f49-e80047137f68,2025-04-09T05:15:00,1,0,0,0,1,1,1,1.0,5,5,365.0,5,2,0,1,0,6.0,1,1
7b764fc4-4065-44d1-a2c4-e0af6365b065,96b33493-7f4b-4752-a880-e07a1deccfc8,7c01179d-c410-4337-9f49-e80047137f68,2025-04-09T05:16:00,0,0,0,0,1,1,0,0.875,8,7,157.0,5,2,0,1,0,6.0,1,1
357b3b7a-cdd8-4d5e-ba35-bcc226969394,77222c64-5090-4b91-b802-e153a736f651,7c01179d-c410-4337-9f49-e80047137f68,2025-04-09T05:23:00,1,0,0,0,1,1,0,0.4,5,2,422.0,5,2,0,1,0,6.0,1,1
ffc47c21-ba2d-4a68-a0e4-82e622f5c301,3f72d86e-c11c-497f-b6d0-5f2e08b013cd,7c01179d-c410-4337-9f49-e80047137f68,2025-04-09T05:26:00,1,0,0,0,0,1,1,0.8333,6,5,202.0,5,2,0,1,0,6.0,1,1
be89bf88-5fed-4543-9eb0-72102fc366fe,cfca1fba-b8fd-43a2-8e84-7c868fae649d,eda7c589-7647-4a81-a6e4-4d551b69ca02,2025-04-09T06:55:00,1,0,1,1,1,1,1,1.0,5,5,365.0,6,2,0,0,0,2.0,1,0
330c9393-78d1-45ae-ab31-d876fae49588,40e2e31f-1e2d-4f70-9de8-91ad096fe41a,eda7c589-7647-4a81-a6e4-4d551b69ca02,2025-04-09T06:58:00,1,1,1,0,1,1,1,0.7143,7,5,145.0,6,2,0,0,0,2.0,1,0
0429523d-c3a7-48a2-b4d6-d8feff8fe671,aed96858-5a79-4453-afc9-995064972c5b,06e15e95-ce27-492f-81c6-ca595d64b825,2025-04-09T07:26:00,1,1,1,0,1,1,0,0.7778,9,7,245.0,7,2,0,0,0,6.0,1,1
87a4aa9f-43e9-4bcd-bd8d-92f415491adf,6c42715a-7792-4ae5-bd27-72ddeffdf209,06e15e95-ce27-492f-81c6-ca595d64b825,2025-04-09T07:27:00,1,1,1,0,1,1,1,1.0,3,3,138.0,7,2,0,0,0,6.0,1,1
b33e9f12-97ef-445c-bafa-f9ed4ce22e46,8d54dd37-108d-4ec9-87e8-552d73629a00,06e15e95-ce27-492f-81c6-ca595d64b825,2025-04-09T07:32:00,1,0,0,0,1,1,0,0.4286,7,3,390.0,7,2,0,0,0,6.0,1,1
bd3b5980-8b50-4663-8a3c-f412fe0e6007,4408ab43-7f7a-4a44-b781-4dd2edca4a74,06e15e95-ce27-492f-81c6-ca595d64b825,2025-04-09T07:32:00,1,1,1,0,1,1,1,1.0,3,3,186.0,7,2,0,0,0,6.0,1,1
e85b7006-54dd-4cd8-aae2-59e7c3fe559c,74de697e-ecd0-4975-8057-f21088a888b4,06e15e95-ce27-492f-81c6-ca595d64b825,2025-04-09T07:33:00,1,0,1,1,1,1,0,0.6923,13,9,365.0,7,2,0,0,0,6.0,1,1
f0a95f8d-be0e-4066-9729-f78ce9f01639,a8a1af91-93b6-4f04-8e14-d38aa8302607,12275b8b-c0b1-416e-a85f-8ec24b77b1a7,2025-04-09T08:06:00,0,0,0,0,1,1,1,0.6667,9,6,181.0,8,2,0,0,0,2.0,1,1
9e001e1f-16a0-4f85-baa8-fa72c78be271,63e1e7de-8090-46e0-a921-6add4ddcfef9,12275b8b-c0b1-416e-a85f-8ec24b77b1a7,2025-04-09T08:09:00,1,0,0,0,1,1,1,0.5714,7,4,477.0,8,2,0,0,0,2.0,1,1
484a9b33-e735-419e-a6ff-b5f86ef2e61e,3b9f8b84-9d78-41c0-8faf-289fde279e85,12275b8b-c0b1-416e-a85f-8ec24b77b1a7,2025-04-09T08:17:00,0,0,0,0,1,1,1,0.6667,3,2,379.0,8,2,0,0,0,2.0,1,1
83bd46c5-b64a-422a-89bb-dec6f2413350,6c25e2ff-8bc0-4abc-a978-052ba5e4650a,225be3c6-f47e-4305-9858-238d2a2250c7,2025-04-09T10:19:00,1,1,1,0,1,1,1,1.0,15,15,205.0,10,2,0,0,1,6.0,1,1
81bf0492-493f-4318-86ee-138d84068eee,878b86c2-438d-4767-ad44-f8c58de74bd2,225be3c6-f47e-4305-9858-238d2a2250c7,2025-04-09T10:25:00,1,1,1,0,1,1,1,0.6,5,3,365.0,10,2,0,0,1,6.0,1,1
d9e6a726-ac35-465c-b0f9-21564764aa4b,8e9081d8-32bc-44c1-9c03-cec99543a8c8,225be3c6-f47e-4305-9858-238d2a2250c7,2025-04-09T10:25:00,1,1,1,0,0,1,0,1.0,3,3,270.0,10,2,0,0,1,6.0,1,1
5ea986d4-fb80-42a4-9f2f-a78dcf721e2f,e00b0ffc-7f24-4a41-8150-e710ef1d3730,225be3c6-f47e-4305-9858-238d2a2250c7,2025-04-09T10:29:00,1,0,0,0,1,1,1,0.7143,7,5,379.0,10,2,0,0,1,6.0,1,1
0d23029c-26ca-4b69-a17e-780d0759f2c0,2ef47c0b-e8fe-448b-93ff-36c85588d2fd,d11859a0-34ee-4083-ac9e-4f43788379e9,2025-04-09T11:49:00,1,1,1,0,1,1,1,1.0,8,8,241.0,11,2,0,0,1,1.0,3,1
0c21a159-3f58-4287-a426-a7dda5ad5146,7b16f6d6-0f6b-446d-89fe-87723b0ad83c,d11859a0-34ee-4083-ac9e-4f43788379e9,2025-04-09T11:55:00,1,0,0,0,1,1,1,1.0,5,5,129.0,11,2,0,0,1,1.0,3,1
1f12aee7-62eb-4245-957b-f8d1e5400cfb,ef2b35e1-aedc-4a84-a9b0-5f90c4eca927,3754b9d5-d06b-4765-a37c-ec88b73f5297,2025-04-09T13:18:00,1,0,0,0,1,1,0,0.25,8,2,365.0,13,2,0,0,1,4.0,3,1
eac42186-6487-43d6-986d-37cc2a488252,c52b0995-269e-4253-8965-8f14d5fd2b13,3754b9d5-d06b-4765-a37c-ec88b73f5297,2025-04-09T13:19:00,1,0,0,0,0,1,0,0.25,4,1,380.0,13,2,0,0,1,4.0,3,1
e570af96-bf5a-4f3e-be50-1b64353f34c1,c2a90a3b-30e9-4457-987f-0a655b5556d2,3754b9d5-d06b-4765-a37c-ec88b73f5297,2025-04-09T13:25:00,1,1,1,0,1,1,1,1.0,6,6,185.0,13,2,0,0,1,4.0,3,1
0f94e19c-6856-4a7a-a168-d3bdff0b73ba,2c4d68b2-c9d6-4244-9ac3-ce7b208c9147,8d76ef02-9599-49ff-b05b-58273e648111,2025-04-09T14:48:00,1,0,0,0,1,1,1,1.0,5,5,149.0,14,2,0,0,1,2.0,0,0
4aa33de6-bad9-414c-b739-7141b8948913,2fe42234-9f74-4aa2-8d63-a0c3cf398172,8d76ef02-9599-49ff-b05b-58273e648111,2025-04-09T14:50:00,1,1,1,0,0,0,1,1.0,6,6,211.0,14,2,0,0,1,2.0,0,0
0aba2ebc-1d1b-4527-b3c5-f3d5bbe72e9d,64333604-4c8c-43e1-a6e9-7c4582414c02,8d76ef02-9599-49ff-b05b-58273e648111,2025-04-09T14:59:00,1,1,1,0,1,1,1,1.0,6,6,236.0,14,2,0,0,1,2.0,0,0
3822245b-6095-4d99-9156-f590ce780f69,11955be9-03b2-4274-9002-7a2a5ae499a8,23725929-4113-474a-8790-72c4fb98d71e,2025-04-09T15:37:00,0,0,0,0,1,0,0,0.25,8,2,365.0,15,2,0,0,1,1.0,2,1
6a36fcb8-2713-4242-8ce8-8045b0556b08,f63c50b9-9712-4146-b62f-580951ca12c3,23725929-4113-474a-8790-72c4fb98d71e,2025-04-09T15:39:00,1,0,1,0,0,1,0,0.625,8,5,134.0,15,2,0,0,1,1.0,2,1
972a63d1-b42b-41f3-bc5a-db289cdd940a,8f0171fa-2b4f-4a99-912e-358eb8726b6c,23725929-4113-474a-8790-72c4fb98d71e,2025-04-09T15:42:00,0,1,1,0,1,1,1,0.0,1,0,212.0,15,2,0,0,1,1.0,2,1
918d771c-af84-4325-a5c4-5333094f8823,556bf703-12c9-40e6-98a3-1835bb3d53a7,23725929-4113-474a-8790-72c4fb98d71e,2025-04-09T15:43:00,1,0,0,0,1,1,0,0.25,4,1,365.0,15,2,0,0,1,1.0,2,1
884721ef-8569-4f12-8ee6-2e3b20bfdc87,a77bcc83-4a3d-492d-bcd8-592aba88fc9d,23725929-4113-474a-8790-72c4fb98d71e,2025-04-09T15:47:00,1,0,0,0,1,0,1,0.4545,11,5,141.0,15,2,0,0,1,1.0,2,1
1e175328-ad3c-4edb-8a84-05f2b99e97ee,628e4e35-5853-4d59-b32f-4056b7e3e27b,692e0d70-4459-4b01-9ce7-4e6313cf6067,2025-04-09T16:07:00,1,1,1,0,1,0,1,0.7143,7,5,365.0,16,2,0,0,1,2.0,3,1
e0369b72-a9f7-4180-9604-2262cff9453f,543b149c-d59c-49f5-bb4f-e6ac6bd72dd3,692e0d70-4459-4b01-9ce7-4e6313cf6067,2025-04-09T16:07:00,0,1,1,0,1,0,1,0.7143,7,5,184.0,16,2,0,0,1,2.0,3,1
b5518e1f-494f-4ab3-852d-6ff26519c3c6,ed86563a-268b-43b8-851a-f22f9296edc5,e995e140-2d12-4ff2-9fdd-651e83c10f50,2025-04-10T02:17:00,1,0,1,0,0,1,0,0.375,8,3,251.0,2,3,0,1,0,4.0,3,1
f7ff6d75-6e8f-4274-a004-4d311876c7bb,dd1ab9ef-a26d-487b-9f4e-071ae247a999,e995e140-2d12-4ff2-9fdd-651e83c10f50,2025-04-10T02:19:00,1,1,1,0,1,1,1,0.8333,6,5,338.0,2,3,0,1,0,4.0,3,1
865b65c2-185e-464e-bba1-41dfaa7d86f3,68cf86cf-66aa-443c-ae5b-e601c8cc76c7,e995e140-2d12-4ff2-9fdd-651e83c10f50,2025-04-10T02:20:00,0,0,0,0,1,1,0,0.7143,7,5,365.0,2,3,0,1,0,4.0,3,1
35e9f9ae-209d-4aeb-8c05-415afa3d7e21,83d13c8e-fd29-4343-bf35-4497b673a39d,e995e140-2d12-4ff2-9fdd-651e83c10f50,2025-04-10T02:22:00,1,0,1,0,1,1,1,0.8571,7,6,219.0,2,3,0,1,0,4.0,3,1
ca57e6e4-c5ce-45a8-a9b5-27da01be8a54,846be435-a2e1-4850-bad5-07de99099078,e995e140-2d12-4ff2-9fdd-651e83c10f50,2025-04-10T02:22:00,1,0,1,0,1,1,1,1.0,10,10,161.0,2,3,0,1,0,4.0,3,1
c03f4fd8-e9ad-493a-ad4e-a095d4f7b8cc,62758655-2759-47fd-8cfb-18e44d2da35e,0bfda94f-8fa1-433c-80f4-17a4d514ecb9,2025-04-10T07:50:00,1,0,0,0,1,1,1,0.8,5,4,146.0,7,3,0,0,0,1.0,2,1
15e6dd4b-8eb2-4f0d-b1ba-1bbf426d6157,64af186a-4a5e-4d8e-8b52-ff4a3c5bc1ec,0bfda94f-8fa1-433c-80f4-17a4d514ecb9,2025-04-10T07:51:00,0,0,0,0,1,1,1,1.0,2,2,305.0,7,3,0,0,0,1.0,2,1
1221cd0e-3029-4e67-a2f6-fd2fca14995b,ef2b35e1-aedc-4a84-a9b0-5f90c4eca927,0bfda94f-8fa1-433c-80f4-17a4d514ecb9,2025-04-10T07:52:00,0,0,0,0,1,1,0,0.3333,9,3,365.0,7,3,0,0,0,1.0,2,1
69b1731a-3984-4156-973b-66a5f3bc2903,7f3eb456-b77d-4612-a975-16e81b7af215,0bfda94f-8fa1-433c-80f4-17a4d514ecb9,2025-04-10T07:57:00,1,0,0,0,1,1,0,0.5,4,2,365.0,7,3,0,0,0,1.0,2,1
4c647b3a-6bef-4a9b-bbfb-bbdaf54f3342,836f20e8-ac46-4599-a783-92f86ea182c4,0bfda94f-8fa1-433c-80f4-17a4d514ecb9,2025-04-10T08:01:00,1,1,1,0,1,1,1,1.0,4,4,319.0,8,3,0,0,0,1.0,2,1
9c8bcae6-78d1-4cfb-b128-00d374440118,4408ab43-7f7a-4a44-b781-4dd2edca4a74,0bfda94f-8fa1-433c-80f4-17a4d514ecb9,2025-04-10T08:02:00,1,1,1,0,1,1,1,1.0,4,4,187.0,8,3,0,0,0,1.0,2,1
d508bde9-6c98-4f05-83d2-8491778f76e8,7dce07a7-bf0e-49d0-8e10-0fae45654bf0,adc3fef3-c995-4e0c-960b-5431cfe99ab1,2025-04-10T10:51:00,1,1,1,0,0,1,0,0.5833,12,7,149.0,10,3,0,0,1,1.0,1,0
336ce6b5-bc94-4bdf-97dd-fa2f0a92b092,b0102217-6663-410d-8e4b-e802cddf4baa,adc3fef3-c995-4e0c-960b-5431cfe99ab1,2025-04-10T10:53:00,1,0,0,0,1,1,1,0.7273,11,8,156.0,10,3,0,0,1,1.0,1,0
80d9e437-e0d4-4a70-951e-127046d6d70f,ed732f11-698a-40e6-8fab-9a1b078261d2,3e770bb8-1673-4b73-9457-4bff5e68b20b,2025-04-10T14:22:00,1,0,0,0,1,1,0,0.875,8,7,365.0,14,3,0,0,1,3.0,2,1
390e7629-5368-422b-81a5-eb1c792c8723,1e051bc4-2ef6-4736-b427-d4e81bbdd5d3,3e770bb8-1673-4b73-9457-4bff5e68b20b,2025-04-10T14:26:00,0,0,0,0,1,1,0,0.3333,3,1,157.0,14,3,0,0,1,3.0,2,1
56d6a42a-eded-488e-9677-c7aded4d30f3,985ab403-ddfd-47f6-9b98-9ce2f7dcd16e,3e770bb8-1673-4b73-9457-4bff5e68b20b,2025-04-10T14:27:00,1,1,1,1,1,1,0,0.8182,11,9,212.0,14,3,0,0,1,3.0,2,1
25cc4006-4249-4874-918e-574249f604b8,445beb91-c8f4-47ed-b5c7-e8a70759c76b,3e770bb8-1673-4b73-9457-4bff5e68b20b,2025-04-10T14:28:00,1,0,0,0,1,1,1,1.0,7,7,158.0,14,3,0,0,1,3.0,2,1
59fd6ede-fd9f-4059-91fb-00b3c0abf061,4b4303f9-d680-4320-80ac-0fc7377998df,3e770bb8-1673-4b73-9457-4bff5e68b20b,2025-04-10T14:31:00,0,0,0,0,1,1,1,0.75,8,6,211.0,14,3,0,0,1,3.0,2,1
a849ab74-4368-4196-961b-590a87fd26e4,d2d58d90-c3b6-419c-80fc-cd468552f315,3e770bb8-1673-4b73-9457-4bff5e68b20b,2025-04-10T14:31:00,0,0,0,0,1,1,1,1.0,5,5,721.0,14,3,0,0,1,3.0,2,1
bf5e41b1-7d9f-4923-b59f-ef3f02ffd2e3,eb9471c8-ba19-42a2-94b9-9a533ce84d63,15cda58f-8d74-4182-8a4a-249b550fdb8a,2025-04-11T03:23:00,1,0,1,0,1,1,1,0.8571,7,6,444.0,3,4,0,1,0,6.0,2,1
0b393036-c0a3-4808-9654-f87c3b03ef7b,2c1091c3-2c2e-4305-8524-f2651ddbea75,15cda58f-8d74-4182-8a4a-249b550fdb8a,2025-04-11T03:28:00,0,1,1,0,1,1,1,0.6667,6,4,718.0,3,4,0,1,0,6.0,2,1
752f5cb0-cdfd-475f-bf6f-714cea73fbaf,5a1a919b-115a-40fc-ad8a-b6ffd35a23eb,15cda58f-8d74-4182-8a4a-249b550fdb8a,2025-04-11T03:28:00,1,0,0,0,1,1,1,0.8,5,4,462.0,3,4,0,1,0,6.0,2,1
6fb92c54-1bcd-4ed7-9570-9c0ea53c3796,f63c50b9-9712-4146-b62f-580951ca12c3,15cda58f-8d74-4182-8a4a-249b550fdb8a,2025-04-11T03:29:00,1,0,1,0,0,1,0,0.6667,9,6,136.0,3,4,0,1,0,6.0,2,1
676d2f01-67e9-4b78-9f54-2c8cb60aa12e,ffd6e179-bce4-414a-9aef-db47a3caea86,1492c3a9-ef67-417d-9081-d0524b9a7a5a,2025-04-11T04:42:00,0,0,1,0,1,0,1,0.7143,7,5,509.0,4,4,0,1,0,2.0,1,1
a7480022-798b-4e70-81f0-eabf819b1f6b,606e67ca-9ccf-47a9-951e-95c0bc77f20d,1492c3a9-ef67-417d-9081-d0524b9a7a5a,2025-04-11T04:45:00,0,1,1,0,0,1,1,0.8571,7,6,365.0,4,4,0,1,0,2.0,1,1
3b7c46b1-b796-4a75-9845-b38236c1eb03,aed96858-5a79-4453-afc9-995064972c5b,1492c3a9-ef67-417d-9081-d0524b9a7a5a,2025-04-11T04:46:00,1,0,1,0,1,1,0,0.8,10,8,247.0,4,4,0,1,0,2.0,1,1
29ab4ffa-89ed-4478-920e-5af5d674778c,2c4d68b2-c9d6-4244-9ac3-ce7b208c9147,1492c3a9-ef67-417d-9081-d0524b9a7a5a,2025-04-11T04:51:00,1,1,1,0,1,1,1,1.0,6,6,151.0,4,4,0,1,0,2.0,1,1
05f8f21b-7b75-4770-a04a-8d3abf1956ed,f7f1655c-f8c2-4296-91c4-9f8f570ad765,778b254d-53f4-4faf-bb05-7dd2f67900b1,2025-04-11T05:50:00,1,1,1,0,1,1,1,0.8667,15,13,135.0,5,4,0,1,0,3.0,3,1
f27659c8-9242-4503-94a9-97c88453fd42,6c5114ec-b8e2-4c74-8e20-93ded422c3b1,778b254d-53f4-4faf-bb05-7dd2f67900b1,2025-04-11T05:52:00,0,0,1,0,1,0,0,0.7143,7,5,141.0,5,4,0,1,0,3.0,3,1
ad4ee337-80be-4aab-bfa1-59f428ac7dfc,b55baffe-83af-4af1-b800-2efe44d895fa,778b254d-53f4-4faf-bb05-7dd2f67900b1,2025-04-11T05:57:00,1,1,1,0,0,1,1,0.5,2,1,190.0,5,4,0,1,0,3.0,3,1
9ac16eb9-2c9e-441e-8f8a-ce7974ab1082,1ee3aa44-6749-4c32-9bfe-c3306275fe48,778b254d-53f4-4faf-bb05-7dd2f67900b1,2025-04-11T06:01:00,1,0,1,0,1,1,1,0.8182,11,9,181.0,6,4,0,0,0,3.0,3,1
45225362-6351-46da-a2a5-167ff4da67e7,8149a5a0-b1e9-4bb0-a980-b7f5bdcb02a4,5cde182a-90cc-4a2c-8fe2-58f2f4ed792d,2025-04-11T06:21:00,1,1,1,0,1,1,1,0.9,10,9,145.0,6,4,0,0,0,2.0,2,1
57faf596-8673-4a4b-a5a8-d5b41720f178,3f562206-66c9-45c7-94e1-a9dfde284d1b,5cde182a-90cc-4a2c-8fe2-58f2f4ed792d,2025-04-11T06:21:00,0,0,0,0,1,1,1,1.0,5,5,146.0,6,4,0,0,0,2.0,2,1
4e4f2f5c-7f7b-49c1-83a3-836fe1abc78e,0f830c26-3d4f-4cf5-81cf-08041535d161,5cde182a-90cc-4a2c-8fe2-58f2f4ed792d,2025-04-11T06:22:00,1,1,1,0,1,0,1,0.6364,11,7,195.0,6,4,0,0,0,2.0,2,1
de9e71bb-2ef8-43c4-a398-1995ad6ba609,804fa05c-3d11-4c0b-acfe-70a082a82e75,47c3afe1-70c2-45cc-ae91-967caf0767f1,2025-04-11T12:34:00,1,0,0,0,1,1,1,1.0,4,4,403.0,12,4,0,0,1,3.0,1,1
89cc3847-ad6e-447c-8c13-ffadc20aea93,553294c5-4565-4d5a-a069-6e8126905be4,47c3afe1-70c2-45cc-ae91-967caf0767f1,2025-04-11T12:37:00,1,0,0,0,1,1,0,0.5,6,3,224.0,12,4,0,0,1,3.0,1,1
347386e0-43c7-4852-8b79-e1327a329718,5ae18917-1ec4-457c-a836-7efc4c4c8fff,47c3afe1-70c2-45cc-ae91-967caf0767f1,2025-04-11T12:40:00,1,1,1,0,1,1,1,1.0,4,4,221.0,12,4,0,0,1,3.0,1,1
53ad6a75-2432-47bf-9f07-67da4ce7bfb8,19e65af6-da1e-4052-bf71-1659737f5cc7,47c3afe1-70c2-45cc-ae91-967caf0767f1,2025-04-11T12:40:00,1,0,0,0,1,1,1,1.0,8,8,425.0,12,4,0,0,1,3.0,1,1
82280067-393c-4155-b961-d1ce29bf0176,1ddad590-150e-4d2c-be85-cbcda276cb70,a065f3d5-20e7-454d-8a10-d76c8808fcce,2025-04-11T15:00:00,1,0,0,0,1,1,0,1.0,1,1,365.0,15,4,0,0,1,6.0,3,0
0d18b5b8-d8ef-4a4b-9ad1-69d3a237ba57,6a9c2430-d23f-4e3a-9d23-36289b5ec791,a065f3d5-20e7-454d-8a10-d76c8808fcce,2025-04-11T15:02:00,1,0,1,0,0,1,1,1.0,5,5,311.0,15,4,0,0,1,6.0,3,0
447553ad-23ae-4e8f-b3ce-11921ad83f3f,c5df4563-5594-46ee-912f-a3c37bc8f200,0dce2985-3ed7-4b74-96ec-6318acd520d8,2025-04-11T15:51:00,0,0,0,0,1,1,1,0.6667,3,2,365.0,15,4,0,0,1,6.0,2,1
c6daf7de-fd93-4a34-b6f7-a1bec2877c40,d74d726f-1a04-4093-9eb1-ae0ea06feb1c,0dce2985-3ed7-4b74-96ec-6318acd520d8,2025-04-11T15:53:00,1,0,1,0,1,0,1,0.6,5,3,365.0,15,4,0,0,1,6.0,2,1
d5c24887-dc6c-4819-bfa9-de1d8b50d1d2,979b5d05-d629-42eb-925c-ca3d093ceaca,0dce2985-3ed7-4b74-96ec-6318acd520d8,2025-04-11T15:56:00,0,0,0,0,1,1,1,0.6667,9,6,290.0,15,4,0,0,1,6.0,2,1
84b8f21d-0d96-46cc-96bd-1727c5bde1c1,533414cd-671e-4157-a291-db237359e3c8,95d65516-f4ea-43b3-b976-06ac95c4f2bc,2025-04-11T22:05:00,1,1,1,0,1,1,1,0.0,1,0,263.0,22,4,0,1,0,2.0,1,0
1acbe871-ce2e-4f1e-ad71-762ea5bcf9f0,6c926c1e-7975-4345-a762-128c25695f2b,95d65516-f4ea-43b3-b976-06ac95c4f2bc,2025-04-11T22:08:00,1,0,0,0,1,1,1,0.8,5,4,286.0,22,4,0,1,0,2.0,1,0
ddb6b0e5-d915-4cec-a78b-78237a08e50a,cd532bc0-2367-446e-8e57-68c7cd6101f6,95d65516-f4ea-43b3-b976-06ac95c4f2bc,2025-04-11T22:09:00,1,0,1,0,1,1,1,0.7,10,7,337.0,22,4,0,1,0,2.0,1,0
222fd3a7-7cf6-48be-8d44-851dcfc7cdcc,ed3b9800-2f5e-489d-92bb-8bb1332538be,95d65516-f4ea-43b3-b976-06ac95c4f2bc,2025-04-11T22:12:00,1,0,1,0,1,0,1,1.0,4,4,365.0,22,4,0,1,0,2.0,1,0
d65e1a3e-7726-4221-a4eb-c58942db478a,972c2711-206c-49a4-b763-2a7319f31c08,95d65516-f4ea-43b3-b976-06ac95c4f2bc,2025-04-11T22:13:00,1,1,1,0,1,1,1,1.0,7,7,365.0,22,4,0,1,0,2.0,1,0
16c6f7c4-023b-42fc-b6cf-ba15550871e7,1693939d-11cb-4a60-bfb6-8f2fec00eb4f,95d65516-f4ea-43b3-b976-06ac95c4f2bc,2025-04-11T22:18:00,1,0,1,0,1,1,1,0.875,8,7,209.0,22,4,0,1,0,2.0,1,0
77e6afee-2e2d-488a-968f-aef8aa9d0bc3,7689a61a-5823-4dd9-8e3c-29c2d4415219,45bba960-ddd3-4f9e-9e59-9472735f6411,2025-04-11T23:59:00,0,0,1,0,1,1,0,0.75,8,6,365.0,23,4,0,1,0,4.0,2,1
56bff18e-2e71-46c3-9355-c09dfcec731f,3f72d86e-c11c-497f-b6d0-5f2e08b013cd,45bba960-ddd3-4f9e-9e59-9472735f6411,2025-04-12T00:00:00,1,1,1,0,0,1,1,0.8571,7,6,205.0,0,5,1,1,0,4.0,2,1
57cee2b9-e52d-4a53-b3a0-a1ccfd571546,1b81506a-481d-42f6-b01c-dbb52717cc9e,6f9ee44a-fcc5-46f4-9cf8-26a040dc6ae2,2025-04-12T00:38:00,1,0,1,0,1,1,1,0.75,4,3,189.0,0,5,1,1,0,3.0,1,1
86737d44-8fc7-4093-916b-1895ce4deb42,14dd9b4c-5ebc-4843-9f14-a7de9f6c0f44,6f9ee44a-fcc5-46f4-9cf8-26a040dc6ae2,2025-04-12T00:38:00,0,1,1,0,1,1,1,0.8,5,4,229.0,0,5,1,1,0,3.0,1,1
d8d9349b-b67e-4ea4-96ec-30f17cf405e6,89351c19-fb07-4021-8981-38f3a660e1f1,6f9ee44a-fcc5-46f4-9cf8-26a040dc6ae2,2025-04-12T00:42:00,0,0,0,0,1,0,1,0.8,5,4,132.0,0,5,1,1,0,3.0,1,1
1a5816fd-1f81-495c-8199-1505fa8daed5,797a96d3-916e-44ca-9537-0bd455606d82,d84fdded-d747-43ce-9938-ca60a5af2f73,2025-04-12T02:23:00,0,1,1,0,0,1,1,0.5556,9,5,307.0,2,5,1,1,0,3.0,2,0
cb7e4bfb-addd-455f-b4a7-b4a1969ea673,d74d726f-1a04-4093-9eb1-ae0ea06feb1c,d84fdded-d747-43ce-9938-ca60a5af2f73,2025-04-12T02:24:00,1,0,1,0,1,0,1,0.6667,6,4,365.0,2,5,1,1,0,3.0,2,0
f2b3ebb6-ef4b-4b9d-bc8f-67995356c094,34dc13fa-a9a1-4b88-8692-d63511225a68,d84fdded-d747-43ce-9938-ca60a5af2f73,2025-04-12T02:24:00,1,0,1,0,1,1,1,1.0,9,9,346.0,2,5,1,1,0,3.0,2,0
1887fbab-8727-4e55-ba7d-a6546c31fbd4,763f9657-b714-4ebf-a75d-03a0bd961883,d84fdded-d747-43ce-9938-ca60a5af2f73,2025-04-12T02:31:00,1,0,1,0,1,1,1,1.0,6,6,699.0,2,5,1,1,0,3.0,2,0
90f4c40c-254a-4c94-82f0-07c3b6fdff36,ed732f11-698a-40e6-8fab-9a1b078261d2,d84fdded-d747-43ce-9938-ca60a5af2f73,2025-04-12T02:31:00,1,0,1,0,1,1,0,0.8889,9,8,365.0,2,5,1,1,0,3.0,2,0
a52687c5-485e-4034-b410-0f5389bb8da0,64af186a-4a5e-4d8e-8b52-ff4a3c5bc1ec,d84fdded-d747-43ce-9938-ca60a5af2f73,2025-04-12T02:32:00,1,0,0,0,1,1,1,0.6667,3,2,307.0,2,5,1,1,0,3.0,2,0
fdf261f1-bc53-429f-8444-808c2111d18b,1fac9453-e829-479d-ae5f-008babfc456d,a384081e-3118-4783-847a-b8f74e013dad,2025-04-12T07:25:00,0,0,0,0,1,1,1,0.5,6,3,172.0,7,5,1,0,0,2.0,3,1
39525b7b-71b6-4765-9b7e-858bd8ef9575,74de697e-ecd0-4975-8057-f21088a888b4,a384081e-3118-4783-847a-b8f74e013dad,2025-04-12T07:28:00,0,0,1,1,1,1,0,0.7143,14,10,365.0,7,5,1,0,0,2.0,3,1
dbe0195e-9507-42e5-8874-fb7f50a0e723,927dc24f-3e95-4ab2-a387-73907d3af8e7,a384081e-3118-4783-847a-b8f74e013dad,2025-04-12T07:28:00,1,0,0,0,1,1,1,0.75,4,3,149.0,7,5,1,0,0,2.0,3,1
8a00c13a-3712-4801-873d-ea8708dc3e81,f2f92179-5d28-4944-970e-4735cb6d6a92,a384081e-3118-4783-847a-b8f74e013dad,2025-04-12T07:30:00,1,0,0,0,1,1,0,0.7143,7,5,190.0,7,5,1,0,0,2.0,3,1
378e8fd8-e43c-49eb-ac8f-7511e9c12dda,bbaea4a2-227b-4e8f-9f8b-61615adfff9f,a384081e-3118-4783-847a-b8f74e013dad,2025-04-12T07:33:00,1,1,1,0,1,1,1,1.0,6,6,174.0,7,5,1,0,0,2.0,3,1
8d1f71d7-1604-4408-bfb8-f7a391001421,d2112070-a709-4a6f-a1fe-b83a282d0da2,a384081e-3118-4783-847a-b8f74e013dad,2025-04-12T07:34:00,1,1,1,0,1,1,1,0.875,8,7,365.0,7,5,1,0,0,2.0,3,1
f0ad3071-8215-44d8-9161-5b3766453b66,78b96bf4-a937-44e7-9a3a-544dd63de549,feebb4bf-2b6b-4d04-a6a8-507c9192a449,2025-04-12T08:33:00,1,1,1,0,1,1,0,0.2,5,1,244.0,8,5,1,0,0,6.0,1,1
a4b9ac2a-d346-4c22-a379-34b67a9fb648,ed05badd-17a9-4ad2-99b1-3e60e0cb321e,feebb4bf-2b6b-4d04-a6a8-507c9192a449,2025-04-12T08:38:00,1,0,1,0,1,1,1,0.8,5,4,161.0,8,5,1,0,0,6.0,1,1
f607b48f-df22-4ad4-a20d-20f3aaa40bb4,ac4e88c1-0595-40f7-bf14-b77ad397e5dd,feebb4bf-2b6b-4d04-a6a8-507c9192a449,2025-04-12T08:45:00,0,1,1,0,1,0,0,0.2,5,1,194.0,8,5,1,0,0,6.0,1,1
4bddd550-b91c-413e-b49c-b8493e300d0b,103eb3c6-8619-4c37-b55b-6a3438e71b7a,9b175a16-b193-4970-afb7-5acce3887c87,2025-04-12T14:23:00,0,0,0,0,0,1,0,0.1667,6,1,142.0,14,5,1,0,0,4.0,2,1
0272537b-dcf2-4565-b5bd-6a99329c4df7,c57abeef-b6d8-4cf7-ae50-3774b55c6768,9b175a16-b193-4970-afb7-5acce3887c87,2025-04-12T14:26:00,0,0,0,0,1,1,0,0.625,8,5,179.0,14,5,1,0,0,4.0,2,1
dfb6ccf6-8a92-462f-a274-8923603b25d8,3fbab77f-078b-48d4-ab31-908df43ab95e,9b175a16-b193-4970-afb7-5acce3887c87,2025-04-12T14:28:00,1,0,0,0,1,1,1,1.0,5,5,311.0,14,5,1,0,0,4.0,2,1
2f06304d-7757-4724-9776-8d1ac25a3e43,415a8ed8-6bf8-47ec-9265-7eacc19a825f,9b175a16-b193-4970-afb7-5acce3887c87,2025-04-12T14:35:00,1,0,1,0,1,1,1,0.6667,6,4,365.0,14,5,1,0,0,4.0,2,1
f6de6efc-13b2-4cc0-8d23-5323e4cd4964,f4f6b626-e397-4f44-8dde-9d51ac118ff6,9b175a16-b193-4970-afb7-5acce3887c87,2025-04-12T14:35:00,1,0,1,0,1,1,1,0.8571,7,6,323.0,14,5,1,0,0,4.0,2,1
42d9c89b-38fb-46c8-9e3a-5a42a305b2f0,ab824e7b-6c52-415c-9b45-3252ae8f2969,fd3a1746-2a4d-45a8-9c02-cc71c942efcd,2025-04-12T17:04:00,1,0,0,0,1,1,1,0.75,8,6,183.0,17,5,1,0,0,2.0,1,0
8d6e6464-a44f-452b-9f18-fe5681137ba3,82fb79bc-bd6e-47a9-a67a-99fac9655589,fd3a1746-2a4d-45a8-9c02-cc71c942efcd,2025-04-12T17:05:00,1,0,0,0,1,1,1,1.0,3,3,365.0,17,5,1,0,0,2.0,1,0
757270e7-3c74-497d-945f-387ac9426e5f,0b51ced4-84e3-45ad-a67a-de86af260d64,fd3a1746-2a4d-45a8-9c02-cc71c942efcd,2025-04-12T17:07:00,0,0,0,0,1,1,1,0.8889,9,8,407.0,17,5,1,0,0,2.0,1,0
876a8b9f-9f7e-40fd-bbca-b31ec2ebabbe,5ae18917-1ec4-457c-a836-7efc4c4c8fff,fd3a1746-2a4d-45a8-9c02-cc71c942efcd,2025-04-12T17:07:00,1,0,0,0,1,1,1,1.0,5,5,222.0,17,5,1,0,0,2.0,1,0
1646da52-f3a3-45d2-bcea-45defd787692,b7e02dd5-bc57-4ce1-89ca-6341da919a60,fd3a1746-2a4d-45a8-9c02-cc71c942efcd,2025-04-12T17:10:00,1,0,0,0,1,1,1,0.5,2,1,365.0,17,5,1,0,0,2.0,1,0
0033fac2-ad03-4924-96cc-1b2466655d60,f9c29be2-ddc0-4390-8bf7-68d4469a289f,fd3a1746-2a4d-45a8-9c02-cc71c942efcd,2025-04-12T17:12:00,1,0,0,0,1,0,1,1.0,2,2,365.0,17,5,1,0,0,2.0,1,0
6bd633b0-6657-47a9-8e2c-b12c1029775a,6fe6108b-0137-4ed4-bb54-e1ed13a743e9,bdab8855-c707-4642-b993-2cdc614f0cf6,2025-04-12T18:09:00,1,0,1,0,1,1,1,1.0,5,5,339.0,18,5,1,0,0,4.0,3,1
2854c2e2-3a2c-4425-a750-d9d46032582a,c0eaa600-b15c-463a-b278-86b3ca57fd5c,bdab8855-c707-4642-b993-2cdc614f0cf6,2025-04-12T18:11:00,1,1,1,0,1,1,1,0.6,10,6,134.0,18,5,1,0,0,4.0,3,1
897916fb-4a4c-4baa-8dc4-fe6434692a8c,b28c5ded-195b-4262-9bb7-b808a353150d,bdab8855-c707-4642-b993-2cdc614f0cf6,2025-04-12T18:13:00,0,0,1,0,1,1,1,0.8333,6,5,186.0,18,5,1,0,0,4.0,3,1
2a2159e3-a2df-4b97-91cc-10bd01a66def,5a9cd770-f74a-4cdd-87d0-646aa0e13b89,bdab8855-c707-4642-b993-2cdc614f0cf6,2025-04-12T18:15:00,1,1,1,0,1,1,1,0.5,8,4,255.0,18,5,1,0,0,4.0,3,1
90ae79e8-30d3-4b6d-b425-1df65818bd0b,a5412686-ad1b-4800-b166-5b72f3faa02d,bdab8855-c707-4642-b993-2cdc614f0cf6,2025-04-12T18:18:00,1,1,1,0,1,1,1,1.0,7,7,146.0,18,5,1,0,0,4.0,3,1
7f36e922-f222-4f7b-86fe-dab76265659f,eda6ff35-1d22-4a35-b25d-3279ba02175c,bdab8855-c707-4642-b993-2cdc614f0cf6,2025-04-12T18:20:00,0,0,0,0,1,1,0,0.1667,6,1,135.0,18,5,1,0,0,4.0,3,1
37b6f0ca-4de7-4328-88f7-ec617a346cd4,c1a1cac9-8c8d-4709-b171-00b08bdbc45b,e4b2eb4e-12b9-4923-8f1c-2314e099e2a6,2025-04-12T20:24:00,1,0,1,0,1,1,1,1.0,4,4,455.0,20,5,1,0,0,4.0,2,1
cd8ac2ac-5c87-430d-855c-a3f770b5924a,3f562206-66c9-45c7-94e1-a9dfde284d1b,e4b2eb4e-12b9-4923-8f1c-2314e099e2a6,2025-04-12T20:28:00,1,1,1,0,1,1,1,0.8333,6,5,147.0,20,5,1,0,0,4.0,2,1
284185f9-50c9-4a03-8cc2-262a40ef7f7c,75455c5a-fc28-4e12-ab1d-c5bf91975e07,50d57dcc-5e57-4609-a92e-466f839f9c0a,2025-04-12T20:39:00,1,1,1,0,1,1,1,0.8333,6,5,203.0,20,5,1,0,0,1.0,1,1
715d6d75-eb95-464c-938f-ddc40c633b3c,ed3b9800-2f5e-489d-92bb-8bb1332538be,50d57dcc-5e57-4609-a92e-466f839f9c0a,2025-04-12T20:40:00,1,1,1,0,1,0,1,1.0,5,5,365.0,20,5,1,0,0,1.0,1,1
0278fd0a-9de1-4374-b44d-83a6af015221,f53bf753-a0a3-4d28-99f6-434168f98cb2,50d57dcc-5e57-4609-a92e-466f839f9c0a,2025-04-12T20:44:00,1,0,0,0,1,1,1,0.75,4,3,365.0,20,5,1,0,0,1.0,1,1
6d9ded37-0cde-4a7c-823e-9f0420c4c031,8aadad3e-4591-4c88-a738-78b84530fbda,c851f660-0fc5-45f0-8b85-efe93539625a,2025-04-12T21:06:00,1,0,0,0,1,1,1,0.7778,9,7,347.0,21,5,1,0,0,6.0,3,1
3f6563e4-f4ff-4477-9409-6395ba345f69,3b9f8b84-9d78-41c0-8faf-289fde279e85,c851f660-0fc5-45f0-8b85-efe93539625a,2025-04-12T21:07:00,1,0,0,0,1,1,1,0.5,4,2,382.0,21,5,1,0,0,6.0,3,1
8927b27d-2771-4775-8557-fe0ec03c49ed,56fc804f-b101-461b-a304-d6f9c28ae2ef,c851f660-0fc5-45f0-8b85-efe93539625a,2025-04-12T21:07:00,1,0,0,0,1,1,1,0.5,4,2,156.0,21,5,1,0,0,6.0,3,1
698ade27-1ad9-445a-a40a-b163fe1d7318,2c1091c3-2c2e-4305-8524-f2651ddbea75,c851f660-0fc5-45f0-8b85-efe93539625a,2025-04-12T21:08:00,1,0,0,0,1,1,1,0.5714,7,4,719.0,21,5,1,0,0,6.0,3,1
e421d436-00f7-41cf-9b09-a0554044e0f3,bf160ba0-ac86-4d11-b5e7-904beff9cc2d,c851f660-0fc5-45f0-8b85-efe93539625a,2025-04-12T21:08:00,1,0,0,0,1,1,1,0.8889,9,8,290.0,21,5,1,0,0,6.0,3,1
a070bdbd-3522-458e-a461-a40558fc8ecf,90f0edf1-053b-433f-b7d0-041be1e882d4,0547e66b-a8a7-4803-badf-853b147452dc,2025-04-13T01:57:00,0,0,1,0,1,1,0,0.2857,7,2,292.0,1,6,1,1,0,4.0,1,1
c8130c29-4753-494f-8b64-59155a1bc0d0,f53bf753-a0a3-4d28-99f6-434168f98cb2,0547e66b-a8a7-4803-badf-853b147452dc,2025-04-13T02:00:00,1,1,1,0,1,1,1,0.8,5,4,365.0,2,6,1,1,0,4.0,1,1
730714f8-7a53-43ab-a48d-a81aecdbfbf9,dc3945d5-6321-4ff3-a949-9cc365303d45,0547e66b-a8a7-4803-badf-853b147452dc,2025-04-13T02:03:00,1,0,1,0,1,0,1,0.5,10,5,168.0,2,6,1,1,0,4.0,1,1
7f358be3-b1c4-4461-92f7-305bff2b5ecc,75455c5a-fc28-4e12-ab1d-c5bf91975e07,417af00b-7509-4566-aa17-6920afe383b5,2025-04-13T06:11:00,1,0,1,0,1,1,1,0.8571,7,6,204.0,6,6,1,0,0,3.0,3,1
0802ac42-c15c-4fe1-9215-1c96931d039c,a1bc2676-aad3-49f3-9131-e812c904d689,417af00b-7509-4566-aa17-6920afe383b5,2025-04-13T06:17:00,0,0,0,0,0,1,1,0.7143,7,5,389.0,6,6,1,0,0,3.0,3,1
0bcc5a3f-a8b4-4b84-b68c-01a3e1e227f4,c0eaa600-b15c-463a-b278-86b3ca57fd5c,b8117eef-c6aa-4d05-9b7f-7186932db0f4,2025-04-13T19:54:00,1,1,1,0,1,1,1,0.6364,11,7,135.0,19,6,1,0,0,3.0,3,0
099d4315-5c74-4ffc-a346-117f8b64ad90,cf15cd3c-d017-49b8-af4a-bd4471976dd4,b8117eef-c6aa-4d05-9b7f-7186932db0f4,2025-04-13T19:55:00,0,0,1,0,1,1,1,1.0,7,7,347.0,19,6,1,0,0,3.0,3,0
6d2c2ade-9b9a-41fb-8738-dfadbac6b389,e00b0ffc-7f24-4a41-8150-e710ef1d3730,b8117eef-c6aa-4d05-9b7f-7186932db0f4,2025-04-13T19:56:00,1,0,0,0,1,1,1,0.75,8,6,383.0,19,6,1,0,0,3.0,3,0
62984b5a-cfc7-460d-aef3-dc3edbae182d,ed3b9800-2f5e-489d-92bb-8bb1332538be,b8117eef-c6aa-4d05-9b7f-7186932db0f4,2025-04-13T19:58:00,0,0,1,0,1,0,1,1.0,6,6,365.0,19,6,1,0,0,3.0,3,0
7917fa5d-29dc-4a97-a262-ef17bab897e8,18663a26-c010-4e4e-8471-6194347da84d,b8117eef-c6aa-4d05-9b7f-7186932db0f4,2025-04-13T20:02:00,1,1,1,0,1,1,1,0.8,10,8,365.0,20,6,1,0,0,3.0,3,0
0f31a070-9f62-4fe1-b2fc-23cf3571bc56,c5df4563-5594-46ee-912f-a3c37bc8f200,b8117eef-c6aa-4d05-9b7f-7186932db0f4,2025-04-13T20:03:00,1,1,1,0,1,1,1,0.5,4,2,365.0,20,6,1,0,0,3.0,3,0
b7fe3b3a-206a-4840-b9f2-cf96fef87cbc,eca2c7b8-3bf7-4912-8e53-7666a464dbfc,fe0ed402-7514-4263-baeb-e929cfcb5fdb,2025-04-13T20:08:00,1,0,0,0,1,1,1,1.0,5,5,246.0,20,6,1,0,0,4.0,3,1
4deb944e-c89c-481e-a8ae-d187dcf03ccf,54d5caa7-5a58-4175-a139-ece2d4e285d1,fe0ed402-7514-4263-baeb-e929cfcb5fdb,2025-04-13T20:13:00,0,0,0,0,0,1,1,0.6,5,3,196.0,20,6,1,0,0,4.0,3,1
3e5453f1-031c-4da6-89aa-b7df285c7878,eb9471c8-ba19-42a2-94b9-9a533ce84d63,fe0ed402-7514-4263-baeb-e929cfcb5fdb,2025-04-13T20:14:00,1,1,1,0,1,1,1,0.875,8,7,446.0,20,6,1,0,0,4.0,3,1
4f6cfe0e-c28c-4d75-bb5b-935e1e756378,4ca593a6-6883-4ff4-b14b-a47593e71ecc,fe0ed402-7514-4263-baeb-e929cfcb5fdb,2025-04-13T20:17:00,1,0,0,0,1,1,1,0.8,10,8,203.0,20,6,1,0,0,4.0,3,1
36363f06-2a3d-43ec-8563-0bd3b0ec992a,0bd74d79-c6ed-4e86-a612-e698b486ec29,eb5f3493-df11-455a-b5f9-a465cb594f65,2025-04-13T21:04:00,1,0,0,0,1,1,1,0.8571,7,6,504.0,21,6,1,0,0,4.0,2,1
c13271a5-2747-41cc-bbf4-8df8a54ec901,b28c5ded-195b-4262-9bb7-b808a353150d,eb5f3493-df11-455a-b5f9-a465cb594f65,2025-04-13T21:05:00,0,0,0,0,1,1,1,0.7143,7,5,187.0,21,6,1,0,0,4.0,2,1
a7e31344-d019-4efa-9e74-26b7dac2fd61,12fc0202-67a8-417a-a936-b348c6432014,eb5f3493-df11-455a-b5f9-a465cb594f65,2025-04-13T21:11:00,1,0,0,0,0,1,1,0.8,10,8,365.0,21,6,1,0,0,4.0,2,1
349bddfc-b757-4d30-837f-9dacefedbc93,5d69d39a-573c-4fc2-b61f-084eeb974f10,eb5f3493-df11-455a-b5f9-a465cb594f65,2025-04-13T21:13:00,1,0,0,0,1,0,1,0.1667,6,1,365.0,21,6,1,0,0,4.0,2,1
a0a12b93-1034-4d85-83b5-0a44bdf5886f,3e6e3033-9a9c-4988-9e45-362e43ee98e6,eb5f3493-df11-455a-b5f9-a465cb594f65,2025-04-13T21:15:00,1,1,1,1,1,1,1,0.6,10,6,699.0,21,6,1,0,0,4.0,2,1
9d8a0172-e59b-44ec-b990-95bfa88688b5,b16f7848-a2a4-4c2c-8a3b-0bf76ecdf857,2b57b56d-4a69-40e4-8e01-ba237e97471f,2025-04-14T00:19:00,1,0,1,0,0,1,1,1.0,7,7,365.0,0,0,0,1,0,2.0,3,1
61872091-47b3-4ffd-82b6-33b549c3924f,c9e3038e-7436-4df3-9f2a-fc2746763273,2b57b56d-4a69-40e4-8e01-ba237e97471f,2025-04-14T00:23:00,1,0,0,0,0,1,1,0.4,5,2,264.0,0,0,0,1,0,2.0,3,1
54de923f-da3b-428b-957d-c612b0963398,429de809-3eeb-42af-94fa-c9c8fc3dda46,2b57b56d-4a69-40e4-8e01-ba237e97471f,2025-04-14T00:26:00,1,0,1,0,1,1,1,0.8333,6,5,365.0,0,0,0,1,0,2.0,3,1
08c1b2fc-aae5-4398-85ae-813e1b5d554c,075750fe-b6ad-4c6a-a4e3-91e723ad0bdf,2b57b56d-4a69-40e4-8e01-ba237e97471f,2025-04-14T00:27:00,1,0,1,0,1,1,1,1.0,7,7,171.0,0,0,0,1,0,2.0,3,1
2eafd1a0-7f3a-4a37-a0ec-d72d7a489ce9,d2112070-a709-4a6f-a1fe-b83a282d0da2,2b57b56d-4a69-40e4-8e01-ba237e97471f,2025-04-14T00:29:00,1,0,1,0,1,1,1,0.8889,9,8,365.0,0,0,0,1,0,2.0,3,1
762dba10-e6d8-4719-a293-e9d72ff031eb,d25bbe98-216b-4faf-8f76-0d3dd2269a66,2b57b56d-4a69-40e4-8e01-ba237e97471f,2025-04-14T00:29:00,1,0,0,0,1,0,1,0.8333,6,5,365.0,0,0,0,1,0,2.0,3,1
d434574e-53a3-41e3-b4e1-1418c29d06c7,2d67b8f1-6839-41a5-a4f9-ed87959a5394,02a33fe0-0186-4678-8a7c-c52d8109f2d9,2025-04-14T04:13:00,1,1,1,0,1,1,1,1.0,7,7,190.0,4,0,0,1,0,2.0,2,1
2481946c-5477-46cb-af62-028e02283537,6fe6108b-0137-4ed4-bb54-e1ed13a743e9,02a33fe0-0186-4678-8a7c-c52d8109f2d9,2025-04-14T04:19:00,1,0,1,0,1,1,1,1.0,6,6,341.0,4,0,0,1,0,2.0,2,1
c9feb73c-cd60-40e7-9ff2-9fead9b74124,0db56994-7b77-4dee-bd9c-894ba39fcd46,02a33fe0-0186-4678-8a7c-c52d8109f2d9,2025-04-14T04:21:00,1,0,1,0,1,1,0,0.75,8,6,194.0,4,0,0,1,0,2.0,2,1
000ba39b-20da-47d6-8cdd-8805bd21d458,83d13c8e-fd29-4343-bf35-4497b673a39d,945ca506-79b0-480f-a940-a5da4dcb00de,2025-04-14T06:32:00,0,0,1,0,1,1,1,0.875,8,7,223.0,6,0,0,0,0,6.0,3,1
06b0b774-a181-4eb5-b658-e09a72ea0058,2ca5443d-9c69-4b59-a783-d0c9ad1c7da7,945ca506-79b0-480f-a940-a5da4dcb00de,2025-04-14T06:35:00,1,0,1,0,1,1,1,0.8333,6,5,133.0,6,0,0,0,0,6.0,3,1
371fce51-6a67-43a1-b2ba-5b8ee4cde0fa,5ae18917-1ec4-457c-a836-7efc4c4c8fff,cfa23e73-1cb0-45f3-ae99-fcf5c5e32893,2025-04-14T06:35:00,0,0,0,0,1,1,1,1.0,6,6,224.0,6,0,0,0,0,2.0,3,1
55b664e0-2ed6-4635-8208-6466c9ba6b70,2c1091c3-2c2e-4305-8524-f2651ddbea75,cfa23e73-1cb0-45f3-ae99-fcf5c5e32893,2025-04-14T06:35:00,1,0,0,0,1,1,1,0.625,8,5,721.0,6,0,0,0,0,2.0,3,1
aa55afaa-40ec-4244-bdbd-675ddbd546c6,5b144804-32b7-4e82-9f3c-1b20f6f52721,945ca506-79b0-480f-a940-a5da4dcb00de,2025-04-14T06:35:00,1,0,1,0,1,1,1,1.0,9,9,142.0,6,0,0,0,0,6.0,3,1
86cb6977-87d9-4221-91a4-65c853274691,8465564b-f0a3-4480-b044-c0a4cf6d01a0,cfa23e73-1cb0-45f3-ae99-fcf5c5e32893,2025-04-14T06:41:00,1,0,0,0,1,1,1,1.0,6,6,507.0,6,0,0,0,0,2.0,3,1
b39d47b7-ba62-4faf-b2ba-2f53b7187eb9,53ed2f86-5a3a-4240-86cc-9f9f609bdea0,cfa23e73-1cb0-45f3-ae99-fcf5c5e32893,2025-04-14T06:43:00,0,0,0,0,1,1,0,0.7143,7,5,227.0,6,0,0,0,0,2.0,3,1
aea7ddb6-b13b-41f3-bc31-a170ca48757d,b55baffe-83af-4af1-b800-2efe44d895fa,73942ffc-57cf-4339-bba5-a6bf8da0b8f7,2025-04-14T07:34:00,1,0,0,0,0,1,1,0.6667,3,2,193.0,7,0,0,0,0,4.0,1,1
d7549c0a-a206-4de8-8508-da964fc01aea,1191fc52-63be-4740-bba1-06592a0f8eb5,73942ffc-57cf-4339-bba5-a6bf8da0b8f7,2025-04-14T07:35:00,1,1,1,0,1,1,1,1.0,4,4,153.0,7,0,0,0,0,4.0,1,1
1f557aa0-cc3c-4f3c-8954-949d5d8ab535,126fbc28-6b03-407e-b020-19175754625a,73942ffc-57cf-4339-bba5-a6bf8da0b8f7,2025-04-14T07:38:00,1,1,1,0,1,1,1,1.0,4,4,258.0,7,0,0,0,0,4.0,1,1
553be814-614d-4ea8-b6ee-95148b4016f2,12fc0202-67a8-417a-a936-b348c6432014,73942ffc-57cf-4339-bba5-a6bf8da0b8f7,2025-04-14T07:42:00,1,1,1,0,0,1,1,0.8182,11,9,365.0,7,0,0,0,0,4.0,1,1
ddd331b6-20c6-403a-b660-3424024afb66,d6b5ae43-d86a-4b5f-abd6-b4e06091ee44,f3d1eba6-9c42-4835-9b40-6f09da0864bd,2025-04-14T09:29:00,1,0,1,0,1,1,1,0.7857,14,11,536.0,9,0,0,0,1,6.0,0,1
575d8581-dbde-4eeb-b604-4b4184d75ab1,6b1ba131-fea8-4018-9f7b-bb75d5846414,f3d1eba6-9c42-4835-9b40-6f09da0864bd,2025-04-14T09:36:00,0,0,1,0,1,1,1,0.6,10,6,365.0,9,0,0,0,1,6.0,0,1
83bd8401-6bb2-474a-b6a1-5741979f2834,0bd74d79-c6ed-4e86-a612-e698b486ec29,e9b032d2-ab35-49c2-853f-e2c0f898f980,2025-04-14T12:00:00,1,0,1,0,1,1,1,0.875,8,7,505.0,12,0,0,0,1,2.0,2,1
22000e79-4280-4eb7-a836-2e93912535a4,29e49c87-bf5c-4e0a-844a-7ce3f4f2d13d,e9b032d2-ab35-49c2-853f-e2c0f898f980,2025-04-14T12:05:00,0,0,0,0,1,1,1,1.0,8,8,186.0,12,0,0,0,1,2.0,2,1
947c188f-494e-4c4a-a954-feff24bef13f,6c42715a-7792-4ae5-bd27-72ddeffdf209,e9b032d2-ab35-49c2-853f-e2c0f898f980,2025-04-14T12:05:00,1,0,1,0,1,1,1,1.0,4,4,143.0,12,0,0,0,1,2.0,2,1
53dae7a1-0687-43af-a8bf-daf377218bcd,d3edbff9-b137-4f59-9b59-c049d8cda101,e9b032d2-ab35-49c2-853f-e2c0f898f980,2025-04-14T12:06:00,1,0,1,0,1,0,1,1.0,9,9,305.0,12,0,0,0,1,2.0,2,1
323e9cd1-ebc0-4084-a947-c03727c0e4ab,cf15cd3c-d017-49b8-af4a-bd4471976dd4,81cabe4d-1c7e-4b79-ad7f-a469aa2f6d1a,2025-04-14T12:49:00,1,1,1,0,1,1,1,0.875,8,7,348.0,12,0,0,0,1,4.0,1,0
980a5fb5-3147-4ae8-b901-f478e4280841,ffd6e179-bce4-414a-9aef-db47a3caea86,81cabe4d-1c7e-4b79-ad7f-a469aa2f6d1a,2025-04-14T12:49:00,1,1,1,0,1,0,1,0.625,8,5,512.0,12,0,0,0,1,4.0,1,0
ba9b64b6-966b-414d-a108-e93a417bb535,4c569839-3efa-4170-b6a4-f0a4d13d4639,81cabe4d-1c7e-4b79-ad7f-a469aa2f6d1a,2025-04-14T12:50:00,1,0,0,0,1,1,1,1.0,4,4,186.0,12,0,0,0,1,4.0,1,0
2c5dd702-8976-4e80-b900-165fa959083f,ed05badd-17a9-4ad2-99b1-3e60e0cb321e,81cabe4d-1c7e-4b79-ad7f-a469aa2f6d1a,2025-04-14T12:52:00,1,1,1,0,1,1,1,0.8333,6,5,163.0,12,0,0,0,1,4.0,1,0
275d8be4-8ab9-4e17-90cf-65f41231751b,c436515f-d954-43ab-83ea-71d7b85b1ab2,81cabe4d-1c7e-4b79-ad7f-a469aa2f6d1a,2025-04-14T12:54:00,1,0,0,0,1,1,1,1.0,7,7,158.0,12,0,0,0,1,4.0,1,0
74b9c05e-f123-429e-9190-8c4465933c6d,6a9c2430-d23f-4e3a-9d23-36289b5ec791,81cabe4d-1c7e-4b79-ad7f-a469aa2f6d1a,2025-04-14T12:55:00,1,1,1,0,0,1,1,1.0,6,6,314.0,12,0,0,0,1,4.0,1,0
e1ce5490-b75a-420a-ad78-569c41940538,985ab403-ddfd-47f6-9b98-9ce2f7dcd16e,6c067fa7-2991-4aa2-b15c-d13f158c8f35,2025-04-14T15:50:00,1,0,1,1,1,1,0,0.8333,12,10,216.0,15,0,0,0,1,4.0,2,1
f6a1a160-b5b4-4bb3-93be-2a4f6c3fac8b,5ed79810-0c9b-4377-870c-58916ee465a7,6c067fa7-2991-4aa2-b15c-d13f158c8f35,2025-04-14T15:53:00,1,0,0,0,1,0,1,0.3333,9,3,365.0,15,0,0,0,1,4.0,2,1
8a79dc11-280f-4b86-ad42-ee02f05d0995,5805c9e4-e8a0-4c33-9ca3-70004d94c948,6c067fa7-2991-4aa2-b15c-d13f158c8f35,2025-04-14T15:57:00,1,0,1,0,1,1,1,1.0,5,5,320.0,15,0,0,0,1,4.0,2,1
ef3159f7-5acd-4da5-a9b3-26bf6b480793,4b4303f9-d680-4320-80ac-0fc7377998df,6c067fa7-2991-4aa2-b15c-d13f158c8f35,2025-04-14T15:57:00,1,0,0,0,1,1,1,0.6667,9,6,215.0,15,0,0,0,1,4.0,2,1
ac7de6da-b779-41a1-a70d-8aa8f593a9d7,36ab981c-07be-4841-8992-11118d375327,41c78d07-72d2-4fb3-a6b6-80d50bdd0a55,2025-04-14T21:36:00,1,0,0,0,1,1,1,0.8,5,4,170.0,21,0,0,0,0,6.0,0,1
a7d06f10-7987-4165-af0a-78eb8a11e2c0,9af05ac7-06a8-49dd-abb8-7a4c2f508938,41c78d07-72d2-4fb3-a6b6-80d50bdd0a55,2025-04-14T21:37:00,0,0,0,0,1,0,1,0.8889,9,8,365.0,21,0,0,0,0,6.0,0,1
16abe1b0-c447-4e77-80ad-cfcf6c19ea77,86982baf-89fb-453b-bd13-a6cfe928ea51,41c78d07-72d2-4fb3-a6b6-80d50bdd0a55,2025-04-14T21:38:00,1,0,1,0,1,1,1,0.8333,6,5,365.0,21,0,0,0,0,6.0,0,1
0c5540e9-fe5a-4561-b4e3-d1787e18ac90,18663a26-c010-4e4e-8471-6194347da84d,41c78d07-72d2-4fb3-a6b6-80d50bdd0a55,2025-04-14T21:43:00,1,1,1,0,1,1,1,0.8182,11,9,365.0,21,0,0,0,0,6.0,0,1
6c687186-d29e-436a-9e3e-269d8d61948d,1dc62eea-d501-4cc2-8b28-21af417cd2bd,41c78d07-72d2-4fb3-a6b6-80d50bdd0a55,2025-04-14T21:45:00,0,1,1,0,1,1,0,0.8,5,4,215.0,21,0,0,0,0,6.0,0,1
a8408bf9-1138-41dd-9435-f41a695c4aaa,b31f3223-35d1-446c-9991-79665d0b1ef3,b78c0ee7-de65-4161-9f10-996e31dc6553,2025-04-15T01:04:00,1,1,1,0,1,1,1,0.6364,11,7,161.0,1,1,0,1,0,1.0,3,1
3792c5d4-53e2-4499-90fb-e09427fd76ba,253205df-9c22-4418-a061-b758af343928,b78c0ee7-de65-4161-9f10-996e31dc6553,2025-04-15T01:10:00,1,0,0,0,1,1,0,0.6667,3,2,150.0,1,1,0,1,0,1.0,3,1
b7c73b5e-1eb9-473f-a59b-c6dfdb451d00,d3edbff9-b137-4f59-9b59-c049d8cda101,dc9bca1d-519d-474f-931c-2be8b18b24c1,2025-04-15T07:56:00,1,0,1,0,1,0,1,1.0,10,10,306.0,7,1,0,0,0,3.0,1,1
5425fef3-3fe5-4715-a543-3b5280e7fa38,8aadad3e-4591-4c88-a738-78b84530fbda,dc9bca1d-519d-474f-931c-2be8b18b24c1,2025-04-15T08:00:00,1,0,1,0,1,1,1,0.8,10,8,350.0,8,1,0,0,0,3.0,1,1
b5443132-6b42-43d3-9a4a-a50304ee8b9f,89351c19-fb07-4021-8981-38f3a660e1f1,dc9bca1d-519d-474f-931c-2be8b18b24c1,2025-04-15T08:03:00,1,1,1,0,1,0,1,0.6667,6,4,135.0,8,1,0,0,0,3.0,1,1
867d9ce0-6e6a-4fbe-9d38-df01635e5209,11955be9-03b2-4274-9002-7a2a5ae499a8,dc9bca1d-519d-474f-931c-2be8b18b24c1,2025-04-15T08:05:00,1,0,0,0,1,0,0,0.2222,9,2,365.0,8,1,0,0,0,3.0,1,1
57b0ae41-fa69-4c96-b548-0ac5fca4a8ec,3e6e3033-9a9c-4988-9e45-362e43ee98e6,dc9bca1d-519d-474f-931c-2be8b18b24c1,2025-04-15T08:09:00,1,0,1,1,1,1,1,0.6364,11,7,701.0,8,1,0,0,0,3.0,1,1
606c3b15-0088-4b59-b50f-c364cb9d6513,628e4e35-5853-4d59-b32f-4056b7e3e27b,6dcaf184-c874-4477-98f2-d116b98c935d,2025-04-15T13:54:00,1,0,1,0,1,0,1,0.75,8,6,365.0,13,1,0,0,1,3.0,3,0
9acc9b0d-7e28-4bfc-aabb-e310b681e130,ba0652ab-674d-480e-b23d-7fb7301f9218,6dcaf184-c874-4477-98f2-d116b98c935d,2025-04-15T13:55:00,1,0,1,0,1,1,1,0.7143,7,5,154.0,13,1,0,0,1,3.0,3,0
2039320a-b4bb-4601-9908-5c6c436508ab,533414cd-671e-4157-a291-db237359e3c8,6dcaf184-c874-4477-98f2-d116b98c935d,2025-04-15T13:59:00,0,0,0,0,1,1,1,0.5,2,1,267.0,13,1,0,0,1,3.0,3,0
28162f31-35ae-4e55-bef9-999931a87841,6f397cf4-9959-4fad-93f5-e6397f2f273d,6dcaf184-c874-4477-98f2-d116b98c935d,2025-04-15T14:00:00,1,0,1,0,1,1,1,1.0,8,8,407.0,14,1,0,0,1,3.0,3,0
a3b170e9-8edd-40de-b983-29708e40c1b0,40c6fe05-f02d-4157-ba15-09913e067c14,6dcaf184-c874-4477-98f2-d116b98c935d,2025-04-15T14:01:00,1,0,1,0,1,1,1,1.0,4,4,141.0,14,1,0,0,1,3.0,3,0
ab801b8b-3b69-426c-a926-ad95b937f06a,74de697e-ecd0-4975-8057-f21088a888b4,6dcaf184-c874-4477-98f2-d116b98c935d,2025-04-15T14:07:00,0,0,1,1,1,1,0,0.6667,15,10,365.0,14,1,0,0,1,3.0,3,0
25382454-6f10-4e1e-a954-b6922c520562,8149a5a0-b1e9-4bb0-a980-b7f5bdcb02a4,bf5b19f2-f998-4536-b53c-ed2f08a966cb,2025-04-15T17:50:00,1,1,1,0,1,1,1,0.9091,11,10,149.0,17,1,0,0,1,4.0,3,1
c310e3fd-9ba2-4828-8569-bb9dbbfda708,d346ac11-9b08-4a8a-b887-845a17ae7266,bf5b19f2-f998-4536-b53c-ed2f08a966cb,2025-04-15T17:50:00,1,0,1,0,1,1,1,1.0,7,7,627.0,17,1,0,0,1,4.0,3,1
bfe4c426-d936-4f67-ad32-43975f540619,0f830c26-3d4f-4cf5-81cf-08041535d161,bf5b19f2-f998-4536-b53c-ed2f08a966cb,2025-04-15T17:52:00,1,1,1,0,1,0,1,0.6667,12,8,199.0,17,1,0,0,1,4.0,3,1
02449172-b4ed-40b1-9ecb-b9a2876c4d23,f6612e9b-17e3-4407-bad5-87d18f75c172,bf5b19f2-f998-4536-b53c-ed2f08a966cb,2025-04-15T17:55:00,0,1,1,0,0,1,1,0.7143,7,5,147.0,17,1,0,0,1,4.0,3,1
cb912db4-6f58-4838-bba7-6f911f1f3b46,deac09c6-92df-437d-890a-ec1f48406829,bf5b19f2-f998-4536-b53c-ed2f08a966cb,2025-04-15T17:55:00,1,0,1,0,1,0,0,1.0,5,5,143.0,17,1,0,0,1,4.0,3,1
0c1a054e-ab31-4c63-b9f2-a49e10f94771,d2112070-a709-4a6f-a1fe-b83a282d0da2,bf5b19f2-f998-4536-b53c-ed2f08a966cb,2025-04-15T17:57:00,0,0,1,0,1,1,1,0.9,10,9,365.0,17,1,0,0,1,4.0,3,1
b97aeebb-6ae2-4be4-a634-7486446c342f,0163ca09-1636-4809-8246-282d82afd3a3,06a91131-2d14-48c7-a20d-c2042d42295d,2025-04-15T22:34:00,0,0,0,0,0,0,0,0.4286,7,3,269.0,22,1,0,1,0,2.0,3,0
4d7f6428-e9c5-4185-9b0b-46c903b6c3e2,05088ba7-5428-4853-8cc9-e76f460fddd4,06a91131-2d14-48c7-a20d-c2042d42295d,2025-04-15T22:39:00,1,0,0,0,1,1,1,0.6667,6,4,233.0,22,1,0,1,0,2.0,3,0
e20cab01-ff40-4740-aa90-afa6196d5d2d,f7c3f29d-48af-49aa-bce7-bec02869395a,966ac386-8fb6-4261-a2e4-7c8ebffd2d67,2025-04-15T23:40:00,1,0,1,0,1,1,1,1.0,3,3,365.0,23,1,0,1,0,1.0,3,1
20bd197b-67be-4b7b-bd7a-6cf1ac30f84f,d3edbff9-b137-4f59-9b59-c049d8cda101,966ac386-8fb6-4261-a2e4-7c8ebffd2d67,2025-04-15T23:44:00,1,0,1,0,1,0,1,1.0,11,11,306.0,23,1,0,1,0,1.0,3,1
233085cc-163c-468c-9ef4-310397e1fd81,7874fffd-6a3d-4885-92ad-f115c4f7779f,966ac386-8fb6-4261-a2e4-7c8ebffd2d67,2025-04-15T23:46:00,0,1,1,0,1,1,1,0.7,10,7,365.0,23,1,0,1,0,1.0,3,1
301e9339-53cc-4216-a1cc-03bc6068bd35,86982baf-89fb-453b-bd13-a6cfe928ea51,966ac386-8fb6-4261-a2e4-7c8ebffd2d67,2025-04-15T23:49:00,1,0,1,0,1,1,1,0.8571,7,6,366.0,23,1,0,1,0,1.0,3,1
b722dd78-455e-4b14-822f-4bd95c506570,5849a59e-7a49-4c31-a079-4e89867a7e98,966ac386-8fb6-4261-a2e4-7c8ebffd2d67,2025-04-15T23:52:00,1,0,1,0,1,1,1,0.8333,6,5,313.0,23,1,0,1,0,1.0,3,1
50db27b6-ff9f-43d0-966d-0e0e39dbe752,d2d58d90-c3b6-419c-80fc-cd468552f315,c3c1d9c4-04fd-42f9-b1ef-adc737d5473c,2025-04-16T00:30:00,0,0,0,0,1,1,1,0.8333,6,5,727.0,0,2,0,1,0,3.0,1,0
687808a4-59e6-45b2-84a6-e918b29edbcd,074daa7c-485e-4264-a9c2-962e30d5b672,c3c1d9c4-04fd-42f9-b1ef-adc737d5473c,2025-04-16T00:31:00,1,1,1,0,1,1,1,0.6667,3,2,264.0,0,2,0,1,0,3.0,1,0
4fffa51e-bf2e-462a-bab1-0761e731a24c,d346ac11-9b08-4a8a-b887-845a17ae7266,c3c1d9c4-04fd-42f9-b1ef-adc737d5473c,2025-04-16T00:36:00,0,0,1,0,1,1,1,1.0,8,8,628.0,0,2,0,1,0,3.0,1,0
56a763a0-8d1f-4962-b317-a84ccd9d330d,aed96858-5a79-4453-afc9-995064972c5b,c3c1d9c4-04fd-42f9-b1ef-adc737d5473c,2025-04-16T00:37:00,0,0,1,0,1,1,0,0.8182,11,9,252.0,0,2,0,1,0,3.0,1,0
d56402aa-8dca-4d23-a777-3b9bfa47707a,b34b9ff4-c6a5-4e42-9619-75d5b29e68d4,c3c1d9c4-04fd-42f9-b1ef-adc737d5473c,2025-04-16T00:39:00,0,0,1,0,1,1,0,1.0,7,7,292.0,0,2,0,1,0,3.0,1,0
4459dae9-f925-4630-b4e4-45d8c75bac7f,b61abfe1-9a4f-45c1-ac54-daa9a9a0b274,c3c1d9c4-04fd-42f9-b1ef-adc737d5473c,2025-04-16T00:41:00,1,1,1,0,1,0,1,0.4286,7,3,228.0,0,2,0,1,0,3.0,1,0
1b67c289-c1b7-47aa-b1e7-e20dd22d41f4,40c6fe05-f02d-4157-ba15-09913e067c14,cc9ba50b-abd5-4a9f-a7dc-ed8bc95924d1,2025-04-16T01:29:00,1,0,1,0,1,1,1,1.0,5,5,142.0,1,2,0,1,0,3.0,1,0
8806ffc5-ae62-4930-b807-aef45f42cb89,f3cd1be3-bc16-4a73-961d-f832dfb5f084,cc9ba50b-abd5-4a9f-a7dc-ed8bc95924d1,2025-04-16T01:31:00,1,1,1,0,1,1,0,0.8,5,4,154.0,1,2,0,1,0,3.0,1,0
cb67ac38-282a-44a7-83f1-bcba479a6847,2fe42234-9f74-4aa2-8d63-a0c3cf398172,82d3804f-6a50-4978-9d80-90b39af9c40f,2025-04-16T01:43:00,1,1,1,0,0,0,1,1.0,7,7,218.0,1,2,0,1,0,2.0,2,1
d601fa8d-ed5c-4044-bd31-fbdae279689d,8e9081d8-32bc-44c1-9c03-cec99543a8c8,82d3804f-6a50-4978-9d80-90b39af9c40f,2025-04-16T01:47:00,1,1,1,0,0,1,0,1.0,4,4,277.0,1,2,0,1,0,2.0,2,1
4fbc514d-bfee-4c41-add3-048536c94ed4,5b144804-32b7-4e82-9f3c-1b20f6f52721,489b7a57-98cd-4573-ae6b-b142748d86c2,2025-04-16T02:55:00,1,0,1,0,1,1,1,1.0,10,10,144.0,2,2,0,1,0,2.0,1,1
4a6897bd-54c3-4ded-ae50-239e2e6b5efa,97dbbf0c-d2b5-452c-b22a-e11e30701e99,489b7a57-98cd-4573-ae6b-b142748d86c2,2025-04-16T02:56:00,0,0,1,1,0,0,1,0.875,8,7,243.0,2,2,0,1,0,2.0,1,1
2c51bd45-b6bc-472d-9a55-a821a0de4820,7b16f6d6-0f6b-446d-89fe-87723b0ad83c,489b7a57-98cd-4573-ae6b-b142748d86c2,2025-04-16T03:00:00,1,1,1,0,1,1,1,1.0,6,6,136.0,3,2,0,1,0,2.0,1,1
3ebf2fa0-3fc9-4abc-b717-c4e9c7082e94,4dbf9849-ac53-4f89-9962-e94bf0dccfbc,489b7a57-98cd-4573-ae6b-b142748d86c2,2025-04-16T03:03:00,1,0,1,1,1,1,1,0.8,5,4,365.0,3,2,0,1,0,2.0,1,1
6aae026d-6e6e-4742-a355-25c8b98b2011,b7e02dd5-bc57-4ce1-89ca-6341da919a60,2a04ca2c-ef77-45a4-a4f6-4ef1ed177495,2025-04-16T05:49:00,1,1,1,0,1,1,1,0.6667,3,2,365.0,5,2,0,1,0,3.0,2,0
e4f30267-3b18-4ead-a135-a309073f860b,cde8f468-ab23-43e9-8462-c07f508baa7f,2a04ca2c-ef77-45a4-a4f6-4ef1ed177495,2025-04-16T05:51:00,1,0,0,0,0,1,1,0.8333,6,5,835.0,5,2,0,1,0,3.0,2,0
d067c701-31e7-4638-970e-52943a852a43,a8a1af91-93b6-4f04-8e14-d38aa8302607,2a04ca2c-ef77-45a4-a4f6-4ef1ed177495,2025-04-16T05:53:00,1,0,0,0,1,1,1,0.6,10,6,188.0,5,2,0,1,0,3.0,2,0
0845753b-5d43-4373-abeb-73c4ccac8e85,bdc0370d-62f2-4b37-aaa3-b2871252b644,2a04ca2c-ef77-45a4-a4f6-4ef1ed177495,2025-04-16T05:58:00,1,1,1,0,1,1,1,0.8,5,4,365.0,5,2,0,1,0,3.0,2,0
f1d8dbd9-7434-436d-bc2b-8af581263c04,8a40fb38-7cf4-468d-954f-bebd5270f111,2a04ca2c-ef77-45a4-a4f6-4ef1ed177495,2025-04-16T05:59:00,1,1,1,0,0,1,1,0.75,8,6,251.0,5,2,0,1,0,3.0,2,0
9d892f97-a80e-4942-9f04-cba570807983,0163ca09-1636-4809-8246-282d82afd3a3,12f41518-da26-410d-ae75-cfb83b61e1ca,2025-04-16T13:21:00,0,0,0,0,0,0,0,0.375,8,3,270.0,13,2,0,0,1,4.0,1,1
48a027c0-86d1-4fa8-8ce5-029ca4b450a7,3e6e3033-9a9c-4988-9e45-362e43ee98e6,12f41518-da26-410d-ae75-cfb83b61e1ca,2025-04-16T13:25:00,1,0,1,1,1,1,1,0.6667,12,8,702.0,13,2,0,0,1,4.0,1,1
85741038-ce8d-42ba-a0ee-b4a301f9dcae,d34c976e-433f-4254-8ff9-9f722de3d7df,85b5c232-5c75-405f-bcae-9b7a583de9c6,2025-04-16T18:46:00,1,0,1,0,1,1,1,0.8,5,4,365.0,18,2,0,0,0,3.0,2,1
003516ee-8dfc-47ac-9e9b-08a95ea13ec7,199debac-e563-46ab-8829-e7e1973cebc1,85b5c232-5c75-405f-bcae-9b7a583de9c6,2025-04-16T18:48:00,0,0,0,0,0,1,1,0.3333,3,1,413.0,18,2,0,0,0,3.0,2,1
509a6508-3fc0-4898-abc6-12c1f85e32cf,90226cb0-70e6-4d51-8a71-165165d84910,85b5c232-5c75-405f-bcae-9b7a583de9c6,2025-04-16T18:54:00,1,1,1,0,1,1,1,1.0,4,4,361.0,18,2,0,0,0,3.0,2,1
a2d25dcd-f86d-4c33-9568-ddb58cd2b127,d6f6800e-5c63-432b-93d2-8d7c32142867,85b5c232-5c75-405f-bcae-9b7a583de9c6,2025-04-16T18:54:00,0,0,1,0,0,1,0,0.5,12,6,365.0,18,2,0,0,0,3.0,2,1
00c6d731-7ddf-47e4-a3ec-8b7c75574e1a,d74d726f-1a04-4093-9eb1-ae0ea06feb1c,b6f8b6b2-31e9-4458-931f-41dc5713bac3,2025-04-16T18:56:00,0,0,0,0,1,0,1,0.7143,7,5,365.0,18,2,0,0,0,6.0,2,0
624d1fb2-56d9-4c55-98ad-0c4413221bbc,90226cb0-70e6-4d51-8a71-165165d84910,b6f8b6b2-31e9-4458-931f-41dc5713bac3,2025-04-16T18:56:00,0,0,0,0,1,1,1,1.0,5,5,361.0,18,2,0,0,0,6.0,2,0
7e6333ee-9623-4231-97b5-2550118cad3c,cf15cd3c-d017-49b8-af4a-bd4471976dd4,b6f8b6b2-31e9-4458-931f-41dc5713bac3,2025-04-16T18:58:00,1,0,0,0,1,1,1,0.8889,9,8,350.0,18,2,0,0,0,6.0,2,0
d0ceede8-2d59-4ed1-83e5-280762296dec,5d69d39a-573c-4fc2-b61f-084eeb974f10,b6f8b6b2-31e9-4458-931f-41dc5713bac3,2025-04-16T18:58:00,1,0,0,0,1,0,1,0.2857,7,2,365.0,18,2,0,0,0,6.0,2,0
066a3700-766f-4e0a-bbb9-5a521d0c5709,d81e4f34-385a-4f91-a183-890ca677d88c,b6f8b6b2-31e9-4458-931f-41dc5713bac3,2025-04-16T19:01:00,1,0,0,0,1,1,1,1.0,3,3,166.0,19,2,0,0,0,6.0,2,0
2f804213-9a72-49dd-82a4-b155f62c0c68,19e65af6-da1e-4052-bf71-1659737f5cc7,d777310e-e015-4ebe-9e56-519f3b3a370f,2025-04-16T23:05:00,0,0,0,0,1,1,1,1.0,9,9,430.0,23,2,0,1,0,4.0,3,1
78bd17cb-3960-4483-9b6f-6b0619a4a95c,facc5b5b-c0fa-45e8-8b9d-e13559d60097,d777310e-e015-4ebe-9e56-519f3b3a370f,2025-04-16T23:15:00,0,0,0,0,1,1,1,0.5714,7,4,406.0,23,2,0,1,0,4.0,3,1
87dae72d-29b4-47db-be3b-e598322b1f73,8465564b-f0a3-4480-b044-c0a4cf6d01a0,8d7ea2ab-8661-4fad-b676-dfca0470f153,2025-04-16T23:21:00,1,0,0,0,1,1,1,1.0,7,7,509.0,23,2,0,1,0,2.0,2,1
834a2475-1ea3-4882-bdbd-3ff8ca141d0c,6c42715a-7792-4ae5-bd27-72ddeffdf209,8d7ea2ab-8661-4fad-b676-dfca0470f153,2025-04-16T23:26:00,1,0,0,0,1,1,1,1.0,5,5,145.0,23,2,0,1,0,2.0,2,1
8c5195f1-7eee-4c6a-ae5d-07f8f91985d9,4dbf9849-ac53-4f89-9962-e94bf0dccfbc,8d7ea2ab-8661-4fad-b676-dfca0470f153,2025-04-16T23:27:00,1,1,1,1,1,1,1,0.8333,6,5,365.0,23,2,0,1,0,2.0,2,1
becdc099-b840-4869-9b1b-fe90a2fa06f2,eda6ff35-1d22-4a35-b25d-3279ba02175c,b3db2bff-ada5-42c3-bb56-2919841b05db,2025-04-17T00:15:00,1,0,0,0,1,1,0,0.1429,7,1,140.0,0,3,0,1,0,1.0,3,1
0618366a-ea50-4074-a282-24e46a550525,c9dc82a9-929e-4f50-b5b7-c81e47b0668c,b3db2bff-ada5-42c3-bb56-2919841b05db,2025-04-17T00:16:00,0,0,0,0,1,1,0,0.4286,7,3,174.0,0,3,0,1,0,1.0,3,1
636b8109-b488-47c6-9ec9-66d608835d9d,05088ba7-5428-4853-8cc9-e76f460fddd4,b3db2bff-ada5-42c3-bb56-2919841b05db,2025-04-17T00:16:00,1,0,0,0,1,1,1,0.7143,7,5,235.0,0,3,0,1,0,1.0,3,1
e18db5f0-27cf-4f19-8183-22025ab3671a,62758655-2759-47fd-8cfb-18e44d2da35e,b3db2bff-ada5-42c3-bb56-2919841b05db,2025-04-17T00:16:00,1,0,0,0,1,1,1,0.8333,6,5,153.0,0,3,0,1,0,1.0,3,1
50c4211b-616f-4c9f-a9c7-7c505f4c6674,628e4e35-5853-4d59-b32f-4056b7e3e27b,b3db2bff-ada5-42c3-bb56-2919841b05db,2025-04-17T00:21:00,1,1,1,0,1,0,1,0.7778,9,7,365.0,0,3,0,1,0,1.0,3,1
6c180f4f-0c00-4d35-acab-12b8e2c2e1ba,4ac85ad1-81f9-4db3-a7c9-2bd4d3df0e31,b3db2bff-ada5-42c3-bb56-2919841b05db,2025-04-17T00:22:00,1,0,0,0,1,1,1,0.8,10,8,187.0,0,3,0,1,0,1.0,3,1
69159ef9-37a5-424f-a4c9-1a3d16961094,c2d25642-919c-4075-a54a-aedcf9642a56,ac1f5a87-b64b-4c23-9fd2-3be26389a64a,2025-04-17T06:53:00,0,0,0,0,1,1,0,0.6,10,6,296.0,6,3,0,0,0,2.0,1,1
234edbff-884f-4421-bbe2-565de28494e1,e407e92f-fbeb-4577-975a-db39c26f5872,ac1f5a87-b64b-4c23-9fd2-3be26389a64a,2025-04-17T06:54:00,1,0,1,1,1,1,1,0.9,10,9,305.0,6,3,0,0,0,2.0,1,1
2b2a92cd-54e5-4200-9e22-ba606c169002,4408ab43-7f7a-4a44-b781-4dd2edca4a74,ac1f5a87-b64b-4c23-9fd2-3be26389a64a,2025-04-17T06:58:00,1,1,1,0,1,1,1,1.0,5,5,194.0,6,3,0,0,0,2.0,1,1
1a426514-e0f7-47cc-ba39-879298cb491f,985ab403-ddfd-47f6-9b98-9ce2f7dcd16e,ac1f5a87-b64b-4c23-9fd2-3be26389a64a,2025-04-17T07:03:00,1,0,1,1,1,1,0,0.8462,13,11,219.0,7,3,0,0,0,2.0,1,1
7da867f0-1caf-4e4e-9baa-06f71c3cd39d,2d8800e7-4323-4d12-918d-a987209ae260,ac1f5a87-b64b-4c23-9fd2-3be26389a64a,2025-04-17T07:03:00,1,1,1,0,1,1,1,0.8333,6,5,146.0,7,3,0,0,0,2.0,1,1
9cd0e1e8-9d29-42d5-b660-499525be9f5c,4b4303f9-d680-4320-80ac-0fc7377998df,17e88438-ad78-4fd2-a9cd-bbb24320153a,2025-04-17T13:42:00,1,0,0,0,1,1,1,0.7,10,7,218.0,13,3,0,0,1,2.0,2,0
1d41640d-450a-4a9f-a77c-6f22c1e8cbb0,1b1c6a4c-9521-43d0-af56-40e628a2cb1d,17e88438-ad78-4fd2-a9cd-bbb24320153a,2025-04-17T13:44:00,1,0,0,0,1,1,1,0.7,10,7,333.0,13,3,0,0,1,2.0,2,0
667a0f83-685c-4008-b5c4-77c6871ce0af,56cb3f18-5215-48ce-a5e3-0cd1a2498d02,17e88438-ad78-4fd2-a9cd-bbb24320153a,2025-04-17T13:50:00,1,0,0,0,1,1,1,0.875,8,7,136.0,13,3,0,0,1,2.0,2,0
2a13289e-2384-431c-a899-072639fa8a87,6a9c2430-d23f-4e3a-9d23-36289b5ec791,17e88438-ad78-4fd2-a9cd-bbb24320153a,2025-04-17T13:51:00,1,0,0,0,0,1,1,1.0,7,7,317.0,13,3,0,0,1,2.0,2,0
c4862a02-2ecb-4b6a-b9f3-d4580934bdc4,0648f122-df82-42c1-b7a4-513681226246,17e88438-ad78-4fd2-a9cd-bbb24320153a,2025-04-17T13:51:00,0,0,0,0,1,1,1,0.5714,7,4,154.0,13,3,0,0,1,2.0,2,0
277d096b-7012-40e3-847f-5e1fc373a693,2f38acd6-86c3-4ffd-b869-1117ac2e0be7,17e88438-ad78-4fd2-a9cd-bbb24320153a,2025-04-17T13:55:00,0,0,0,0,1,1,0,0.0,4,0,365.0,13,3,0,0,1,2.0,2,0
d5b38a8a-ab1c-48fc-9f7f-035a86c31dbb,ed05badd-17a9-4ad2-99b1-3e60e0cb321e,42183af2-6a8c-49b2-8986-38614157d6d7,2025-04-17T16:21:00,1,0,1,0,1,1,1,0.8571,7,6,166.0,16,3,0,0,1,2.0,2,1
1bcb8875-d0d9-4101-82e3-cc1bce38230c,258c585a-0983-4f1a-9632-3c358d253411,42183af2-6a8c-49b2-8986-38614157d6d7,2025-04-17T16:23:00,1,1,1,0,1,1,1,0.6667,6,4,660.0,16,3,0,0,1,2.0,2,1
4fcdc6b6-b55f-4621-a348-5e3c850390b1,7df3d0f3-a755-40a4-a102-6e1158275be1,42183af2-6a8c-49b2-8986-38614157d6d7,2025-04-17T16:24:00,1,0,0,0,1,0,1,0.3333,9,3,159.0,16,3,0,0,1,2.0,2,1
993274a0-9779-40f8-87c4-99080ae511fe,074daa7c-485e-4264-a9c2-962e30d5b672,42183af2-6a8c-49b2-8986-38614157d6d7,2025-04-17T16:24:00,1,0,0,0,1,1,1,0.75,4,3,265.0,16,3,0,0,1,2.0,2,1
6a7fa81f-7689-4362-a2e6-4565da7c1b53,c16201b1-943e-4c96-8b98-654faa1c4f67,a7348e2a-939a-4b66-9363-039032999b76,2025-04-17T17:41:00,1,0,0,0,1,1,1,0.6667,3,2,152.0,17,3,0,0,1,3.0,3,1
b105222b-e0a4-4726-ae31-dfedda3b933e,abdc90fb-c824-469f-8f0e-8dd72f8f977f,a7348e2a-939a-4b66-9363-039032999b76,2025-04-17T17:42:00,1,1,1,0,0,1,1,0.8182,11,9,435.0,17,3,0,0,1,3.0,3,1
4b231076-f090-4a2d-a12c-1932d789df31,6020fc90-bb4f-4cf6-939b-6d7429d5d3a1,77c960b0-5e6d-46ec-83fb-f83752721bf5,2025-04-17T18:17:00,1,0,0,0,1,1,0,0.5,6,3,365.0,18,3,0,0,0,2.0,3,0
664332ab-c198-414c-a989-f409900b3e20,bfe6f01b-84b9-4986-b7ea-e375c91d0d8c,77c960b0-5e6d-46ec-83fb-f83752721bf5,2025-04-17T18:17:00,0,0,0,0,1,1,1,0.5,4,2,349.0,18,3,0,0,0,2.0,3,0
a2d482b4-b11f-47fb-a6c2-b329c59a9816,a2c7df0e-ef10-4dcc-aaed-b693b2b5db03,77c960b0-5e6d-46ec-83fb-f83752721bf5,2025-04-17T18:24:00,0,0,0,0,0,0,1,0.5,8,4,175.0,18,3,0,0,0,2.0,3,0
6cd2abc8-a2d7-447a-90f2-8a434c5393d3,a12f0067-a0a7-4294-ae23-d9759cd6beb6,77c960b0-5e6d-46ec-83fb-f83752721bf5,2025-04-17T18:25:00,1,0,0,0,1,1,1,0.6667,9,6,190.0,18,3,0,0,0,2.0,3,0
56377ea9-bfe2-4bdb-a416-177a7ff8ba5b,29863a10-f78d-4e41-9aa9-3e446b4fe73f,77c960b0-5e6d-46ec-83fb-f83752721bf5,2025-04-17T18:27:00,1,0,0,0,1,1,0,0.6667,6,4,161.0,18,3,0,0,0,2.0,3,0
e53eeabb-e5aa-4347-9c79-50c640b97c88,57d21420-eb05-457e-8d19-6289775c7ce5,77c960b0-5e6d-46ec-83fb-f83752721bf5,2025-04-17T18:27:00,0,0,0,0,1,1,0,0.3333,6,2,365.0,18,3,0,0,0,2.0,3,0
c58415e6-90b4-4f28-9554-1f4221df5e16,27f63174-92e0-4ec5-a8d6-df307aa20f3b,f790aba5-0ba2-4934-99cb-1d265826a43f,2025-04-18T01:18:00,1,1,1,0,1,1,1,0.8182,11,9,365.0,1,4,0,1,0,6.0,0,1
54643a0a-28a7-4162-a59a-166bcd590731,866f151d-9b2b-4c13-9341-f46f866efb61,f790aba5-0ba2-4934-99cb-1d265826a43f,2025-04-18T01:19:00,1,0,0,0,1,1,1,0.7143,7,5,365.0,1,4,0,1,0,6.0,0,1
ffa3fea2-a299-46a9-a53d-bbca0c279f05,950e5213-a1b0-4cdc-9127-044adb973cb5,f790aba5-0ba2-4934-99cb-1d265826a43f,2025-04-18T01:21:00,1,0,0,0,1,1,0,0.4,5,2,365.0,1,4,0,1,0,6.0,0,1
16c06e80-99be-4fcc-a64e-74286824e7d8,e10f8499-9444-4031-828d-33425d7476a6,f790aba5-0ba2-4934-99cb-1d265826a43f,2025-04-18T01:26:00,1,0,0,0,1,0,1,0.6364,11,7,365.0,1,4,0,1,0,6.0,0,1
a432a3e7-92b9-43cd-ad1f-251b7f2622e5,57d21420-eb05-457e-8d19-6289775c7ce5,f790aba5-0ba2-4934-99cb-1d265826a43f,2025-04-18T01:29:00,0,0,0,0,1,1,0,0.2857,7,2,365.0,1,4,0,1,0,6.0,0,1
b71073d8-4ae6-4b16-8315-b7dee405459c,6ea9a5eb-fa10-4a3a-b0ff-8ec7b4d27eff,e303438b-3d23-4a73-9fb7-5fa0676acc65,2025-04-18T04:34:00,1,1,1,0,1,1,1,0.6,5,3,365.0,4,4,0,1,0,2.0,3,1
5e7083ff-77cc-40bf-9c47-f583e4cc36fa,46c4620d-f466-43aa-86c4-b6bea05d529d,e303438b-3d23-4a73-9fb7-5fa0676acc65,2025-04-18T04:35:00,1,0,1,1,1,1,1,0.8889,9,8,280.0,4,4,0,1,0,2.0,3,1
cdf3b63c-1cca-4387-81bc-11d3c6a8efa2,7dce07a7-bf0e-49d0-8e10-0fae45654bf0,e303438b-3d23-4a73-9fb7-5fa0676acc65,2025-04-18T04:39:00,1,0,1,0,0,1,0,0.6154,13,8,157.0,4,4,0,1,0,2.0,3,1
a781f57a-7d85-438c-86e4-ea4ffe5fabc2,2b53fe55-2a72-4432-a6b9-13c5a851be2a,e303438b-3d23-4a73-9fb7-5fa0676acc65,2025-04-18T04:40:00,1,1,1,0,1,1,1,0.9,10,9,188.0,4,4,0,1,0,2.0,3,1
8aef88d7-6dc4-4933-ac55-c40dca304139,2361c7a1-b851-4b64-97aa-0cf019d4b69d,f68144dc-32ad-438c-bdcf-6c3aa561fec7,2025-04-18T05:08:00,0,0,0,0,0,1,1,1.0,7,7,284.0,5,4,0,1,0,2.0,3,1
9e269a9c-8051-4bcb-959f-76dd1a8d080e,8a51ac8d-1598-4fa0-bf75-085c49cbc370,f68144dc-32ad-438c-bdcf-6c3aa561fec7,2025-04-18T05:14:00,0,0,0,0,1,1,1,0.8333,6,5,416.0,5,4,0,1,0,2.0,3,1
a438fb79-acfd-44ff-aa90-f528b70f5adc,86adaeeb-d381-4c0f-87c8-ba59ce1cad28,f68144dc-32ad-438c-bdcf-6c3aa561fec7,2025-04-18T05:16:00,1,0,0,0,1,1,1,0.875,8,7,441.0,5,4,0,1,0,2.0,3,1
b34adff9-ca6a-4fae-b480-9b2b27866bc7,cd532bc0-2367-446e-8e57-68c7cd6101f6,f68144dc-32ad-438c-bdcf-6c3aa561fec7,2025-04-18T05:21:00,1,0,0,0,1,1,1,0.7273,11,8,344.0,5,4,0,1,0,2.0,3,1
7c2411c4-891c-4295-8f10-5030b99425d1,075750fe-b6ad-4c6a-a4e3-91e723ad0bdf,abec1f26-1ede-43a3-a182-3969f60b1d48,2025-04-18T12:47:00,1,1,1,0,1,1,1,1.0,8,8,175.0,12,4,0,0,1,1.0,3,1
69110c51-e6a3-4699-9f62-3ee5a26a507e,804fa05c-3d11-4c0b-acfe-70a082a82e75,abec1f26-1ede-43a3-a182-3969f60b1d48,2025-04-18T12:49:00,1,0,0,0,1,1,1,1.0,5,5,410.0,12,4,0,0,1,1.0,3,1
d7d0bb33-86af-4461-9d55-2e501751f79b,ed86563a-268b-43b8-851a-f22f9296edc5,1a3505e4-9529-48f6-9cdf-4a93b0e450c7,2025-04-18T16:44:00,1,0,1,0,0,1,0,0.4444,9,4,259.0,16,4,0,0,1,1.0,1,1
ada48fdf-18a8-48d7-8b7d-db208951ab32,846be435-a2e1-4850-bad5-07de99099078,1a3505e4-9529-48f6-9cdf-4a93b0e450c7,2025-04-18T16:46:00,1,0,1,0,1,1,1,1.0,11,11,169.0,16,4,0,0,1,1.0,1,1
aff42c6b-c7c5-48bf-9d45-502a2f328479,074daa7c-485e-4264-a9c2-962e30d5b672,1a3505e4-9529-48f6-9cdf-4a93b0e450c7,2025-04-18T16:48:00,1,0,0,0,1,1,1,0.8,5,4,266.0,16,4,0,0,1,1.0,1,1
04625ad1-c54f-4eee-a973-13af8479a216,68cf86cf-66aa-443c-ae5b-e601c8cc76c7,1a3505e4-9529-48f6-9cdf-4a93b0e450c7,2025-04-18T16:49:00,1,1,1,0,1,1,0,0.625,8,5,365.0,16,4,0,0,1,1.0,1,1
49d9b99c-94cc-4cae-aef8-16102725b421,f7f1655c-f8c2-4296-91c4-9f8f570ad765,1a3505e4-9529-48f6-9cdf-4a93b0e450c7,2025-04-18T16:54:00,1,1,1,0,1,1,1,0.875,16,14,142.0,16,4,0,0,1,1.0,1,1
247e4fc7-3547-46a6-8362-60b590caabfa,89351c19-fb07-4021-8981-38f3a660e1f1,baca3cff-3f64-4b9e-beb6-866786d12a6b,2025-04-18T18:21:00,1,0,0,0,1,0,1,0.7143,7,5,138.0,18,4,0,0,0,3.0,1,1
c6337526-9077-4106-8213-2979065cc204,5ed79810-0c9b-4377-870c-58916ee465a7,baca3cff-3f64-4b9e-beb6-866786d12a6b,2025-04-18T18:21:00,1,1,1,0,1,0,1,0.4,10,4,365.0,18,4,0,0,0,3.0,1,1
d83c214c-37c6-4123-8da2-dcde0e404937,ca5ce99f-cf40-4ef6-9c3d-4a4177383ff2,baca3cff-3f64-4b9e-beb6-866786d12a6b,2025-04-18T18:22:00,1,0,1,0,1,0,1,0.875,8,7,365.0,18,4,0,0,0,3.0,1,1
a848a143-0158-4b7c-9424-795399f1a955,5d834b3d-0d58-4d16-bdc4-32869531ea10,baca3cff-3f64-4b9e-beb6-866786d12a6b,2025-04-18T18:25:00,1,0,0,0,1,1,1,0.8,5,4,153.0,18,4,0,0,0,3.0,1,1
9dd1b3e5-69bc-4912-b6a8-c2cfa52976a0,5363b68d-8ce8-4929-9246-6d22798f9caf,baca3cff-3f64-4b9e-beb6-866786d12a6b,2025-04-18T18:31:00,1,0,0,0,1,1,1,0.75,4,3,153.0,18,4,0,0,0,3.0,1,1
be6cfa76-00f4-4f4d-af2f-343ca4dfa05d,cfca1fba-b8fd-43a2-8e84-7c868fae649d,baca3cff-3f64-4b9e-beb6-866786d12a6b,2025-04-18T18:32:00,1,0,1,1,1,1,1,1.0,6,6,365.0,18,4,0,0,0,3.0,1,1
430a38cc-bfd8-46c5-95dd-c3a6f4f7a092,19cad05e-ae8b-4d86-b026-69fbb73b2e76,b4e1327b-4c38-42ad-b6b4-4e3d67951e2b,2025-04-18T19:15:00,1,1,1,0,1,1,1,0.8,10,8,273.0,19,4,0,0,0,3.0,2,0
c1693fb1-7476-415e-bab6-9c283e6da1b0,5805c9e4-e8a0-4c33-9ca3-70004d94c948,b4e1327b-4c38-42ad-b6b4-4e3d67951e2b,2025-04-18T19:18:00,1,0,1,0,1,1,1,1.0,6,6,324.0,19,4,0,0,0,3.0,2,0
3be4ad9e-758d-406a-9a6f-1cb126a31808,f6612e9b-17e3-4407-bad5-87d18f75c172,b4e1327b-4c38-42ad-b6b4-4e3d67951e2b,2025-04-18T19:19:00,1,1,1,0,0,1,1,0.625,8,5,150.0,19,4,0,0,0,3.0,2,0
a91f2ff9-3cba-423f-9a4e-b49cf86e9e30,7df3d0f3-a755-40a4-a102-6e1158275be1,b4e1327b-4c38-42ad-b6b4-4e3d67951e2b,2025-04-18T19:21:00,0,0,0,0,1,0,1,0.4,10,4,160.0,19,4,0,0,0,3.0,2,0
83bee2c2-56c8-426b-97ec-a15c63d3b9a7,cfca1fba-b8fd-43a2-8e84-7c868fae649d,b4e1327b-4c38-42ad-b6b4-4e3d67951e2b,2025-04-18T19:22:00,1,0,1,1,1,1,1,1.0,7,7,365.0,19,4,0,0,0,3.0,2,0
8e71d517-536e-439f-9eb5-9a91ea58d560,4e738475-88e6-4df8-90b2-45dacfb7c6e2,b4e1327b-4c38-42ad-b6b4-4e3d67951e2b,2025-04-18T19:26:00,1,0,1,0,1,1,1,1.0,8,8,365.0,19,4,0,0,0,3.0,2,0
20d825e8-8989-4ead-b077-aa96311e7422,2c1091c3-2c2e-4305-8524-f2651ddbea75,cff20654-eee6-4fa6-8575-42557c17b6ba,2025-04-19T00:41:00,0,1,1,0,1,1,1,0.6667,9,6,726.0,0,5,1,1,0,6.0,2,0
100f302a-27c0-4271-9d30-b421c8ad165e,c2d25642-919c-4075-a54a-aedcf9642a56,cff20654-eee6-4fa6-8575-42557c17b6ba,2025-04-19T00:44:00,0,1,1,0,1,1,0,0.5455,11,6,298.0,0,5,1,1,0,6.0,2,0
ad4b799b-bb56-47f0-9aee-3c6d6a057169,3e9272f3-ed0f-4e1e-9e75-ffeefc9ff8be,cff20654-eee6-4fa6-8575-42557c17b6ba,2025-04-19T00:44:00,0,1,1,0,1,1,0,0.6667,6,4,375.0,0,5,1,1,0,6.0,2,0
64bffe50-51f8-4fdc-ad6b-baa7ae941b7f,d2d58d90-c3b6-419c-80fc-cd468552f315,cff20654-eee6-4fa6-8575-42557c17b6ba,2025-04-19T00:49:00,1,1,1,0,1,1,1,0.7143,7,5,730.0,0,5,1,1,0,6.0,2,0
86ffa987-4441-4d1c-a5d8-0dcb9fe0399f,7f3eb456-b77d-4612-a975-16e81b7af215,cff20654-eee6-4fa6-8575-42557c17b6ba,2025-04-19T00:52:00,0,1,1,0,1,1,0,0.6,5,3,365.0,0,5,1,1,0,6.0,2,0
82122db4-808d-48e8-82e4-b6c01b86bad9,d25bbe98-216b-4faf-8f76-0d3dd2269a66,2a139a7e-b6eb-44ba-918b-5b0e5d00d8a2,2025-04-19T01:05:00,0,0,0,0,1,0,1,0.8571,7,6,365.0,1,5,1,1,0,6.0,2,1
669222e3-5839-402b-b4a3-21eeab21a03b,c2695e79-4d08-4f69-b539-6de83b562463,2a139a7e-b6eb-44ba-918b-5b0e5d00d8a2,2025-04-19T01:06:00,0,0,0,0,1,1,1,1.0,3,3,345.0,1,5,1,1,0,6.0,2,1
9eb8228e-4902-4ba9-8cc8-076dfa366d3b,c26464e8-28b6-4923-b2ea-5e7dbf4e5c58,57f7b34c-aeb1-43d4-8e58-2b0fbe5b7fb5,2025-04-19T01:13:00,0,1,1,0,0,0,1,0.8333,6,5,365.0,1,5,1,1,0,4.0,3,0
35496799-245e-4732-897d-51563b0d6c8a,a92ac821-12c7-40b8-bbb8-e287da0564eb,2a139a7e-b6eb-44ba-918b-5b0e5d00d8a2,2025-04-19T01:14:00,1,1,1,0,1,1,1,0.625,8,5,365.0,1,5,1,1,0,6.0,2,1
fca6e2e9-fb3d-4737-be33-425fce41eae0,6c42715a-7792-4ae5-bd27-72ddeffdf209,57f7b34c-aeb1-43d4-8e58-2b0fbe5b7fb5,2025-04-19T01:15:00,1,1,1,0,1,1,1,1.0,6,6,148.0,1,5,1,1,0,4.0,3,0
f2b89047-fd23-4a9b-a394-99881a9f3454,e0e3fb99-db30-4123-b346-7f11de4197c6,2a139a7e-b6eb-44ba-918b-5b0e5d00d8a2,2025-04-19T01:16:00,1,1,1,0,1,1,1,0.8889,9,8,334.0,1,5,1,1,0,6.0,2,1
a383d61d-8eb6-45aa-b958-8b7da84dc90c,4d0e1b54-5e79-4df5-b9bd-bd996b9c9642,57f7b34c-aeb1-43d4-8e58-2b0fbe5b7fb5,2025-04-19T01:18:00,1,1,1,0,1,1,0,0.6,5,3,394.0,1,5,1,1,0,4.0,3,0
880bae12-fa34-479c-be5b-7d61c6472080,885c50e2-3162-47fa-90f5-23d9287648cc,57f7b34c-aeb1-43d4-8e58-2b0fbe5b7fb5,2025-04-19T01:19:00,1,1,1,0,0,1,1,0.8333,6,5,365.0,1,5,1,1,0,4.0,3,0
c57727b9-a178-4844-a7e1-09b443e62752,253205df-9c22-4418-a061-b758af343928,57f7b34c-aeb1-43d4-8e58-2b0fbe5b7fb5,2025-04-19T01:20:00,0,0,0,0,1,1,0,0.75,4,3,154.0,1,5,1,1,0,4.0,3,0
51214ca9-6bea-45c8-9422-28fd27b34bf6,553294c5-4565-4d5a-a069-6e8126905be4,329c92f9-1e35-42c2-a386-c5d3fcb3347b,2025-04-19T03:51:00,0,0,0,0,1,1,0,0.5714,7,4,232.0,3,5,1,1,0,1.0,2,1
bf6b617c-b4bf-4eb9-b9ac-b1e6ebe57ec5,5805c9e4-e8a0-4c33-9ca3-70004d94c948,329c92f9-1e35-42c2-a386-c5d3fcb3347b,2025-04-19T03:54:00,1,0,1,0,1,1,1,1.0,7,7,325.0,3,5,1,1,0,1.0,2,1
2eb8af54-c4f1-4205-8ba8-5067c6eb5567,0ad41086-120a-480a-a25e-68be9c95144c,36932723-1a93-4a3d-b1f8-b8f718ff981c,2025-04-19T08:55:00,1,0,0,0,1,1,1,1.0,8,8,365.0,8,5,1,0,0,3.0,3,1
cca5a728-77eb-4a18-8318-8989b0bf1892,ffd6e179-bce4-414a-9aef-db47a3caea86,36932723-1a93-4a3d-b1f8-b8f718ff981c,2025-04-19T08:57:00,1,1,1,0,1,0,1,0.6667,9,6,517.0,8,5,1,0,0,3.0,3,1
7fdc3fe2-7f6f-4b1a-b8c8-e088f3c9fe8a,643a2cfd-c940-4060-89e8-05b38ecebd84,36932723-1a93-4a3d-b1f8-b8f718ff981c,2025-04-19T09:02:00,1,0,0,0,1,1,1,0.8333,6,5,232.0,9,5,1,0,0,3.0,3,1
069899b6-3674-4adb-8747-7cd90650d1f1,443aebc7-b493-44c6-bde3-762b445ca7e3,36932723-1a93-4a3d-b1f8-b8f718ff981c,2025-04-19T09:07:00,1,0,0,0,0,1,1,1.0,5,5,365.0,9,5,1,0,0,3.0,3,1
9539acb2-d914-4cac-b02a-42797d43a30b,ad71dc4d-d139-444d-a8ee-c755441c0f54,bc2538bb-d6c7-4a6b-a0fa-9e1d102ab57c,2025-04-19T10:54:00,1,1,1,0,1,1,1,0.8,5,4,365.0,10,5,1,0,0,1.0,2,1
0bbb1870-8764-4b21-88ca-75f6359850b3,97b426ef-09b1-4692-8010-6897b909efc6,bc2538bb-d6c7-4a6b-a0fa-9e1d102ab57c,2025-04-19T10:56:00,0,0,0,0,1,0,1,0.25,8,2,153.0,10,5,1,0,0,1.0,2,1
d39e750a-149b-48a3-843f-f561666e03fe,5805c9e4-e8a0-4c33-9ca3-70004d94c948,bc2538bb-d6c7-4a6b-a0fa-9e1d102ab57c,2025-04-19T11:01:00,1,1,1,0,1,1,1,1.0,8,8,325.0,11,5,1,0,0,1.0,2,1
efd8dffb-00a3-4041-be6b-8c33b1b3e339,bf16397a-e456-456e-98bd-2730736c43f3,bc2538bb-d6c7-4a6b-a0fa-9e1d102ab57c,2025-04-19T11:01:00,1,1,1,0,1,0,1,0.5714,7,4,229.0,11,5,1,0,0,1.0,2,1
229dc669-741d-4262-975a-a9173a5e73ba,18425d44-6ba9-45d1-a297-f3778d4b10e7,bc2538bb-d6c7-4a6b-a0fa-9e1d102ab57c,2025-04-19T11:06:00,1,1,1,0,1,1,1,0.9,10,9,365.0,11,5,1,0,0,1.0,2,1
7d213edb-a355-49c8-ab35-9221f297dff8,265b1191-c474-4c10-b744-2accb997520e,2f901cd5-7b13-4e8b-a1bd-fdcdd58c69fd,2025-04-19T20:22:00,1,0,0,0,1,1,1,0.875,8,7,342.0,20,5,1,0,0,3.0,2,1
4f0db0ff-3956-4760-8ab3-81afeb2d44ef,02ab37f8-95ba-4069-b113-066bd5d1f267,2f901cd5-7b13-4e8b-a1bd-fdcdd58c69fd,2025-04-19T20:23:00,1,1,1,0,1,0,0,0.25,8,2,341.0,20,5,1,0,0,3.0,2,1
f88e1b90-f1a2-4edc-85a4-b0b951e8a2f4,05088ba7-5428-4853-8cc9-e76f460fddd4,2f901cd5-7b13-4e8b-a1bd-fdcdd58c69fd,2025-04-19T20:28:00,0,0,0,0,1,1,1,0.75,8,6,237.0,20,5,1,0,0,3.0,2,1
3e1f9b14-b69f-4980-b3f3-a9d3247641b7,fe02ea3a-03d9-4d57-94a7-47e4a11e404f,2f901cd5-7b13-4e8b-a1bd-fdcdd58c69fd,2025-04-19T20:29:00,1,0,0,0,1,1,1,0.625,8,5,477.0,20,5,1,0,0,3.0,2,1
6e4957e2-d474-46ba-affa-82a85043943e,a2c7df0e-ef10-4dcc-aaed-b693b2b5db03,2f901cd5-7b13-4e8b-a1bd-fdcdd58c69fd,2025-04-19T20:30:00,0,0,0,0,0,0,1,0.4444,9,4,177.0,20,5,1,0,0,3.0,2,1
88570a2d-c0a8-4a3a-a09d-b6b53d8287eb,556bf703-12c9-40e6-98a3-1835bb3d53a7,2f901cd5-7b13-4e8b-a1bd-fdcdd58c69fd,2025-04-19T20:30:00,1,0,0,0,1,1,0,0.4,5,2,365.0,20,5,1,0,0,3.0,2,1
c5ff5615-6785-4993-b21f-cc8219da36a9,afa47c4e-62b3-4586-9824-3169d0ae4f73,36edb820-08c9-4826-a171-509f8e79fa8d,2025-04-19T23:25:00,1,0,1,0,1,1,1,0.8,10,8,365.0,23,5,1,1,0,3.0,1,1
5778c80c-fabf-4a78-a627-6d7a5b638216,e116edc5-9b26-4e7c-88d9-765a7676524f,36edb820-08c9-4826-a171-509f8e79fa8d,2025-04-19T23:26:00,1,1,1,0,1,1,1,0.4286,7,3,215.0,23,5,1,1,0,3.0,1,1
b66dfcb5-3775-47c4-bff8-cdbfdc63d25b,5af7e665-37a6-4d00-a895-44a3a239f4cf,36edb820-08c9-4826-a171-509f8e79fa8d,2025-04-19T23:35:00,1,0,1,1,1,1,1,1.0,8,8,171.0,23,5,1,1,0,3.0,1,1
bc1fe5c0-59bc-4c61-aeba-318a486d634a,088b5742-8640-45a5-9823-8486f1015782,36edb820-08c9-4826-a171-509f8e79fa8d,2025-04-19T23:35:00,1,0,1,0,1,1,0,0.6667,6,4,458.0,23,5,1,1,0,3.0,1,1
29b834f3-aa72-4049-89ef-4c893d12faf3,2e3af94c-8ff5-4a35-ac8a-571d4fa070d4,36edb820-08c9-4826-a171-509f8e79fa8d,2025-04-19T23:37:00,0,1,1,0,1,1,1,0.75,12,9,365.0,23,5,1,1,0,3.0,1,1
4dc6b72a-73b3-4da0-8ae2-c32cd75164f8,0b47310a-57de-411d-a3af-67fcc8e4038f,85e34145-9033-4315-9947-af5dd4ef45d0,2025-04-20T01:00:00,1,0,0,0,1,1,1,1.0,5,5,461.0,1,6,1,1,0,1.0,1,1
146e372f-a2f3-4ac7-98c2-6d9eaf3eeef9,553294c5-4565-4d5a-a069-6e8126905be4,85e34145-9033-4315-9947-af5dd4ef45d0,2025-04-20T01:03:00,0,0,0,0,1,1,0,0.5,8,4,233.0,1,6,1,1,0,1.0,1,1
05605510-86a7-4670-9680-d90137ec398e,cd36ff59-5ea4-42e6-93c5-5e86da3a1bf9,85e34145-9033-4315-9947-af5dd4ef45d0,2025-04-20T01:04:00,1,0,0,0,1,0,1,1.0,5,5,365.0,1,6,1,1,0,1.0,1,1
34b772c1-baea-4f91-84a2-dcb246610551,34dc13fa-a9a1-4b88-8692-d63511225a68,85e34145-9033-4315-9947-af5dd4ef45d0,2025-04-20T01:06:00,1,0,0,0,1,1,1,1.0,10,10,354.0,1,6,1,1,0,1.0,1,1
905094d3-33df-41a4-a8e6-e275415c5d7a,2c4d68b2-c9d6-4244-9ac3-ce7b208c9147,85e34145-9033-4315-9947-af5dd4ef45d0,2025-04-20T01:06:00,0,0,0,0,1,1,1,1.0,7,7,160.0,1,6,1,1,0,1.0,1,1
4ee86b2d-f594-4066-960f-0bbdde708c7c,c9dc82a9-929e-4f50-b5b7-c81e47b0668c,85e34145-9033-4315-9947-af5dd4ef45d0,2025-04-20T01:12:00,0,0,0,0,1,1,0,0.375,8,3,177.0,1,6,1,1,0,1.0,1,1
b643ff92-6aa4-4c04-846e-382091b8ef9a,63e1e7de-8090-46e0-a921-6add4ddcfef9,212cd37e-d696-4dbd-88c0-57ddaf689399,2025-04-20T01:56:00,1,0,0,0,1,1,1,0.625,8,5,488.0,1,6,1,1,0,3.0,2,1
56c0523a-8f8c-40b6-aadc-b05901eca0db,bbaea4a2-227b-4e8f-9f8b-61615adfff9f,212cd37e-d696-4dbd-88c0-57ddaf689399,2025-04-20T01:57:00,1,1,1,0,1,1,1,1.0,7,7,182.0,1,6,1,1,0,3.0,2,1
3e00d3bd-b28f-4d77-bc2f-c8ef639712e9,7dce07a7-bf0e-49d0-8e10-0fae45654bf0,212cd37e-d696-4dbd-88c0-57ddaf689399,2025-04-20T01:59:00,1,1,1,0,0,1,0,0.6429,14,9,159.0,1,6,1,1,0,3.0,2,1
58244a9d-a94d-45b3-8ae9-f2d20f49faf2,543b149c-d59c-49f5-bb4f-e6ac6bd72dd3,212cd37e-d696-4dbd-88c0-57ddaf689399,2025-04-20T02:01:00,1,1,1,0,1,0,1,0.625,8,5,195.0,2,6,1,1,0,3.0,2,1
445e61a0-2bee-45ab-9ce8-18de3f1d75ec,f44d8cd1-1833-4e30-b14f-417870b4502a,de39e5f9-873c-42e4-bfdf-c285870ef0e8,2025-04-20T03:56:00,1,1,1,0,1,1,1,0.3333,3,1,509.0,3,6,1,1,0,2.0,2,1
aa1a5401-25cc-471e-b11d-12e8cbc32280,62dcf5be-c7c7-4332-ba46-a97ff4593dd6,de39e5f9-873c-42e4-bfdf-c285870ef0e8,2025-04-20T03:56:00,1,0,0,0,1,1,1,0.6667,6,4,139.0,3,6,1,1,0,2.0,2,1
147d28ec-9dfc-419c-8d24-f6b5513b85e3,a1bc2676-aad3-49f3-9131-e812c904d689,de39e5f9-873c-42e4-bfdf-c285870ef0e8,2025-04-20T03:57:00,1,1,1,0,0,1,1,0.625,8,5,396.0,3,6,1,1,0,2.0,2,1
1a60a1ed-86a9-4fbc-9106-02e8ba528e93,bf16397a-e456-456e-98bd-2730736c43f3,de39e5f9-873c-42e4-bfdf-c285870ef0e8,2025-04-20T03:58:00,1,0,1,0,1,0,1,0.625,8,5,230.0,3,6,1,1,0,2.0,2,1
24ba7804-7eb6-4a1d-87e4-f3bd03e2e328,82fb79bc-bd6e-47a9-a67a-99fac9655589,de39e5f9-873c-42e4-bfdf-c285870ef0e8,2025-04-20T04:00:00,1,0,1,0,1,1,1,1.0,4,4,365.0,4,6,1,1,0,2.0,2,1
9d78a952-7205-4480-8c08-104f4adaa0a5,ad32e776-9492-4189-a4eb-d73ed256a7ea,1aa2712a-1a48-4b74-a5d1-f31f88c98f62,2025-04-20T04:44:00,1,1,1,0,1,1,1,0.75,8,6,149.0,4,6,1,1,0,4.0,2,1
7a2d8840-5888-430c-b6da-6a1416dea17a,606e67ca-9ccf-47a9-951e-95c0bc77f20d,1aa2712a-1a48-4b74-a5d1-f31f88c98f62,2025-04-20T04:47:00,1,0,0,0,0,1,1,0.75,8,6,365.0,4,6,1,1,0,4.0,2,1
128d23e6-aea1-40df-b10e-83c14652d077,90226cb0-70e6-4d51-8a71-165165d84910,1aa2712a-1a48-4b74-a5d1-f31f88c98f62,2025-04-20T04:50:00,0,0,0,0,1,1,1,0.8333,6,5,365.0,4,6,1,1,0,4.0,2,1
32181eef-7b21-4ad2-bf57-debdeedf0178,533414cd-671e-4157-a291-db237359e3c8,1aa2712a-1a48-4b74-a5d1-f31f88c98f62,2025-04-20T04:50:00,0,0,0,0,1,1,1,0.3333,3,1,272.0,4,6,1,1,0,4.0,2,1
64e06284-5388-4c78-bd76-10a04e462692,cf15cd3c-d017-49b8-af4a-bd4471976dd4,1aa2712a-1a48-4b74-a5d1-f31f88c98f62,2025-04-20T04:52:00,1,1,1,0,1,1,1,0.9,10,9,354.0,4,6,1,1,0,4.0,2,1
bd60cc45-c83a-4990-805f-01db92bc0305,74de697e-ecd0-4975-8057-f21088a888b4,51fa76f4-2eca-4afb-85ee-f3b5e642d9fa,2025-04-20T06:32:00,0,0,1,1,1,1,0,0.625,16,10,365.0,6,6,1,0,0,6.0,0,1
76ea1839-119d-4f0f-b7a5-f1423952d1a8,b7b35df4-cc30-48d4-b856-21583b9c43c1,51fa76f4-2eca-4afb-85ee-f3b5e642d9fa,2025-04-20T06:34:00,0,0,0,0,1,1,1,1.0,3,3,479.0,6,6,1,0,0,6.0,0,1
90abf815-7cfa-44bb-8f1c-7713eda8794a,ed05badd-17a9-4ad2-99b1-3e60e0cb321e,51fa76f4-2eca-4afb-85ee-f3b5e642d9fa,2025-04-20T06:38:00,1,0,0,0,1,1,1,0.875,8,7,169.0,6,6,1,0,0,6.0,0,1
634e69ce-c86e-425c-951a-ab6a0a9e7d3c,e116edc5-9b26-4e7c-88d9-765a7676524f,51fa76f4-2eca-4afb-85ee-f3b5e642d9fa,2025-04-20T06:40:00,1,0,0,0,1,1,1,0.5,8,4,216.0,6,6,1,0,0,6.0,0,1
69994691-31f1-4280-9292-4caf33a282d9,bd48baab-9e75-48be-85b5-d5b192d7bba9,20e59d04-0c4d-49e4-855d-0459d8507e39,2025-04-20T09:13:00,1,1,1,0,1,0,1,0.6667,3,2,151.0,9,6,1,0,0,4.0,2,1
54f7bd4f-7347-42e3-aff9-f80f3018429e,ed86563a-268b-43b8-851a-f22f9296edc5,20e59d04-0c4d-49e4-855d-0459d8507e39,2025-04-20T09:17:00,0,1,1,0,0,1,0,0.5,10,5,261.0,9,6,1,0,0,4.0,2,1
ea263391-04e2-432f-bfa8-9b896ab5249c,b28c5ded-195b-4262-9bb7-b808a353150d,7ab5a07e-bbf6-4bc3-bccf-217d53a4d3b4,2025-04-20T11:50:00,1,1,1,0,1,1,1,0.625,8,5,194.0,11,6,1,0,0,2.0,2,1
56c7d239-11b6-4520-b20d-cc6c2e87c5b2,5b144804-32b7-4e82-9f3c-1b20f6f52721,7ab5a07e-bbf6-4bc3-bccf-217d53a4d3b4,2025-04-20T11:53:00,1,1,1,0,1,1,1,1.0,11,11,148.0,11,6,1,0,0,2.0,2,1
f3897cea-9bc8-485e-872d-b61016eeab81,3e5bcb3e-d421-4d2e-b8ee-6482c43242d7,7ab5a07e-bbf6-4bc3-bccf-217d53a4d3b4,2025-04-20T11:54:00,1,1,1,0,1,1,0,0.8,5,4,170.0,11,6,1,0,0,2.0,2,1
6edabaeb-d0a7-4418-8c47-013d3893cd06,4408ab43-7f7a-4a44-b781-4dd2edca4a74,7ab5a07e-bbf6-4bc3-bccf-217d53a4d3b4,2025-04-20T11:58:00,1,1,1,0,1,1,1,1.0,6,6,197.0,11,6,1,0,0,2.0,2,1
ace6ee22-e872-4609-ac54-c2ee1c234e1c,1191fc52-63be-4740-bba1-06592a0f8eb5,717794d8-a138-4cc1-999d-6e4de6f6d465,2025-04-20T15:07:00,1,1,1,0,1,1,1,1.0,5,5,159.0,15,6,1,0,0,2.0,3,1
f7bf853c-46bd-4633-b4d0-baff8ad5f53d,35c97ba1-3b93-4844-a896-f8caf863e1ad,717794d8-a138-4cc1-999d-6e4de6f6d465,2025-04-20T15:07:00,1,1,1,0,1,1,0,0.8,5,4,365.0,15,6,1,0,0,2.0,3,1
d4ee1ba6-641f-4baa-91ec-0df69bd621bc,12cb054b-3ad8-409d-879c-911bba186c06,717794d8-a138-4cc1-999d-6e4de6f6d465,2025-04-20T15:12:00,1,0,0,0,1,1,1,1.0,5,5,142.0,15,6,1,0,0,2.0,3,1
de7297a3-622f-43f7-b896-e79ef22be3c9,46c4620d-f466-43aa-86c4-b6bea05d529d,717794d8-a138-4cc1-999d-6e4de6f6d465,2025-04-20T15:18:00,1,0,1,1,1,1,1,0.9,10,9,282.0,15,6,1,0,0,2.0,3,1
94ae75ed-9958-45ca-8a02-a56c294049c0,3a844307-c065-40ea-b773-262c476a0e2a,6f4198a7-305d-4aa1-9ec9-4cedfc352eca,2025-04-20T17:43:00,1,0,1,0,1,1,0,0.6,5,3,177.0,17,6,1,0,0,4.0,1,1
6d221d82-1728-4fec-ac61-c1f7a7e178b7,4ca593a6-6883-4ff4-b14b-a47593e71ecc,6f4198a7-305d-4aa1-9ec9-4cedfc352eca,2025-04-20T17:51:00,1,0,0,0,1,1,1,0.8182,11,9,210.0,17,6,1,0,0,4.0,1,1
a0f0aeb8-6a83-4e51-bded-b04ec2a7892c,91080d43-a198-4089-b53a-109a95c5e635,6f4198a7-305d-4aa1-9ec9-4cedfc352eca,2025-04-20T17:51:00,0,0,1,0,1,1,1,0.7143,7,5,256.0,17,6,1,0,0,4.0,1,1
95361117-54e8-42f7-9f53-6bb982f2591c,75455c5a-fc28-4e12-ab1d-c5bf91975e07,0cd8aa33-3577-4826-85bb-4d345adc9094,2025-04-21T05:08:00,1,0,1,0,1,1,1,0.875,8,7,212.0,5,0,0,1,0,2.0,1,1
bfcace01-89d0-47c7-9356-f2c511f10bd9,20f6053d-1512-49be-a186-de29bf5ec234,0cd8aa33-3577-4826-85bb-4d345adc9094,2025-04-21T05:10:00,1,1,1,0,1,1,1,1.0,6,6,253.0,5,0,0,1,0,2.0,1,1
416a50c4-73b7-47d8-a409-e0941bc267ec,5a9cd770-f74a-4cdd-87d0-646aa0e13b89,0cd8aa33-3577-4826-85bb-4d345adc9094,2025-04-21T05:13:00,1,1,1,0,1,1,1,0.5556,9,5,264.0,5,0,0,1,0,2.0,1,1
08005364-22f1-4584-a6cf-13397332a18d,4dbf9849-ac53-4f89-9962-e94bf0dccfbc,0cd8aa33-3577-4826-85bb-4d345adc9094,2025-04-21T05:14:00,1,0,1,1,1,1,1,0.8571,7,6,365.0,5,0,0,1,0,2.0,1,1
2994d9d8-5d05-4bd7-a2aa-599d22df8c8b,3e19e0d8-1f00-40bc-8358-1472a358eb9a,0cd8aa33-3577-4826-85bb-4d345adc9094,2025-04-21T05:14:00,1,1,1,0,1,1,1,1.0,5,5,160.0,5,0,0,1,0,2.0,1,1
d8a585da-dd3a-4a4b-8c4a-d16baeb96aa8,e07bda41-053d-4aac-9836-2124ef24f237,0cd8aa33-3577-4826-85bb-4d345adc9094,2025-04-21T05:14:00,1,0,1,0,1,1,1,0.8,5,4,164.0,5,0,0,1,0,2.0,1,1
3db2d18a-e31f-4021-97c6-19d1d3628c60,c5f535ca-0ce9-4d6a-9653-50c63468cb62,7f3565a8-88ff-461e-aaf8-e0f84e26a891,2025-04-21T05:53:00,1,1,1,0,1,1,0,0.5714,7,4,305.0,5,0,0,1,0,3.0,0,0
48446b9a-b4b0-4f48-92fe-dc5520a37b0d,cc255119-86e4-43ad-b1f0-6c24ac17d920,7f3565a8-88ff-461e-aaf8-e0f84e26a891,2025-04-21T05:54:00,1,0,0,0,1,1,1,0.75,12,9,365.0,5,0,0,1,0,3.0,0,0
b930b6a7-6d53-478b-b8fc-a801c391e4f5,346ece9f-9eed-4c58-95d7-1c3e38d7cceb,7f3565a8-88ff-461e-aaf8-e0f84e26a891,2025-04-21T05:59:00,0,0,0,0,1,1,1,0.8571,7,6,365.0,5,0,0,1,0,3.0,0,0
63beaae0-c95f-48bb-8844-8d23f46bacbc,2b53fe55-2a72-4432-a6b9-13c5a851be2a,52b5e7ba-f772-4b25-85c0-1a9ba1474959,2025-04-21T07:06:00,1,1,1,0,1,1,1,0.9091,11,10,191.0,7,0,0,0,0,6.0,1,1
8f56e92f-c52c-4d54-bf09-e272d66a07b3,d346ac11-9b08-4a8a-b887-845a17ae7266,52b5e7ba-f772-4b25-85c0-1a9ba1474959,2025-04-21T07:07:00,1,0,1,0,1,1,1,0.8889,9,8,633.0,7,0,0,0,0,6.0,1,1
1f5e719a-b064-4350-802d-af891ab83837,c541fa0d-e389-41e3-8fbc-f794813f5148,52b5e7ba-f772-4b25-85c0-1a9ba1474959,2025-04-21T07:10:00,1,1,1,0,1,0,1,0.75,4,3,167.0,7,0,0,0,0,6.0,1,1
60cdf87b-f5b0-435d-86e0-175f45fab70b,a92ac821-12c7-40b8-bbb8-e287da0564eb,52b5e7ba-f772-4b25-85c0-1a9ba1474959,2025-04-21T07:10:00,0,0,0,0,1,1,1,0.6667,9,6,365.0,7,0,0,0,0,6.0,1,1
fea37179-ef46-4c13-918c-0cb0f567f056,273ddb7f-7af3-44a5-b945-f6705e9f338f,52b5e7ba-f772-4b25-85c0-1a9ba1474959,2025-04-21T07:17:00,1,0,0,0,1,1,0,0.375,8,3,226.0,7,0,0,0,0,6.0,1,1
52bbdf21-ee6b-4807-8b51-05a9e0e95c95,e0e3fb99-db30-4123-b346-7f11de4197c6,9d692228-1073-40b5-b323-9ddbeb7774f2,2025-04-21T08:18:00,1,0,0,0,1,1,1,0.9,10,9,336.0,8,0,0,0,0,2.0,1,1
1eef516f-3d54-46d1-af1d-36909ef2e1e8,40e2e31f-1e2d-4f70-9de8-91ad096fe41a,9d692228-1073-40b5-b323-9ddbeb7774f2,2025-04-21T08:20:00,1,0,0,0,1,1,1,0.75,8,6,157.0,8,0,0,0,0,2.0,1,1
69363630-d21a-4d9e-860e-b098db83e1ae,0163ca09-1636-4809-8246-282d82afd3a3,1d993c2d-a33a-41c7-b0a2-2d3fe199ea28,2025-04-21T09:15:00,1,0,1,0,0,0,0,0.3333,9,3,275.0,9,0,0,0,1,1.0,2,0
2c7c4dbf-4213-45f5-9d35-2d90ecd00ed9,ac4e88c1-0595-40f7-bf14-b77ad397e5dd,1d993c2d-a33a-41c7-b0a2-2d3fe199ea28,2025-04-21T09:27:00,0,1,1,0,1,0,0,0.1667,6,1,203.0,9,0,0,0,1,1.0,2,0
cb8b830c-13c8-4613-bd5b-2947dfe48671,c5df4563-5594-46ee-912f-a3c37bc8f200,85420004-4b82-47df-a019-cc4e7e9687f5,2025-04-21T17:25:00,1,1,1,0,1,1,1,0.6,5,3,365.0,17,0,0,0,1,4.0,0,1
04695858-8df2-4f8f-8aed-ffb2eab5dbb9,ab6072b4-0254-40d6-8861-f0f1506fcbb7,85420004-4b82-47df-a019-cc4e7e9687f5,2025-04-21T17:28:00,1,0,1,0,1,1,1,0.8333,6,5,269.0,17,0,0,0,1,4.0,0,1
89f6ee49-2373-40b7-99f4-e3a716411e7d,cd36ff59-5ea4-42e6-93c5-5e86da3a1bf9,85420004-4b82-47df-a019-cc4e7e9687f5,2025-04-21T17:29:00,1,0,1,0,1,0,1,1.0,6,6,365.0,17,0,0,0,1,4.0,0,1
aa8d19d4-43ee-42dc-8e89-bb81463aaa4e,2f38acd6-86c3-4ffd-b869-1117ac2e0be7,85420004-4b82-47df-a019-cc4e7e9687f5,2025-04-21T17:29:00,1,1,1,0,1,1,0,0.0,5,0,365.0,17,0,0,0,1,4.0,0,1
3f5562f1-1888-46db-926e-18379bb0fb7f,89351c19-fb07-4021-8981-38f3a660e1f1,3a420c66-0f36-443e-848a-f46d54e094d5,2025-04-21T22:24:00,0,0,0,0,1,0,1,0.75,8,6,141.0,22,0,0,1,0,1.0,2,1
e14693d6-8d06-4b7a-9f19-05cc0f86ea2a,6c926c1e-7975-4345-a762-128c25695f2b,3a420c66-0f36-443e-848a-f46d54e094d5,2025-04-21T22:24:00,1,0,0,0,1,1,1,0.8333,6,5,296.0,22,0,0,1,0,1.0,2,1
0300e052-4a94-4ce5-b106-ef81ce45e584,0b47310a-57de-411d-a3af-67fcc8e4038f,3a420c66-0f36-443e-848a-f46d54e094d5,2025-04-21T22:28:00,1,0,0,0,1,1,1,1.0,6,6,462.0,22,0,0,1,0,1.0,2,1
31b4d0a0-8c8e-41dc-b632-1cc84443bd0a,c5f535ca-0ce9-4d6a-9653-50c63468cb62,9b64ef70-aae2-461a-bd59-d56300cf23c6,2025-04-22T03:00:00,1,1,1,0,1,1,0,0.625,8,5,306.0,3,1,0,1,0,6.0,3,0
8fef2885-9312-4fc2-9503-d82c8f58d93c,afa47c4e-62b3-4586-9824-3169d0ae4f73,9b64ef70-aae2-461a-bd59-d56300cf23c6,2025-04-22T03:01:00,1,1,1,0,1,1,1,0.8182,11,9,365.0,3,1,0,1,0,6.0,3,0
dae00e57-aee3-431c-bf1e-a1cfcbf23ba6,cf15cd3c-d017-49b8-af4a-bd4471976dd4,9b64ef70-aae2-461a-bd59-d56300cf23c6,2025-04-22T03:01:00,1,1,1,0,1,1,1,0.9091,11,10,356.0,3,1,0,1,0,6.0,3,0
6cf33a98-7c14-45ed-b345-c609e72073b4,ed732f11-698a-40e6-8fab-9a1b078261d2,9b64ef70-aae2-461a-bd59-d56300cf23c6,2025-04-22T03:05:00,0,1,1,0,1,1,0,0.9,10,9,365.0,3,1,0,1,0,6.0,3,0
7c8bd0fb-6380-46dc-bd99-0d3bb189f0e0,eb9471c8-ba19-42a2-94b9-9a533ce84d63,9b64ef70-aae2-461a-bd59-d56300cf23c6,2025-04-22T03:07:00,1,1,1,0,1,1,1,0.8889,9,8,455.0,3,1,0,1,0,6.0,3,0
3b81604d-a3d6-4928-8c60-5b6cba229f5a,30c6a854-5681-4fda-b9bc-b5f82a1567dc,576d14a4-96f6-41b1-93b7-79398972d420,2025-04-22T05:10:00,1,1,1,0,1,0,1,0.5,8,4,193.0,5,1,0,1,0,1.0,3,1
88675614-49c3-4664-8ec6-ed3d97c579ca,0b51ced4-84e3-45ad-a67a-de86af260d64,576d14a4-96f6-41b1-93b7-79398972d420,2025-04-22T05:13:00,1,0,1,0,1,1,1,0.8,10,8,417.0,5,1,0,1,0,1.0,3,1
13f2b1d1-9003-4d6d-ade9-579a06de20da,5ae18917-1ec4-457c-a836-7efc4c4c8fff,576d14a4-96f6-41b1-93b7-79398972d420,2025-04-22T05:14:00,1,0,1,0,1,1,1,0.8571,7,6,232.0,5,1,0,1,0,1.0,3,1
c7308293-ba8e-4394-ba6e-d7c06eed30e4,cf15cd3c-d017-49b8-af4a-bd4471976dd4,576d14a4-96f6-41b1-93b7-79398972d420,2025-04-22T05:15:00,1,0,1,0,1,1,1,0.9167,12,11,356.0,5,1,0,1,0,1.0,3,1
ea847166-33e4-4f45-97dc-3ead9eebc6cd,2ef47c0b-e8fe-448b-93ff-36c85588d2fd,8c176475-8fb9-46a7-8778-40451da7091e,2025-04-22T05:15:00,1,1,1,0,1,1,1,1.0,9,9,254.0,5,1,0,1,0,4.0,3,1
ca22809d-01e5-407d-a7de-b1a9f9c746f1,f2f92179-5d28-4944-970e-4735cb6d6a92,8c176475-8fb9-46a7-8778-40451da7091e,2025-04-22T05:18:00,1,0,0,0,1,1,0,0.75,8,6,200.0,5,1,0,1,0,4.0,3,1
978a8619-ea8a-4195-a692-db374b628cf3,ea9269ef-352d-4ec8-93a1-f6e436740b10,8c176475-8fb9-46a7-8778-40451da7091e,2025-04-22T05:20:00,0,1,1,0,0,0,0,0.5,6,3,365.0,5,1,0,1,0,4.0,3,1
723f7ab6-1f4b-4048-9032-fe0ef0c60fd5,b649daf0-45a0-4879-bceb-08f29bf19ce2,8c176475-8fb9-46a7-8778-40451da7091e,2025-04-22T05:23:00,1,1,1,0,1,1,1,1.0,9,9,311.0,5,1,0,1,0,4.0,3,1
3eb7e2bd-a220-4f7c-8d7a-e2a0f924b8bb,82f273c1-a6d9-473e-b339-93f7a0379a64,8c176475-8fb9-46a7-8778-40451da7091e,2025-04-22T05:24:00,0,0,0,0,1,1,1,1.0,6,6,189.0,5,1,0,1,0,4.0,3,1
ac36a6cf-45a7-44f2-b09c-10fa652883ad,3e19e0d8-1f00-40bc-8358-1472a358eb9a,8c176475-8fb9-46a7-8778-40451da7091e,2025-04-22T05:25:00,0,0,0,0,1,1,1,1.0,6,6,161.0,5,1,0,1,0,4.0,3,1
49c8fdd7-051a-4ca6-9405-6a41eb4f4c83,a92ac821-12c7-40b8-bbb8-e287da0564eb,18a527fe-647f-4423-967d-29c958ddeda6,2025-04-22T07:39:00,0,0,0,0,1,1,1,0.6,10,6,365.0,7,1,0,0,0,1.0,1,0
7bc2bdd2-8f65-4c10-bea5-87574a37b1f3,b535926f-1249-45e1-8443-3898d91728ed,18a527fe-647f-4423-967d-29c958ddeda6,2025-04-22T07:46:00,0,0,0,0,1,1,0,0.0,5,0,179.0,7,1,0,0,0,1.0,1,0
0a99d482-c874-438c-aec2-92eb8f4ea5fb,c4ccc935-dd86-4d48-92ab-3e02bfbbdedd,18a527fe-647f-4423-967d-29c958ddeda6,2025-04-22T07:47:00,1,1,1,0,1,1,1,0.8,5,4,157.0,7,1,0,0,0,1.0,1,0
47c8b900-e9d9-4bee-a6f4-283ca33176ee,979e4feb-883b-4b84-a316-add5625c20c0,e0b24d6d-01d3-4d27-b7ea-7da3999dac0e,2025-04-22T13:26:00,1,1,1,0,1,1,1,1.0,6,6,150.0,13,1,0,0,1,2.0,1,1
2d16f346-c216-4175-b5fd-aeb8b651b6a2,63e1e7de-8090-46e0-a921-6add4ddcfef9,e0b24d6d-01d3-4d27-b7ea-7da3999dac0e,2025-04-22T13:37:00,0,0,0,0,1,1,1,0.6667,9,6,490.0,13,1,0,0,1,2.0,1,1
50a00805-37af-4f7a-8a50-5fbf44003f1d,346ece9f-9eed-4c58-95d7-1c3e38d7cceb,6e740893-7f7b-4822-8315-b6daa343a318,2025-04-22T15:46:00,1,1,1,0,1,1,1,0.75,8,6,365.0,15,1,0,0,1,4.0,3,1
d76ebcd0-109c-4504-beea-bae4b0ced6b9,64333604-4c8c-43e1-a6e9-7c4582414c02,6e740893-7f7b-4822-8315-b6daa343a318,2025-04-22T15:47:00,1,0,1,0,1,1,1,1.0,7,7,249.0,15,1,0,0,1,4.0,3,1
98e8059a-a7d3-48fd-ab07-6be09302c922,443aebc7-b493-44c6-bde3-762b445ca7e3,6e740893-7f7b-4822-8315-b6daa343a318,2025-04-22T15:48:00,1,1,1,0,0,1,1,1.0,6,6,365.0,15,1,0,0,1,4.0,3,1
3c06b5e0-921b-4503-a2ce-c2d97f11b197,d869910e-02c0-4d29-a1fd-9bdef530d653,6e740893-7f7b-4822-8315-b6daa343a318,2025-04-22T15:49:00,1,0,1,0,1,0,1,0.9,10,9,365.0,15,1,0,0,1,4.0,3,1
84d7780c-20f3-40e9-87d7-392e6ac5f034,1b81506a-481d-42f6-b01c-dbb52717cc9e,6e740893-7f7b-4822-8315-b6daa343a318,2025-04-22T15:58:00,1,0,1,0,1,1,1,0.8,5,4,199.0,15,1,0,0,1,4.0,3,1
c5751dcc-2854-4876-bfcf-37dc4cf34c48,443aebc7-b493-44c6-bde3-762b445ca7e3,94cfaab3-0f43-42c8-8805-6af6bd73f2e3,2025-04-22T18:09:00,1,0,0,0,0,1,1,1.0,7,7,365.0,18,1,0,0,0,3.0,1,1
a0ea1a8e-4dd6-447a-ad18-0dd2cd5c1610,074daa7c-485e-4264-a9c2-962e30d5b672,94cfaab3-0f43-42c8-8805-6af6bd73f2e3,2025-04-22T18:10:00,1,1,1,0,1,1,1,0.8333,6,5,270.0,18,1,0,0,0,3.0,1,1
f981dd23-3c0a-45a7-be9b-aa109199bb5f,030d9e23-9b13-43d8-8711-c5c4d8470363,94cfaab3-0f43-42c8-8805-6af6bd73f2e3,2025-04-22T18:17:00,1,0,0,0,1,1,1,0.8889,9,8,214.0,18,1,0,0,0,3.0,1,1
51b935cc-f1d3-4863-aa34-ca4bfe833c24,1f6fb1c2-eed4-453e-843e-8dcf8faefb39,a61a2d31-d2b9-4310-9281-9d177a8c0316,2025-04-22T20:07:00,1,1,1,0,1,1,1,0.6667,3,2,151.0,20,1,0,0,0,2.0,2,0
24fc771d-bca0-4d3d-8177-972c6a3f84a7,3f562206-66c9-45c7-94e1-a9dfde284d1b,a61a2d31-d2b9-4310-9281-9d177a8c0316,2025-04-22T20:12:00,1,0,0,0,1,1,1,0.8571,7,6,157.0,20,1,0,0,0,2.0,2,0
789c4a83-6818-4bf8-92d9-67b7bbfbb2a3,d9bd2841-036c-4f1f-91b6-419ea0458f8e,a61a2d31-d2b9-4310-9281-9d177a8c0316,2025-04-22T20:15:00,1,0,0,0,1,1,0,0.75,4,3,220.0,20,1,0,0,0,2.0,2,0
e2c4a23b-ba87-45ed-8564-47afe4758f09,e116edc5-9b26-4e7c-88d9-765a7676524f,a61a2d31-d2b9-4310-9281-9d177a8c0316,2025-04-22T20:15:00,1,0,0,0,1,1,1,0.5556,9,5,218.0,20,1,0,0,0,2.0,2,0
5b2358c6-f7fd-4128-a774-906cc4acae70,b34b9ff4-c6a5-4e42-9619-75d5b29e68d4,acf76347-d2e6-49b7-afdc-0269ac0eb047,2025-04-22T21:27:00,0,1,1,0,1,1,0,0.875,8,7,298.0,21,1,0,0,0,1.0,2,0
985bc508-a7b4-46ac-9e57-48125e7bb270,4ca593a6-6883-4ff4-b14b-a47593e71ecc,acf76347-d2e6-49b7-afdc-0269ac0eb047,2025-04-22T21:29:00,0,0,0,0,1,1,1,0.8333,12,10,212.0,21,1,0,0,0,1.0,2,0
7aeab684-2e83-429f-888a-eaa59cf8a59c,126fbc28-6b03-407e-b020-19175754625a,49af40b3-3d2f-471c-8633-c7de5d642341,2025-04-22T21:53:00,1,0,0,0,1,1,1,1.0,5,5,266.0,21,1,0,0,0,2.0,1,0
9622ee2a-c8cf-4e48-baaa-88f6562f4696,54d5caa7-5a58-4175-a139-ece2d4e285d1,49af40b3-3d2f-471c-8633-c7de5d642341,2025-04-22T21:56:00,1,0,0,0,0,1,1,0.5,6,3,205.0,21,1,0,0,0,2.0,1,0
d7863aa3-3cf6-42cc-a5de-3e67c8286419,caedcc90-6c34-4e03-8f0b-b86ff3cda6a7,49af40b3-3d2f-471c-8633-c7de5d642341,2025-04-22T21:56:00,1,0,0,0,1,1,1,1.0,8,8,271.0,21,1,0,0,0,2.0,1,0
dd3a51c5-791b-481b-bc49-89898a56a764,2ae377b5-178c-428d-8503-302dc4d6f806,49af40b3-3d2f-471c-8633-c7de5d642341,2025-04-22T21:56:00,1,0,0,0,1,1,1,0.6667,3,2,387.0,21,1,0,0,0,2.0,1,0
67ccfb68-71bd-447c-9a4b-236a3a61fd96,2ef47c0b-e8fe-448b-93ff-36c85588d2fd,49af40b3-3d2f-471c-8633-c7de5d642341,2025-04-22T21:57:00,0,0,0,0,1,1,1,1.0,10,10,254.0,21,1,0,0,0,2.0,1,0
85b40c7b-e4c4-40c7-a0fb-f37f3ddbc2a5,1f112d30-78c2-428c-a403-aea38638cdce,55984760-98c6-4c58-8205-ee876d2af86b,2025-04-22T22:19:00,1,0,1,0,1,0,1,0.4,5,2,178.0,22,1,0,1,0,3.0,0,1
acf027d6-d4fd-4a7f-91f2-bbc54fc9a5ed,76c87fab-4634-487d-a03f-d4c7ee94749e,55984760-98c6-4c58-8205-ee876d2af86b,2025-04-22T22:21:00,0,0,1,0,1,0,1,0.5,10,5,188.0,22,1,0,1,0,3.0,0,1
45c36102-94f8-44d0-bbb6-e7feac73a17a,edf481eb-bab0-46c2-a7e6-67b59a510550,07dc6ed1-d010-422a-86a0-cea71c5a8414,2025-04-22T23:47:00,1,1,1,0,1,1,1,0.8571,7,6,282.0,23,1,0,1,0,2.0,0,0
119d4107-86b2-4543-aa81-cbb838948910,309497b0-41ad-483a-a10a-7040ec34710d,07dc6ed1-d010-422a-86a0-cea71c5a8414,2025-04-22T23:49:00,0,0,0,0,1,1,0,0.5,8,4,251.0,23,1,0,1,0,2.0,0,0
53f0afa1-4777-4933-9b7d-708e5abee63c,2bc00f4d-1415-492e-ab45-855a39d62175,07dc6ed1-d010-422a-86a0-cea71c5a8414,2025-04-22T23:50:00,1,1,1,0,1,0,1,0.8182,11,9,222.0,23,1,0,1,0,2.0,0,0
74984d42-0b50-43d4-9112-37c1bc4336c4,40e2e31f-1e2d-4f70-9de8-91ad096fe41a,07dc6ed1-d010-422a-86a0-cea71c5a8414,2025-04-22T23:50:00,1,0,0,0,1,1,1,0.7778,9,7,158.0,23,1,0,1,0,2.0,0,0
dafe87ff-b9fd-4d63-aa35-f428900787b7,dc3945d5-6321-4ff3-a949-9cc365303d45,07dc6ed1-d010-422a-86a0-cea71c5a8414,2025-04-22T23:53:00,1,1,1,0,1,0,1,0.5455,11,6,177.0,23,1,0,1,0,2.0,0,0
5c1fbbb6-a968-45ff-9ede-6baa7f49b914,fb360121-72e2-40f7-bcc1-c7c613c988c0,63d3fbc1-3e19-4050-88e7-910ea5e80d31,2025-04-23T02:08:00,1,1,1,0,1,1,1,1.0,5,5,365.0,2,2,0,1,0,6.0,1,1
07a80cdd-6912-4f00-8120-500fcf36b05b,dbebf1a3-387d-417a-abcb-ebdd3d136562,63d3fbc1-3e19-4050-88e7-910ea5e80d31,2025-04-23T02:13:00,1,1,1,0,1,1,1,0.7143,7,5,235.0,2,2,0,1,0,6.0,1,1
bbb78703-6442-441d-8aae-276ab9b5f14c,f2f92179-5d28-4944-970e-4735cb6d6a92,4b472f50-5d3d-471f-9e48-70db20297b2f,2025-04-23T03:44:00,1,0,0,0,1,1,0,0.7778,9,7,201.0,3,2,0,1,0,6.0,0,1
aecd77e4-f877-4e5d-b1e3-a54cf078d4c9,346ece9f-9eed-4c58-95d7-1c3e38d7cceb,4b472f50-5d3d-471f-9e48-70db20297b2f,2025-04-23T03:46:00,1,1,1,0,1,1,1,0.7778,9,7,365.0,3,2,0,1,0,6.0,0,1
3e55ff78-f073-440c-acb9-0683a27780fb,c5df4563-5594-46ee-912f-a3c37bc8f200,4b472f50-5d3d-471f-9e48-70db20297b2f,2025-04-23T03:48:00,1,1,1,0,1,1,1,0.6667,6,4,365.0,3,2,0,1,0,6.0,0,1
9a888303-efd2-40b3-a117-c06cec607cc8,ca5ce99f-cf40-4ef6-9c3d-4a4177383ff2,4b472f50-5d3d-471f-9e48-70db20297b2f,2025-04-23T03:51:00,1,0,1,0,1,0,1,0.8889,9,8,365.0,3,2,0,1,0,6.0,0,1
99ea4f0f-cfd8-4bbe-84a4-a5edf76a4097,40c6fe05-f02d-4157-ba15-09913e067c14,4b472f50-5d3d-471f-9e48-70db20297b2f,2025-04-23T03:55:00,0,0,1,0,1,1,1,1.0,6,6,149.0,3,2,0,1,0,6.0,0,1
9a5753ed-351e-4fc8-8d7e-b4e1274e0dc8,7b16f6d6-0f6b-446d-89fe-87723b0ad83c,c69af981-e4e2-437e-82d7-60fa85d194d2,2025-04-23T06:01:00,1,0,1,0,1,1,1,1.0,7,7,143.0,6,2,0,0,0,1.0,2,1
7bb1ec05-888c-493d-93d2-5de5eeb03f8d,5b144804-32b7-4e82-9f3c-1b20f6f52721,c69af981-e4e2-437e-82d7-60fa85d194d2,2025-04-23T06:06:00,1,0,1,0,1,1,1,1.0,12,12,151.0,6,2,0,0,0,1.0,2,1
0a504ba3-00a7-452b-90e5-e3de653bc19d,97e19e53-5b1a-48ed-959a-3b8ab801c890,c69af981-e4e2-437e-82d7-60fa85d194d2,2025-04-23T06:09:00,0,0,1,0,1,1,1,0.6667,3,2,301.0,6,2,0,0,0,1.0,2,1
f433fe09-4da5-4b66-8d2f-68c3a1927bfc,f6c6d337-db40-4e0d-a2a5-3f792a85ae63,e08ec010-7262-41b7-bea7-17afba072eee,2025-04-23T06:58:00,1,0,1,0,1,1,1,0.0,1,0,365.0,6,2,0,0,0,4.0,1,1
d3e14042-7cd0-4ab9-a60d-2bc7c47d83a2,bdc0370d-62f2-4b37-aaa3-b2871252b644,e08ec010-7262-41b7-bea7-17afba072eee,2025-04-23T07:01:00,0,0,1,0,1,1,1,0.8333,6,5,365.0,7,2,0,0,0,4.0,1,1
92a5b255-00ac-47c2-8373-393d11e71f89,29863a10-f78d-4e41-9aa9-3e446b4fe73f,e08ec010-7262-41b7-bea7-17afba072eee,2025-04-23T07:02:00,1,1,1,0,1,1,0,0.7143,7,5,167.0,7,2,0,0,0,4.0,1,1
28f98fa8-4130-45c1-b2e9-d47af0a76f7f,972c2711-206c-49a4-b763-2a7319f31c08,e08ec010-7262-41b7-bea7-17afba072eee,2025-04-23T07:08:00,1,1,1,0,1,1,1,1.0,8,8,365.0,7,2,0,0,0,4.0,1,1
f4e25d75-0932-4fed-9818-3e6228da39b2,836f20e8-ac46-4599-a783-92f86ea182c4,e08ec010-7262-41b7-bea7-17afba072eee,2025-04-23T07:08:00,1,0,1,0,1,1,1,1.0,5,5,332.0,7,2,0,0,0,4.0,1,1
8dc6f700-05ac-400e-ab4c-a06cf6916833,4c569839-3efa-4170-b6a4-f0a4d13d4639,16aee766-d71c-4cbd-9264-13d458ccf0a5,2025-04-23T10:35:00,1,0,0,0,1,1,1,1.0,5,5,195.0,10,2,0,0,1,1.0,2,0
dd8640ff-04f2-4a79-8c20-7f634d78cfa0,f09d1541-147b-4b19-b485-f9ad246bf702,16aee766-d71c-4cbd-9264-13d458ccf0a5,2025-04-23T10:39:00,0,0,0,0,1,1,1,1.0,3,3,143.0,10,2,0,0,1,1.0,2,0
59e912b8-b61a-455a-b9a1-4ebc6326946e,2c3259d5-3a5a-4a64-be43-cedbc92ce0dc,16aee766-d71c-4cbd-9264-13d458ccf0a5,2025-04-23T10:40:00,1,1,1,0,0,0,1,0.2857,7,2,331.0,10,2,0,0,1,1.0,2,0
30383d95-8376-4f63-bfba-52b3668b2883,b7e02dd5-bc57-4ce1-89ca-6341da919a60,16aee766-d71c-4cbd-9264-13d458ccf0a5,2025-04-23T10:41:00,1,1,1,0,1,1,1,0.75,4,3,365.0,10,2,0,0,1,1.0,2,0
e9973791-ab7e-425b-9350-1caef15a2502,2f38acd6-86c3-4ffd-b869-1117ac2e0be7,2fd798b1-8b69-4b29-9928-47964f7730aa,2025-04-23T10:43:00,0,0,0,0,1,1,0,0.1667,6,1,365.0,10,2,0,0,1,2.0,3,1
13e31d42-a4f3-405d-86e9-507e428df734,73461d9a-b17a-4f20-a132-39ca2f8c91ed,2fd798b1-8b69-4b29-9928-47964f7730aa,2025-04-23T10:44:00,1,0,0,0,1,1,1,0.5714,7,4,142.0,10,2,0,0,1,2.0,3,1
5a4b199d-6c08-4850-833d-3e19461bb55b,74de697e-ecd0-4975-8057-f21088a888b4,2fd798b1-8b69-4b29-9928-47964f7730aa,2025-04-23T10:51:00,1,0,1,1,1,1,0,0.5882,17,10,365.0,10,2,0,0,1,2.0,3,1
67346378-b1f4-4d36-b128-7b4e02783395,28309fde-6955-4852-ae11-f09951df357a,2fd798b1-8b69-4b29-9928-47964f7730aa,2025-04-23T10:51:00,1,0,0,0,1,1,1,0.4286,7,3,272.0,10,2,0,0,1,2.0,3,1
925de2bb-7d15-43a3-a362-98002cc17574,75455c5a-fc28-4e12-ab1d-c5bf91975e07,2fd798b1-8b69-4b29-9928-47964f7730aa,2025-04-23T10:51:00,1,1,1,0,1,1,1,0.8889,9,8,214.0,10,2,0,0,1,2.0,3,1
35f1409d-2732-4d05-a774-011878d05e28,6bb36c9a-793f-4f90-bf6f-df150cb1f85a,6fec73a5-e434-4825-bdef-d5d1e0dce69b,2025-04-23T12:46:00,1,0,0,0,1,0,1,0.6,5,3,191.0,12,2,0,0,1,6.0,3,0
6818fe50-d002-472f-8a8c-c58af48d2750,1711dff0-5b73-4336-ae3e-5003955b231a,6fec73a5-e434-4825-bdef-d5d1e0dce69b,2025-04-23T12:47:00,1,0,1,1,1,1,1,1.0,6,6,310.0,12,2,0,0,1,6.0,3,0
a230de5f-2dd7-4fb3-94f5-e1180a21fb9f,1693939d-11cb-4a60-bfb6-8f2fec00eb4f,6fec73a5-e434-4825-bdef-d5d1e0dce69b,2025-04-23T12:51:00,1,0,1,0,1,1,1,0.8889,9,8,221.0,12,2,0,0,1,6.0,3,0
20a35569-6aa3-4006-810c-55366b263e5f,58d8deb5-5531-43c5-81ae-7352d2d2b8c9,6fec73a5-e434-4825-bdef-d5d1e0dce69b,2025-04-23T12:53:00,1,1,1,0,1,1,1,0.4286,7,3,365.0,12,2,0,0,1,6.0,3,0
e9bc523e-791d-41bd-b827-bf5880d4f3e7,c57abeef-b6d8-4cf7-ae50-3774b55c6768,2270a7de-0dc3-4912-917c-e528b3227991,2025-04-23T17:10:00,1,1,1,0,1,1,0,0.5556,9,5,190.0,17,2,0,0,1,2.0,3,1
94d44166-c947-406a-afdd-e8e7e3e94772,126fbc28-6b03-407e-b020-19175754625a,2270a7de-0dc3-4912-917c-e528b3227991,2025-04-23T17:12:00,1,0,1,0,1,1,1,1.0,6,6,267.0,17,2,0,0,1,2.0,3,1
d4345ec8-a6a1-4c4e-a82b-8f4fa505f8a5,0ad41086-120a-480a-a25e-68be9c95144c,2270a7de-0dc3-4912-917c-e528b3227991,2025-04-23T17:13:00,1,0,0,0,1,1,1,1.0,9,9,365.0,17,2,0,0,1,2.0,3,1
5bb69ff8-a004-4f94-b3bb-fa72acda671c,cde8f468-ab23-43e9-8462-c07f508baa7f,2270a7de-0dc3-4912-917c-e528b3227991,2025-04-23T17:17:00,1,0,0,0,0,1,1,0.8571,7,6,842.0,17,2,0,0,1,2.0,3,1
1bb37e03-ba9e-47f6-ace4-88283f62c8bf,f6556829-5e66-4e5a-aff5-3233c86566a8,2270a7de-0dc3-4912-917c-e528b3227991,2025-04-23T17:19:00,0,0,0,0,1,0,1,0.6,10,6,209.0,17,2,0,0,1,2.0,3,1
ad283b50-4bdb-4623-91c0-33713391fec1,887c04b7-3558-4cd6-b634-cf5a4cd93877,e08fa123-21b2-4392-85ee-81155cd76427,2025-04-23T19:20:00,1,1,1,0,1,1,1,1.0,7,7,365.0,19,2,0,0,0,2.0,1,1
20e8c308-1638-4ace-a4d2-f090c22b0e97,664b1167-88df-4fdd-afcb-3e9296fb4ad6,e08fa123-21b2-4392-85ee-81155cd76427,2025-04-23T19:21:00,1,0,0,0,1,1,1,1.0,11,11,239.0,19,2,0,0,0,2.0,1,1
64a8c84e-361a-4222-a2c0-aab27797f815,88dfaec5-4862-48de-a187-81674968acbd,e08fa123-21b2-4392-85ee-81155cd76427,2025-04-23T19:21:00,1,0,0,0,1,1,1,1.0,4,4,365.0,19,2,0,0,0,2.0,1,1
8c18e90b-1608-4fb3-ab1f-bc7e1a7965ff,a12f0067-a0a7-4294-ae23-d9759cd6beb6,e08fa123-21b2-4392-85ee-81155cd76427,2025-04-23T19:24:00,1,0,0,0,1,1,1,0.7,10,7,196.0,19,2,0,0,0,2.0,1,1
5415d9f5-daa7-4397-8654-6f0af592e482,67e602e6-39ad-4901-acb6-b01a84f70f34,e08fa123-21b2-4392-85ee-81155cd76427,2025-04-23T19:25:00,1,1,1,0,1,1,1,0.7143,7,5,144.0,19,2,0,0,0,2.0,1,1
e7b531ed-4d2d-4b02-a295-daa1cbd2bad9,1f112d30-78c2-428c-a403-aea38638cdce,e08fa123-21b2-4392-85ee-81155cd76427,2025-04-23T19:26:00,0,0,0,0,1,0,1,0.5,6,3,179.0,19,2,0,0,0,2.0,1,1
b768ec67-c534-4599-b0d6-0f163904e3bf,f7c3f29d-48af-49aa-bce7-bec02869395a,0ca54a53-652e-4b70-9965-9dacdc0c8263,2025-04-23T21:25:00,1,0,1,0,1,1,1,1.0,4,4,365.0,21,2,0,0,0,3.0,2,1
fc71c92d-f3f1-4391-9909-00c9429aa7b0,ed732f11-698a-40e6-8fab-9a1b078261d2,0ca54a53-652e-4b70-9965-9dacdc0c8263,2025-04-23T21:26:00,1,0,1,0,1,1,0,0.8182,11,9,365.0,21,2,0,0,0,3.0,2,1
44c84602-cbca-4064-948f-08309b249637,40c6fe05-f02d-4157-ba15-09913e067c14,0ca54a53-652e-4b70-9965-9dacdc0c8263,2025-04-23T21:33:00,1,0,1,0,1,1,1,0.8571,7,6,149.0,21,2,0,0,0,3.0,2,1
cdb94c96-bc16-4798-81a3-9ebda0876e0f,265b1191-c474-4c10-b744-2accb997520e,0ca54a53-652e-4b70-9965-9dacdc0c8263,2025-04-23T21:37:00,0,0,0,0,1,1,1,0.8889,9,8,346.0,21,2,0,0,0,3.0,2,1
1b9f0b46-b5c3-4e28-b9c9-afc830ee35c6,bdc0370d-62f2-4b37-aaa3-b2871252b644,0ca54a53-652e-4b70-9965-9dacdc0c8263,2025-04-23T21:38:00,1,0,1,0,1,1,1,0.7143,7,5,365.0,21,2,0,0,0,3.0,2,1
9e5c0726-ff53-49ad-a586-f00ac91ab302,d3edbff9-b137-4f59-9b59-c049d8cda101,36ab9f37-06fe-43f8-bfde-348837c61d5b,2025-04-23T23:00:00,0,0,0,0,1,0,1,1.0,12,12,314.0,23,2,0,1,0,6.0,1,1
f2748950-584a-4913-b8fd-292c59a3e16a,caedcc90-6c34-4e03-8f0b-b86ff3cda6a7,36ab9f37-06fe-43f8-bfde-348837c61d5b,2025-04-23T23:01:00,1,0,0,0,1,1,1,1.0,9,9,272.0,23,2,0,1,0,6.0,1,1
648c8e8e-45c6-4548-a318-b9aa28f7e1da,1b81506a-481d-42f6-b01c-dbb52717cc9e,36ab9f37-06fe-43f8-bfde-348837c61d5b,2025-04-23T23:07:00,0,0,0,0,1,1,1,0.8333,6,5,200.0,23,2,0,1,0,6.0,1,1
6feadcf7-12fa-44d2-b69f-2aef15b29ceb,88dfaec5-4862-48de-a187-81674968acbd,36ab9f37-06fe-43f8-bfde-348837c61d5b,2025-04-23T23:09:00,1,0,0,0,1,1,1,1.0,5,5,365.0,23,2,0,1,0,6.0,1,1
73821d92-cc37-4c7c-a17c-48060fb49bf1,dc3945d5-6321-4ff3-a949-9cc365303d45,36ab9f37-06fe-43f8-bfde-348837c61d5b,2025-04-23T23:09:00,0,0,0,0,1,0,1,0.5833,12,7,178.0,23,2,0,1,0,6.0,1,1
fa01d187-07cc-4d36-baec-3fdb4454bc07,4cad0555-38c1-454b-8686-939facccb986,06a95900-215b-4076-8aea-6c99413a1135,2025-04-24T05:57:00,1,0,1,0,1,1,1,1.0,5,5,330.0,5,3,0,1,0,2.0,2,1
01f43b76-0956-4de7-8cfa-c9cb1fc18fae,5e1e8005-4458-440a-9d56-64d0e7c3e96b,06a95900-215b-4076-8aea-6c99413a1135,2025-04-24T06:00:00,1,0,0,0,0,1,1,0.6667,9,6,236.0,6,3,0,0,0,2.0,2,1
60c0efc6-138d-45f0-b53e-5d31aefe7e1d,985ab403-ddfd-47f6-9b98-9ce2f7dcd16e,06a95900-215b-4076-8aea-6c99413a1135,2025-04-24T06:02:00,1,0,1,1,1,1,0,0.8571,14,12,226.0,6,3,0,0,0,2.0,2,1
0b0c5e3c-16ee-46ee-88ac-be9598451cf1,628e4e35-5853-4d59-b32f-4056b7e3e27b,06a95900-215b-4076-8aea-6c99413a1135,2025-04-24T06:06:00,1,0,1,0,1,0,1,0.8,10,8,365.0,6,3,0,0,0,2.0,2,1
cb4df774-1ade-4f4e-826c-479856b208e0,54644cdc-6eb6-4ce1-ace4-1ba0ab1ae36a,06a95900-215b-4076-8aea-6c99413a1135,2025-04-24T06:06:00,1,1,1,0,0,1,1,0.8,5,4,556.0,6,3,0,0,0,2.0,2,1
fc2b8bbb-00e2-4a02-a1db-7aa603fde3a4,ea9269ef-352d-4ec8-93a1-f6e436740b10,de7f1bd4-e8ef-477a-ac10-5b19d76c2016,2025-04-24T19:28:00,1,1,1,0,0,0,0,0.4286,7,3,365.0,19,3,0,0,0,2.0,3,1
ef1b41cd-bebe-4207-a603-4b881b28f45c,6c841b96-0d6c-4d4f-a647-602aca520949,de7f1bd4-e8ef-477a-ac10-5b19d76c2016,2025-04-24T19:29:00,0,0,0,0,1,0,1,0.5,8,4,362.0,19,3,0,0,0,2.0,3,1
28d790bc-2b9b-415f-9150-180864e8a7fc,c52b0995-269e-4253-8965-8f14d5fd2b13,de7f1bd4-e8ef-477a-ac10-5b19d76c2016,2025-04-24T19:30:00,0,0,0,0,0,1,0,0.4,5,2,395.0,19,3,0,0,0,2.0,3,1
31d790a8-efd2-4d29-8d64-8647f03526a6,3eeabab8-191e-4745-993a-32c183d79d3c,de7f1bd4-e8ef-477a-ac10-5b19d76c2016,2025-04-24T19:30:00,1,1,1,0,1,1,1,1.0,4,4,365.0,19,3,0,0,0,2.0,3,1
7a80e24d-0625-4156-8c26-e2009df2e285,facc5b5b-c0fa-45e8-8b9d-e13559d60097,de7f1bd4-e8ef-477a-ac10-5b19d76c2016,2025-04-24T19:30:00,0,0,0,0,1,1,1,0.5,8,4,414.0,19,3,0,0,0,2.0,3,1
05d5467c-e358-4ce6-81f4-64f76eec5b24,0bd74d79-c6ed-4e86-a612-e698b486ec29,de7f1bd4-e8ef-477a-ac10-5b19d76c2016,2025-04-24T19:36:00,1,1,1,0,1,1,1,0.8889,9,8,515.0,19,3,0,0,0,2.0,3,1
0e6f721a-0bf3-418c-92e6-0662ce82b1f3,abdc90fb-c824-469f-8f0e-8dd72f8f977f,24347c1d-8cd8-4f50-8731-5587f204b89b,2025-04-24T22:35:00,1,1,1,0,0,1,1,0.8333,12,10,442.0,22,3,0,1,0,3.0,1,0
ec38af97-fa5c-4939-a122-680929fe13c7,8465564b-f0a3-4480-b044-c0a4cf6d01a0,24347c1d-8cd8-4f50-8731-5587f204b89b,2025-04-24T22:36:00,1,1,1,0,1,1,1,1.0,8,8,517.0,22,3,0,1,0,3.0,1,0
b4965fc5-e2d7-4957-8d51-8c597f0e3c5f,6bb36c9a-793f-4f90-bf6f-df150cb1f85a,24347c1d-8cd8-4f50-8731-5587f204b89b,2025-04-24T22:40:00,0,0,0,0,1,0,1,0.6667,6,4,192.0,22,3,0,1,0,3.0,1,0
b4f30aef-ffe4-4881-b072-14c113771255,bb55dc49-18c5-486f-aa1d-2aa9a6fac646,24347c1d-8cd8-4f50-8731-5587f204b89b,2025-04-24T22:40:00,1,1,1,0,1,1,1,0.75,4,3,189.0,22,3,0,1,0,3.0,1,0
f219f804-71bf-4b2b-a510-9f8a98d4d367,facc5b5b-c0fa-45e8-8b9d-e13559d60097,24347c1d-8cd8-4f50-8731-5587f204b89b,2025-04-24T22:46:00,1,0,0,0,1,1,1,0.4444,9,4,414.0,22,3,0,1,0,3.0,1,0
2f36c00f-e091-4539-a18c-bf24259bb6ae,b7b35df4-cc30-48d4-b856-21583b9c43c1,f4774da5-9d5d-4a8e-93b1-b8f0db872f81,2025-04-25T00:57:00,1,0,0,0,1,1,1,0.75,4,3,484.0,0,4,0,1,0,4.0,3,1
e267e40a-ac7e-41b8-bda8-c90171cebf8e,c541fa0d-e389-41e3-8fbc-f794813f5148,f4774da5-9d5d-4a8e-93b1-b8f0db872f81,2025-04-25T01:00:00,0,0,0,0,1,0,1,0.8,5,4,171.0,1,4,0,1,0,4.0,3,1
33bdcb64-191a-4783-8432-5d051372796b,64333604-4c8c-43e1-a6e9-7c4582414c02,f4774da5-9d5d-4a8e-93b1-b8f0db872f81,2025-04-25T01:06:00,1,0,0,0,1,1,1,1.0,8,8,252.0,1,4,0,1,0,4.0,3,1
3e79b178-a0d2-4453-8420-aadf76a681f4,a5412686-ad1b-4800-b166-5b72f3faa02d,9c62728c-ac74-4702-8e29-67a1d3d8974e,2025-04-25T03:56:00,1,0,0,0,1,1,1,1.0,8,8,159.0,3,4,0,1,0,2.0,0,1
4cbc852f-75a8-4c7f-b310-ff19983811e2,553294c5-4565-4d5a-a069-6e8126905be4,9c62728c-ac74-4702-8e29-67a1d3d8974e,2025-04-25T03:57:00,0,0,0,0,1,1,0,0.4444,9,4,238.0,3,4,0,1,0,2.0,0,1
be2ad628-ef04-4b60-ae42-4de2e4bea661,cfdec3c3-1f55-4c1b-bf64-7c30eaf6fc9d,9c62728c-ac74-4702-8e29-67a1d3d8974e,2025-04-25T03:58:00,1,0,1,0,1,1,1,1.0,5,5,157.0,3,4,0,1,0,2.0,0,1
51ea246d-dee5-469a-8334-3c0cfbb26d97,878b86c2-438d-4767-ad44-f8c58de74bd2,0623d574-539d-4857-bc0b-1416f1d7a664,2025-04-25T08:12:00,1,0,1,0,1,1,1,0.6667,6,4,365.0,8,4,0,0,0,2.0,0,0
69c69cba-9765-45fa-8365-d3d11624d6b3,3cad9af4-3e76-49e7-a472-17fbf3b30322,0623d574-539d-4857-bc0b-1416f1d7a664,2025-04-25T08:12:00,1,0,1,0,1,1,1,0.8333,6,5,155.0,8,4,0,0,0,2.0,0,0
8030de4d-96fa-4e79-b718-e1e8f1dd2139,7df3d0f3-a755-40a4-a102-6e1158275be1,9fb1d87d-f728-4b5c-b910-80b128881360,2025-04-25T08:12:00,1,0,0,0,1,0,1,0.3636,11,4,167.0,8,4,0,0,0,2.0,3,1
39bc7f57-d66e-455e-865b-de26883569c6,aed96858-5a79-4453-afc9-995064972c5b,0623d574-539d-4857-bc0b-1416f1d7a664,2025-04-25T08:13:00,1,0,1,0,1,1,0,0.75,12,9,261.0,8,4,0,0,0,2.0,0,0
c8ca1d57-a8f3-4b53-b3ac-bde7dc318d77,273ddb7f-7af3-44a5-b945-f6705e9f338f,0623d574-539d-4857-bc0b-1416f1d7a664,2025-04-25T08:13:00,1,1,1,0,1,1,0,0.4444,9,4,230.0,8,4,0,0,0,2.0,0,0
a6daa2d7-de7a-45ef-b429-21e690300832,3e19e0d8-1f00-40bc-8358-1472a358eb9a,0623d574-539d-4857-bc0b-1416f1d7a664,2025-04-25T08:19:00,0,0,0,0,1,1,1,0.8571,7,6,164.0,8,4,0,0,0,2.0,0,0
508a1b26-2cde-433e-9c45-563108be5edd,8d54dd37-108d-4ec9-87e8-552d73629a00,0623d574-539d-4857-bc0b-1416f1d7a664,2025-04-25T08:21:00,0,0,0,0,1,1,0,0.5,8,4,406.0,8,4,0,0,0,2.0,0,0
c2e4b006-fdea-4ee3-b2e3-ca479e281da8,62758655-2759-47fd-8cfb-18e44d2da35e,9fb1d87d-f728-4b5c-b910-80b128881360,2025-04-25T08:21:00,1,0,0,0,1,1,1,0.8571,7,6,161.0,8,4,0,0,0,2.0,3,1
1d32f49b-dc72-4dfc-b52b-3bf25620ff2d,103eb3c6-8619-4c37-b55b-6a3438e71b7a,9fb1d87d-f728-4b5c-b910-80b128881360,2025-04-25T08:22:00,0,0,0,0,0,1,0,0.1429,7,1,155.0,8,4,0,0,0,2.0,3,1
c1c2b9f1-6675-4ceb-834e-8915615bb08c,eb58213e-ba40-46c3-9d6b-38ab2414fb43,8dcc8776-b90e-45b3-aa6d-efaf5d350606,2025-04-25T10:14:00,0,0,0,0,1,0,0,0.5,2,1,192.0,10,4,0,0,1,6.0,2,1
c39c2ecf-cb38-4e40-948c-b1d32383db47,5053490e-deb6-4adb-911f-6fcef3832803,8dcc8776-b90e-45b3-aa6d-efaf5d350606,2025-04-25T10:14:00,0,0,0,0,1,1,1,0.6667,3,2,267.0,10,4,0,0,1,6.0,2,1
d1fc1193-5ff4-40e8-91ca-a4c01d99ab54,5ae18917-1ec4-457c-a836-7efc4c4c8fff,8dcc8776-b90e-45b3-aa6d-efaf5d350606,2025-04-25T10:22:00,1,1,1,0,1,1,1,0.875,8,7,235.0,10,4,0,0,1,6.0,2,1
e76db3a0-ae22-4edf-a547-bc11b998b251,4dedcbdc-081b-4f07-a1d8-a65cfe88d71e,72c501ba-4988-4b85-aeae-70bdb3c41114,2025-04-25T13:32:00,0,0,0,0,1,0,1,0.8333,6,5,193.0,13,4,0,0,1,6.0,2,1
b0f1d5c4-f3fc-4de0-9c9c-f119309aab32,fb360121-72e2-40f7-bcc1-c7c613c988c0,72c501ba-4988-4b85-aeae-70bdb3c41114,2025-04-25T13:33:00,1,0,0,0,1,1,1,1.0,6,6,365.0,13,4,0,0,1,6.0,2,1
62b46d65-466f-4ddd-b348-fafdac68ce4c,1bb18a0a-a6b4-48df-9096-d512f9773d9b,e60b9d72-41b3-4f0b-8cfe-d1a852deb4d6,2025-04-25T14:41:00,0,0,0,0,1,1,1,0.5,2,1,365.0,14,4,0,0,1,4.0,2,1
747866b3-44c0-4292-aebc-3c5bb69c114a,199debac-e563-46ab-8829-e7e1973cebc1,e60b9d72-41b3-4f0b-8cfe-d1a852deb4d6,2025-04-25T14:45:00,1,0,0,0,0,1,1,0.25,4,1,422.0,14,4,0,0,1,4.0,2,1
2494e880-f6b3-4bb2-b377-ebcf4c174bd6,5849a59e-7a49-4c31-a079-4e89867a7e98,e60b9d72-41b3-4f0b-8cfe-d1a852deb4d6,2025-04-25T14:50:00,1,0,1,0,1,1,1,0.8571,7,6,323.0,14,4,0,0,1,4.0,2,1
2731d885-b89d-4e43-b1e9-d2a2379ff8b5,cd532bc0-2367-446e-8e57-68c7cd6101f6,7df5667e-5ad3-44fb-8e19-630b35e0ad3f,2025-04-25T17:59:00,1,0,1,0,1,1,1,0.75,12,9,351.0,17,4,0,0,1,1.0,0,1
50f09d63-b57b-4b10-86d9-627468be5437,97e19e53-5b1a-48ed-959a-3b8ab801c890,7df5667e-5ad3-44fb-8e19-630b35e0ad3f,2025-04-25T18:01:00,1,0,1,0,1,1,1,0.5,4,2,303.0,18,4,0,0,0,1.0,0,1
52f16174-2de2-48fe-b717-e2d37ddedb29,64af186a-4a5e-4d8e-8b52-ff4a3c5bc1ec,7df5667e-5ad3-44fb-8e19-630b35e0ad3f,2025-04-25T18:02:00,1,0,0,0,1,1,1,0.75,4,3,320.0,18,4,0,0,0,1.0,0,1
79d8532a-09fb-449b-9869-d8680fab3002,f6612e9b-17e3-4407-bad5-87d18f75c172,7df5667e-5ad3-44fb-8e19-630b35e0ad3f,2025-04-25T18:02:00,1,0,0,0,0,1,1,0.6667,9,6,157.0,18,4,0,0,0,1.0,0,1
54cd0645-b5cf-449b-bd5a-ac832c7e6a68,90226cb0-70e6-4d51-8a71-165165d84910,7df5667e-5ad3-44fb-8e19-630b35e0ad3f,2025-04-25T18:04:00,0,0,0,0,1,1,1,0.7143,7,5,370.0,18,4,0,0,0,1.0,0,1
f6bcd4c7-f0ba-475e-9ef9-fb2ab363de27,1fac9453-e829-479d-ae5f-008babfc456d,7df5667e-5ad3-44fb-8e19-630b35e0ad3f,2025-04-25T18:05:00,1,0,0,0,1,1,1,0.4286,7,3,185.0,18,4,0,0,0,1.0,0,1
9c00fe89-ac83-4a87-9e37-bf02b5e19ec1,3b128aa7-53a1-48cc-ba33-cd0df14eac90,75765dc6-1af9-4f31-be1b-1952fdaa61c8,2025-04-25T19:28:00,1,0,0,0,1,1,0,1.0,5,5,365.0,19,4,0,0,0,2.0,2,1
a5e2c44b-5e6c-4f8e-950a-71ae4b8e7db9,b452a2de-4232-41a0-814e-2651c197f192,75765dc6-1af9-4f31-be1b-1952fdaa61c8,2025-04-25T19:28:00,0,0,0,0,1,1,1,0.0,5,0,205.0,19,4,0,0,0,2.0,2,1
5c7f9ca1-4b01-4721-87b2-c995711afe50,4d73646f-823d-4c1b-9fe9-150b22e01890,75765dc6-1af9-4f31-be1b-1952fdaa61c8,2025-04-25T19:29:00,1,0,1,0,1,1,0,0.8,5,4,365.0,19,4,0,0,0,2.0,2,1
76d5402e-efe6-40b6-8f71-2061c0d65bac,b7e02dd5-bc57-4ce1-89ca-6341da919a60,53af49a9-fd57-4d50-9136-488896315490,2025-04-25T19:51:00,1,1,1,0,1,1,1,0.8,5,4,365.0,19,4,0,0,0,2.0,1,0
30b9620c-1e32-48a4-b469-d4b17fda67a7,2c3db408-b5ed-488b-889b-94d27474e75e,7d115304-f916-45cf-9bd1-b2e89302fd6d,2025-04-25T19:53:00,1,0,1,0,1,1,1,0.7143,7,5,517.0,19,4,0,0,0,3.0,2,1
ae15587d-5c14-4445-a2e3-c6675f6ed856,f609cf6c-d0e4-48e5-9d6b-2cb379d2f51c,53af49a9-fd57-4d50-9136-488896315490,2025-04-25T19:53:00,1,1,1,0,1,1,1,0.7778,9,7,365.0,19,4,0,0,0,2.0,1,0
9887d56d-f80b-4a3e-87a5-67d266541d71,19cad05e-ae8b-4d86-b026-69fbb73b2e76,53af49a9-fd57-4d50-9136-488896315490,2025-04-25T19:55:00,1,0,0,0,1,1,1,0.8182,11,9,280.0,19,4,0,0,0,2.0,1,0
7df90a57-cfd8-4c12-b780-335e6c622e13,eeafa879-969e-4fb1-b5cc-4bb4d3216e00,53af49a9-fd57-4d50-9136-488896315490,2025-04-25T19:56:00,0,0,0,0,1,1,1,0.875,8,7,259.0,19,4,0,0,0,2.0,1,0
0cce3295-eaa7-4d95-8b95-64854bc09325,8aadad3e-4591-4c88-a738-78b84530fbda,7d115304-f916-45cf-9bd1-b2e89302fd6d,2025-04-25T19:59:00,1,0,1,0,1,1,1,0.8182,11,9,360.0,19,4,0,0,0,3.0,2,1
dd89ac85-0359-40ee-8bb8-b96ca348c28f,11955be9-03b2-4274-9002-7a2a5ae499a8,7d115304-f916-45cf-9bd1-b2e89302fd6d,2025-04-25T20:01:00,0,0,0,0,1,0,0,0.3,10,3,365.0,20,4,0,0,0,3.0,2,1
e7c91528-345f-406a-898f-7ae5cc39fa28,d9bd2841-036c-4f1f-91b6-419ea0458f8e,53af49a9-fd57-4d50-9136-488896315490,2025-04-25T20:01:00,1,0,0,0,1,1,0,0.8,5,4,223.0,20,4,0,0,0,2.0,1,0
79c75912-f3ed-4450-b2bd-e71932721826,94f4bd27-c237-4bb0-b104-cb7bb01c0fdc,7d115304-f916-45cf-9bd1-b2e89302fd6d,2025-04-25T20:02:00,0,0,1,0,0,1,0,0.6,5,3,588.0,20,4,0,0,0,3.0,2,1
badcf95c-68d3-47fe-9c79-811581b3cfbc,74de697e-ecd0-4975-8057-f21088a888b4,7d115304-f916-45cf-9bd1-b2e89302fd6d,2025-04-25T20:03:00,1,0,1,1,1,1,0,0.6111,18,11,365.0,20,4,0,0,0,3.0,2,1
3a8ae695-429f-479e-8db3-d2e9c557fa0b,846be435-a2e1-4850-bad5-07de99099078,7d115304-f916-45cf-9bd1-b2e89302fd6d,2025-04-25T20:04:00,1,0,1,0,1,1,1,1.0,12,12,176.0,20,4,0,0,0,3.0,2,1
93dda48c-0253-46aa-9058-c5b7cfc9c804,b0102217-6663-410d-8e4b-e802cddf4baa,ee149707-4b0c-4176-a74e-5c49d46f8858,2025-04-25T22:50:00,1,0,0,0,1,1,1,0.75,12,9,171.0,22,4,0,1,0,3.0,3,0
767a6879-f4de-49e6-8391-11dc65f03540,5d834b3d-0d58-4d16-bdc4-32869531ea10,ee149707-4b0c-4176-a74e-5c49d46f8858,2025-04-25T22:58:00,1,1,1,0,1,1,1,0.8333,6,5,160.0,22,4,0,1,0,3.0,3,0
e89b649b-fd9c-4156-86d5-7b1e8c46809b,fe22cac5-c785-4cc2-a706-9b3cbd277ddf,7080077f-9164-4bef-aac5-f9b31255639e,2025-04-25T23:09:00,1,1,1,0,1,1,1,1.0,6,6,338.0,23,4,0,1,0,2.0,1,1
e8653ee2-ec4a-4653-ad67-f72c558c3137,19e65af6-da1e-4052-bf71-1659737f5cc7,7080077f-9164-4bef-aac5-f9b31255639e,2025-04-25T23:11:00,0,0,0,0,1,1,1,0.9,10,9,439.0,23,4,0,1,0,2.0,1,1
49c9d9ba-6b4a-4ca5-bc41-0cad1cbe5f05,05088ba7-5428-4853-8cc9-e76f460fddd4,7080077f-9164-4bef-aac5-f9b31255639e,2025-04-25T23:16:00,1,0,0,0,1,1,1,0.6667,9,6,243.0,23,4,0,1,0,2.0,1,1
953cc9b1-8c0c-4146-94d2-33a90704da4f,02e664d4-0b6a-4921-9a18-18529c0b46fb,7080077f-9164-4bef-aac5-f9b31255639e,2025-04-25T23:22:00,1,1,1,0,1,1,1,0.75,8,6,365.0,23,4,0,1,0,2.0,1,1
5b5ff775-6dca-4ede-836d-509684b7a5f7,4adfcc20-75f4-424d-8645-1ab7b11ade80,0d6d0f34-542e-444e-9c1c-a88ad8269419,2025-04-26T03:02:00,1,1,1,0,1,1,1,0.7143,7,5,219.0,3,5,1,1,0,2.0,1,1
62dd3c68-2573-4692-aea1-2af3fb2558f5,19e65af6-da1e-4052-bf71-1659737f5cc7,0d6d0f34-542e-444e-9c1c-a88ad8269419,2025-04-26T03:03:00,1,1,1,0,1,1,1,0.8182,11,9,440.0,3,5,1,1,0,2.0,1,1
647a2fe2-2e74-470a-94c9-5a936d968385,e07bda41-053d-4aac-9836-2124ef24f237,0d6d0f34-542e-444e-9c1c-a88ad8269419,2025-04-26T03:07:00,1,0,1,0,1,1,1,0.8333,6,5,169.0,3,5,1,1,0,2.0,1,1
e5db1e18-524e-4261-b5e4-80a45f722625,ab824e7b-6c52-415c-9b45-3252ae8f2969,0d6d0f34-542e-444e-9c1c-a88ad8269419,2025-04-26T03:08:00,1,1,1,0,1,1,1,0.7778,9,7,197.0,3,5,1,1,0,2.0,1,1
85386d18-5bce-4f8f-9f02-c6dcdd8d16ff,68cf86cf-66aa-443c-ae5b-e601c8cc76c7,0ad4d87b-c61f-4184-baf4-6b175194c5ac,2025-04-26T04:23:00,0,0,0,0,1,1,0,0.6667,9,6,365.0,4,5,1,1,0,1.0,0,1
bff88aec-3551-4f0c-9cf1-a4164e93ca16,d2112070-a709-4a6f-a1fe-b83a282d0da2,0ad4d87b-c61f-4184-baf4-6b175194c5ac,2025-04-26T04:25:00,0,1,1,0,1,1,1,0.8182,11,9,365.0,4,5,1,1,0,1.0,0,1
dc40ecf5-12cf-44c7-8f38-26287081cc0d,199debac-e563-46ab-8829-e7e1973cebc1,0ad4d87b-c61f-4184-baf4-6b175194c5ac,2025-04-26T04:27:00,0,0,0,0,0,1,1,0.4,5,2,423.0,4,5,1,1,0,1.0,0,1
7624ce6b-11aa-4e80-980b-5d45d84c7688,553294c5-4565-4d5a-a069-6e8126905be4,b49ff9ea-aa8a-4301-b123-8fbe80f390ef,2025-04-26T07:17:00,1,1,1,0,1,1,0,0.4,10,4,239.0,7,5,1,0,0,3.0,1,0
cf10d607-6c93-40a8-85cd-d4b640cdbfda,bf16397a-e456-456e-98bd-2730736c43f3,b49ff9ea-aa8a-4301-b123-8fbe80f390ef,2025-04-26T07:17:00,0,0,1,0,1,0,1,0.6667,9,6,236.0,7,5,1,0,0,3.0,1,0
12e3fe96-0dde-4998-9ff9-55224627ff69,f44d8cd1-1833-4e30-b14f-417870b4502a,b49ff9ea-aa8a-4301-b123-8fbe80f390ef,2025-04-26T07:18:00,1,1,1,0,1,1,1,0.5,4,2,515.0,7,5,1,0,0,3.0,1,0
15527c64-c52d-4b4b-82f3-df944b45ce04,626cbf28-4c14-4dc1-a51b-9a94ba59000e,b49ff9ea-aa8a-4301-b123-8fbe80f390ef,2025-04-26T07:25:00,0,1,1,0,1,0,0,0.5,6,3,365.0,7,5,1,0,0,3.0,1,0
e7ec17e0-ad71-46c3-b02c-1aef64317b5a,5ae18917-1ec4-457c-a836-7efc4c4c8fff,b49ff9ea-aa8a-4301-b123-8fbe80f390ef,2025-04-26T07:28:00,1,0,1,0,1,1,1,0.8889,9,8,236.0,7,5,1,0,0,3.0,1,0
88b7d2b5-489d-4aac-a544-c3af8383e047,c4ccc935-dd86-4d48-92ab-3e02bfbbdedd,b51c8b05-f751-47ec-bb8b-489d1f21264a,2025-04-26T08:53:00,1,0,1,0,1,1,1,0.8333,6,5,161.0,8,5,1,0,0,2.0,1,1
0c740053-b2cc-4d9d-87f4-5fddeb646f7b,5d69d39a-573c-4fc2-b61f-084eeb974f10,b51c8b05-f751-47ec-bb8b-489d1f21264a,2025-04-26T08:56:00,1,1,1,0,1,0,1,0.375,8,3,365.0,8,5,1,0,0,2.0,1,1
df0ce568-8490-419a-a17e-555778b3d9c7,bc7ffdff-d62a-437c-9957-5c8739b97d73,0a31d359-0ddb-4f43-8550-16080f4187aa,2025-04-26T10:52:00,1,0,1,0,1,1,1,0.6667,9,6,147.0,10,5,1,0,0,2.0,2,1
c7a5fe83-bb17-49b8-946c-bbef4721fa7e,62dcf5be-c7c7-4332-ba46-a97ff4593dd6,0a31d359-0ddb-4f43-8550-16080f4187aa,2025-04-26T10:53:00,0,0,0,0,1,1,1,0.7143,7,5,145.0,10,5,1,0,0,2.0,2,1
68fdc4bc-9bc9-46e6-8b4a-cad5a06e0d02,887c04b7-3558-4cd6-b634-cf5a4cd93877,8115eb6b-3b8d-44af-b89b-69185711e241,2025-04-26T10:54:00,1,0,0,0,1,1,1,1.0,8,8,365.0,10,5,1,0,0,2.0,1,0
3c5dbda2-74aa-47f2-a43a-fe34d38d1273,b822f3f2-bc12-474d-9f5a-b3cef19341f0,8115eb6b-3b8d-44af-b89b-69185711e241,2025-04-26T10:57:00,1,0,0,0,1,1,1,0.6667,12,8,365.0,10,5,1,0,0,2.0,1,0
04a729e5-6526-47ed-b249-df064d28b2c7,2fc6a399-7cab-4c0f-b2eb-9ae8bc2e8ef3,8115eb6b-3b8d-44af-b89b-69185711e241,2025-04-26T10:58:00,0,0,0,0,1,1,0,0.25,4,1,192.0,10,5,1,0,0,2.0,1,0
1b5f4937-3249-4815-bb56-75e8f142c1a1,6fe6108b-0137-4ed4-bb54-e1ed13a743e9,0a31d359-0ddb-4f43-8550-16080f4187aa,2025-04-26T10:58:00,1,0,1,0,1,1,1,1.0,7,7,353.0,10,5,1,0,0,2.0,2,1
99c84ffc-1f98-4ad8-8efe-879adacce2e3,8ffc4077-593e-43ff-990a-16a84fd422b4,0a31d359-0ddb-4f43-8550-16080f4187aa,2025-04-26T10:59:00,1,0,1,1,1,1,1,0.75,4,3,365.0,10,5,1,0,0,2.0,2,1
2d78948b-83ed-48af-b95a-6a999d8e2049,fdd10e56-22de-4a56-98b8-fcf4cc56744d,0a31d359-0ddb-4f43-8550-16080f4187aa,2025-04-26T11:00:00,0,0,0,0,1,1,1,0.7143,7,5,180.0,11,5,1,0,0,2.0,2,1
57ff4675-6959-46c2-9b52-b6153fd2132c,273ddb7f-7af3-44a5-b945-f6705e9f338f,8115eb6b-3b8d-44af-b89b-69185711e241,2025-04-26T11:00:00,1,0,0,0,1,1,0,0.5,10,5,231.0,11,5,1,0,0,2.0,1,0
b564b736-fdbe-4083-86c8-0adb8785b30c,556bf703-12c9-40e6-98a3-1835bb3d53a7,0a31d359-0ddb-4f43-8550-16080f4187aa,2025-04-26T11:01:00,0,0,0,0,1,1,0,0.5,6,3,365.0,11,5,1,0,0,2.0,2,1
b6aba341-3599-456e-b67b-efe8909d1964,3e9272f3-ed0f-4e1e-9e75-ffeefc9ff8be,d4dbe096-c246-4e4e-9e4e-e5296fe0d66d,2025-04-26T14:51:00,0,0,0,0,1,1,0,0.5714,7,4,382.0,14,5,1,0,0,3.0,1,0
6482ca54-38f0-47c5-abc2-1d6d23496b00,d346ac11-9b08-4a8a-b887-845a17ae7266,d4dbe096-c246-4e4e-9e4e-e5296fe0d66d,2025-04-26T14:53:00,1,0,1,0,1,1,1,0.9,10,9,638.0,14,5,1,0,0,3.0,1,0
5df49615-5112-49cb-ad6b-1e3403a3fe72,29863a10-f78d-4e41-9aa9-3e446b4fe73f,d4dbe096-c246-4e4e-9e4e-e5296fe0d66d,2025-04-26T14:55:00,0,0,0,0,1,1,0,0.75,8,6,170.0,14,5,1,0,0,3.0,1,0
dc234903-cad0-4567-846c-97e17ad938bf,f7f1655c-f8c2-4296-91c4-9f8f570ad765,d4dbe096-c246-4e4e-9e4e-e5296fe0d66d,2025-04-26T14:57:00,1,0,0,0,1,1,1,0.8824,17,15,150.0,14,5,1,0,0,3.0,1,0
5374b751-0f0a-46ac-ae12-052c1b71e53f,445beb91-c8f4-47ed-b5c7-e8a70759c76b,d4dbe096-c246-4e4e-9e4e-e5296fe0d66d,2025-04-26T15:01:00,1,1,1,0,1,1,1,1.0,8,8,174.0,15,5,1,0,0,3.0,1,0
b04c76d5-5c7d-4525-bb21-98f06616e731,cd36ff59-5ea4-42e6-93c5-5e86da3a1bf9,c8373f70-1833-47e3-a836-5a9f41b799c3,2025-04-26T15:45:00,1,0,1,0,1,0,1,1.0,7,7,365.0,15,5,1,0,0,2.0,1,0
c3278a88-8c24-4e9e-a307-157a65d7c8c9,5d834b3d-0d58-4d16-bdc4-32869531ea10,c8373f70-1833-47e3-a836-5a9f41b799c3,2025-04-26T15:46:00,1,1,1,0,1,1,1,0.8571,7,6,161.0,15,5,1,0,0,2.0,1,0
a755a131-1c6c-4fef-99fb-1447e65300d1,5849a59e-7a49-4c31-a079-4e89867a7e98,b1429a89-613d-4f32-b735-2e1fd19535eb,2025-04-26T17:52:00,1,1,1,0,1,1,1,0.875,8,7,324.0,17,5,1,0,0,4.0,1,1
9f3a6eac-889a-43a0-9eca-2cebfccc9b57,4eee87b4-abdd-4100-ad14-aaafa8fd5f81,b1429a89-613d-4f32-b735-2e1fd19535eb,2025-04-26T17:56:00,0,1,1,0,1,1,1,1.0,3,3,215.0,17,5,1,0,0,4.0,1,1
b2a699f4-2c91-40a4-ab49-5c832d924e08,763f9657-b714-4ebf-a75d-03a0bd961883,b1429a89-613d-4f32-b735-2e1fd19535eb,2025-04-26T17:58:00,1,1,1,0,1,1,1,1.0,7,7,713.0,17,5,1,0,0,4.0,1,1
ad0224b3-8660-4fd6-95db-acd28e664edb,00924f36-733f-4345-a507-751101551a9c,b1429a89-613d-4f32-b735-2e1fd19535eb,2025-04-26T18:05:00,1,0,0,0,1,1,1,1.0,4,4,238.0,18,5,1,0,0,4.0,1,1
0454d4da-f2a8-42f3-9449-a5362a4db9e2,2c4d68b2-c9d6-4244-9ac3-ce7b208c9147,771e0370-b378-4bad-adc5-83d70c6f326f,2025-04-26T19:39:00,1,0,0,0,1,1,1,0.875,8,7,166.0,19,5,1,0,0,6.0,1,1
666ae96d-d9b8-4980-a241-69be7b3813dd,6c25e2ff-8bc0-4abc-a978-052ba5e4650a,771e0370-b378-4bad-adc5-83d70c6f326f,2025-04-26T19:41:00,1,1,1,0,1,1,1,1.0,16,16,222.0,19,5,1,0,0,6.0,1,1
ae94d0c4-db06-4cda-9ccb-f42654e86134,f6c6d337-db40-4e0d-a2a5-3f792a85ae63,771e0370-b378-4bad-adc5-83d70c6f326f,2025-04-26T19:43:00,1,1,1,0,1,1,1,0.5,2,1,365.0,19,5,1,0,0,6.0,1,1
9f3cec41-9ce3-4a02-a96d-c63e0551db72,346ece9f-9eed-4c58-95d7-1c3e38d7cceb,771e0370-b378-4bad-adc5-83d70c6f326f,2025-04-26T19:45:00,0,0,0,0,1,1,1,0.8,10,8,365.0,19,5,1,0,0,6.0,1,1
4728e0d6-45c7-48a0-b87a-0ba69b26909e,a9192324-9347-4f6f-998a-20066ce0209e,771e0370-b378-4bad-adc5-83d70c6f326f,2025-04-26T19:46:00,1,0,0,0,1,1,0,0.5,6,3,339.0,19,5,1,0,0,6.0,1,1
65acce8b-a3e1-4659-aab3-c44a61db7c8c,a92ac821-12c7-40b8-bbb8-e287da0564eb,771e0370-b378-4bad-adc5-83d70c6f326f,2025-04-26T19:51:00,1,0,0,0,1,1,1,0.5455,11,6,365.0,19,5,1,0,0,6.0,1,1
e7f777c9-7b6e-4f6d-8226-41ad54d9b7d0,6982ca50-e7c0-467d-8a70-8533e3077bd9,316df559-b9b7-4220-909b-a4dbbb0f0411,2025-04-26T20:44:00,1,0,0,0,1,1,1,1.0,3,3,365.0,20,5,1,0,0,2.0,3,1
c259ff57-827f-41d7-b638-56872c1258a6,c16201b1-943e-4c96-8b98-654faa1c4f67,316df559-b9b7-4220-909b-a4dbbb0f0411,2025-04-26T20:47:00,0,0,0,0,1,1,1,0.75,4,3,161.0,20,5,1,0,0,2.0,3,1
ec45e075-7c58-41d6-9e43-9c30b70d6399,9b2d4384-c4a9-4135-8458-c0c14e077dce,316df559-b9b7-4220-909b-a4dbbb0f0411,2025-04-26T20:48:00,1,0,0,0,1,1,1,0.8333,6,5,225.0,20,5,1,0,0,2.0,3,1
d8cd2763-6356-43db-8e2a-5438416264b5,02e664d4-0b6a-4921-9a18-18529c0b46fb,316df559-b9b7-4220-909b-a4dbbb0f0411,2025-04-26T20:51:00,1,0,0,0,1,1,1,0.7778,9,7,365.0,20,5,1,0,0,2.0,3,1
42a552f4-c916-498d-baba-9f6d5e530731,5805c9e4-e8a0-4c33-9ca3-70004d94c948,65e005aa-b24c-4fe6-88bf-f0e15c6c6a22,2025-04-26T22:12:00,1,0,1,0,1,1,1,1.0,9,9,332.0,22,5,1,1,0,4.0,1,0
3a4542ac-eb70-4e90-a0e8-6e011b5f7da3,273ddb7f-7af3-44a5-b945-f6705e9f338f,65e005aa-b24c-4fe6-88bf-f0e15c6c6a22,2025-04-26T22:17:00,0,0,0,0,1,1,0,0.5455,11,6,231.0,22,5,1,1,0,4.0,1,0
ee69757e-532b-4bc9-80fc-a02875b26a95,a927ec13-1431-4870-8c63-e98dc7bad4b8,65e005aa-b24c-4fe6-88bf-f0e15c6c6a22,2025-04-26T22:18:00,1,0,1,0,1,1,1,0.8333,6,5,164.0,22,5,1,1,0,4.0,1,0
a25069ee-0490-443d-a9b3-1c913f0ba159,4b933cd5-19a8-4e2e-8322-78978d1bb4b2,65e005aa-b24c-4fe6-88bf-f0e15c6c6a22,2025-04-26T22:22:00,0,0,1,0,1,0,1,0.75,8,6,365.0,22,5,1,1,0,4.0,1,0
b1381037-15db-4bd7-a5e6-31ccd8f9b287,0a75681e-3c8c-4c6e-aee4-3ed6e64484f2,65e005aa-b24c-4fe6-88bf-f0e15c6c6a22,2025-04-26T22:23:00,0,0,1,0,1,1,1,0.6667,6,4,406.0,22,5,1,1,0,4.0,1,0
28d9d27b-8d2e-47a5-99d2-0cc8b7a65412,415a8ed8-6bf8-47ec-9265-7eacc19a825f,65e005aa-b24c-4fe6-88bf-f0e15c6c6a22,2025-04-26T22:25:00,1,0,1,0,1,1,1,0.7143,7,5,365.0,22,5,1,1,0,4.0,1,0
1f0605fa-397c-46db-8349-aa27ef883093,0f830c26-3d4f-4cf5-81cf-08041535d161,3d5d5a76-01d4-4fe6-959c-df1a894ba50c,2025-04-27T02:44:00,0,0,0,0,1,0,1,0.6923,13,9,211.0,2,6,1,1,0,4.0,3,1
98f138c6-5064-49da-8acb-0317fa6583cc,b7b35df4-cc30-48d4-b856-21583b9c43c1,3d5d5a76-01d4-4fe6-959c-df1a894ba50c,2025-04-27T02:50:00,0,0,1,0,1,1,1,0.8,5,4,486.0,2,6,1,1,0,4.0,3,1
9807b795-8665-4945-a8e4-5298ad8f8bd6,4ca593a6-6883-4ff4-b14b-a47593e71ecc,14a75ce2-f6aa-4642-b364-0b5cb0263a8d,2025-04-27T02:54:00,1,0,0,0,1,1,1,0.7692,13,10,217.0,2,6,1,1,0,2.0,0,0
d22fcadf-96b3-46fa-a384-b208857d8a8f,6c5114ec-b8e2-4c74-8e20-93ded422c3b1,14a75ce2-f6aa-4642-b364-0b5cb0263a8d,2025-04-27T02:54:00,0,0,0,0,1,0,0,0.625,8,5,157.0,2,6,1,1,0,2.0,0,0
8102675e-6851-4fa8-b32d-d675edfb6a7f,346ece9f-9eed-4c58-95d7-1c3e38d7cceb,14a75ce2-f6aa-4642-b364-0b5cb0263a8d,2025-04-27T02:58:00,0,0,0,0,1,1,1,0.7273,11,8,365.0,2,6,1,1,0,2.0,0,0
9161994f-a7db-445c-af8a-83e0507b61d9,6a793798-198b-46b9-85cd-0ec03d79cc88,14a75ce2-f6aa-4642-b364-0b5cb0263a8d,2025-04-27T02:59:00,1,0,0,0,1,1,1,1.0,5,5,192.0,2,6,1,1,0,2.0,0,0
963d7bb4-2741-4cd8-8b41-f5f3c0e7d173,b16f7848-a2a4-4c2c-8a3b-0bf76ecdf857,14a75ce2-f6aa-4642-b364-0b5cb0263a8d,2025-04-27T02:59:00,0,0,0,0,0,1,1,1.0,8,8,365.0,2,6,1,1,0,2.0,0,0
c158bc3d-752f-492e-aadd-88c6c67341d1,030d9e23-9b13-43d8-8711-c5c4d8470363,14a75ce2-f6aa-4642-b364-0b5cb0263a8d,2025-04-27T03:02:00,1,0,0,0,1,1,1,0.9,10,9,219.0,3,6,1,1,0,2.0,0,0
c7422b22-ccb6-4e3e-b46d-6cb5051351d4,4b0c223e-3977-4c3a-96bc-a4febeb624c3,4b2dca0c-5c5b-40dd-b22f-8a1cbb63dff2,2025-04-27T04:46:00,1,1,1,0,1,1,1,0.8333,6,5,160.0,4,6,1,1,0,6.0,1,1
d043d6c2-a469-43f4-9abb-f9dbb0735938,8342ece1-dc13-431d-b735-f045953e170d,4b2dca0c-5c5b-40dd-b22f-8a1cbb63dff2,2025-04-27T04:46:00,0,1,1,0,1,1,0,0.1429,7,1,183.0,4,6,1,1,0,6.0,1,1
cee024bd-899b-4771-9712-af30afae897d,556bf703-12c9-40e6-98a3-1835bb3d53a7,4b2dca0c-5c5b-40dd-b22f-8a1cbb63dff2,2025-04-27T04:47:00,0,0,0,0,1,1,0,0.4286,7,3,365.0,4,6,1,1,0,6.0,1,1
fb39ca8b-0f37-4da5-97cb-85b61269e774,950e5213-a1b0-4cdc-9127-044adb973cb5,4b2dca0c-5c5b-40dd-b22f-8a1cbb63dff2,2025-04-27T04:49:00,1,0,0,0,1,1,0,0.5,6,3,365.0,4,6,1,1,0,6.0,1,1
f336d9e3-d8b4-438a-be8f-1298dd7268cf,3b1c0630-6304-4f24-90a0-39e3fd579418,4b2dca0c-5c5b-40dd-b22f-8a1cbb63dff2,2025-04-27T04:50:00,1,1,1,0,1,0,0,0.2857,7,2,248.0,4,6,1,1,0,6.0,1,1
1c0956ab-cd9b-4163-b334-cac81e851ddf,c3fb4684-c1e0-4da0-a54b-9e8f789026c2,f5797968-13bf-427b-9960-309b01f1f7dd,2025-04-27T08:52:00,1,0,0,0,1,1,1,1.0,4,4,531.0,8,6,1,0,0,4.0,2,1
efc6f71d-9b91-4fca-b266-fac3eb023e07,54d5caa7-5a58-4175-a139-ece2d4e285d1,f5797968-13bf-427b-9960-309b01f1f7dd,2025-04-27T08:52:00,1,0,0,0,0,1,1,0.5714,7,4,210.0,8,6,1,0,0,4.0,2,1
dcb1cdec-80fe-4424-a91c-87e1dc128317,e5932f7a-3ade-43d3-b57c-3dd00eae2d48,f5797968-13bf-427b-9960-309b01f1f7dd,2025-04-27T08:53:00,1,0,0,0,0,1,1,0.75,4,3,187.0,8,6,1,0,0,4.0,2,1
f363f100-cc33-4aff-a85c-847df6b69422,d0a96683-1429-46b7-a70f-c0a765bdce73,f5797968-13bf-427b-9960-309b01f1f7dd,2025-04-27T08:54:00,1,0,0,0,1,1,1,0.8,5,4,203.0,8,6,1,0,0,4.0,2,1
97585468-9e62-466a-a612-7697a7ec4be6,c4a4b614-90de-4794-a555-76f6159de789,f5797968-13bf-427b-9960-309b01f1f7dd,2025-04-27T08:56:00,1,0,0,0,1,1,1,1.0,7,7,281.0,8,6,1,0,0,4.0,2,1
0142e65b-41f7-431d-8f60-ba380febc694,b55baffe-83af-4af1-b800-2efe44d895fa,f5797968-13bf-427b-9960-309b01f1f7dd,2025-04-27T09:02:00,0,0,0,0,0,1,1,0.75,4,3,206.0,9,6,1,0,0,4.0,2,1
8dc2690e-cb58-4971-aa61-d871d28f9bb2,4eee87b4-abdd-4100-ad14-aaafa8fd5f81,27f34b62-3bb5-4267-a571-f2339c9316ae,2025-04-27T18:42:00,1,0,1,0,1,1,1,0.75,4,3,216.0,18,6,1,0,0,2.0,2,0
c4098404-5013-4cf5-8688-bcc5f28c7b83,b0102217-6663-410d-8e4b-e802cddf4baa,27f34b62-3bb5-4267-a571-f2339c9316ae,2025-04-27T18:42:00,1,1,1,0,1,1,1,0.7692,13,10,173.0,18,6,1,0,0,2.0,2,0
f5facd29-45eb-4132-9f23-140b3170f419,78548b9a-a9e8-46f5-9d4b-45f2377b352b,27f34b62-3bb5-4267-a571-f2339c9316ae,2025-04-27T18:49:00,1,1,1,0,1,0,1,0.5714,7,4,380.0,18,6,1,0,0,2.0,2,0
0a8dd1e6-844e-4aa3-b2b4-d53a85d511f6,f09d1541-147b-4b19-b485-f9ad246bf702,27f34b62-3bb5-4267-a571-f2339c9316ae,2025-04-27T18:50:00,1,1,1,0,1,1,1,0.75,4,3,147.0,18,6,1,0,0,2.0,2,0
2734da95-c0b3-4c1c-8720-daa3562fc1bd,2c3db408-b5ed-488b-889b-94d27474e75e,9235003d-3989-4941-9cca-670f926817fa,2025-04-27T21:27:00,1,1,1,0,1,1,1,0.75,8,6,519.0,21,6,1,0,0,2.0,2,0
b31d05ba-bc18-42d1-ad1f-0951a3c52f34,7dce07a7-bf0e-49d0-8e10-0fae45654bf0,9235003d-3989-4941-9cca-670f926817fa,2025-04-27T21:29:00,1,1,1,0,0,1,0,0.6667,15,10,166.0,21,6,1,0,0,2.0,2,0
e2812ecd-c755-403f-b8f1-35d5e2b4ff0e,7689a61a-5823-4dd9-8e3c-29c2d4415219,7aa548ac-fe9c-4bbc-80f6-7507a7fb0822,2025-04-28T00:03:00,0,0,0,0,1,1,0,0.6667,9,6,365.0,0,0,0,1,0,6.0,1,1
d6902769-f8ae-4781-a849-d477b7935e3a,05088ba7-5428-4853-8cc9-e76f460fddd4,7aa548ac-fe9c-4bbc-80f6-7507a7fb0822,2025-04-28T00:09:00,0,0,0,0,1,1,1,0.7,10,7,246.0,0,0,0,1,0,6.0,1,1
bf265381-936c-47ff-baa7-79e2450c3f3b,6505256d-ee75-49c0-889a-900cd074daa4,7aa548ac-fe9c-4bbc-80f6-7507a7fb0822,2025-04-28T00:11:00,1,1,1,0,0,1,1,1.0,3,3,188.0,0,0,0,1,0,6.0,1,1
6298f6ed-d9ad-4cc1-9fda-685d498e0c4f,15e8b88b-3071-48e6-b989-88d3d4c35e68,9cd1d4b5-8d3a-4b12-a773-7bf5aa93bb55,2025-04-28T10:43:00,0,0,0,0,1,1,1,0.8333,6,5,150.0,10,0,0,0,1,6.0,1,0
2e698a07-363b-48df-b600-482f9a35e6e6,8cd1af9c-4aae-4740-868c-146279a15912,9cd1d4b5-8d3a-4b12-a773-7bf5aa93bb55,2025-04-28T10:46:00,0,0,0,0,1,1,1,0.0,2,0,414.0,10,0,0,0,1,6.0,1,0
610c6a36-c6dd-4e77-9267-89426d13519c,7fe949fd-61b1-475a-8c19-580e4b0b98a7,9cd1d4b5-8d3a-4b12-a773-7bf5aa93bb55,2025-04-28T10:49:00,1,0,0,0,1,1,1,0.5714,7,4,215.0,10,0,0,0,1,6.0,1,0
14757263-a0be-4cea-ba50-fe647216240a,1f07a96f-aedb-4b8a-b298-4bb359530928,9cd1d4b5-8d3a-4b12-a773-7bf5aa93bb55,2025-04-28T10:50:00,1,0,0,0,0,0,1,1.0,3,3,336.0,10,0,0,0,1,6.0,1,0
b1d95441-8790-4577-bde8-0059c1a675c0,0db56994-7b77-4dee-bd9c-894ba39fcd46,9cd1d4b5-8d3a-4b12-a773-7bf5aa93bb55,2025-04-28T10:54:00,1,0,0,0,1,1,0,0.7778,9,7,208.0,10,0,0,0,1,6.0,1,0
f03eae94-06f2-412a-b67a-63ea59683aef,5805c9e4-e8a0-4c33-9ca3-70004d94c948,9cd1d4b5-8d3a-4b12-a773-7bf5aa93bb55,2025-04-28T10:54:00,0,0,0,0,1,1,1,1.0,10,10,334.0,10,0,0,0,1,6.0,1,0
8f2e5be1-5a6f-4299-95a3-295ffbf156fc,f9c29be2-ddc0-4390-8bf7-68d4469a289f,f1f301d2-cd29-4355-b05d-6d8875a833be,2025-04-28T12:24:00,1,1,1,0,1,0,1,1.0,3,3,365.0,12,0,0,0,1,3.0,1,1
6014c590-315e-4588-934c-c524ceeb3eab,2b53fe55-2a72-4432-a6b9-13c5a851be2a,f1f301d2-cd29-4355-b05d-6d8875a833be,2025-04-28T12:25:00,1,1,1,0,1,1,1,0.9167,12,11,198.0,12,0,0,0,1,3.0,1,1
2e7e8141-ac06-4ccb-b7f9-6f53c56232b2,bf8e736f-22d8-4087-bff3-6507e937c56f,f1f301d2-cd29-4355-b05d-6d8875a833be,2025-04-28T12:28:00,1,0,0,0,1,0,1,1.0,2,2,255.0,12,0,0,0,1,3.0,1,1
16699840-fe93-4795-9027-c26236e5daa8,c4407f72-aaa4-45db-935c-f0c2d2f7c518,f1f301d2-cd29-4355-b05d-6d8875a833be,2025-04-28T12:29:00,1,1,1,0,1,0,1,0.5,4,2,150.0,12,0,0,0,1,3.0,1,1
579140f4-68e3-4cfe-89fc-d46e4d4a47a2,94f4bd27-c237-4bb0-b104-cb7bb01c0fdc,f1f301d2-cd29-4355-b05d-6d8875a833be,2025-04-28T12:33:00,1,0,1,0,0,1,0,0.5,6,3,591.0,12,0,0,0,1,3.0,1,1
9b55b89d-06ee-4563-a975-7c3527b290d8,7ce3dda1-de53-4002-8f7b-0cd22da8ea06,f1f301d2-cd29-4355-b05d-6d8875a833be,2025-04-28T12:33:00,0,0,1,0,1,1,1,0.6667,6,4,486.0,12,0,0,0,1,3.0,1,1
9c86be49-db3a-4571-ae5c-787e81464677,40e2e31f-1e2d-4f70-9de8-91ad096fe41a,0c37b9ab-a4fe-483f-b70d-f20af4fb0ddb,2025-04-28T20:19:00,0,0,0,0,1,1,1,0.8,10,8,164.0,20,0,0,0,0,3.0,0,1
23d2e242-c734-45d7-81fe-2c31bd63078c,3cad9af4-3e76-49e7-a472-17fbf3b30322,0c37b9ab-a4fe-483f-b70d-f20af4fb0ddb,2025-04-28T20:25:00,1,0,0,0,1,1,1,0.8571,7,6,158.0,20,0,0,0,0,3.0,0,1
6ff6ce85-f008-4e39-ab83-9c7e73d37ad3,deac09c6-92df-437d-890a-ec1f48406829,0c37b9ab-a4fe-483f-b70d-f20af4fb0ddb,2025-04-28T20:25:00,0,0,0,0,1,0,0,1.0,6,6,156.0,20,0,0,0,0,3.0,0,1
0cf3332f-9e41-4d95-a23a-c9854f086cd3,950e5213-a1b0-4cdc-9127-044adb973cb5,6a22849b-1a0a-454c-b328-a7c636dab3b5,2025-04-29T02:33:00,0,0,0,0,1,1,0,0.5714,7,4,365.0,2,1,0,1,0,3.0,2,1
27a50862-6658-405b-855f-bfccfd0f6c2e,12cb054b-3ad8-409d-879c-911bba186c06,6a22849b-1a0a-454c-b328-a7c636dab3b5,2025-04-29T02:42:00,0,0,0,0,1,1,1,1.0,6,6,151.0,2,1,0,1,0,3.0,2,1
0d530754-6dac-461f-94c2-8603c9233857,f7f1655c-f8c2-4296-91c4-9f8f570ad765,6a22849b-1a0a-454c-b328-a7c636dab3b5,2025-04-29T02:45:00,1,0,0,0,1,1,1,0.8889,18,16,153.0,2,1,0,1,0,3.0,2,1
a7132dc4-eb96-4370-b817-96af7f59401b,664b1167-88df-4fdd-afcb-3e9296fb4ad6,05142adc-0811-4108-b4ac-7172ccc956bc,2025-04-29T05:29:00,0,0,0,0,1,1,1,1.0,12,12,245.0,5,1,0,1,0,4.0,3,1
b9485866-74ea-4671-9a3c-1b7aa6c92c67,4d73646f-823d-4c1b-9fe9-150b22e01890,05142adc-0811-4108-b4ac-7172ccc956bc,2025-04-29T05:29:00,1,1,1,0,1,1,0,0.8333,6,5,365.0,5,1,0,1,0,4.0,3,1
8a8f35c1-abd2-4912-b168-55cea6e168dd,b31f3223-35d1-446c-9991-79665d0b1ef3,05142adc-0811-4108-b4ac-7172ccc956bc,2025-04-29T05:32:00,1,1,1,0,1,1,1,0.6667,12,8,175.0,5,1,0,1,0,4.0,3,1
fc01e81e-6fc1-421b-9e47-4594315063e6,b7b35df4-cc30-48d4-b856-21583b9c43c1,a772d977-7115-4f6d-8c55-474351fa89f9,2025-04-29T05:52:00,1,1,1,0,1,1,1,0.6667,6,4,488.0,5,1,0,1,0,2.0,2,1
5387e0c1-d520-4c00-b20c-c53c4eec47b5,763f9657-b714-4ebf-a75d-03a0bd961883,a772d977-7115-4f6d-8c55-474351fa89f9,2025-04-29T05:59:00,1,1,1,0,1,1,1,1.0,8,8,716.0,5,1,0,1,0,2.0,2,1
c7ac0bfd-b24a-4b03-a8b1-7c2a2df22985,c4fe67ef-e054-4697-9543-263f3f2dd3c7,9256614e-ef70-4c77-8e57-45b829c3140a,2025-04-29T16:03:00,1,0,1,0,0,1,0,0.7143,7,5,181.0,16,1,0,0,1,4.0,1,1
f3ba3c78-a538-43b5-8ea9-f03d3b7ef6fe,ed732f11-698a-40e6-8fab-9a1b078261d2,9256614e-ef70-4c77-8e57-45b829c3140a,2025-04-29T16:03:00,1,0,1,0,1,1,0,0.8333,12,10,365.0,16,1,0,0,1,4.0,1,1
8985462b-a3fc-4f1f-846c-a8b5e6b4e25f,6505256d-ee75-49c0-889a-900cd074daa4,9256614e-ef70-4c77-8e57-45b829c3140a,2025-04-29T16:09:00,1,0,1,0,0,1,1,1.0,4,4,189.0,16,1,0,0,1,4.0,1,1
7ec27565-8e17-41cb-81bc-aa9e6dfd7f9c,cc255119-86e4-43ad-b1f0-6c24ac17d920,8f69dab5-f823-4df5-94bd-2d3d2a0c5caf,2025-04-29T19:23:00,0,0,0,0,1,1,1,0.7692,13,10,365.0,19,1,0,0,0,4.0,1,1
99635d40-c2fb-4a49-ab59-78f0353f7d4a,7b16f6d6-0f6b-446d-89fe-87723b0ad83c,8f69dab5-f823-4df5-94bd-2d3d2a0c5caf,2025-04-29T19:23:00,1,0,0,0,1,1,1,1.0,8,8,149.0,19,1,0,0,0,4.0,1,1
2453e415-d21b-48e4-a9a4-1cb3670bc1f9,dd3c9c80-9a9d-4efd-a8fc-06ac9e8600c4,8f69dab5-f823-4df5-94bd-2d3d2a0c5caf,2025-04-29T19:25:00,1,0,1,0,1,1,1,0.8889,9,8,365.0,19,1,0,0,0,4.0,1,1
22ae51fe-e45e-4b71-9c3c-9e402d4bc1e6,b535926f-1249-45e1-8443-3898d91728ed,8f69dab5-f823-4df5-94bd-2d3d2a0c5caf,2025-04-29T19:26:00,0,1,1,0,1,1,0,0.0,6,0,186.0,19,1,0,0,0,4.0,1,1
2662caf7-d0b3-4c1a-97ba-1f5198e0d7d6,7dce07a7-bf0e-49d0-8e10-0fae45654bf0,8f69dab5-f823-4df5-94bd-2d3d2a0c5caf,2025-04-29T19:32:00,0,0,1,0,0,1,0,0.6875,16,11,168.0,19,1,0,0,0,4.0,1,1
a95a218e-b78b-413a-9ae0-f4ce2c0f1f54,eda6ff35-1d22-4a35-b25d-3279ba02175c,43f9c853-2c6a-4371-a245-ad9435e54eef,2025-04-29T20:32:00,1,0,0,0,1,1,0,0.25,8,2,152.0,20,1,0,0,0,6.0,3,1
ea7854fe-c6f7-4f50-8b7a-9f95c9a04b89,cf15cd3c-d017-49b8-af4a-bd4471976dd4,43f9c853-2c6a-4371-a245-ad9435e54eef,2025-04-29T20:32:00,1,0,1,0,1,1,1,0.9231,13,12,363.0,20,1,0,0,0,6.0,3,1
ce836210-d166-482a-83cd-bb270638deb0,a12f0067-a0a7-4294-ae23-d9759cd6beb6,43f9c853-2c6a-4371-a245-ad9435e54eef,2025-04-29T20:33:00,0,1,1,0,1,1,1,0.7273,11,8,202.0,20,1,0,0,0,6.0,3,1
b453e66f-d5cb-4dfb-b8f4-1399a006efb5,05088ba7-5428-4853-8cc9-e76f460fddd4,3fbd6bbc-1c43-4e1b-80eb-bc1137b2768e,2025-04-29T20:37:00,1,0,0,0,1,1,1,0.6364,11,7,247.0,20,1,0,0,0,6.0,1,0
c09a0dec-ba0c-4a3a-ae04-446e35ea0249,cfca1fba-b8fd-43a2-8e84-7c868fae649d,43f9c853-2c6a-4371-a245-ad9435e54eef,2025-04-29T20:37:00,1,0,1,1,1,1,1,1.0,8,8,365.0,20,1,0,0,0,6.0,3,1
1f0f3640-4d0f-4739-96ac-ca7e18767567,aa432f38-de85-46c8-ad80-6b3373671c95,3fbd6bbc-1c43-4e1b-80eb-bc1137b2768e,2025-04-29T20:38:00,1,0,0,0,1,0,1,0.4,10,4,300.0,20,1,0,0,0,6.0,1,0
96c51aa7-97c7-4c3a-a931-0ceedf8a17a3,fda5fef4-939c-4a0d-864d-c6a11b14bd2a,3fbd6bbc-1c43-4e1b-80eb-bc1137b2768e,2025-04-29T20:39:00,1,0,1,0,1,1,1,0.6667,6,4,566.0,20,1,0,0,0,6.0,1,0
5cb60826-453b-4a7a-8d64-f8ba2d2aa949,b7e02dd5-bc57-4ce1-89ca-6341da919a60,3fbd6bbc-1c43-4e1b-80eb-bc1137b2768e,2025-04-29T20:40:00,1,0,1,0,1,1,1,0.8333,6,5,365.0,20,1,0,0,0,6.0,1,0
039c1a1f-e9f2-4e82-9c2c-7c1c2b79dbb4,4b4303f9-d680-4320-80ac-0fc7377998df,3fbd6bbc-1c43-4e1b-80eb-bc1137b2768e,2025-04-29T20:47:00,1,0,0,0,1,1,1,0.7273,11,8,230.0,20,1,0,0,0,6.0,1,0
547bbbc7-ee45-44c0-af9d-393305365215,3e9272f3-ed0f-4e1e-9e75-ffeefc9ff8be,287d0d2e-cb4e-43b7-809a-056aa5b0b06a,2025-04-30T00:03:00,0,0,0,0,1,1,0,0.5,8,4,386.0,0,2,0,1,0,1.0,1,0
ded9bcef-f2e5-4ffb-aeb4-e6a477f9e658,82f273c1-a6d9-473e-b339-93f7a0379a64,287d0d2e-cb4e-43b7-809a-056aa5b0b06a,2025-04-30T00:04:00,0,0,0,0,1,1,1,0.8571,7,6,197.0,0,2,0,1,0,1.0,1,0
7ea3d501-e813-4d6c-8b78-a554efc91fb1,238bf442-7dd1-4625-97b1-0fd3299287dc,a38b83a7-aa7a-4268-86fb-04a69f7e62bc,2025-04-30T00:13:00,1,0,1,0,1,1,1,0.625,8,5,312.0,0,2,0,1,0,2.0,2,1
bf323103-7ea0-4a49-89a7-7af69b1d09b3,8e7b58d3-fd28-4f41-ad6d-99b81fe9d484,a38b83a7-aa7a-4268-86fb-04a69f7e62bc,2025-04-30T00:15:00,1,0,0,0,1,1,1,0.6667,3,2,352.0,0,2,0,1,0,2.0,2,1
e0bae414-43d5-45f1-9203-c1558c910479,877380d4-dd5d-4104-83fc-bdf86e194c54,a38b83a7-aa7a-4268-86fb-04a69f7e62bc,2025-04-30T00:15:00,1,0,1,0,1,1,1,0.8333,6,5,218.0,0,2,0,1,0,2.0,2,1
01e31cd0-da9e-40a5-9c07-2c9e9bdbe9b2,2c4d68b2-c9d6-4244-9ac3-ce7b208c9147,a38b83a7-aa7a-4268-86fb-04a69f7e62bc,2025-04-30T00:18:00,1,0,0,0,1,1,1,0.8889,9,8,170.0,0,2,0,1,0,2.0,2,1
905a665a-24e6-436f-b573-745f67659891,2fc6a399-7cab-4c0f-b2eb-9ae8bc2e8ef3,a38b83a7-aa7a-4268-86fb-04a69f7e62bc,2025-04-30T00:18:00,0,0,0,0,1,1,0,0.2,5,1,196.0,0,2,0,1,0,2.0,2,1
a7c6d680-db71-484d-9bc4-72771a8ecd25,cb3c9262-005e-4dcb-a8e5-a2c3920ffe15,a38b83a7-aa7a-4268-86fb-04a69f7e62bc,2025-04-30T00:22:00,0,0,1,0,1,0,0,0.75,4,3,176.0,0,2,0,1,0,2.0,2,1
9ab61842-bea0-4870-af86-f75464c1a9d5,4c569839-3efa-4170-b6a4-f0a4d13d4639,d598e152-365f-4647-8eaa-eb2ecb59ec0d,2025-04-30T00:24:00,0,0,0,0,1,1,1,1.0,6,6,202.0,0,2,0,1,0,2.0,1,1
a21d3a9e-6838-4b3d-b25f-a7f6b60b41dd,c4ccc935-dd86-4d48-92ab-3e02bfbbdedd,d598e152-365f-4647-8eaa-eb2ecb59ec0d,2025-04-30T00:25:00,0,0,0,0,1,1,1,0.8571,7,6,165.0,0,2,0,1,0,2.0,1,1
0233fb37-b2ea-43f2-8185-0ff30bc6cb44,d86275ba-b1a0-4e6e-a363-d11e975f6df6,d598e152-365f-4647-8eaa-eb2ecb59ec0d,2025-04-30T00:27:00,1,0,0,0,1,1,1,0.7,10,7,266.0,0,2,0,1,0,2.0,1,1
54f79d05-b6bc-4614-8d75-1e6c1ace794a,909e8f9d-0127-4f44-9f4c-24a2e2b45782,737dcda0-0efd-4006-b542-8e52d795f4ac,2025-04-30T04:53:00,0,0,0,0,1,1,1,0.6,5,3,202.0,4,2,0,1,0,6.0,1,1
f4fefd50-d09a-43e0-8edc-0a2e49cba96b,caedcc90-6c34-4e03-8f0b-b86ff3cda6a7,737dcda0-0efd-4006-b542-8e52d795f4ac,2025-04-30T04:57:00,1,1,1,0,1,1,1,1.0,10,10,279.0,4,2,0,1,0,6.0,1,1
4a841b17-c90f-4573-984b-39002ad4eff1,cde8f468-ab23-43e9-8462-c07f508baa7f,1a4c46c1-373c-4921-bb44-c100570bd7cb,2025-04-30T12:46:00,1,0,0,0,0,1,1,0.875,8,7,849.0,12,2,0,0,1,6.0,1,1
e6b39f68-a3b2-4e85-b442-25f268f7fa26,979b5d05-d629-42eb-925c-ca3d093ceaca,1a4c46c1-373c-4921-bb44-c100570bd7cb,2025-04-30T12:46:00,1,0,0,0,1,1,1,0.6,10,6,309.0,12,2,0,0,1,6.0,1,1
94a9b077-16be-4fe4-8cbb-acebb0500460,42ea4e92-f7aa-4bae-ab07-f79963ba71a1,1a4c46c1-373c-4921-bb44-c100570bd7cb,2025-04-30T12:52:00,1,0,0,0,0,1,1,1.0,7,7,332.0,12,2,0,0,1,6.0,1,1
c78393b2-b573-4c07-a852-7ebf45d72412,3eeabab8-191e-4745-993a-32c183d79d3c,1a4c46c1-373c-4921-bb44-c100570bd7cb,2025-04-30T12:53:00,1,1,1,0,1,1,1,1.0,5,5,365.0,12,2,0,0,1,6.0,1,1
867f3a3f-96ad-4af1-8c7d-b725734a2be7,bf160ba0-ac86-4d11-b5e7-904beff9cc2d,eb89857f-a188-4007-be09-4b1791ff58c3,2025-04-30T13:17:00,1,1,1,0,1,1,1,0.9,10,9,308.0,13,2,0,0,1,4.0,3,0
e71142fa-a877-4a2a-9b33-efc9350f4fea,4a804056-cd59-4216-97bd-e4bb6eaee651,eb89857f-a188-4007-be09-4b1791ff58c3,2025-04-30T13:20:00,1,1,1,0,1,1,1,0.6667,3,2,365.0,13,2,0,0,1,4.0,3,0
811882c5-b75e-45d2-abc9-1c50e8f3d14d,c26464e8-28b6-4923-b2ea-5e7dbf4e5c58,0f3e5aef-cebd-4d05-887f-afb3c142f79b,2025-04-30T15:21:00,1,0,1,0,0,0,1,0.7143,7,5,365.0,15,2,0,0,1,3.0,2,1
003b319d-be48-458d-a016-5ba38119d2ff,5d834b3d-0d58-4d16-bdc4-32869531ea10,0f3e5aef-cebd-4d05-887f-afb3c142f79b,2025-04-30T15:32:00,1,0,0,0,1,1,1,0.875,8,7,165.0,15,2,0,0,1,3.0,2,1
928d569c-2307-46a7-aebd-39f92c8495e4,d81e4f34-385a-4f91-a183-890ca677d88c,d9bb18c7-e82c-4fab-ab77-0f412429a35b,2025-04-30T16:59:00,1,0,0,0,1,1,1,1.0,4,4,180.0,16,2,0,0,1,4.0,1,1
a7cff03c-031a-47f0-b7b4-3b0b852212c5,a12f0067-a0a7-4294-ae23-d9759cd6beb6,d9bb18c7-e82c-4fab-ab77-0f412429a35b,2025-04-30T17:00:00,1,0,0,0,1,1,1,0.6667,12,8,203.0,17,2,0,0,1,4.0,1,1
1bcdb1c3-8c83-4224-9124-5a2ab56dc5e1,6c5114ec-b8e2-4c74-8e20-93ded422c3b1,d9bb18c7-e82c-4fab-ab77-0f412429a35b,2025-04-30T17:01:00,1,1,1,0,1,0,0,0.5556,9,5,160.0,17,2,0,0,1,4.0,1,1
ba2cdfdf-f93d-4f96-9c67-bf6003b21792,d2112070-a709-4a6f-a1fe-b83a282d0da2,d9bb18c7-e82c-4fab-ab77-0f412429a35b,2025-04-30T17:09:00,1,1,1,0,1,1,1,0.75,12,9,365.0,17,2,0,0,1,4.0,1,1
caae3df5-76a2-4049-8126-6e73760b51dc,4ac85ad1-81f9-4db3-a7c9-2bd4d3df0e31,d9bb18c7-e82c-4fab-ab77-0f412429a35b,2025-04-30T17:09:00,1,0,0,0,1,1,1,0.8182,11,9,200.0,17,2,0,0,1,4.0,1,1
7d2d5abb-29fb-4087-a29a-20ce9a8f8b8d,5578cdc0-e19a-4fb1-909f-349d3abc4652,d9bb18c7-e82c-4fab-ab77-0f412429a35b,2025-04-30T17:11:00,1,0,0,0,0,1,0,0.3333,3,1,365.0,17,2,0,0,1,4.0,1,1
d6cb7ead-e54f-473d-b982-65f30fc2af62,64037712-470c-40c3-b34b-66128b93e18d,5e406bf8-6732-46d8-a973-68f1b71fbc32,2025-04-30T18:09:00,0,0,0,0,1,1,0,0.5,2,1,365.0,18,2,0,0,0,1.0,1,1
8e6f027d-da05-4c75-a000-a87157751a8b,f7c3f29d-48af-49aa-bce7-bec02869395a,5e406bf8-6732-46d8-a973-68f1b71fbc32,2025-04-30T18:10:00,0,0,0,0,1,1,1,1.0,5,5,365.0,18,2,0,0,0,1.0,1,1
d12bc1af-9497-4868-8fd6-de3ad937ea06,866f151d-9b2b-4c13-9341-f46f866efb61,5e406bf8-6732-46d8-a973-68f1b71fbc32,2025-04-30T18:10:00,1,0,0,0,1,1,1,0.75,8,6,365.0,18,2,0,0,0,1.0,1,1
bc23064f-c6b8-4760-a3f8-b04aaa1e82ed,97dbbf0c-d2b5-452c-b22a-e11e30701e99,5e406bf8-6732-46d8-a973-68f1b71fbc32,2025-04-30T18:16:00,1,0,1,1,0,0,1,0.7778,9,7,257.0,18,2,0,0,0,1.0,1,1
7f44bf2d-b791-4cf3-a4c3-d55d144f956a,0b47310a-57de-411d-a3af-67fcc8e4038f,5e406bf8-6732-46d8-a973-68f1b71fbc32,2025-04-30T18:19:00,1,0,0,0,1,1,1,1.0,7,7,471.0,18,2,0,0,0,1.0,1,1
e29e6e94-614c-436f-8f2d-651b4a57dd8d,75455c5a-fc28-4e12-ab1d-c5bf91975e07,5e406bf8-6732-46d8-a973-68f1b71fbc32,2025-04-30T18:19:00,1,0,0,0,1,1,1,0.9,10,9,221.0,18,2,0,0,0,1.0,1,1
9ec86ca4-3a1b-4382-b964-b42c7f1fe580,c436515f-d954-43ab-83ea-71d7b85b1ab2,24461b8f-1267-48ea-960c-717b93eaec6f,2025-04-30T19:41:00,0,0,0,0,1,1,1,1.0,8,8,174.0,19,2,0,0,0,3.0,3,1
4fcaa75a-b4ff-4f10-96f9-e9018cc51a9c,c26464e8-28b6-4923-b2ea-5e7dbf4e5c58,24461b8f-1267-48ea-960c-717b93eaec6f,2025-04-30T19:46:00,1,1,1,0,0,0,1,0.75,8,6,365.0,19,2,0,0,0,3.0,3,1
565616d8-b849-4bda-b81b-6d5f26e0ab3a,a88bf6b5-168a-42ee-bea7-b40defa21e24,24461b8f-1267-48ea-960c-717b93eaec6f,2025-04-30T19:49:00,1,0,0,0,1,1,1,0.9,10,9,157.0,19,2,0,0,0,3.0,3,1
626ae7c9-11bc-401b-838e-038380763358,28be837f-36ab-4fc3-b1d9-db1a3b881b02,e218d4f6-20ec-444e-ae9e-d49a47aa1c59,2025-04-30T22:31:00,1,0,0,0,1,1,1,1.0,5,5,164.0,22,2,0,1,0,2.0,1,1
c3674547-224e-4da8-804e-89e2370eb9c7,003d6f49-5fb1-4dd6-a54d-b1bc078eb57e,e218d4f6-20ec-444e-ae9e-d49a47aa1c59,2025-04-30T22:32:00,0,0,0,0,1,1,1,0.5714,7,4,365.0,22,2,0,1,0,2.0,1,1
63aa6851-e8e2-4ea6-bb68-e506cc7fb97c,1f112d30-78c2-428c-a403-aea38638cdce,e218d4f6-20ec-444e-ae9e-d49a47aa1c59,2025-04-30T22:36:00,0,0,0,0,1,0,1,0.4286,7,3,186.0,22,2,0,1,0,2.0,1,1
c129c145-847b-42d4-ae3d-22bbd6f00bde,d6b5ae43-d86a-4b5f-abd6-b4e06091ee44,e218d4f6-20ec-444e-ae9e-d49a47aa1c59,2025-04-30T22:36:00,1,1,1,0,1,1,1,0.8,15,12,552.0,22,2,0,1,0,2.0,1,1
89e07a7f-f4bc-48ce-845d-b12ef0201670,e116edc5-9b26-4e7c-88d9-765a7676524f,e218d4f6-20ec-444e-ae9e-d49a47aa1c59,2025-04-30T22:39:00,0,0,0,0,1,1,1,0.6,10,6,226.0,22,2,0,1,0,2.0,1,1
7517ea95-5cf5-4b6d-b895-7e7155335112,ba816062-c1ac-43da-97de-4c1216324bb5,e218d4f6-20ec-444e-ae9e-d49a47aa1c59,2025-04-30T22:44:00,1,0,0,0,1,1,1,0.6,10,6,229.0,22,2,0,1,0,2.0,1,1
25d7791d-3635-462b-bf50-9e7369bb3673,5363b68d-8ce8-4929-9246-6d22798f9caf,64a5648d-e06a-41ee-9a80-cbc8943079ed,2025-05-01T01:00:00,0,0,1,0,1,1,1,0.8,5,4,166.0,1,3,0,1,0,6.0,3,1
617f89f9-874e-4535-978d-355129e106bc,f3cd1be3-bc16-4a73-961d-f832dfb5f084,64a5648d-e06a-41ee-9a80-cbc8943079ed,2025-05-01T01:06:00,0,0,1,0,1,1,0,0.8333,6,5,169.0,1,3,0,1,0,6.0,3,1
5e85bdce-c864-40c0-b1f3-b171b5e515a5,4b933cd5-19a8-4e2e-8322-78978d1bb4b2,64a5648d-e06a-41ee-9a80-cbc8943079ed,2025-05-01T01:09:00,1,0,1,0,1,0,1,0.6667,9,6,365.0,1,3,0,1,0,6.0,3,1
0bcb3aa0-73f4-4ae2-9ee9-297691848da4,1711dff0-5b73-4336-ae3e-5003955b231a,64a5648d-e06a-41ee-9a80-cbc8943079ed,2025-05-01T01:10:00,1,0,1,1,1,1,1,1.0,7,7,318.0,1,3,0,1,0,6.0,3,1
